ISO-10303-21;
HEADER;
FILE_DESCRIPTION(('Open CASCADE Model'),'2;1');
FILE_NAME('Open CASCADE Shape Model','2026-03-14T17:48:30',('Author'),(
    'Open CASCADE'),'Open CASCADE STEP processor 7.8','Open CASCADE 7.8'
  ,'Unknown');
FILE_SCHEMA(('AUTOMOTIVE_DESIGN { 1 0 10303 214 1 1 1 1 }'));
ENDSEC;
DATA;
#1 = APPLICATION_PROTOCOL_DEFINITION('international standard',
  'automotive_design',2000,#2);
#2 = APPLICATION_CONTEXT(
  'core data for automotive mechanical design processes');
#3 = SHAPE_DEFINITION_REPRESENTATION(#4,#10);
#4 = PRODUCT_DEFINITION_SHAPE('','',#5);
#5 = PRODUCT_DEFINITION('design','',#6,#9);
#6 = PRODUCT_DEFINITION_FORMATION('','',#7);
#7 = PRODUCT('Open CASCADE STEP translator 7.8 1',
  'Open CASCADE STEP translator 7.8 1','',(#8));
#8 = PRODUCT_CONTEXT('',#2,'mechanical');
#9 = PRODUCT_DEFINITION_CONTEXT('part definition',#2,'design');
#10 = ADVANCED_BREP_SHAPE_REPRESENTATION('',(#11,#15),#6546);
#11 = AXIS2_PLACEMENT_3D('',#12,#13,#14);
#12 = CARTESIAN_POINT('',(0.,0.,0.));
#13 = DIRECTION('',(0.,0.,1.));
#14 = DIRECTION('',(1.,0.,-0.));
#15 = MANIFOLD_SOLID_BREP('',#16);
#16 = CLOSED_SHELL('',(#17,#3445,#4646,#5827,#6411,#6507));
#17 = ADVANCED_FACE('',(#18),#34,.T.);
#18 = FACE_BOUND('',#19,.T.);
#19 = EDGE_LOOP('',(#20,#87,#88,#764,#861,#1537,#2159,#2776));
#20 = ORIENTED_EDGE('',*,*,#21,.F.);
#21 = EDGE_CURVE('',#22,#24,#26,.T.);
#22 = VERTEX_POINT('',#23);
#23 = CARTESIAN_POINT('',(3.980102097229E-15,-1.274795815263E-30,-57.5)
  );
#24 = VERTEX_POINT('',#25);
#25 = CARTESIAN_POINT('',(65.,-2.081899558551E-14,-1.408343819019E-14));
#26 = SEAM_CURVE('',#27,(#33,#78),.PCURVE_S1.);
#27 = ( BOUNDED_CURVE() B_SPLINE_CURVE(2,(#28,#29,#30,#31,#32),
.UNSPECIFIED.,.F.,.F.) B_SPLINE_CURVE_WITH_KNOTS((3,2,3),(4.712388980385
,6.28318530718,7.853981633974),.PIECEWISE_BEZIER_KNOTS.) CURVE() 
GEOMETRIC_REPRESENTATION_ITEM() RATIONAL_B_SPLINE_CURVE((1.,
0.707106781187,1.,0.707106781187,1.)) REPRESENTATION_ITEM('') );
#28 = CARTESIAN_POINT('',(-1.194030629169E-14,3.824387445788E-30,-57.5)
  );
#29 = CARTESIAN_POINT('',(65.,-2.08189955855E-14,-57.5));
#30 = CARTESIAN_POINT('',(65.,-2.081899558551E-14,-1.408343819019E-14));
#31 = CARTESIAN_POINT('',(65.,-2.081899558551E-14,57.5));
#32 = CARTESIAN_POINT('',(1.990051048614E-14,-6.373979076313E-30,57.5));
#33 = PCURVE('',#34,#70);
#34 = ( BOUNDED_SURFACE() B_SPLINE_SURFACE(2,2,(
    (#35,#36,#37,#38,#39)
    ,(#40,#41,#42,#43,#44)
    ,(#45,#46,#47,#48,#49)
    ,(#50,#51,#52,#53,#54)
    ,(#55,#56,#57,#58,#59)
    ,(#60,#61,#62,#63,#64)
    ,(#65,#66,#67,#68,#69
)),.UNSPECIFIED.,.T.,.F.,.F.) B_SPLINE_SURFACE_WITH_KNOTS((1,2,2,2,2,1),
  (3,2,3),(-2.094395102393,0.,2.094395102393,4.188790204786,
    6.28318530718,8.377580409573),(-1.570796326795,0.,1.570796326795),
.UNSPECIFIED.) GEOMETRIC_REPRESENTATION_ITEM() RATIONAL_B_SPLINE_SURFACE
((
    (1.,0.707106781187,1.,0.707106781187,1.)
    ,(0.5,0.353553390593,0.5,0.353553390593,0.5)
    ,(1.,0.707106781187,1.,0.707106781187,1.)
    ,(0.5,0.353553390593,0.5,0.353553390593,0.5)
    ,(1.,0.707106781187,1.,0.707106781187,1.)
    ,(0.5,0.353553390593,0.5,0.353553390593,0.5)
,(1.,0.707106781187,1.,0.707106781187,1.
))) REPRESENTATION_ITEM('') SURFACE() );
#35 = CARTESIAN_POINT('',(3.980102097229E-15,0.,-57.5));
#36 = CARTESIAN_POINT('',(65.,0.,-57.5));
#37 = CARTESIAN_POINT('',(65.,0.,0.));
#38 = CARTESIAN_POINT('',(65.,0.,57.5));
#39 = CARTESIAN_POINT('',(3.980102097229E-15,0.,57.5));
#40 = CARTESIAN_POINT('',(3.980102097229E-15,9.014889529162E-15,-57.5));
#41 = CARTESIAN_POINT('',(65.,147.22431864335,-57.5));
#42 = CARTESIAN_POINT('',(65.,147.22431864335,0.));
#43 = CARTESIAN_POINT('',(65.,147.22431864335,57.5));
#44 = CARTESIAN_POINT('',(3.980102097229E-15,9.014889529162E-15,57.5));
#45 = CARTESIAN_POINT('',(-1.990051048614E-15,4.507444764581E-15,-57.5)
  );
#46 = CARTESIAN_POINT('',(-32.5,73.612159321677,-57.5));
#47 = CARTESIAN_POINT('',(-32.5,73.612159321677,0.));
#48 = CARTESIAN_POINT('',(-32.5,73.612159321677,57.5));
#49 = CARTESIAN_POINT('',(-1.990051048614E-15,4.507444764581E-15,57.5));
#50 = CARTESIAN_POINT('',(-7.960204194458E-15,1.274795815263E-30,-57.5)
  );
#51 = CARTESIAN_POINT('',(-130.,2.081899558551E-14,-57.5));
#52 = CARTESIAN_POINT('',(-130.,2.081899558551E-14,0.));
#53 = CARTESIAN_POINT('',(-130.,2.081899558551E-14,57.5));
#54 = CARTESIAN_POINT('',(-7.960204194458E-15,1.274795815263E-30,57.5));
#55 = CARTESIAN_POINT('',(-1.990051048614E-15,-4.507444764581E-15,-57.5)
  );
#56 = CARTESIAN_POINT('',(-32.5,-73.61215932167,-57.5));
#57 = CARTESIAN_POINT('',(-32.5,-73.61215932167,0.));
#58 = CARTESIAN_POINT('',(-32.5,-73.61215932167,57.5));
#59 = CARTESIAN_POINT('',(-1.990051048614E-15,-4.507444764581E-15,57.5)
  );
#60 = CARTESIAN_POINT('',(3.980102097229E-15,-9.014889529162E-15,-57.5)
  );
#61 = CARTESIAN_POINT('',(65.,-147.2243186433,-57.5));
#62 = CARTESIAN_POINT('',(65.,-147.2243186433,0.));
#63 = CARTESIAN_POINT('',(65.,-147.2243186433,57.5));
#64 = CARTESIAN_POINT('',(3.980102097229E-15,-9.014889529162E-15,57.5));
#65 = CARTESIAN_POINT('',(3.980102097229E-15,0.,-57.5));
#66 = CARTESIAN_POINT('',(65.,0.,-57.5));
#67 = CARTESIAN_POINT('',(65.,0.,0.));
#68 = CARTESIAN_POINT('',(65.,0.,57.5));
#69 = CARTESIAN_POINT('',(3.980102097229E-15,0.,57.5));
#70 = DEFINITIONAL_REPRESENTATION('',(#71),#77);
#71 = B_SPLINE_CURVE_WITH_KNOTS('',2,(#72,#73,#74,#75,#76),
  .UNSPECIFIED.,.F.,.F.,(3,2,3),(4.712388980385,6.28318530718,
    7.853981633974),.PIECEWISE_BEZIER_KNOTS.);
#72 = CARTESIAN_POINT('',(0.,-1.570796326795));
#73 = CARTESIAN_POINT('',(0.,-0.785398163397));
#74 = CARTESIAN_POINT('',(0.,-2.720481184601E-16));
#75 = CARTESIAN_POINT('',(0.,0.785398163397));
#76 = CARTESIAN_POINT('',(0.,1.570796326795));
#77 = ( GEOMETRIC_REPRESENTATION_CONTEXT(2) 
PARAMETRIC_REPRESENTATION_CONTEXT() REPRESENTATION_CONTEXT('2D SPACE',''
  ) );
#78 = PCURVE('',#34,#79);
#79 = DEFINITIONAL_REPRESENTATION('',(#80),#86);
#80 = B_SPLINE_CURVE_WITH_KNOTS('',2,(#81,#82,#83,#84,#85),
  .UNSPECIFIED.,.F.,.F.,(3,2,3),(4.712388980385,6.28318530718,
    7.853981633974),.PIECEWISE_BEZIER_KNOTS.);
#81 = CARTESIAN_POINT('',(6.28318530718,-1.570796326795));
#82 = CARTESIAN_POINT('',(6.28318530718,-0.785398163397));
#83 = CARTESIAN_POINT('',(6.28318530718,-2.720481184601E-16));
#84 = CARTESIAN_POINT('',(6.28318530718,0.785398163397));
#85 = CARTESIAN_POINT('',(6.28318530718,1.570796326795));
#86 = ( GEOMETRIC_REPRESENTATION_CONTEXT(2) 
PARAMETRIC_REPRESENTATION_CONTEXT() REPRESENTATION_CONTEXT('2D SPACE',''
  ) );
#87 = ORIENTED_EDGE('',*,*,#21,.T.);
#88 = ORIENTED_EDGE('',*,*,#89,.T.);
#89 = EDGE_CURVE('',#24,#90,#92,.T.);
#90 = VERTEX_POINT('',#91);
#91 = CARTESIAN_POINT('',(-64.9505002433,-3.316624790355,0.));
#92 = SURFACE_CURVE('',#93,(#313,#536),.PCURVE_S1.);
#93 = B_SPLINE_CURVE_WITH_KNOTS('',8,(#94,#95,#96,#97,#98,#99,#100,#101,
    #102,#103,#104,#105,#106,#107,#108,#109,#110,#111,#112,#113,#114,
    #115,#116,#117,#118,#119,#120,#121,#122,#123,#124,#125,#126,#127,
    #128,#129,#130,#131,#132,#133,#134,#135,#136,#137,#138,#139,#140,
    #141,#142,#143,#144,#145,#146,#147,#148,#149,#150,#151,#152,#153,
    #154,#155,#156,#157,#158,#159,#160,#161,#162,#163,#164,#165,#166,
    #167,#168,#169,#170,#171,#172,#173,#174,#175,#176,#177,#178,#179,
    #180,#181,#182,#183,#184,#185,#186,#187,#188,#189,#190,#191,#192,
    #193,#194,#195,#196,#197,#198,#199,#200,#201,#202,#203,#204,#205,
    #206,#207,#208,#209,#210,#211,#212,#213,#214,#215,#216,#217,#218,
    #219,#220,#221,#222,#223,#224,#225,#226,#227,#228,#229,#230,#231,
    #232,#233,#234,#235,#236,#237,#238,#239,#240,#241,#242,#243,#244,
    #245,#246,#247,#248,#249,#250,#251,#252,#253,#254,#255,#256,#257,
    #258,#259,#260,#261,#262,#263,#264,#265,#266,#267,#268,#269,#270,
    #271,#272,#273,#274,#275,#276,#277,#278,#279,#280,#281,#282,#283,
    #284,#285,#286,#287,#288,#289,#290,#291,#292,#293,#294,#295,#296,
    #297,#298,#299,#300,#301,#302,#303,#304,#305,#306,#307,#308,#309,
    #310,#311,#312),.UNSPECIFIED.,.T.,.F.,(9,7,7,7,7,7,7,7,7,7,7,7,7,7,7
    ,7,7,7,7,7,7,7,7,7,7,7,7,7,7,7,7,9),(0.,5.676018709369E-02,
    0.119587635615,0.163308969933,0.197527395372,0.215281414349,
    0.252518073583,0.277913369662,0.307935720004,0.324725041941,
    0.333458194669,0.342363941372,0.383396681877,0.414209384573,
    0.43745023189,0.497505433644,0.557560635399,0.580801482716,
    0.611614185412,0.652646925917,0.660743059282,0.667219965976,
    0.676917799124,0.687529356048,0.705957339218,0.743761998395,
    0.781547229104,0.79956280077,0.834285332982,0.878650771184,
    0.941313240791,1.),.UNSPECIFIED.);
#94 = CARTESIAN_POINT('',(65.,0.,0.));
#95 = CARTESIAN_POINT('',(65.000000062687,-3.324606971792,0.));
#96 = CARTESIAN_POINT('',(64.886355438167,-6.649076377026,0.));
#97 = CARTESIAN_POINT('',(64.659083267842,-9.969097708321,0.));
#98 = CARTESIAN_POINT('',(64.31791216713,-13.28015398786,0.));
#99 = CARTESIAN_POINT('',(63.86234460178,-16.57752845422,0.));
#100 = CARTESIAN_POINT('',(63.291676901201,-19.85630603849,0.));
#101 = CARTESIAN_POINT('',(62.604976908809,-23.11136962979,0.));
#102 = CARTESIAN_POINT('',(60.911124364647,-29.90825006809,0.));
#103 = CARTESIAN_POINT('',(59.877723761117,-33.44288486853,0.));
#104 = CARTESIAN_POINT('',(58.699165975453,-36.93439034078,0.));
#105 = CARTESIAN_POINT('',(57.373520992108,-40.37462478772,0.));
#106 = CARTESIAN_POINT('',(55.898747739605,-43.75427514907,0.));
#107 = CARTESIAN_POINT('',(54.272812089571,-47.06290309387,0.));
#108 = CARTESIAN_POINT('',(52.493710927846,-50.28895169093,0.));
#109 = CARTESIAN_POINT('',(49.213250208856,-55.5983602579,0.));
#110 = CARTESIAN_POINT('',(47.792162683983,-57.73054359294,0.));
#111 = CARTESIAN_POINT('',(46.295467035532,-59.81191504217,0.));
#112 = CARTESIAN_POINT('',(44.722723548129,-61.83757193823,0.));
#113 = CARTESIAN_POINT('',(43.073744774957,-63.80208716065,0.));
#114 = CARTESIAN_POINT('',(41.348661947505,-65.69956264756,0.));
#115 = CARTESIAN_POINT('',(39.547994048013,-67.52368545454,0.));
#116 = CARTESIAN_POINT('',(36.205039356993,-70.63280373349,0.));
#117 = CARTESIAN_POINT('',(34.691737531747,-71.94873371466,0.));
#118 = CARTESIAN_POINT('',(33.133331958857,-73.21234927312,0.));
#119 = CARTESIAN_POINT('',(31.530604224443,-74.42022840853,0.));
#120 = CARTESIAN_POINT('',(29.884632628445,-75.56879963425,0.));
#121 = CARTESIAN_POINT('',(28.196833839046,-76.65439989389,0.));
#122 = CARTESIAN_POINT('',(26.469013183796,-77.67334491111,0.));
#123 = CARTESIAN_POINT('',(23.787358233566,-79.1142222059,0.));
#124 = CARTESIAN_POINT('',(22.861126101026,-79.58751336245,0.));
#125 = CARTESIAN_POINT('',(21.925045425054,-80.04137842329,0.));
#126 = CARTESIAN_POINT('',(20.979464458016,-80.47531631514,0.));
#127 = CARTESIAN_POINT('',(20.024763227671,-80.8888359013,0.));
#128 = CARTESIAN_POINT('',(19.061355305426,-81.28145997228,0.));
#129 = CARTESIAN_POINT('',(18.089689574581,-81.6527292364,0.));
#130 = CARTESIAN_POINT('',(15.056014133578,-82.73518712434,0.));
#131 = CARTESIAN_POINT('',(12.967322802446,-83.37240230492,0.));
#132 = CARTESIAN_POINT('',(10.848960400723,-83.90966244224,0.));
#133 = CARTESIAN_POINT('',(8.70609512523,-84.34343356116,0.));
#134 = CARTESIAN_POINT('',(6.544288904301,-84.67088785866,0.));
#135 = CARTESIAN_POINT('',(4.369512457504,-84.88999978517,0.));
#136 = CARTESIAN_POINT('',(2.188167484865,-84.99968746997,0.));
#137 = CARTESIAN_POINT('',(-1.480355225689,-85.00021245126,0.));
#138 = CARTESIAN_POINT('',(-2.96788027818,-84.94955306903,0.));
#139 = CARTESIAN_POINT('',(-4.453357052889,-84.84801528915,0.));
#140 = CARTESIAN_POINT('',(-5.934752349945,-84.6958247435,0.));
#141 = CARTESIAN_POINT('',(-7.410099719027,-84.49341888096,0.));
#142 = CARTESIAN_POINT('',(-8.877497804736,-84.24143164666,0.));
#143 = CARTESIAN_POINT('',(-10.3351092069,-83.94068271024,0.));
#144 = CARTESIAN_POINT('',(-13.49068271809,-83.18016062937,0.));
#145 = CARTESIAN_POINT('',(-15.18416244594,-82.70136908699,0.));
#146 = CARTESIAN_POINT('',(-16.85868484886,-82.15742795183,0.));
#147 = CARTESIAN_POINT('',(-18.51165589482,-81.55026370818,0.));
#148 = CARTESIAN_POINT('',(-20.14077339976,-80.88202304334,0.));
#149 = CARTESIAN_POINT('',(-21.74400322668,-80.15501010143,0.));
#150 = CARTESIAN_POINT('',(-23.31955999466,-79.3716359365,0.));
#151 = CARTESIAN_POINT('',(-25.73064373236,-78.06616376068,0.));
#152 = CARTESIAN_POINT('',(-26.58626678354,-77.58109038141,0.));
#153 = CARTESIAN_POINT('',(-27.43249740441,-77.07958881848,0.));
#154 = CARTESIAN_POINT('',(-28.26909737735,-76.5620911784,0.));
#155 = CARTESIAN_POINT('',(-29.09585289474,-76.02903062816,0.));
#156 = CARTESIAN_POINT('',(-29.9125731398,-75.48083914053,0.));
#157 = CARTESIAN_POINT('',(-30.71908886737,-74.91794523959,0.));
#158 = CARTESIAN_POINT('',(-31.92839491246,-74.04126528211,0.));
#159 = CARTESIAN_POINT('',(-32.33875252105,-73.73791239535,0.));
#160 = CARTESIAN_POINT('',(-32.74629695746,-73.4307767798,0.));
#161 = CARTESIAN_POINT('',(-33.15101750302,-73.11991067605,0.));
#162 = CARTESIAN_POINT('',(-33.55289402881,-72.80537388744,0.));
#163 = CARTESIAN_POINT('',(-33.9519056959,-72.48722728758,0.));
#164 = CARTESIAN_POINT('',(-34.34804227348,-72.16552431006,0.));
#165 = CARTESIAN_POINT('',(-35.14281610817,-71.5082716209,0.));
#166 = CARTESIAN_POINT('',(-35.54407212297,-71.17030577307,0.));
#167 = CARTESIAN_POINT('',(-35.94498614758,-70.82638374336,0.));
#168 = CARTESIAN_POINT('',(-36.34548822875,-70.47646467294,0.));
#169 = CARTESIAN_POINT('',(-36.7455068046,-70.12050946881,0.));
#170 = CARTESIAN_POINT('',(-37.14496870458,-69.75848080379,0.));
#171 = CARTESIAN_POINT('',(-37.54379914948,-69.39034311654,0.));
#172 = CARTESIAN_POINT('',(-39.77625004836,-67.29158598724,0.));
#173 = CARTESIAN_POINT('',(-41.5383768009,-65.49046074572,0.));
#174 = CARTESIAN_POINT('',(-43.22741490384,-63.61898882633,0.));
#175 = CARTESIAN_POINT('',(-44.84289898802,-61.68313598099,0.));
#176 = CARTESIAN_POINT('',(-46.38472040477,-59.68847899447,0.));
#177 = CARTESIAN_POINT('',(-47.85306445531,-57.64015503859,0.));
#178 = CARTESIAN_POINT('',(-49.24834986536,-55.54281316048,0.));
#179 = CARTESIAN_POINT('',(-51.56451578993,-51.79189182637,0.));
#180 = CARTESIAN_POINT('',(-52.51695084856,-50.15797294636,0.));
#181 = CARTESIAN_POINT('',(-53.42870871965,-48.50059448454,0.));
#182 = CARTESIAN_POINT('',(-54.3000409161,-46.82144402196,0.));
#183 = CARTESIAN_POINT('',(-55.13121360484,-45.12211161562,0.));
#184 = CARTESIAN_POINT('',(-55.92250378698,-43.40408791321,0.));
#185 = CARTESIAN_POINT('',(-56.67419547786,-41.66876226787,0.));
#186 = CARTESIAN_POINT('',(-57.92389855363,-38.59644751951,0.));
#187 = CARTESIAN_POINT('',(-58.43885013606,-37.2663765633,0.));
#188 = CARTESIAN_POINT('',(-58.93155166127,-35.92776656446,0.));
#189 = CARTESIAN_POINT('',(-59.40211997043,-34.5811552317,0.));
#190 = CARTESIAN_POINT('',(-59.85066771913,-33.22705940231,0.));
#191 = CARTESIAN_POINT('',(-60.27730337732,-31.8659750421,0.));
#192 = CARTESIAN_POINT('',(-60.68213122939,-30.49837724545,0.));
#193 = CARTESIAN_POINT('',(-62.05524551814,-25.5751459059,0.));
#194 = CARTESIAN_POINT('',(-62.90020790232,-21.98540939732,0.));
#195 = CARTESIAN_POINT('',(-63.60198119813,-18.36302764792,0.));
#196 = CARTESIAN_POINT('',(-64.1619508892,-14.71515666292,0.));
#197 = CARTESIAN_POINT('',(-64.58116530252,-11.04861006335,0.));
#198 = CARTESIAN_POINT('',(-64.86037623068,-7.369866686697,0.));
#199 = CARTESIAN_POINT('',(-65.00000014504,-3.685067239227,0.));
#200 = CARTESIAN_POINT('',(-65.00000014504,3.6850672392,0.));
#201 = CARTESIAN_POINT('',(-64.86037623068,7.369866686672,0.));
#202 = CARTESIAN_POINT('',(-64.58116530253,11.048610063329,0.));
#203 = CARTESIAN_POINT('',(-64.1619508892,14.7151566629,0.));
#204 = CARTESIAN_POINT('',(-63.60198119813,18.363027647901,0.));
#205 = CARTESIAN_POINT('',(-62.90020790233,21.985409397303,0.));
#206 = CARTESIAN_POINT('',(-62.05524551815,25.575145905881,0.));
#207 = CARTESIAN_POINT('',(-60.6821312294,30.498377245436,0.));
#208 = CARTESIAN_POINT('',(-60.27730337733,31.865975042086,0.));
#209 = CARTESIAN_POINT('',(-59.85066771914,33.227059402289,0.));
#210 = CARTESIAN_POINT('',(-59.40211997044,34.58115523168,0.));
#211 = CARTESIAN_POINT('',(-58.93155166128,35.927766564438,0.));
#212 = CARTESIAN_POINT('',(-58.43885013607,37.266376563286,0.));
#213 = CARTESIAN_POINT('',(-57.92389855364,38.596447519489,0.));
#214 = CARTESIAN_POINT('',(-56.67419547787,41.668762267854,0.));
#215 = CARTESIAN_POINT('',(-55.92250378699,43.404087913199,0.));
#216 = CARTESIAN_POINT('',(-55.13121360485,45.122111615603,0.));
#217 = CARTESIAN_POINT('',(-54.30004091611,46.821444021944,0.));
#218 = CARTESIAN_POINT('',(-53.42870871966,48.500594484526,0.));
#219 = CARTESIAN_POINT('',(-52.51695084857,50.157972946348,0.));
#220 = CARTESIAN_POINT('',(-51.56451578994,51.791891826356,0.));
#221 = CARTESIAN_POINT('',(-49.24834986537,55.542813160476,0.));
#222 = CARTESIAN_POINT('',(-47.85306445532,57.640155038573,0.));
#223 = CARTESIAN_POINT('',(-46.38472040478,59.688478994452,0.));
#224 = CARTESIAN_POINT('',(-44.84289898803,61.683135980986,0.));
#225 = CARTESIAN_POINT('',(-43.22741490385,63.618988826327,0.));
#226 = CARTESIAN_POINT('',(-41.53837680092,65.490460745711,0.));
#227 = CARTESIAN_POINT('',(-39.77625004837,67.29158598723,0.));
#228 = CARTESIAN_POINT('',(-37.57999211035,69.356317596922,0.));
#229 = CARTESIAN_POINT('',(-37.21747748053,69.691495908428,0.));
#230 = CARTESIAN_POINT('',(-36.85443524832,70.021622905126,0.));
#231 = CARTESIAN_POINT('',(-36.4909217035,70.346725166212,0.));
#232 = CARTESIAN_POINT('',(-36.12699203934,70.666830491013,0.));
#233 = CARTESIAN_POINT('',(-35.76270035259,70.981967898987,0.));
#234 = CARTESIAN_POINT('',(-35.39809964349,71.29216762972,0.));
#235 = CARTESIAN_POINT('',(-34.74135554896,71.84169593382,0.));
#236 = CARTESIAN_POINT('',(-34.44930471343,72.082790645466,0.));
#237 = CARTESIAN_POINT('',(-34.15711587528,72.320761355607,0.));
#238 = CARTESIAN_POINT('',(-33.86481514005,72.555624540744,0.));
#239 = CARTESIAN_POINT('',(-33.57242815269,72.787397076146,0.));
#240 = CARTESIAN_POINT('',(-33.27998009756,73.01609623584,0.));
#241 = CARTESIAN_POINT('',(-32.98749569842,73.241739692619,0.));
#242 = CARTESIAN_POINT('',(-32.2574741191,73.797326036881,0.));
#243 = CARTESIAN_POINT('',(-31.81592626148,74.126550733788,0.));
#244 = CARTESIAN_POINT('',(-31.37005301985,74.452154078778,0.));
#245 = CARTESIAN_POINT('',(-30.91965451821,74.774165780809,0.));
#246 = CARTESIAN_POINT('',(-30.46462536979,75.09253078298,0.));
#247 = CARTESIAN_POINT('',(-30.00497573725,75.407107420626,0.));
#248 = CARTESIAN_POINT('',(-29.54082667739,75.717686329314,0.));
#249 = CARTESIAN_POINT('',(-28.55979825052,76.35922548463,0.));
#250 = CARTESIAN_POINT('',(-28.04330329702,76.688540603437,0.));
#251 = CARTESIAN_POINT('',(-27.52298528053,77.01183666047,0.));
#252 = CARTESIAN_POINT('',(-26.99889324204,77.329009261197,0.));
#253 = CARTESIAN_POINT('',(-26.47107983996,77.639954095496,0.));
#254 = CARTESIAN_POINT('',(-25.93960135013,77.944566937657,0.));
#255 = CARTESIAN_POINT('',(-25.40451766582,78.242743646381,0.));
#256 = CARTESIAN_POINT('',(-23.9305179447,79.040835189542,0.));
#257 = CARTESIAN_POINT('',(-22.98446107862,79.527568546087,0.));
#258 = CARTESIAN_POINT('',(-22.02805844509,79.994036888149,0.));
#259 = CARTESIAN_POINT('',(-21.06167952511,80.439702970283,0.));
#260 = CARTESIAN_POINT('',(-20.08572851968,80.864040107403,0.));
#261 = CARTESIAN_POINT('',(-19.10064633438,81.266536634326,0.));
#262 = CARTESIAN_POINT('',(-18.10691256397,81.646700365314,0.));
#263 = CARTESIAN_POINT('',(-15.04974033148,82.73718573518,0.));
#264 = CARTESIAN_POINT('',(-12.95994838068,83.374444753445,0.));
#265 = CARTESIAN_POINT('',(-10.84045914461,83.911645229843,0.));
#266 = CARTESIAN_POINT('',(-8.69644754176,84.345248070048,0.));
#267 = CARTESIAN_POINT('',(-6.533483907328,84.672421258988,0.));
#268 = CARTESIAN_POINT('',(-4.357549161976,84.891136632256,0.));
#269 = CARTESIAN_POINT('',(-2.175057131065,85.000312123904,0.));
#270 = CARTESIAN_POINT('',(2.188167484851,84.999687469975,0.));
#271 = CARTESIAN_POINT('',(4.369512457489,84.889999785171,0.));
#272 = CARTESIAN_POINT('',(6.544288904287,84.670887858669,0.));
#273 = CARTESIAN_POINT('',(8.706095125217,84.343433561172,0.));
#274 = CARTESIAN_POINT('',(10.848960400709,83.909662442244,0.));
#275 = CARTESIAN_POINT('',(12.967322802432,83.372402304924,0.));
#276 = CARTESIAN_POINT('',(15.056014133565,82.735187124351,0.));
#277 = CARTESIAN_POINT('',(18.089689574566,81.652729236412,0.));
#278 = CARTESIAN_POINT('',(19.061355305414,81.281459972291,0.));
#279 = CARTESIAN_POINT('',(20.024763227659,80.888835901308,0.));
#280 = CARTESIAN_POINT('',(20.979464458003,80.475316315149,0.));
#281 = CARTESIAN_POINT('',(21.92504542504,80.041378423304,0.));
#282 = CARTESIAN_POINT('',(22.861126101013,79.587513362463,0.));
#283 = CARTESIAN_POINT('',(23.787358233554,79.11422220591,0.));
#284 = CARTESIAN_POINT('',(26.469013183779,77.673344911126,0.));
#285 = CARTESIAN_POINT('',(28.19683383904,76.654399893899,0.));
#286 = CARTESIAN_POINT('',(29.884632628434,75.568799634266,0.));
#287 = CARTESIAN_POINT('',(31.530604224426,74.420228408545,0.));
#288 = CARTESIAN_POINT('',(33.133331958846,73.212349273137,0.));
#289 = CARTESIAN_POINT('',(34.691737531741,71.948733714676,0.));
#290 = CARTESIAN_POINT('',(36.205039356979,70.632803733507,0.));
#291 = CARTESIAN_POINT('',(39.547994048001,67.52368545456,0.));
#292 = CARTESIAN_POINT('',(41.348661947499,65.699562647578,0.));
#293 = CARTESIAN_POINT('',(43.073744774948,63.802087160667,0.));
#294 = CARTESIAN_POINT('',(44.722723548118,61.837571938247,0.));
#295 = CARTESIAN_POINT('',(46.295467035524,59.81191504218,0.));
#296 = CARTESIAN_POINT('',(47.792162683979,57.730543592954,0.));
#297 = CARTESIAN_POINT('',(49.213250208846,55.598360257918,0.));
#298 = CARTESIAN_POINT('',(52.460622033592,50.342505921038,0.));
#299 = CARTESIAN_POINT('',(54.211912418691,47.173224627987,0.));
#300 = CARTESIAN_POINT('',(55.815195219404,43.923952120684,0.));
#301 = CARTESIAN_POINT('',(57.27236964426,40.605692409133,0.));
#302 = CARTESIAN_POINT('',(58.585368415089,37.228396833402,0.));
#303 = CARTESIAN_POINT('',(59.756134194401,33.800957185399,0.));
#304 = CARTESIAN_POINT('',(60.786511309876,30.33116304326,0.));
#305 = CARTESIAN_POINT('',(62.513105525384,23.542531289518,0.));
#306 = CARTESIAN_POINT('',(63.226239669691,20.228620857396,0.));
#307 = CARTESIAN_POINT('',(63.818815083306,16.889580010274,0.));
#308 = CARTESIAN_POINT('',(64.2918342834,13.53084617929,0.));
#309 = CARTESIAN_POINT('',(64.646054308175,10.157634583675,0.));
#310 = CARTESIAN_POINT('',(64.882011712528,6.774942492341,0.));
#311 = CARTESIAN_POINT('',(65.000000072711,3.387547526029,0.));
#312 = CARTESIAN_POINT('',(65.,1.42108547152E-14,0.));
#313 = PCURVE('',#34,#314);
#314 = DEFINITIONAL_REPRESENTATION('',(#315),#535);
#315 = B_SPLINE_CURVE_WITH_KNOTS('',8,(#316,#317,#318,#319,#320,#321,
    #322,#323,#324,#325,#326,#327,#328,#329,#330,#331,#332,#333,#334,
    #335,#336,#337,#338,#339,#340,#341,#342,#343,#344,#345,#346,#347,
    #348,#349,#350,#351,#352,#353,#354,#355,#356,#357,#358,#359,#360,
    #361,#362,#363,#364,#365,#366,#367,#368,#369,#370,#371,#372,#373,
    #374,#375,#376,#377,#378,#379,#380,#381,#382,#383,#384,#385,#386,
    #387,#388,#389,#390,#391,#392,#393,#394,#395,#396,#397,#398,#399,
    #400,#401,#402,#403,#404,#405,#406,#407,#408,#409,#410,#411,#412,
    #413,#414,#415,#416,#417,#418,#419,#420,#421,#422,#423,#424,#425,
    #426,#427,#428,#429,#430,#431,#432,#433,#434,#435,#436,#437,#438,
    #439,#440,#441,#442,#443,#444,#445,#446,#447,#448,#449,#450,#451,
    #452,#453,#454,#455,#456,#457,#458,#459,#460,#461,#462,#463,#464,
    #465,#466,#467,#468,#469,#470,#471,#472,#473,#474,#475,#476,#477,
    #478,#479,#480,#481,#482,#483,#484,#485,#486,#487,#488,#489,#490,
    #491,#492,#493,#494,#495,#496,#497,#498,#499,#500,#501,#502,#503,
    #504,#505,#506,#507,#508,#509,#510,#511,#512,#513,#514,#515,#516,
    #517,#518,#519,#520,#521,#522,#523,#524,#525,#526,#527,#528,#529,
    #530,#531,#532,#533,#534),.UNSPECIFIED.,.F.,.F.,(9,7,7,7,7,7,7,7,7,7
    ,7,7,7,7,7,7,7,7,7,7,7,7,7,7,7,7,7,7,7,7,7,9),(0.,5.676018709369E-02
    ,0.119587635615,0.163308969933,0.197527395372,0.215281414349,
    0.252518073583,0.277913369662,0.307935720004,0.324725041941,
    0.333458194669,0.342363941372,0.383396681877,0.414209384573,
    0.43745023189,0.497505433644,0.557560635399,0.580801482716,
    0.611614185412,0.652646925917,0.660743059282,0.667219965976,
    0.676917799124,0.687529356048,0.705957339218,0.743761998395,
    0.781547229104,0.79956280077,0.834285332982,0.878650771184,
    0.941313240791,1.),.UNSPECIFIED.);
#316 = CARTESIAN_POINT('',(6.28318530718,7.88860905221E-31));
#317 = CARTESIAN_POINT('',(6.235889872011,-7.297600740945E-16));
#318 = CARTESIAN_POINT('',(6.189816908291,7.120373689545E-18));
#319 = CARTESIAN_POINT('',(6.144807310559,-1.159462373073E-16));
#320 = CARTESIAN_POINT('',(6.100723394022,-4.757057292734E-16));
#321 = CARTESIAN_POINT('',(6.057442733803,-3.464939255788E-16));
#322 = CARTESIAN_POINT('',(6.014853124358,-4.136003769159E-17));
#323 = CARTESIAN_POINT('',(5.972848659064,-3.468816793591E-16));
#324 = CARTESIAN_POINT('',(5.885366822546,-2.48962896813E-16));
#325 = CARTESIAN_POINT('',(5.840006334727,-2.463880892427E-16));
#326 = CARTESIAN_POINT('',(5.795102042625,-2.439546803335E-16));
#327 = CARTESIAN_POINT('',(5.750527271803,-2.416716210427E-16));
#328 = CARTESIAN_POINT('',(5.706164064321,-2.395490418783E-16));
#329 = CARTESIAN_POINT('',(5.661897990544,-2.37598128942E-16));
#330 = CARTESIAN_POINT('',(5.617613232736,-2.358311024614E-16));
#331 = CARTESIAN_POINT('',(5.542268219054,-2.331689629871E-16));
#332 = CARTESIAN_POINT('',(5.511286446202,-2.321722762304E-16));
#333 = CARTESIAN_POINT('',(5.480199016574,-2.312757813546E-16));
#334 = CARTESIAN_POINT('',(5.448967369736,-2.304843805068E-16));
#335 = CARTESIAN_POINT('',(5.417554303572,-2.298032925031E-16));
#336 = CARTESIAN_POINT('',(5.385923089183,-2.292379567058E-16));
#337 = CARTESIAN_POINT('',(5.354036814299,-2.287939324681E-16));
#338 = CARTESIAN_POINT('',(5.296673227664,-2.282285864533E-16));
#339 = CARTESIAN_POINT('',(5.271310610962,-2.280581130692E-16));
#340 = CARTESIAN_POINT('',(5.245752824536,-2.279680400423E-16));
#341 = CARTESIAN_POINT('',(5.219983825781,-2.279610323998E-16));
#342 = CARTESIAN_POINT('',(5.193988572989,-2.28039688566E-16));
#343 = CARTESIAN_POINT('',(5.16775307156,-2.282064569717E-16));
#344 = CARTESIAN_POINT('',(5.141264703476,-2.284635348587E-16));
#345 = CARTESIAN_POINT('',(5.100632800711,-2.289939369022E-16));
#346 = CARTESIAN_POINT('',(5.086681835715,-2.29199927488E-16));
#347 = CARTESIAN_POINT('',(5.072658521503,-2.294309746753E-16));
#348 = CARTESIAN_POINT('',(5.058561533852,-2.296873055941E-16));
#349 = CARTESIAN_POINT('',(5.044389677579,-2.299691158751E-16));
#350 = CARTESIAN_POINT('',(5.030141916241,-2.302765646617E-16));
#351 = CARTESIAN_POINT('',(5.015817401837,-2.306097696223E-16));
#352 = CARTESIAN_POINT('',(4.971209468147,-2.317218238235E-16));
#353 = CARTESIAN_POINT('',(4.940659165225,-2.325885541299E-16));
#354 = CARTESIAN_POINT('',(4.909763222519,-2.335695846158E-16));
#355 = CARTESIAN_POINT('',(4.878519783518,-2.346646236756E-16));
#356 = CARTESIAN_POINT('',(4.846927396401,-2.358724423775E-16));
#357 = CARTESIAN_POINT('',(4.81498666438,-2.371907730835E-16));
#358 = CARTESIAN_POINT('',(4.782702658404,-2.386161606759E-16));
#359 = CARTESIAN_POINT('',(4.727845050516,-2.411855891934E-16));
#360 = CARTESIAN_POINT('',(4.705445429021,-2.42275088596E-16));
#361 = CARTESIAN_POINT('',(4.682892103468,-2.434108020411E-16));
#362 = CARTESIAN_POINT('',(4.660187072982,-2.44591097741E-16));
#363 = CARTESIAN_POINT('',(4.637331759924,-2.458141916738E-16));
#364 = CARTESIAN_POINT('',(4.614327299888,-2.470781607178E-16));
#365 = CARTESIAN_POINT('',(4.591174821825,-2.483809519201E-16));
#366 = CARTESIAN_POINT('',(4.540331489424,-2.513038707053E-16));
#367 = CARTESIAN_POINT('',(4.512580501104,-2.529386744734E-16));
#368 = CARTESIAN_POINT('',(4.484624673594,-2.546212318669E-16));
#369 = CARTESIAN_POINT('',(4.456463254563,-2.56347922067E-16));
#370 = CARTESIAN_POINT('',(4.428093408759,-2.581151212031E-16));
#371 = CARTESIAN_POINT('',(4.399510627311,-2.599192445573E-16));
#372 = CARTESIAN_POINT('',(4.370708956679,-2.617567805431E-16));
#373 = CARTESIAN_POINT('',(4.325447843969,-2.646686937794E-16));
#374 = CARTESIAN_POINT('',(4.309143680119,-2.657224668339E-16));
#375 = CARTESIAN_POINT('',(4.292767120667,-2.66785048436E-16));
#376 = CARTESIAN_POINT('',(4.276316530303,-2.678558663066E-16));
#377 = CARTESIAN_POINT('',(4.259790073657,-2.689343642031E-16));
#378 = CARTESIAN_POINT('',(4.243185715509,-2.700200030453E-16));
#379 = CARTESIAN_POINT('',(4.226501220993,-2.711122620419E-16));
#380 = CARTESIAN_POINT('',(4.201012580182,-2.728599462214E-16));
#381 = CARTESIAN_POINT('',(4.192394985341,-2.729325121076E-16));
#382 = CARTESIAN_POINT('',(4.183434368308,-2.747916531575E-16));
#383 = CARTESIAN_POINT('',(4.174768103656,-2.74263135005E-16));
#384 = CARTESIAN_POINT('',(4.166242990808,-2.73697358099E-16));
#385 = CARTESIAN_POINT('',(4.157556469888,-2.753222317017E-16));
#386 = CARTESIAN_POINT('',(4.149091065458,-2.74849585834E-16));
#387 = CARTESIAN_POINT('',(4.131979737638,-2.755806546718E-16));
#388 = CARTESIAN_POINT('',(4.123340357838,-2.758631598435E-16));
#389 = CARTESIAN_POINT('',(4.114700978037,-2.761454376502E-16));
#390 = CARTESIAN_POINT('',(4.106061598238,-2.764274391147E-16));
#391 = CARTESIAN_POINT('',(4.097422218442,-2.767091141254E-16));
#392 = CARTESIAN_POINT('',(4.088782838649,-2.769904114361E-16));
#393 = CARTESIAN_POINT('',(4.080143458854,-2.77271278666E-16));
#394 = CARTESIAN_POINT('',(4.03169860947,5.957565167786E-16));
#395 = CARTESIAN_POINT('',(3.993133853396,-3.617425111314E-16));
#396 = CARTESIAN_POINT('',(3.955702644787,-1.576043890349E-16));
#397 = CARTESIAN_POINT('',(3.919309211358,3.285620217207E-16));
#398 = CARTESIAN_POINT('',(3.883866912601,1.379634092557E-16));
#399 = CARTESIAN_POINT('',(3.8492962514,-2.726206722801E-16));
#400 = CARTESIAN_POINT('',(3.815523159226,1.658080626069E-16));
#401 = CARTESIAN_POINT('',(3.757662629857,3.405267407276E-17));
#402 = CARTESIAN_POINT('',(3.733259101124,3.506129851184E-17));
#403 = CARTESIAN_POINT('',(3.709237859939,3.602715600214E-17));
#404 = CARTESIAN_POINT('',(3.685571999312,3.695050369709E-17));
#405 = CARTESIAN_POINT('',(3.66223646959,3.783161407815E-17));
#406 = CARTESIAN_POINT('',(3.639207733995,3.867077099291E-17));
#407 = CARTESIAN_POINT('',(3.616463424168,3.946826569321E-17));
#408 = CARTESIAN_POINT('',(3.577025111026,4.079471213464E-17));
#409 = CARTESIAN_POINT('',(3.560217884446,4.134149011412E-17));
#410 = CARTESIAN_POINT('',(3.543551310928,4.186485088807E-17));
#411 = CARTESIAN_POINT('',(3.527016700309,4.23649141206E-17));
#412 = CARTESIAN_POINT('',(3.510605677303,4.284179506355E-17));
#413 = CARTESIAN_POINT('',(3.494310181502,4.329560455645E-17));
#414 = CARTESIAN_POINT('',(3.478122467371,4.372644902657E-17));
#415 = CARTESIAN_POINT('',(3.420464768011,4.518866705692E-17));
#416 = CARTESIAN_POINT('',(3.379567274501,4.609015226881E-17));
#417 = CARTESIAN_POINT('',(3.339208545132,4.684076936185E-17));
#418 = CARTESIAN_POINT('',(3.299270204481,4.744191853448E-17));
#419 = CARTESIAN_POINT('',(3.259643631101,4.789464406643E-17));
#420 = CARTESIAN_POINT('',(3.220224828936,4.819967755889E-17));
#421 = CARTESIAN_POINT('',(3.180910119322,4.835739729456E-17));
#422 = CARTESIAN_POINT('',(3.102275187858,4.837801044712E-17));
#423 = CARTESIAN_POINT('',(3.062960478244,4.824090235048E-17));
#424 = CARTESIAN_POINT('',(3.023541676078,4.795635809698E-17));
#425 = CARTESIAN_POINT('',(2.983915102699,4.752387649066E-17));
#426 = CARTESIAN_POINT('',(2.943976762047,4.694260153067E-17));
#427 = CARTESIAN_POINT('',(2.903618032679,4.621136367312E-17));
#428 = CARTESIAN_POINT('',(2.862720539169,4.532863729437E-17));
#429 = CARTESIAN_POINT('',(2.805062839809,4.389140401398E-17));
#430 = CARTESIAN_POINT('',(2.788875125678,4.346741885692E-17));
#431 = CARTESIAN_POINT('',(2.772579629877,4.302034951408E-17));
#432 = CARTESIAN_POINT('',(2.756168606871,4.255008218759E-17));
#433 = CARTESIAN_POINT('',(2.739633996252,4.205649865225E-17));
#434 = CARTESIAN_POINT('',(2.722967422734,4.153947625558E-17));
#435 = CARTESIAN_POINT('',(2.706160196154,4.099888791782E-17));
#436 = CARTESIAN_POINT('',(2.666721883012,3.96864741249E-17));
#437 = CARTESIAN_POINT('',(2.643977573185,3.889670402543E-17));
#438 = CARTESIAN_POINT('',(2.62094883759,3.806498000154E-17));
#439 = CARTESIAN_POINT('',(2.597613307868,3.71909935202E-17));
#440 = CARTESIAN_POINT('',(2.573947447241,3.627444345174E-17));
#441 = CARTESIAN_POINT('',(2.549926206056,3.531504017449E-17));
#442 = CARTESIAN_POINT('',(2.525522677323,3.431250967924E-17));
#443 = CARTESIAN_POINT('',(2.467662147953,3.187377484733E-17));
#444 = CARTESIAN_POINT('',(2.43388905578,3.040410920282E-17));
#445 = CARTESIAN_POINT('',(2.399318394578,2.885695449662E-17));
#446 = CARTESIAN_POINT('',(2.363876095822,2.723184961206E-17));
#447 = CARTESIAN_POINT('',(2.327482662393,2.552858073275E-17));
#448 = CARTESIAN_POINT('',(2.290051453784,2.374724593073E-17));
#449 = CARTESIAN_POINT('',(2.25148669771,2.18883221699E-17));
#450 = CARTESIAN_POINT('',(2.203827246491,1.957082573361E-17));
#451 = CARTESIAN_POINT('',(2.195973264859,1.918828091185E-17));
#452 = CARTESIAN_POINT('',(2.188119283227,1.880516113087E-17));
#453 = CARTESIAN_POINT('',(2.180265301594,1.84215261071E-17));
#454 = CARTESIAN_POINT('',(2.172411319959,1.80374344018E-17));
#455 = CARTESIAN_POINT('',(2.164557338323,1.765294342108E-17));
#456 = CARTESIAN_POINT('',(2.156703356687,1.726810941589E-17));
#457 = CARTESIAN_POINT('',(2.142566189748,1.657488992992E-17));
#458 = CARTESIAN_POINT('',(2.136283004441,1.626660808922E-17));
#459 = CARTESIAN_POINT('',(2.129999819134,1.595817015966E-17));
#460 = CARTESIAN_POINT('',(2.123716633827,1.564960385504E-17));
#461 = CARTESIAN_POINT('',(2.11743344852,1.53409364032E-17));
#462 = CARTESIAN_POINT('',(2.111150263212,1.5032194546E-17));
#463 = CARTESIAN_POINT('',(2.104867077905,1.472340453936E-17));
#464 = CARTESIAN_POINT('',(2.089176117311,1.277919459881E-17));
#465 = CARTESIAN_POINT('',(2.07969635998,1.723870488077E-17));
#466 = CARTESIAN_POINT('',(2.070350441809,1.213115666838E-17));
#467 = CARTESIAN_POINT('',(2.060851090376,1.828806924021E-17));
#468 = CARTESIAN_POINT('',(2.051483694863,1.453678279395E-17));
#469 = CARTESIAN_POINT('',(2.042027011217,1.718372703602E-17));
#470 = CARTESIAN_POINT('',(2.032609900639,1.69132040849E-17));
#471 = CARTESIAN_POINT('',(2.012873491963,1.800436293205E-17));
#472 = CARTESIAN_POINT('',(2.002591377358,1.850747477302E-17));
#473 = CARTESIAN_POINT('',(1.992338827881,1.900842520518E-17));
#474 = CARTESIAN_POINT('',(1.982115376386,1.950711570535E-17));
#475 = CARTESIAN_POINT('',(1.971920585804,2.000344588287E-17));
#476 = CARTESIAN_POINT('',(1.961754049136,2.049731347957E-17));
#477 = CARTESIAN_POINT('',(1.951615389458,2.098861436976E-17));
#478 = CARTESIAN_POINT('',(1.923945316748,2.232579230664E-17));
#479 = CARTESIAN_POINT('',(1.906469355228,2.316628407659E-17));
#480 = CARTESIAN_POINT('',(1.889074617248,2.39981616947E-17));
#481 = CARTESIAN_POINT('',(1.871759564164,2.482085578712E-17));
#482 = CARTESIAN_POINT('',(1.854522895976,2.563378582333E-17));
#483 = CARTESIAN_POINT('',(1.837363570507,2.643636215786E-17));
#484 = CARTESIAN_POINT('',(1.820280822572,2.72279880721E-17));
#485 = CARTESIAN_POINT('',(1.768385383839,2.960836819748E-17));
#486 = CARTESIAN_POINT('',(1.733812446121,3.116026316626E-17));
#487 = CARTESIAN_POINT('',(1.699556728699,3.265828866417E-17));
#488 = CARTESIAN_POINT('',(1.665618591908,3.40972354969E-17));
#489 = CARTESIAN_POINT('',(1.631998752397,3.547217446901E-17));
#490 = CARTESIAN_POINT('',(1.598699896304,3.677851562757E-17));
#491 = CARTESIAN_POINT('',(1.565728550936,3.801209561442E-17));
#492 = CARTESIAN_POINT('',(1.500482648776,4.03258961671E-17));
#493 = CARTESIAN_POINT('',(1.4681986428,4.140651982497E-17));
#494 = CARTESIAN_POINT('',(1.436257910779,4.24074805337E-17));
#495 = CARTESIAN_POINT('',(1.404665523661,4.332612380705E-17));
#496 = CARTESIAN_POINT('',(1.37342208466,4.416067921996E-17));
#497 = CARTESIAN_POINT('',(1.342526141955,4.491015078289E-17));
#498 = CARTESIAN_POINT('',(1.311975839033,4.557424271048E-17));
#499 = CARTESIAN_POINT('',(1.267367905343,4.642941839018E-17));
#500 = CARTESIAN_POINT('',(1.253043390939,4.668620684525E-17));
#501 = CARTESIAN_POINT('',(1.2387956296,4.692373111955E-17));
#502 = CARTESIAN_POINT('',(1.224623773328,4.714207132077E-17));
#503 = CARTESIAN_POINT('',(1.210526785677,4.73413387876E-17));
#504 = CARTESIAN_POINT('',(1.196503471465,4.752167238333E-17));
#505 = CARTESIAN_POINT('',(1.182552506469,4.768323478934E-17));
#506 = CARTESIAN_POINT('',(1.141920603704,4.810177167458E-17));
#507 = CARTESIAN_POINT('',(1.11543223562,4.830828348175E-17));
#508 = CARTESIAN_POINT('',(1.08919673419,4.844706138963E-17));
#509 = CARTESIAN_POINT('',(1.063201481399,4.851970355896E-17));
#510 = CARTESIAN_POINT('',(1.037432482644,4.852800041408E-17));
#511 = CARTESIAN_POINT('',(1.011874696217,4.847385906676E-17));
#512 = CARTESIAN_POINT('',(0.986512079516,4.835924089151E-17));
#513 = CARTESIAN_POINT('',(0.929148492881,4.796490345364E-17));
#514 = CARTESIAN_POINT('',(0.897262217997,4.764818671244E-17));
#515 = CARTESIAN_POINT('',(0.865631003608,4.724007444333E-17));
#516 = CARTESIAN_POINT('',(0.834217937444,4.674467719395E-17));
#517 = CARTESIAN_POINT('',(0.802986290606,4.616602469843E-17));
#518 = CARTESIAN_POINT('',(0.771898860977,4.550798997962E-17));
#519 = CARTESIAN_POINT('',(0.740917088125,4.477421650016E-17));
#520 = CARTESIAN_POINT('',(0.666332054273,4.282940310025E-17));
#521 = CARTESIAN_POINT('',(0.622802143404,4.15465721227E-17));
#522 = CARTESIAN_POINT('',(0.579292333127,4.012902016139E-17));
#523 = CARTESIAN_POINT('',(0.535692636662,3.858541762407E-17));
#524 = CARTESIAN_POINT('',(0.491894370331,3.692372581208E-17));
#525 = CARTESIAN_POINT('',(0.447785613286,3.515117850572E-17));
#526 = CARTESIAN_POINT('',(0.403246428501,3.327419354913E-17));
#527 = CARTESIAN_POINT('',(0.315898439533,3.585925067879E-17));
#528 = CARTESIAN_POINT('',(0.273165970094,1.298171414704E-17));
#529 = CARTESIAN_POINT('',(0.229836279987,3.080205081598E-17));
#530 = CARTESIAN_POINT('',(0.185797938129,3.789089005537E-17));
#531 = CARTESIAN_POINT('',(0.140932915815,1.236549892362E-17));
#532 = CARTESIAN_POINT('',(9.511230814094E-02,4.365952188646E-19));
#533 = CARTESIAN_POINT('',(4.819081762406E-02,4.438955291746E-17));
#534 = CARTESIAN_POINT('',(0.,1.183291357832E-30));
#535 = ( GEOMETRIC_REPRESENTATION_CONTEXT(2) 
PARAMETRIC_REPRESENTATION_CONTEXT() REPRESENTATION_CONTEXT('2D SPACE',''
  ) );
#536 = PCURVE('',#537,#542);
#537 = PLANE('',#538);
#538 = AXIS2_PLACEMENT_3D('',#539,#540,#541);
#539 = CARTESIAN_POINT('',(0.,0.,0.));
#540 = DIRECTION('',(0.,0.,1.));
#541 = DIRECTION('',(1.,0.,-0.));
#542 = DEFINITIONAL_REPRESENTATION('',(#543),#763);
#543 = B_SPLINE_CURVE_WITH_KNOTS('',8,(#544,#545,#546,#547,#548,#549,
    #550,#551,#552,#553,#554,#555,#556,#557,#558,#559,#560,#561,#562,
    #563,#564,#565,#566,#567,#568,#569,#570,#571,#572,#573,#574,#575,
    #576,#577,#578,#579,#580,#581,#582,#583,#584,#585,#586,#587,#588,
    #589,#590,#591,#592,#593,#594,#595,#596,#597,#598,#599,#600,#601,
    #602,#603,#604,#605,#606,#607,#608,#609,#610,#611,#612,#613,#614,
    #615,#616,#617,#618,#619,#620,#621,#622,#623,#624,#625,#626,#627,
    #628,#629,#630,#631,#632,#633,#634,#635,#636,#637,#638,#639,#640,
    #641,#642,#643,#644,#645,#646,#647,#648,#649,#650,#651,#652,#653,
    #654,#655,#656,#657,#658,#659,#660,#661,#662,#663,#664,#665,#666,
    #667,#668,#669,#670,#671,#672,#673,#674,#675,#676,#677,#678,#679,
    #680,#681,#682,#683,#684,#685,#686,#687,#688,#689,#690,#691,#692,
    #693,#694,#695,#696,#697,#698,#699,#700,#701,#702,#703,#704,#705,
    #706,#707,#708,#709,#710,#711,#712,#713,#714,#715,#716,#717,#718,
    #719,#720,#721,#722,#723,#724,#725,#726,#727,#728,#729,#730,#731,
    #732,#733,#734,#735,#736,#737,#738,#739,#740,#741,#742,#743,#744,
    #745,#746,#747,#748,#749,#750,#751,#752,#753,#754,#755,#756,#757,
    #758,#759,#760,#761,#762),.UNSPECIFIED.,.F.,.F.,(9,7,7,7,7,7,7,7,7,7
    ,7,7,7,7,7,7,7,7,7,7,7,7,7,7,7,7,7,7,7,7,7,9),(0.,5.676018709369E-02
    ,0.119587635615,0.163308969933,0.197527395372,0.215281414349,
    0.252518073583,0.277913369662,0.307935720004,0.324725041941,
    0.333458194669,0.342363941372,0.383396681877,0.414209384573,
    0.43745023189,0.497505433644,0.557560635399,0.580801482716,
    0.611614185412,0.652646925917,0.660743059282,0.667219965976,
    0.676917799124,0.687529356048,0.705957339218,0.743761998395,
    0.781547229104,0.79956280077,0.834285332982,0.878650771184,
    0.941313240791,1.),.UNSPECIFIED.);
#544 = CARTESIAN_POINT('',(65.,0.));
#545 = CARTESIAN_POINT('',(65.000000062687,-3.324606971792));
#546 = CARTESIAN_POINT('',(64.886355438167,-6.649076377026));
#547 = CARTESIAN_POINT('',(64.659083267842,-9.969097708321));
#548 = CARTESIAN_POINT('',(64.31791216713,-13.28015398786));
#549 = CARTESIAN_POINT('',(63.86234460178,-16.57752845422));
#550 = CARTESIAN_POINT('',(63.291676901201,-19.85630603849));
#551 = CARTESIAN_POINT('',(62.604976908809,-23.11136962979));
#552 = CARTESIAN_POINT('',(60.911124364647,-29.90825006809));
#553 = CARTESIAN_POINT('',(59.877723761117,-33.44288486853));
#554 = CARTESIAN_POINT('',(58.699165975453,-36.93439034078));
#555 = CARTESIAN_POINT('',(57.373520992108,-40.37462478772));
#556 = CARTESIAN_POINT('',(55.898747739605,-43.75427514907));
#557 = CARTESIAN_POINT('',(54.272812089571,-47.06290309387));
#558 = CARTESIAN_POINT('',(52.493710927846,-50.28895169093));
#559 = CARTESIAN_POINT('',(49.213250208856,-55.5983602579));
#560 = CARTESIAN_POINT('',(47.792162683983,-57.73054359294));
#561 = CARTESIAN_POINT('',(46.295467035532,-59.81191504217));
#562 = CARTESIAN_POINT('',(44.722723548129,-61.83757193823));
#563 = CARTESIAN_POINT('',(43.073744774957,-63.80208716065));
#564 = CARTESIAN_POINT('',(41.348661947505,-65.69956264756));
#565 = CARTESIAN_POINT('',(39.547994048013,-67.52368545454));
#566 = CARTESIAN_POINT('',(36.205039356993,-70.63280373349));
#567 = CARTESIAN_POINT('',(34.691737531747,-71.94873371466));
#568 = CARTESIAN_POINT('',(33.133331958857,-73.21234927312));
#569 = CARTESIAN_POINT('',(31.530604224443,-74.42022840853));
#570 = CARTESIAN_POINT('',(29.884632628445,-75.56879963425));
#571 = CARTESIAN_POINT('',(28.196833839046,-76.65439989389));
#572 = CARTESIAN_POINT('',(26.469013183796,-77.67334491111));
#573 = CARTESIAN_POINT('',(23.787358233566,-79.1142222059));
#574 = CARTESIAN_POINT('',(22.861126101026,-79.58751336245));
#575 = CARTESIAN_POINT('',(21.925045425054,-80.04137842329));
#576 = CARTESIAN_POINT('',(20.979464458016,-80.47531631514));
#577 = CARTESIAN_POINT('',(20.024763227671,-80.8888359013));
#578 = CARTESIAN_POINT('',(19.061355305426,-81.28145997228));
#579 = CARTESIAN_POINT('',(18.089689574581,-81.6527292364));
#580 = CARTESIAN_POINT('',(15.056014133578,-82.73518712434));
#581 = CARTESIAN_POINT('',(12.967322802446,-83.37240230492));
#582 = CARTESIAN_POINT('',(10.848960400723,-83.90966244224));
#583 = CARTESIAN_POINT('',(8.70609512523,-84.34343356116));
#584 = CARTESIAN_POINT('',(6.544288904301,-84.67088785866));
#585 = CARTESIAN_POINT('',(4.369512457504,-84.88999978517));
#586 = CARTESIAN_POINT('',(2.188167484865,-84.99968746997));
#587 = CARTESIAN_POINT('',(-1.480355225689,-85.00021245126));
#588 = CARTESIAN_POINT('',(-2.96788027818,-84.94955306903));
#589 = CARTESIAN_POINT('',(-4.453357052889,-84.84801528915));
#590 = CARTESIAN_POINT('',(-5.934752349945,-84.6958247435));
#591 = CARTESIAN_POINT('',(-7.410099719027,-84.49341888096));
#592 = CARTESIAN_POINT('',(-8.877497804736,-84.24143164666));
#593 = CARTESIAN_POINT('',(-10.3351092069,-83.94068271024));
#594 = CARTESIAN_POINT('',(-13.49068271809,-83.18016062937));
#595 = CARTESIAN_POINT('',(-15.18416244594,-82.70136908699));
#596 = CARTESIAN_POINT('',(-16.85868484886,-82.15742795183));
#597 = CARTESIAN_POINT('',(-18.51165589482,-81.55026370818));
#598 = CARTESIAN_POINT('',(-20.14077339976,-80.88202304334));
#599 = CARTESIAN_POINT('',(-21.74400322668,-80.15501010143));
#600 = CARTESIAN_POINT('',(-23.31955999466,-79.3716359365));
#601 = CARTESIAN_POINT('',(-25.73064373236,-78.06616376068));
#602 = CARTESIAN_POINT('',(-26.58626678354,-77.58109038141));
#603 = CARTESIAN_POINT('',(-27.43249740441,-77.07958881848));
#604 = CARTESIAN_POINT('',(-28.26909737735,-76.5620911784));
#605 = CARTESIAN_POINT('',(-29.09585289474,-76.02903062816));
#606 = CARTESIAN_POINT('',(-29.9125731398,-75.48083914053));
#607 = CARTESIAN_POINT('',(-30.71908886737,-74.91794523959));
#608 = CARTESIAN_POINT('',(-31.92839491246,-74.04126528211));
#609 = CARTESIAN_POINT('',(-32.33875252105,-73.73791239535));
#610 = CARTESIAN_POINT('',(-32.74629695746,-73.4307767798));
#611 = CARTESIAN_POINT('',(-33.15101750302,-73.11991067605));
#612 = CARTESIAN_POINT('',(-33.55289402881,-72.80537388744));
#613 = CARTESIAN_POINT('',(-33.9519056959,-72.48722728758));
#614 = CARTESIAN_POINT('',(-34.34804227348,-72.16552431006));
#615 = CARTESIAN_POINT('',(-35.14281610817,-71.5082716209));
#616 = CARTESIAN_POINT('',(-35.54407212297,-71.17030577307));
#617 = CARTESIAN_POINT('',(-35.94498614758,-70.82638374336));
#618 = CARTESIAN_POINT('',(-36.34548822875,-70.47646467294));
#619 = CARTESIAN_POINT('',(-36.7455068046,-70.12050946881));
#620 = CARTESIAN_POINT('',(-37.14496870458,-69.75848080379));
#621 = CARTESIAN_POINT('',(-37.54379914948,-69.39034311654));
#622 = CARTESIAN_POINT('',(-39.77625004836,-67.29158598724));
#623 = CARTESIAN_POINT('',(-41.5383768009,-65.49046074572));
#624 = CARTESIAN_POINT('',(-43.22741490384,-63.61898882633));
#625 = CARTESIAN_POINT('',(-44.84289898802,-61.68313598099));
#626 = CARTESIAN_POINT('',(-46.38472040477,-59.68847899447));
#627 = CARTESIAN_POINT('',(-47.85306445531,-57.64015503859));
#628 = CARTESIAN_POINT('',(-49.24834986536,-55.54281316048));
#629 = CARTESIAN_POINT('',(-51.56451578993,-51.79189182637));
#630 = CARTESIAN_POINT('',(-52.51695084856,-50.15797294636));
#631 = CARTESIAN_POINT('',(-53.42870871965,-48.50059448454));
#632 = CARTESIAN_POINT('',(-54.3000409161,-46.82144402196));
#633 = CARTESIAN_POINT('',(-55.13121360484,-45.12211161562));
#634 = CARTESIAN_POINT('',(-55.92250378698,-43.40408791321));
#635 = CARTESIAN_POINT('',(-56.67419547786,-41.66876226787));
#636 = CARTESIAN_POINT('',(-57.92389855363,-38.59644751951));
#637 = CARTESIAN_POINT('',(-58.43885013606,-37.2663765633));
#638 = CARTESIAN_POINT('',(-58.93155166127,-35.92776656446));
#639 = CARTESIAN_POINT('',(-59.40211997043,-34.5811552317));
#640 = CARTESIAN_POINT('',(-59.85066771913,-33.22705940231));
#641 = CARTESIAN_POINT('',(-60.27730337732,-31.8659750421));
#642 = CARTESIAN_POINT('',(-60.68213122939,-30.49837724545));
#643 = CARTESIAN_POINT('',(-62.05524551814,-25.5751459059));
#644 = CARTESIAN_POINT('',(-62.90020790232,-21.98540939732));
#645 = CARTESIAN_POINT('',(-63.60198119813,-18.36302764792));
#646 = CARTESIAN_POINT('',(-64.1619508892,-14.71515666292));
#647 = CARTESIAN_POINT('',(-64.58116530252,-11.04861006335));
#648 = CARTESIAN_POINT('',(-64.86037623068,-7.369866686697));
#649 = CARTESIAN_POINT('',(-65.00000014504,-3.685067239227));
#650 = CARTESIAN_POINT('',(-65.00000014504,3.6850672392));
#651 = CARTESIAN_POINT('',(-64.86037623068,7.369866686672));
#652 = CARTESIAN_POINT('',(-64.58116530253,11.048610063329));
#653 = CARTESIAN_POINT('',(-64.1619508892,14.7151566629));
#654 = CARTESIAN_POINT('',(-63.60198119813,18.363027647901));
#655 = CARTESIAN_POINT('',(-62.90020790233,21.985409397303));
#656 = CARTESIAN_POINT('',(-62.05524551815,25.575145905881));
#657 = CARTESIAN_POINT('',(-60.6821312294,30.498377245436));
#658 = CARTESIAN_POINT('',(-60.27730337733,31.865975042086));
#659 = CARTESIAN_POINT('',(-59.85066771914,33.227059402289));
#660 = CARTESIAN_POINT('',(-59.40211997044,34.58115523168));
#661 = CARTESIAN_POINT('',(-58.93155166128,35.927766564438));
#662 = CARTESIAN_POINT('',(-58.43885013607,37.266376563286));
#663 = CARTESIAN_POINT('',(-57.92389855364,38.596447519489));
#664 = CARTESIAN_POINT('',(-56.67419547787,41.668762267854));
#665 = CARTESIAN_POINT('',(-55.92250378699,43.404087913199));
#666 = CARTESIAN_POINT('',(-55.13121360485,45.122111615603));
#667 = CARTESIAN_POINT('',(-54.30004091611,46.821444021944));
#668 = CARTESIAN_POINT('',(-53.42870871966,48.500594484526));
#669 = CARTESIAN_POINT('',(-52.51695084857,50.157972946348));
#670 = CARTESIAN_POINT('',(-51.56451578994,51.791891826356));
#671 = CARTESIAN_POINT('',(-49.24834986537,55.542813160476));
#672 = CARTESIAN_POINT('',(-47.85306445532,57.640155038573));
#673 = CARTESIAN_POINT('',(-46.38472040478,59.688478994452));
#674 = CARTESIAN_POINT('',(-44.84289898803,61.683135980986));
#675 = CARTESIAN_POINT('',(-43.22741490385,63.618988826327));
#676 = CARTESIAN_POINT('',(-41.53837680092,65.490460745711));
#677 = CARTESIAN_POINT('',(-39.77625004837,67.29158598723));
#678 = CARTESIAN_POINT('',(-37.57999211035,69.356317596922));
#679 = CARTESIAN_POINT('',(-37.21747748053,69.691495908428));
#680 = CARTESIAN_POINT('',(-36.85443524832,70.021622905126));
#681 = CARTESIAN_POINT('',(-36.4909217035,70.346725166212));
#682 = CARTESIAN_POINT('',(-36.12699203934,70.666830491013));
#683 = CARTESIAN_POINT('',(-35.76270035259,70.981967898987));
#684 = CARTESIAN_POINT('',(-35.39809964349,71.29216762972));
#685 = CARTESIAN_POINT('',(-34.74135554896,71.84169593382));
#686 = CARTESIAN_POINT('',(-34.44930471343,72.082790645466));
#687 = CARTESIAN_POINT('',(-34.15711587528,72.320761355607));
#688 = CARTESIAN_POINT('',(-33.86481514005,72.555624540744));
#689 = CARTESIAN_POINT('',(-33.57242815269,72.787397076146));
#690 = CARTESIAN_POINT('',(-33.27998009756,73.01609623584));
#691 = CARTESIAN_POINT('',(-32.98749569842,73.241739692619));
#692 = CARTESIAN_POINT('',(-32.2574741191,73.797326036881));
#693 = CARTESIAN_POINT('',(-31.81592626148,74.126550733788));
#694 = CARTESIAN_POINT('',(-31.37005301985,74.452154078778));
#695 = CARTESIAN_POINT('',(-30.91965451821,74.774165780809));
#696 = CARTESIAN_POINT('',(-30.46462536979,75.09253078298));
#697 = CARTESIAN_POINT('',(-30.00497573725,75.407107420626));
#698 = CARTESIAN_POINT('',(-29.54082667739,75.717686329314));
#699 = CARTESIAN_POINT('',(-28.55979825052,76.35922548463));
#700 = CARTESIAN_POINT('',(-28.04330329702,76.688540603437));
#701 = CARTESIAN_POINT('',(-27.52298528053,77.01183666047));
#702 = CARTESIAN_POINT('',(-26.99889324204,77.329009261197));
#703 = CARTESIAN_POINT('',(-26.47107983996,77.639954095496));
#704 = CARTESIAN_POINT('',(-25.93960135013,77.944566937657));
#705 = CARTESIAN_POINT('',(-25.40451766582,78.242743646381));
#706 = CARTESIAN_POINT('',(-23.9305179447,79.040835189542));
#707 = CARTESIAN_POINT('',(-22.98446107862,79.527568546087));
#708 = CARTESIAN_POINT('',(-22.02805844509,79.994036888149));
#709 = CARTESIAN_POINT('',(-21.06167952511,80.439702970283));
#710 = CARTESIAN_POINT('',(-20.08572851968,80.864040107403));
#711 = CARTESIAN_POINT('',(-19.10064633438,81.266536634326));
#712 = CARTESIAN_POINT('',(-18.10691256397,81.646700365314));
#713 = CARTESIAN_POINT('',(-15.04974033148,82.73718573518));
#714 = CARTESIAN_POINT('',(-12.95994838068,83.374444753445));
#715 = CARTESIAN_POINT('',(-10.84045914461,83.911645229843));
#716 = CARTESIAN_POINT('',(-8.69644754176,84.345248070048));
#717 = CARTESIAN_POINT('',(-6.533483907328,84.672421258988));
#718 = CARTESIAN_POINT('',(-4.357549161976,84.891136632256));
#719 = CARTESIAN_POINT('',(-2.175057131065,85.000312123904));
#720 = CARTESIAN_POINT('',(2.188167484851,84.999687469975));
#721 = CARTESIAN_POINT('',(4.369512457489,84.889999785171));
#722 = CARTESIAN_POINT('',(6.544288904287,84.670887858669));
#723 = CARTESIAN_POINT('',(8.706095125217,84.343433561172));
#724 = CARTESIAN_POINT('',(10.848960400709,83.909662442244));
#725 = CARTESIAN_POINT('',(12.967322802432,83.372402304924));
#726 = CARTESIAN_POINT('',(15.056014133565,82.735187124351));
#727 = CARTESIAN_POINT('',(18.089689574566,81.652729236412));
#728 = CARTESIAN_POINT('',(19.061355305414,81.281459972291));
#729 = CARTESIAN_POINT('',(20.024763227659,80.888835901308));
#730 = CARTESIAN_POINT('',(20.979464458003,80.475316315149));
#731 = CARTESIAN_POINT('',(21.92504542504,80.041378423304));
#732 = CARTESIAN_POINT('',(22.861126101013,79.587513362463));
#733 = CARTESIAN_POINT('',(23.787358233554,79.11422220591));
#734 = CARTESIAN_POINT('',(26.469013183779,77.673344911126));
#735 = CARTESIAN_POINT('',(28.19683383904,76.654399893899));
#736 = CARTESIAN_POINT('',(29.884632628434,75.568799634266));
#737 = CARTESIAN_POINT('',(31.530604224426,74.420228408545));
#738 = CARTESIAN_POINT('',(33.133331958846,73.212349273137));
#739 = CARTESIAN_POINT('',(34.691737531741,71.948733714676));
#740 = CARTESIAN_POINT('',(36.205039356979,70.632803733507));
#741 = CARTESIAN_POINT('',(39.547994048001,67.52368545456));
#742 = CARTESIAN_POINT('',(41.348661947499,65.699562647578));
#743 = CARTESIAN_POINT('',(43.073744774948,63.802087160667));
#744 = CARTESIAN_POINT('',(44.722723548118,61.837571938247));
#745 = CARTESIAN_POINT('',(46.295467035524,59.81191504218));
#746 = CARTESIAN_POINT('',(47.792162683979,57.730543592954));
#747 = CARTESIAN_POINT('',(49.213250208846,55.598360257918));
#748 = CARTESIAN_POINT('',(52.460622033592,50.342505921038));
#749 = CARTESIAN_POINT('',(54.211912418691,47.173224627987));
#750 = CARTESIAN_POINT('',(55.815195219404,43.923952120684));
#751 = CARTESIAN_POINT('',(57.27236964426,40.605692409133));
#752 = CARTESIAN_POINT('',(58.585368415089,37.228396833402));
#753 = CARTESIAN_POINT('',(59.756134194401,33.800957185399));
#754 = CARTESIAN_POINT('',(60.786511309876,30.33116304326));
#755 = CARTESIAN_POINT('',(62.513105525384,23.542531289518));
#756 = CARTESIAN_POINT('',(63.226239669691,20.228620857396));
#757 = CARTESIAN_POINT('',(63.818815083306,16.889580010274));
#758 = CARTESIAN_POINT('',(64.2918342834,13.53084617929));
#759 = CARTESIAN_POINT('',(64.646054308175,10.157634583675));
#760 = CARTESIAN_POINT('',(64.882011712528,6.774942492341));
#761 = CARTESIAN_POINT('',(65.000000072711,3.387547526029));
#762 = CARTESIAN_POINT('',(65.,1.42108547152E-14));
#763 = ( GEOMETRIC_REPRESENTATION_CONTEXT(2) 
PARAMETRIC_REPRESENTATION_CONTEXT() REPRESENTATION_CONTEXT('2D SPACE',''
  ) );
#764 = ORIENTED_EDGE('',*,*,#765,.T.);
#765 = EDGE_CURVE('',#90,#766,#768,.T.);
#766 = VERTEX_POINT('',#767);
#767 = CARTESIAN_POINT('',(-64.9505002433,3.316624790355,0.));
#768 = SURFACE_CURVE('',#769,(#796,#826),.PCURVE_S1.);
#769 = B_SPLINE_CURVE_WITH_KNOTS('',5,(#770,#771,#772,#773,#774,#775,
    #776,#777,#778,#779,#780,#781,#782,#783,#784,#785,#786,#787,#788,
    #789,#790,#791,#792,#793,#794,#795),.UNSPECIFIED.,.F.,.F.,(6,4,4,4,4
    ,4,6),(0.,0.177510516537,0.27683122469,0.51002337443,0.721665500292,
    0.82237217825,1.),.UNSPECIFIED.);
#770 = CARTESIAN_POINT('',(-64.95045735195,-3.318058541447,
    9.513389517345E-04));
#771 = CARTESIAN_POINT('',(-64.95667062994,-3.110160918643,
    -0.137038212634));
#772 = CARTESIAN_POINT('',(-64.96214349888,-2.895057660107,
    -0.264241734876));
#773 = CARTESIAN_POINT('',(-64.96693280093,-2.673504130184,
    -0.380148749368));
#774 = CARTESIAN_POINT('',(-64.97109394903,-2.446300874209,
    -0.484334732953));
#775 = CARTESIAN_POINT('',(-64.97667574209,-2.084477874893,
    -0.628006808008));
#776 = CARTESIAN_POINT('',(-64.97849616325,-1.953159005388,
    -0.675777691298));
#777 = CARTESIAN_POINT('',(-64.98014255845,-1.820482426746,
    -0.719714034516));
#778 = CARTESIAN_POINT('',(-64.98162207882,-1.686598366961,
    -0.759765565538));
#779 = CARTESIAN_POINT('',(-64.98603716731,-1.234841981215,
    -0.880708539492));
#780 = CARTESIAN_POINT('',(-64.98824725923,-0.912206464963,
    -0.943884152859));
#781 = CARTESIAN_POINT('',(-64.98965006499,-0.58574590683,
    -0.984880221085));
#782 = CARTESIAN_POINT('',(-64.99028746648,-0.257491558011,
    -1.00343954763));
#783 = CARTESIAN_POINT('',(-64.99003510659,0.368166256774,
    -0.996088357079));
#784 = CARTESIAN_POINT('',(-64.98928105198,0.665627291004,
    -0.974128922396));
#785 = CARTESIAN_POINT('',(-64.98789046873,0.961333584086,
    -0.933726069157));
#786 = CARTESIAN_POINT('',(-64.98582975265,1.253768605756,
    -0.875088904083));
#787 = CARTESIAN_POINT('',(-64.98171298434,1.678330304054,
    -0.762227806926));
#788 = CARTESIAN_POINT('',(-64.98022068712,1.814139501004,
    -0.721800974213));
#789 = CARTESIAN_POINT('',(-64.97855705551,1.948712144476,
    -0.677378532493));
#790 = CARTESIAN_POINT('',(-64.97671465266,2.081891581811,
    -0.629012736375));
#791 = CARTESIAN_POINT('',(-64.97110495912,2.445699604774,
    -0.484610412615));
#792 = CARTESIAN_POINT('',(-64.96694230567,2.67306439202,-0.380378781645
    ));
#793 = CARTESIAN_POINT('',(-64.96215074009,2.894773038795,-0.26441004225
    ));
#794 = CARTESIAN_POINT('',(-64.95667474047,3.110023379485,
    -0.137129502599));
#795 = CARTESIAN_POINT('',(-64.95045735195,3.318058541447,
    9.513389517345E-04));
#796 = PCURVE('',#34,#797);
#797 = DEFINITIONAL_REPRESENTATION('',(#798),#825);
#798 = B_SPLINE_CURVE_WITH_KNOTS('',5,(#799,#800,#801,#802,#803,#804,
    #805,#806,#807,#808,#809,#810,#811,#812,#813,#814,#815,#816,#817,
    #818,#819,#820,#821,#822,#823,#824),.UNSPECIFIED.,.F.,.F.,(6,4,4,4,4
    ,4,6),(0.,0.177510516537,0.27683122469,0.51002337443,0.721665500292,
    0.82237217825,1.),.UNSPECIFIED.);
#799 = CARTESIAN_POINT('',(3.177007870665,1.837683962739E-05));
#800 = CARTESIAN_POINT('',(3.174787186449,-2.647132825796E-03));
#801 = CARTESIAN_POINT('',(3.172490188052,-5.101105380927E-03));
#802 = CARTESIAN_POINT('',(3.170124796933,-7.334465489368E-03));
#803 = CARTESIAN_POINT('',(3.167699438756,-9.34027645116E-03));
#804 = CARTESIAN_POINT('',(3.163837433466,-1.210429203021E-02));
#805 = CARTESIAN_POINT('',(3.162435847745,-1.302288286602E-02));
#806 = CARTESIAN_POINT('',(3.16101983284,-1.386739370698E-02));
#807 = CARTESIAN_POINT('',(3.15959097964,-1.463697171578E-02));
#808 = CARTESIAN_POINT('',(3.154769821553,-1.696020895425E-02));
#809 = CARTESIAN_POINT('',(3.151326857016,-1.81725930025E-02));
#810 = CARTESIAN_POINT('',(3.147843156392,-1.895896207546E-02));
#811 = CARTESIAN_POINT('',(3.144340352103,-1.931498619638E-02));
#812 = CARTESIAN_POINT('',(3.137663942916,-1.917396924988E-02));
#813 = CARTESIAN_POINT('',(3.134489724449,-1.875272195085E-02));
#814 = CARTESIAN_POINT('',(3.131334193448,-1.797763489378E-02));
#815 = CARTESIAN_POINT('',(3.128213495097,-1.685223155031E-02));
#816 = CARTESIAN_POINT('',(3.123682566816,-1.46842823088E-02));
#817 = CARTESIAN_POINT('',(3.122233170206,-1.39075063612E-02));
#818 = CARTESIAN_POINT('',(3.120796921196,-1.305366421542E-02));
#819 = CARTESIAN_POINT('',(3.119375478764,-1.212364231771E-02));
#820 = CARTESIAN_POINT('',(3.115492286877,-9.345583812762E-03));
#821 = CARTESIAN_POINT('',(3.113065205061,-7.338898002054E-03));
#822 = CARTESIAN_POINT('',(3.11069815848,-5.104352250279E-03));
#823 = CARTESIAN_POINT('',(3.108399589872,-2.64889625122E-03));
#824 = CARTESIAN_POINT('',(3.106177436515,1.837683962739E-05));
#825 = ( GEOMETRIC_REPRESENTATION_CONTEXT(2) 
PARAMETRIC_REPRESENTATION_CONTEXT() REPRESENTATION_CONTEXT('2D SPACE',''
  ) );
#826 = PCURVE('',#827,#832);
#827 = CYLINDRICAL_SURFACE('',#828,6.);
#828 = AXIS2_PLACEMENT_3D('',#829,#830,#831);
#829 = CARTESIAN_POINT('',(-25.,0.,5.));
#830 = DIRECTION('',(1.,0.,0.));
#831 = DIRECTION('',(0.,1.,0.));
#832 = DEFINITIONAL_REPRESENTATION('',(#833),#860);
#833 = B_SPLINE_CURVE_WITH_KNOTS('',5,(#834,#835,#836,#837,#838,#839,
    #840,#841,#842,#843,#844,#845,#846,#847,#848,#849,#850,#851,#852,
    #853,#854,#855,#856,#857,#858,#859),.UNSPECIFIED.,.F.,.F.,(6,4,4,4,4
    ,4,6),(0.,0.177510516537,0.27683122469,0.51002337443,0.721665500292,
    0.82237217825,1.),.UNSPECIFIED.);
#834 = CARTESIAN_POINT('',(4.126416659429,-39.95045735195));
#835 = CARTESIAN_POINT('',(4.16800409674,-39.95667062994));
#836 = CARTESIAN_POINT('',(4.209597996491,-39.96214349888));
#837 = CARTESIAN_POINT('',(4.251196264586,-39.96693280093));
#838 = CARTESIAN_POINT('',(4.292798714584,-39.97109394903));
#839 = CARTESIAN_POINT('',(4.357682702504,-39.97667574209));
#840 = CARTESIAN_POINT('',(4.380962503506,-39.97849616325));
#841 = CARTESIAN_POINT('',(4.404243069678,-39.98014255845));
#842 = CARTESIAN_POINT('',(4.427524275786,-39.98162207882));
#843 = CARTESIAN_POINT('',(4.50546852848,-39.98603716731));
#844 = CARTESIAN_POINT('',(4.56013484695,-39.98824725923));
#845 = CARTESIAN_POINT('',(4.614801272503,-39.98965006499));
#846 = CARTESIAN_POINT('',(4.669470217921,-39.99028746648));
#847 = CARTESIAN_POINT('',(4.773753717895,-39.99003510659));
#848 = CARTESIAN_POINT('',(4.823370136531,-39.98928105198));
#849 = CARTESIAN_POINT('',(4.872984686639,-39.98789046873));
#850 = CARTESIAN_POINT('',(4.922598699191,-39.98582975265));
#851 = CARTESIAN_POINT('',(4.995816460947,-39.98171298434));
#852 = CARTESIAN_POINT('',(5.019422592888,-39.98022068712));
#853 = CARTESIAN_POINT('',(5.043028070677,-39.97855705551));
#854 = CARTESIAN_POINT('',(5.066632764148,-39.97671465266));
#855 = CARTESIAN_POINT('',(5.1318691524,-39.97110495912));
#856 = CARTESIAN_POINT('',(5.173499133766,-39.96694230567));
#857 = CARTESIAN_POINT('',(5.21512492846,-39.96215074009));
#858 = CARTESIAN_POINT('',(5.256746350963,-39.95667474047));
#859 = CARTESIAN_POINT('',(5.298361301341,-39.95045735195));
#860 = ( GEOMETRIC_REPRESENTATION_CONTEXT(2) 
PARAMETRIC_REPRESENTATION_CONTEXT() REPRESENTATION_CONTEXT('2D SPACE',''
  ) );
#861 = ORIENTED_EDGE('',*,*,#862,.T.);
#862 = EDGE_CURVE('',#766,#863,#865,.T.);
#863 = VERTEX_POINT('',#864);
#864 = CARTESIAN_POINT('',(-55.14372517654,45.,2.103664463864E-15));
#865 = SURFACE_CURVE('',#866,(#1086,#1309),.PCURVE_S1.);
#866 = B_SPLINE_CURVE_WITH_KNOTS('',8,(#867,#868,#869,#870,#871,#872,
    #873,#874,#875,#876,#877,#878,#879,#880,#881,#882,#883,#884,#885,
    #886,#887,#888,#889,#890,#891,#892,#893,#894,#895,#896,#897,#898,
    #899,#900,#901,#902,#903,#904,#905,#906,#907,#908,#909,#910,#911,
    #912,#913,#914,#915,#916,#917,#918,#919,#920,#921,#922,#923,#924,
    #925,#926,#927,#928,#929,#930,#931,#932,#933,#934,#935,#936,#937,
    #938,#939,#940,#941,#942,#943,#944,#945,#946,#947,#948,#949,#950,
    #951,#952,#953,#954,#955,#956,#957,#958,#959,#960,#961,#962,#963,
    #964,#965,#966,#967,#968,#969,#970,#971,#972,#973,#974,#975,#976,
    #977,#978,#979,#980,#981,#982,#983,#984,#985,#986,#987,#988,#989,
    #990,#991,#992,#993,#994,#995,#996,#997,#998,#999,#1000,#1001,#1002,
    #1003,#1004,#1005,#1006,#1007,#1008,#1009,#1010,#1011,#1012,#1013,
    #1014,#1015,#1016,#1017,#1018,#1019,#1020,#1021,#1022,#1023,#1024,
    #1025,#1026,#1027,#1028,#1029,#1030,#1031,#1032,#1033,#1034,#1035,
    #1036,#1037,#1038,#1039,#1040,#1041,#1042,#1043,#1044,#1045,#1046,
    #1047,#1048,#1049,#1050,#1051,#1052,#1053,#1054,#1055,#1056,#1057,
    #1058,#1059,#1060,#1061,#1062,#1063,#1064,#1065,#1066,#1067,#1068,
    #1069,#1070,#1071,#1072,#1073,#1074,#1075,#1076,#1077,#1078,#1079,
    #1080,#1081,#1082,#1083,#1084,#1085),.UNSPECIFIED.,.T.,.F.,(9,7,7,7,
    7,7,7,7,7,7,7,7,7,7,7,7,7,7,7,7,7,7,7,7,7,7,7,7,7,7,7,9),(0.,
    5.676018709369E-02,0.119587635615,0.163308969933,0.197527395372,
    0.215281414349,0.252518073583,0.277913369662,0.307935720004,
    0.324725041941,0.333458194669,0.342363941372,0.383396681877,
    0.414209384573,0.43745023189,0.497505433644,0.557560635399,
    0.580801482716,0.611614185412,0.652646925917,0.660743059282,
    0.667219965976,0.676917799124,0.687529356048,0.705957339218,
    0.743761998395,0.781547229104,0.79956280077,0.834285332982,
    0.878650771184,0.941313240791,1.),.UNSPECIFIED.);
#867 = CARTESIAN_POINT('',(65.,0.,0.));
#868 = CARTESIAN_POINT('',(65.000000062687,-3.324606971792,0.));
#869 = CARTESIAN_POINT('',(64.886355438167,-6.649076377026,0.));
#870 = CARTESIAN_POINT('',(64.659083267842,-9.969097708321,0.));
#871 = CARTESIAN_POINT('',(64.31791216713,-13.28015398786,0.));
#872 = CARTESIAN_POINT('',(63.86234460178,-16.57752845422,0.));
#873 = CARTESIAN_POINT('',(63.291676901201,-19.85630603849,0.));
#874 = CARTESIAN_POINT('',(62.604976908809,-23.11136962979,0.));
#875 = CARTESIAN_POINT('',(60.911124364647,-29.90825006809,0.));
#876 = CARTESIAN_POINT('',(59.877723761117,-33.44288486853,0.));
#877 = CARTESIAN_POINT('',(58.699165975453,-36.93439034078,0.));
#878 = CARTESIAN_POINT('',(57.373520992108,-40.37462478772,0.));
#879 = CARTESIAN_POINT('',(55.898747739605,-43.75427514907,0.));
#880 = CARTESIAN_POINT('',(54.272812089571,-47.06290309387,0.));
#881 = CARTESIAN_POINT('',(52.493710927846,-50.28895169093,0.));
#882 = CARTESIAN_POINT('',(49.213250208856,-55.5983602579,0.));
#883 = CARTESIAN_POINT('',(47.792162683983,-57.73054359294,0.));
#884 = CARTESIAN_POINT('',(46.295467035532,-59.81191504217,0.));
#885 = CARTESIAN_POINT('',(44.722723548129,-61.83757193823,0.));
#886 = CARTESIAN_POINT('',(43.073744774957,-63.80208716065,0.));
#887 = CARTESIAN_POINT('',(41.348661947505,-65.69956264756,0.));
#888 = CARTESIAN_POINT('',(39.547994048013,-67.52368545454,0.));
#889 = CARTESIAN_POINT('',(36.205039356993,-70.63280373349,0.));
#890 = CARTESIAN_POINT('',(34.691737531747,-71.94873371466,0.));
#891 = CARTESIAN_POINT('',(33.133331958857,-73.21234927312,0.));
#892 = CARTESIAN_POINT('',(31.530604224443,-74.42022840853,0.));
#893 = CARTESIAN_POINT('',(29.884632628445,-75.56879963425,0.));
#894 = CARTESIAN_POINT('',(28.196833839046,-76.65439989389,0.));
#895 = CARTESIAN_POINT('',(26.469013183796,-77.67334491111,0.));
#896 = CARTESIAN_POINT('',(23.787358233566,-79.1142222059,0.));
#897 = CARTESIAN_POINT('',(22.861126101026,-79.58751336245,0.));
#898 = CARTESIAN_POINT('',(21.925045425054,-80.04137842329,0.));
#899 = CARTESIAN_POINT('',(20.979464458016,-80.47531631514,0.));
#900 = CARTESIAN_POINT('',(20.024763227671,-80.8888359013,0.));
#901 = CARTESIAN_POINT('',(19.061355305426,-81.28145997228,0.));
#902 = CARTESIAN_POINT('',(18.089689574581,-81.6527292364,0.));
#903 = CARTESIAN_POINT('',(15.056014133578,-82.73518712434,0.));
#904 = CARTESIAN_POINT('',(12.967322802446,-83.37240230492,0.));
#905 = CARTESIAN_POINT('',(10.848960400723,-83.90966244224,0.));
#906 = CARTESIAN_POINT('',(8.70609512523,-84.34343356116,0.));
#907 = CARTESIAN_POINT('',(6.544288904301,-84.67088785866,0.));
#908 = CARTESIAN_POINT('',(4.369512457504,-84.88999978517,0.));
#909 = CARTESIAN_POINT('',(2.188167484865,-84.99968746997,0.));
#910 = CARTESIAN_POINT('',(-1.480355225689,-85.00021245126,0.));
#911 = CARTESIAN_POINT('',(-2.96788027818,-84.94955306903,0.));
#912 = CARTESIAN_POINT('',(-4.453357052889,-84.84801528915,0.));
#913 = CARTESIAN_POINT('',(-5.934752349945,-84.6958247435,0.));
#914 = CARTESIAN_POINT('',(-7.410099719027,-84.49341888096,0.));
#915 = CARTESIAN_POINT('',(-8.877497804736,-84.24143164666,0.));
#916 = CARTESIAN_POINT('',(-10.3351092069,-83.94068271024,0.));
#917 = CARTESIAN_POINT('',(-13.49068271809,-83.18016062937,0.));
#918 = CARTESIAN_POINT('',(-15.18416244594,-82.70136908699,0.));
#919 = CARTESIAN_POINT('',(-16.85868484886,-82.15742795183,0.));
#920 = CARTESIAN_POINT('',(-18.51165589482,-81.55026370818,0.));
#921 = CARTESIAN_POINT('',(-20.14077339976,-80.88202304334,0.));
#922 = CARTESIAN_POINT('',(-21.74400322668,-80.15501010143,0.));
#923 = CARTESIAN_POINT('',(-23.31955999466,-79.3716359365,0.));
#924 = CARTESIAN_POINT('',(-25.73064373236,-78.06616376068,0.));
#925 = CARTESIAN_POINT('',(-26.58626678354,-77.58109038141,0.));
#926 = CARTESIAN_POINT('',(-27.43249740441,-77.07958881848,0.));
#927 = CARTESIAN_POINT('',(-28.26909737735,-76.5620911784,0.));
#928 = CARTESIAN_POINT('',(-29.09585289474,-76.02903062816,0.));
#929 = CARTESIAN_POINT('',(-29.9125731398,-75.48083914053,0.));
#930 = CARTESIAN_POINT('',(-30.71908886737,-74.91794523959,0.));
#931 = CARTESIAN_POINT('',(-31.92839491246,-74.04126528211,0.));
#932 = CARTESIAN_POINT('',(-32.33875252105,-73.73791239535,0.));
#933 = CARTESIAN_POINT('',(-32.74629695746,-73.4307767798,0.));
#934 = CARTESIAN_POINT('',(-33.15101750302,-73.11991067605,0.));
#935 = CARTESIAN_POINT('',(-33.55289402881,-72.80537388744,0.));
#936 = CARTESIAN_POINT('',(-33.9519056959,-72.48722728758,0.));
#937 = CARTESIAN_POINT('',(-34.34804227348,-72.16552431006,0.));
#938 = CARTESIAN_POINT('',(-35.14281610817,-71.5082716209,0.));
#939 = CARTESIAN_POINT('',(-35.54407212297,-71.17030577307,0.));
#940 = CARTESIAN_POINT('',(-35.94498614758,-70.82638374336,0.));
#941 = CARTESIAN_POINT('',(-36.34548822875,-70.47646467294,0.));
#942 = CARTESIAN_POINT('',(-36.7455068046,-70.12050946881,0.));
#943 = CARTESIAN_POINT('',(-37.14496870458,-69.75848080379,0.));
#944 = CARTESIAN_POINT('',(-37.54379914948,-69.39034311654,0.));
#945 = CARTESIAN_POINT('',(-39.77625004836,-67.29158598724,0.));
#946 = CARTESIAN_POINT('',(-41.5383768009,-65.49046074572,0.));
#947 = CARTESIAN_POINT('',(-43.22741490384,-63.61898882633,0.));
#948 = CARTESIAN_POINT('',(-44.84289898802,-61.68313598099,0.));
#949 = CARTESIAN_POINT('',(-46.38472040477,-59.68847899447,0.));
#950 = CARTESIAN_POINT('',(-47.85306445531,-57.64015503859,0.));
#951 = CARTESIAN_POINT('',(-49.24834986536,-55.54281316048,0.));
#952 = CARTESIAN_POINT('',(-51.56451578993,-51.79189182637,0.));
#953 = CARTESIAN_POINT('',(-52.51695084856,-50.15797294636,0.));
#954 = CARTESIAN_POINT('',(-53.42870871965,-48.50059448454,0.));
#955 = CARTESIAN_POINT('',(-54.3000409161,-46.82144402196,0.));
#956 = CARTESIAN_POINT('',(-55.13121360484,-45.12211161562,0.));
#957 = CARTESIAN_POINT('',(-55.92250378698,-43.40408791321,0.));
#958 = CARTESIAN_POINT('',(-56.67419547786,-41.66876226787,0.));
#959 = CARTESIAN_POINT('',(-57.92389855363,-38.59644751951,0.));
#960 = CARTESIAN_POINT('',(-58.43885013606,-37.2663765633,0.));
#961 = CARTESIAN_POINT('',(-58.93155166127,-35.92776656446,0.));
#962 = CARTESIAN_POINT('',(-59.40211997043,-34.5811552317,0.));
#963 = CARTESIAN_POINT('',(-59.85066771913,-33.22705940231,0.));
#964 = CARTESIAN_POINT('',(-60.27730337732,-31.8659750421,0.));
#965 = CARTESIAN_POINT('',(-60.68213122939,-30.49837724545,0.));
#966 = CARTESIAN_POINT('',(-62.05524551814,-25.5751459059,0.));
#967 = CARTESIAN_POINT('',(-62.90020790232,-21.98540939732,0.));
#968 = CARTESIAN_POINT('',(-63.60198119813,-18.36302764792,0.));
#969 = CARTESIAN_POINT('',(-64.1619508892,-14.71515666292,0.));
#970 = CARTESIAN_POINT('',(-64.58116530252,-11.04861006335,0.));
#971 = CARTESIAN_POINT('',(-64.86037623068,-7.369866686697,0.));
#972 = CARTESIAN_POINT('',(-65.00000014504,-3.685067239227,0.));
#973 = CARTESIAN_POINT('',(-65.00000014504,3.6850672392,0.));
#974 = CARTESIAN_POINT('',(-64.86037623068,7.369866686672,0.));
#975 = CARTESIAN_POINT('',(-64.58116530253,11.048610063329,0.));
#976 = CARTESIAN_POINT('',(-64.1619508892,14.7151566629,0.));
#977 = CARTESIAN_POINT('',(-63.60198119813,18.363027647901,0.));
#978 = CARTESIAN_POINT('',(-62.90020790233,21.985409397303,0.));
#979 = CARTESIAN_POINT('',(-62.05524551815,25.575145905881,0.));
#980 = CARTESIAN_POINT('',(-60.6821312294,30.498377245436,0.));
#981 = CARTESIAN_POINT('',(-60.27730337733,31.865975042086,0.));
#982 = CARTESIAN_POINT('',(-59.85066771914,33.227059402289,0.));
#983 = CARTESIAN_POINT('',(-59.40211997044,34.58115523168,0.));
#984 = CARTESIAN_POINT('',(-58.93155166128,35.927766564438,0.));
#985 = CARTESIAN_POINT('',(-58.43885013607,37.266376563286,0.));
#986 = CARTESIAN_POINT('',(-57.92389855364,38.596447519489,0.));
#987 = CARTESIAN_POINT('',(-56.67419547787,41.668762267854,0.));
#988 = CARTESIAN_POINT('',(-55.92250378699,43.404087913199,0.));
#989 = CARTESIAN_POINT('',(-55.13121360485,45.122111615603,0.));
#990 = CARTESIAN_POINT('',(-54.30004091611,46.821444021944,0.));
#991 = CARTESIAN_POINT('',(-53.42870871966,48.500594484526,0.));
#992 = CARTESIAN_POINT('',(-52.51695084857,50.157972946348,0.));
#993 = CARTESIAN_POINT('',(-51.56451578994,51.791891826356,0.));
#994 = CARTESIAN_POINT('',(-49.24834986537,55.542813160476,0.));
#995 = CARTESIAN_POINT('',(-47.85306445532,57.640155038573,0.));
#996 = CARTESIAN_POINT('',(-46.38472040478,59.688478994452,0.));
#997 = CARTESIAN_POINT('',(-44.84289898803,61.683135980986,0.));
#998 = CARTESIAN_POINT('',(-43.22741490385,63.618988826327,0.));
#999 = CARTESIAN_POINT('',(-41.53837680092,65.490460745711,0.));
#1000 = CARTESIAN_POINT('',(-39.77625004837,67.29158598723,0.));
#1001 = CARTESIAN_POINT('',(-37.57999211035,69.356317596922,0.));
#1002 = CARTESIAN_POINT('',(-37.21747748053,69.691495908428,0.));
#1003 = CARTESIAN_POINT('',(-36.85443524832,70.021622905126,0.));
#1004 = CARTESIAN_POINT('',(-36.4909217035,70.346725166212,0.));
#1005 = CARTESIAN_POINT('',(-36.12699203934,70.666830491013,0.));
#1006 = CARTESIAN_POINT('',(-35.76270035259,70.981967898987,0.));
#1007 = CARTESIAN_POINT('',(-35.39809964349,71.29216762972,0.));
#1008 = CARTESIAN_POINT('',(-34.74135554896,71.84169593382,0.));
#1009 = CARTESIAN_POINT('',(-34.44930471343,72.082790645466,0.));
#1010 = CARTESIAN_POINT('',(-34.15711587528,72.320761355607,0.));
#1011 = CARTESIAN_POINT('',(-33.86481514005,72.555624540744,0.));
#1012 = CARTESIAN_POINT('',(-33.57242815269,72.787397076146,0.));
#1013 = CARTESIAN_POINT('',(-33.27998009756,73.01609623584,0.));
#1014 = CARTESIAN_POINT('',(-32.98749569842,73.241739692619,0.));
#1015 = CARTESIAN_POINT('',(-32.2574741191,73.797326036881,0.));
#1016 = CARTESIAN_POINT('',(-31.81592626148,74.126550733788,0.));
#1017 = CARTESIAN_POINT('',(-31.37005301985,74.452154078778,0.));
#1018 = CARTESIAN_POINT('',(-30.91965451821,74.774165780809,0.));
#1019 = CARTESIAN_POINT('',(-30.46462536979,75.09253078298,0.));
#1020 = CARTESIAN_POINT('',(-30.00497573725,75.407107420626,0.));
#1021 = CARTESIAN_POINT('',(-29.54082667739,75.717686329314,0.));
#1022 = CARTESIAN_POINT('',(-28.55979825052,76.35922548463,0.));
#1023 = CARTESIAN_POINT('',(-28.04330329702,76.688540603437,0.));
#1024 = CARTESIAN_POINT('',(-27.52298528053,77.01183666047,0.));
#1025 = CARTESIAN_POINT('',(-26.99889324204,77.329009261197,0.));
#1026 = CARTESIAN_POINT('',(-26.47107983996,77.639954095496,0.));
#1027 = CARTESIAN_POINT('',(-25.93960135013,77.944566937657,0.));
#1028 = CARTESIAN_POINT('',(-25.40451766582,78.242743646381,0.));
#1029 = CARTESIAN_POINT('',(-23.9305179447,79.040835189542,0.));
#1030 = CARTESIAN_POINT('',(-22.98446107862,79.527568546087,0.));
#1031 = CARTESIAN_POINT('',(-22.02805844509,79.994036888149,0.));
#1032 = CARTESIAN_POINT('',(-21.06167952511,80.439702970283,0.));
#1033 = CARTESIAN_POINT('',(-20.08572851968,80.864040107403,0.));
#1034 = CARTESIAN_POINT('',(-19.10064633438,81.266536634326,0.));
#1035 = CARTESIAN_POINT('',(-18.10691256397,81.646700365314,0.));
#1036 = CARTESIAN_POINT('',(-15.04974033148,82.73718573518,0.));
#1037 = CARTESIAN_POINT('',(-12.95994838068,83.374444753445,0.));
#1038 = CARTESIAN_POINT('',(-10.84045914461,83.911645229843,0.));
#1039 = CARTESIAN_POINT('',(-8.69644754176,84.345248070048,0.));
#1040 = CARTESIAN_POINT('',(-6.533483907328,84.672421258988,0.));
#1041 = CARTESIAN_POINT('',(-4.357549161976,84.891136632256,0.));
#1042 = CARTESIAN_POINT('',(-2.175057131065,85.000312123904,0.));
#1043 = CARTESIAN_POINT('',(2.188167484851,84.999687469975,0.));
#1044 = CARTESIAN_POINT('',(4.369512457489,84.889999785171,0.));
#1045 = CARTESIAN_POINT('',(6.544288904287,84.670887858669,0.));
#1046 = CARTESIAN_POINT('',(8.706095125217,84.343433561172,0.));
#1047 = CARTESIAN_POINT('',(10.848960400709,83.909662442244,0.));
#1048 = CARTESIAN_POINT('',(12.967322802432,83.372402304924,0.));
#1049 = CARTESIAN_POINT('',(15.056014133565,82.735187124351,0.));
#1050 = CARTESIAN_POINT('',(18.089689574566,81.652729236412,0.));
#1051 = CARTESIAN_POINT('',(19.061355305414,81.281459972291,0.));
#1052 = CARTESIAN_POINT('',(20.024763227659,80.888835901308,0.));
#1053 = CARTESIAN_POINT('',(20.979464458003,80.475316315149,0.));
#1054 = CARTESIAN_POINT('',(21.92504542504,80.041378423304,0.));
#1055 = CARTESIAN_POINT('',(22.861126101013,79.587513362463,0.));
#1056 = CARTESIAN_POINT('',(23.787358233554,79.11422220591,0.));
#1057 = CARTESIAN_POINT('',(26.469013183779,77.673344911126,0.));
#1058 = CARTESIAN_POINT('',(28.19683383904,76.654399893899,0.));
#1059 = CARTESIAN_POINT('',(29.884632628434,75.568799634266,0.));
#1060 = CARTESIAN_POINT('',(31.530604224426,74.420228408545,0.));
#1061 = CARTESIAN_POINT('',(33.133331958846,73.212349273137,0.));
#1062 = CARTESIAN_POINT('',(34.691737531741,71.948733714676,0.));
#1063 = CARTESIAN_POINT('',(36.205039356979,70.632803733507,0.));
#1064 = CARTESIAN_POINT('',(39.547994048001,67.52368545456,0.));
#1065 = CARTESIAN_POINT('',(41.348661947499,65.699562647578,0.));
#1066 = CARTESIAN_POINT('',(43.073744774948,63.802087160667,0.));
#1067 = CARTESIAN_POINT('',(44.722723548118,61.837571938247,0.));
#1068 = CARTESIAN_POINT('',(46.295467035524,59.81191504218,0.));
#1069 = CARTESIAN_POINT('',(47.792162683979,57.730543592954,0.));
#1070 = CARTESIAN_POINT('',(49.213250208846,55.598360257918,0.));
#1071 = CARTESIAN_POINT('',(52.460622033592,50.342505921038,0.));
#1072 = CARTESIAN_POINT('',(54.211912418691,47.173224627987,0.));
#1073 = CARTESIAN_POINT('',(55.815195219404,43.923952120684,0.));
#1074 = CARTESIAN_POINT('',(57.27236964426,40.605692409133,0.));
#1075 = CARTESIAN_POINT('',(58.585368415089,37.228396833402,0.));
#1076 = CARTESIAN_POINT('',(59.756134194401,33.800957185399,0.));
#1077 = CARTESIAN_POINT('',(60.786511309876,30.33116304326,0.));
#1078 = CARTESIAN_POINT('',(62.513105525384,23.542531289518,0.));
#1079 = CARTESIAN_POINT('',(63.226239669691,20.228620857396,0.));
#1080 = CARTESIAN_POINT('',(63.818815083306,16.889580010274,0.));
#1081 = CARTESIAN_POINT('',(64.2918342834,13.53084617929,0.));
#1082 = CARTESIAN_POINT('',(64.646054308175,10.157634583675,0.));
#1083 = CARTESIAN_POINT('',(64.882011712528,6.774942492341,0.));
#1084 = CARTESIAN_POINT('',(65.000000072711,3.387547526029,0.));
#1085 = CARTESIAN_POINT('',(65.,1.42108547152E-14,0.));
#1086 = PCURVE('',#34,#1087);
#1087 = DEFINITIONAL_REPRESENTATION('',(#1088),#1308);
#1088 = B_SPLINE_CURVE_WITH_KNOTS('',8,(#1089,#1090,#1091,#1092,#1093,
    #1094,#1095,#1096,#1097,#1098,#1099,#1100,#1101,#1102,#1103,#1104,
    #1105,#1106,#1107,#1108,#1109,#1110,#1111,#1112,#1113,#1114,#1115,
    #1116,#1117,#1118,#1119,#1120,#1121,#1122,#1123,#1124,#1125,#1126,
    #1127,#1128,#1129,#1130,#1131,#1132,#1133,#1134,#1135,#1136,#1137,
    #1138,#1139,#1140,#1141,#1142,#1143,#1144,#1145,#1146,#1147,#1148,
    #1149,#1150,#1151,#1152,#1153,#1154,#1155,#1156,#1157,#1158,#1159,
    #1160,#1161,#1162,#1163,#1164,#1165,#1166,#1167,#1168,#1169,#1170,
    #1171,#1172,#1173,#1174,#1175,#1176,#1177,#1178,#1179,#1180,#1181,
    #1182,#1183,#1184,#1185,#1186,#1187,#1188,#1189,#1190,#1191,#1192,
    #1193,#1194,#1195,#1196,#1197,#1198,#1199,#1200,#1201,#1202,#1203,
    #1204,#1205,#1206,#1207,#1208,#1209,#1210,#1211,#1212,#1213,#1214,
    #1215,#1216,#1217,#1218,#1219,#1220,#1221,#1222,#1223,#1224,#1225,
    #1226,#1227,#1228,#1229,#1230,#1231,#1232,#1233,#1234,#1235,#1236,
    #1237,#1238,#1239,#1240,#1241,#1242,#1243,#1244,#1245,#1246,#1247,
    #1248,#1249,#1250,#1251,#1252,#1253,#1254,#1255,#1256,#1257,#1258,
    #1259,#1260,#1261,#1262,#1263,#1264,#1265,#1266,#1267,#1268,#1269,
    #1270,#1271,#1272,#1273,#1274,#1275,#1276,#1277,#1278,#1279,#1280,
    #1281,#1282,#1283,#1284,#1285,#1286,#1287,#1288,#1289,#1290,#1291,
    #1292,#1293,#1294,#1295,#1296,#1297,#1298,#1299,#1300,#1301,#1302,
    #1303,#1304,#1305,#1306,#1307),.UNSPECIFIED.,.F.,.F.,(9,7,7,7,7,7,7,
    7,7,7,7,7,7,7,7,7,7,7,7,7,7,7,7,7,7,7,7,7,7,7,7,9),(0.,
    5.676018709369E-02,0.119587635615,0.163308969933,0.197527395372,
    0.215281414349,0.252518073583,0.277913369662,0.307935720004,
    0.324725041941,0.333458194669,0.342363941372,0.383396681877,
    0.414209384573,0.43745023189,0.497505433644,0.557560635399,
    0.580801482716,0.611614185412,0.652646925917,0.660743059282,
    0.667219965976,0.676917799124,0.687529356048,0.705957339218,
    0.743761998395,0.781547229104,0.79956280077,0.834285332982,
    0.878650771184,0.941313240791,1.),.UNSPECIFIED.);
#1089 = CARTESIAN_POINT('',(6.28318530718,7.88860905221E-31));
#1090 = CARTESIAN_POINT('',(6.235889872011,-7.297600740945E-16));
#1091 = CARTESIAN_POINT('',(6.189816908291,7.120373689545E-18));
#1092 = CARTESIAN_POINT('',(6.144807310559,-1.159462373073E-16));
#1093 = CARTESIAN_POINT('',(6.100723394022,-4.757057292734E-16));
#1094 = CARTESIAN_POINT('',(6.057442733803,-3.464939255788E-16));
#1095 = CARTESIAN_POINT('',(6.014853124358,-4.136003769159E-17));
#1096 = CARTESIAN_POINT('',(5.972848659064,-3.468816793591E-16));
#1097 = CARTESIAN_POINT('',(5.885366822546,-2.48962896813E-16));
#1098 = CARTESIAN_POINT('',(5.840006334727,-2.463880892427E-16));
#1099 = CARTESIAN_POINT('',(5.795102042625,-2.439546803335E-16));
#1100 = CARTESIAN_POINT('',(5.750527271803,-2.416716210427E-16));
#1101 = CARTESIAN_POINT('',(5.706164064321,-2.395490418783E-16));
#1102 = CARTESIAN_POINT('',(5.661897990544,-2.37598128942E-16));
#1103 = CARTESIAN_POINT('',(5.617613232736,-2.358311024614E-16));
#1104 = CARTESIAN_POINT('',(5.542268219054,-2.331689629871E-16));
#1105 = CARTESIAN_POINT('',(5.511286446202,-2.321722762304E-16));
#1106 = CARTESIAN_POINT('',(5.480199016574,-2.312757813546E-16));
#1107 = CARTESIAN_POINT('',(5.448967369736,-2.304843805068E-16));
#1108 = CARTESIAN_POINT('',(5.417554303572,-2.298032925031E-16));
#1109 = CARTESIAN_POINT('',(5.385923089183,-2.292379567058E-16));
#1110 = CARTESIAN_POINT('',(5.354036814299,-2.287939324681E-16));
#1111 = CARTESIAN_POINT('',(5.296673227664,-2.282285864533E-16));
#1112 = CARTESIAN_POINT('',(5.271310610962,-2.280581130692E-16));
#1113 = CARTESIAN_POINT('',(5.245752824536,-2.279680400423E-16));
#1114 = CARTESIAN_POINT('',(5.219983825781,-2.279610323998E-16));
#1115 = CARTESIAN_POINT('',(5.193988572989,-2.28039688566E-16));
#1116 = CARTESIAN_POINT('',(5.16775307156,-2.282064569717E-16));
#1117 = CARTESIAN_POINT('',(5.141264703476,-2.284635348587E-16));
#1118 = CARTESIAN_POINT('',(5.100632800711,-2.289939369022E-16));
#1119 = CARTESIAN_POINT('',(5.086681835715,-2.29199927488E-16));
#1120 = CARTESIAN_POINT('',(5.072658521503,-2.294309746753E-16));
#1121 = CARTESIAN_POINT('',(5.058561533852,-2.296873055941E-16));
#1122 = CARTESIAN_POINT('',(5.044389677579,-2.299691158751E-16));
#1123 = CARTESIAN_POINT('',(5.030141916241,-2.302765646617E-16));
#1124 = CARTESIAN_POINT('',(5.015817401837,-2.306097696223E-16));
#1125 = CARTESIAN_POINT('',(4.971209468147,-2.317218238235E-16));
#1126 = CARTESIAN_POINT('',(4.940659165225,-2.325885541299E-16));
#1127 = CARTESIAN_POINT('',(4.909763222519,-2.335695846158E-16));
#1128 = CARTESIAN_POINT('',(4.878519783518,-2.346646236756E-16));
#1129 = CARTESIAN_POINT('',(4.846927396401,-2.358724423775E-16));
#1130 = CARTESIAN_POINT('',(4.81498666438,-2.371907730835E-16));
#1131 = CARTESIAN_POINT('',(4.782702658404,-2.386161606759E-16));
#1132 = CARTESIAN_POINT('',(4.727845050516,-2.411855891934E-16));
#1133 = CARTESIAN_POINT('',(4.705445429021,-2.42275088596E-16));
#1134 = CARTESIAN_POINT('',(4.682892103468,-2.434108020411E-16));
#1135 = CARTESIAN_POINT('',(4.660187072982,-2.44591097741E-16));
#1136 = CARTESIAN_POINT('',(4.637331759924,-2.458141916738E-16));
#1137 = CARTESIAN_POINT('',(4.614327299888,-2.470781607178E-16));
#1138 = CARTESIAN_POINT('',(4.591174821825,-2.483809519201E-16));
#1139 = CARTESIAN_POINT('',(4.540331489424,-2.513038707053E-16));
#1140 = CARTESIAN_POINT('',(4.512580501104,-2.529386744734E-16));
#1141 = CARTESIAN_POINT('',(4.484624673594,-2.546212318669E-16));
#1142 = CARTESIAN_POINT('',(4.456463254563,-2.56347922067E-16));
#1143 = CARTESIAN_POINT('',(4.428093408759,-2.581151212031E-16));
#1144 = CARTESIAN_POINT('',(4.399510627311,-2.599192445573E-16));
#1145 = CARTESIAN_POINT('',(4.370708956679,-2.617567805431E-16));
#1146 = CARTESIAN_POINT('',(4.325447843969,-2.646686937794E-16));
#1147 = CARTESIAN_POINT('',(4.309143680119,-2.657224668339E-16));
#1148 = CARTESIAN_POINT('',(4.292767120667,-2.66785048436E-16));
#1149 = CARTESIAN_POINT('',(4.276316530303,-2.678558663066E-16));
#1150 = CARTESIAN_POINT('',(4.259790073657,-2.689343642031E-16));
#1151 = CARTESIAN_POINT('',(4.243185715509,-2.700200030453E-16));
#1152 = CARTESIAN_POINT('',(4.226501220993,-2.711122620419E-16));
#1153 = CARTESIAN_POINT('',(4.201012580182,-2.728599462214E-16));
#1154 = CARTESIAN_POINT('',(4.192394985341,-2.729325121076E-16));
#1155 = CARTESIAN_POINT('',(4.183434368308,-2.747916531575E-16));
#1156 = CARTESIAN_POINT('',(4.174768103656,-2.74263135005E-16));
#1157 = CARTESIAN_POINT('',(4.166242990808,-2.73697358099E-16));
#1158 = CARTESIAN_POINT('',(4.157556469888,-2.753222317017E-16));
#1159 = CARTESIAN_POINT('',(4.149091065458,-2.74849585834E-16));
#1160 = CARTESIAN_POINT('',(4.131979737638,-2.755806546718E-16));
#1161 = CARTESIAN_POINT('',(4.123340357838,-2.758631598435E-16));
#1162 = CARTESIAN_POINT('',(4.114700978037,-2.761454376502E-16));
#1163 = CARTESIAN_POINT('',(4.106061598238,-2.764274391147E-16));
#1164 = CARTESIAN_POINT('',(4.097422218442,-2.767091141254E-16));
#1165 = CARTESIAN_POINT('',(4.088782838649,-2.769904114361E-16));
#1166 = CARTESIAN_POINT('',(4.080143458854,-2.77271278666E-16));
#1167 = CARTESIAN_POINT('',(4.03169860947,5.957565167786E-16));
#1168 = CARTESIAN_POINT('',(3.993133853396,-3.617425111314E-16));
#1169 = CARTESIAN_POINT('',(3.955702644787,-1.576043890349E-16));
#1170 = CARTESIAN_POINT('',(3.919309211358,3.285620217207E-16));
#1171 = CARTESIAN_POINT('',(3.883866912601,1.379634092557E-16));
#1172 = CARTESIAN_POINT('',(3.8492962514,-2.726206722801E-16));
#1173 = CARTESIAN_POINT('',(3.815523159226,1.658080626069E-16));
#1174 = CARTESIAN_POINT('',(3.757662629857,3.405267407276E-17));
#1175 = CARTESIAN_POINT('',(3.733259101124,3.506129851184E-17));
#1176 = CARTESIAN_POINT('',(3.709237859939,3.602715600214E-17));
#1177 = CARTESIAN_POINT('',(3.685571999312,3.695050369709E-17));
#1178 = CARTESIAN_POINT('',(3.66223646959,3.783161407815E-17));
#1179 = CARTESIAN_POINT('',(3.639207733995,3.867077099291E-17));
#1180 = CARTESIAN_POINT('',(3.616463424168,3.946826569321E-17));
#1181 = CARTESIAN_POINT('',(3.577025111026,4.079471213464E-17));
#1182 = CARTESIAN_POINT('',(3.560217884446,4.134149011412E-17));
#1183 = CARTESIAN_POINT('',(3.543551310928,4.186485088807E-17));
#1184 = CARTESIAN_POINT('',(3.527016700309,4.23649141206E-17));
#1185 = CARTESIAN_POINT('',(3.510605677303,4.284179506355E-17));
#1186 = CARTESIAN_POINT('',(3.494310181502,4.329560455645E-17));
#1187 = CARTESIAN_POINT('',(3.478122467371,4.372644902657E-17));
#1188 = CARTESIAN_POINT('',(3.420464768011,4.518866705692E-17));
#1189 = CARTESIAN_POINT('',(3.379567274501,4.609015226881E-17));
#1190 = CARTESIAN_POINT('',(3.339208545132,4.684076936185E-17));
#1191 = CARTESIAN_POINT('',(3.299270204481,4.744191853448E-17));
#1192 = CARTESIAN_POINT('',(3.259643631101,4.789464406643E-17));
#1193 = CARTESIAN_POINT('',(3.220224828936,4.819967755889E-17));
#1194 = CARTESIAN_POINT('',(3.180910119322,4.835739729456E-17));
#1195 = CARTESIAN_POINT('',(3.102275187858,4.837801044712E-17));
#1196 = CARTESIAN_POINT('',(3.062960478244,4.824090235048E-17));
#1197 = CARTESIAN_POINT('',(3.023541676078,4.795635809698E-17));
#1198 = CARTESIAN_POINT('',(2.983915102699,4.752387649066E-17));
#1199 = CARTESIAN_POINT('',(2.943976762047,4.694260153067E-17));
#1200 = CARTESIAN_POINT('',(2.903618032679,4.621136367312E-17));
#1201 = CARTESIAN_POINT('',(2.862720539169,4.532863729437E-17));
#1202 = CARTESIAN_POINT('',(2.805062839809,4.389140401398E-17));
#1203 = CARTESIAN_POINT('',(2.788875125678,4.346741885692E-17));
#1204 = CARTESIAN_POINT('',(2.772579629877,4.302034951408E-17));
#1205 = CARTESIAN_POINT('',(2.756168606871,4.255008218759E-17));
#1206 = CARTESIAN_POINT('',(2.739633996252,4.205649865225E-17));
#1207 = CARTESIAN_POINT('',(2.722967422734,4.153947625558E-17));
#1208 = CARTESIAN_POINT('',(2.706160196154,4.099888791782E-17));
#1209 = CARTESIAN_POINT('',(2.666721883012,3.96864741249E-17));
#1210 = CARTESIAN_POINT('',(2.643977573185,3.889670402543E-17));
#1211 = CARTESIAN_POINT('',(2.62094883759,3.806498000154E-17));
#1212 = CARTESIAN_POINT('',(2.597613307868,3.71909935202E-17));
#1213 = CARTESIAN_POINT('',(2.573947447241,3.627444345174E-17));
#1214 = CARTESIAN_POINT('',(2.549926206056,3.531504017449E-17));
#1215 = CARTESIAN_POINT('',(2.525522677323,3.431250967924E-17));
#1216 = CARTESIAN_POINT('',(2.467662147953,3.187377484733E-17));
#1217 = CARTESIAN_POINT('',(2.43388905578,3.040410920282E-17));
#1218 = CARTESIAN_POINT('',(2.399318394578,2.885695449662E-17));
#1219 = CARTESIAN_POINT('',(2.363876095822,2.723184961206E-17));
#1220 = CARTESIAN_POINT('',(2.327482662393,2.552858073275E-17));
#1221 = CARTESIAN_POINT('',(2.290051453784,2.374724593073E-17));
#1222 = CARTESIAN_POINT('',(2.25148669771,2.18883221699E-17));
#1223 = CARTESIAN_POINT('',(2.203827246491,1.957082573361E-17));
#1224 = CARTESIAN_POINT('',(2.195973264859,1.918828091185E-17));
#1225 = CARTESIAN_POINT('',(2.188119283227,1.880516113087E-17));
#1226 = CARTESIAN_POINT('',(2.180265301594,1.84215261071E-17));
#1227 = CARTESIAN_POINT('',(2.172411319959,1.80374344018E-17));
#1228 = CARTESIAN_POINT('',(2.164557338323,1.765294342108E-17));
#1229 = CARTESIAN_POINT('',(2.156703356687,1.726810941589E-17));
#1230 = CARTESIAN_POINT('',(2.142566189748,1.657488992992E-17));
#1231 = CARTESIAN_POINT('',(2.136283004441,1.626660808922E-17));
#1232 = CARTESIAN_POINT('',(2.129999819134,1.595817015966E-17));
#1233 = CARTESIAN_POINT('',(2.123716633827,1.564960385504E-17));
#1234 = CARTESIAN_POINT('',(2.11743344852,1.53409364032E-17));
#1235 = CARTESIAN_POINT('',(2.111150263212,1.5032194546E-17));
#1236 = CARTESIAN_POINT('',(2.104867077905,1.472340453936E-17));
#1237 = CARTESIAN_POINT('',(2.089176117311,1.277919459881E-17));
#1238 = CARTESIAN_POINT('',(2.07969635998,1.723870488077E-17));
#1239 = CARTESIAN_POINT('',(2.070350441809,1.213115666838E-17));
#1240 = CARTESIAN_POINT('',(2.060851090376,1.828806924021E-17));
#1241 = CARTESIAN_POINT('',(2.051483694863,1.453678279395E-17));
#1242 = CARTESIAN_POINT('',(2.042027011217,1.718372703602E-17));
#1243 = CARTESIAN_POINT('',(2.032609900639,1.69132040849E-17));
#1244 = CARTESIAN_POINT('',(2.012873491963,1.800436293205E-17));
#1245 = CARTESIAN_POINT('',(2.002591377358,1.850747477302E-17));
#1246 = CARTESIAN_POINT('',(1.992338827881,1.900842520518E-17));
#1247 = CARTESIAN_POINT('',(1.982115376386,1.950711570535E-17));
#1248 = CARTESIAN_POINT('',(1.971920585804,2.000344588287E-17));
#1249 = CARTESIAN_POINT('',(1.961754049136,2.049731347957E-17));
#1250 = CARTESIAN_POINT('',(1.951615389458,2.098861436976E-17));
#1251 = CARTESIAN_POINT('',(1.923945316748,2.232579230664E-17));
#1252 = CARTESIAN_POINT('',(1.906469355228,2.316628407659E-17));
#1253 = CARTESIAN_POINT('',(1.889074617248,2.39981616947E-17));
#1254 = CARTESIAN_POINT('',(1.871759564164,2.482085578712E-17));
#1255 = CARTESIAN_POINT('',(1.854522895976,2.563378582333E-17));
#1256 = CARTESIAN_POINT('',(1.837363570507,2.643636215786E-17));
#1257 = CARTESIAN_POINT('',(1.820280822572,2.72279880721E-17));
#1258 = CARTESIAN_POINT('',(1.768385383839,2.960836819748E-17));
#1259 = CARTESIAN_POINT('',(1.733812446121,3.116026316626E-17));
#1260 = CARTESIAN_POINT('',(1.699556728699,3.265828866417E-17));
#1261 = CARTESIAN_POINT('',(1.665618591908,3.40972354969E-17));
#1262 = CARTESIAN_POINT('',(1.631998752397,3.547217446901E-17));
#1263 = CARTESIAN_POINT('',(1.598699896304,3.677851562757E-17));
#1264 = CARTESIAN_POINT('',(1.565728550936,3.801209561442E-17));
#1265 = CARTESIAN_POINT('',(1.500482648776,4.03258961671E-17));
#1266 = CARTESIAN_POINT('',(1.4681986428,4.140651982497E-17));
#1267 = CARTESIAN_POINT('',(1.436257910779,4.24074805337E-17));
#1268 = CARTESIAN_POINT('',(1.404665523661,4.332612380705E-17));
#1269 = CARTESIAN_POINT('',(1.37342208466,4.416067921996E-17));
#1270 = CARTESIAN_POINT('',(1.342526141955,4.491015078289E-17));
#1271 = CARTESIAN_POINT('',(1.311975839033,4.557424271048E-17));
#1272 = CARTESIAN_POINT('',(1.267367905343,4.642941839018E-17));
#1273 = CARTESIAN_POINT('',(1.253043390939,4.668620684525E-17));
#1274 = CARTESIAN_POINT('',(1.2387956296,4.692373111955E-17));
#1275 = CARTESIAN_POINT('',(1.224623773328,4.714207132077E-17));
#1276 = CARTESIAN_POINT('',(1.210526785677,4.73413387876E-17));
#1277 = CARTESIAN_POINT('',(1.196503471465,4.752167238333E-17));
#1278 = CARTESIAN_POINT('',(1.182552506469,4.768323478934E-17));
#1279 = CARTESIAN_POINT('',(1.141920603704,4.810177167458E-17));
#1280 = CARTESIAN_POINT('',(1.11543223562,4.830828348175E-17));
#1281 = CARTESIAN_POINT('',(1.08919673419,4.844706138963E-17));
#1282 = CARTESIAN_POINT('',(1.063201481399,4.851970355896E-17));
#1283 = CARTESIAN_POINT('',(1.037432482644,4.852800041408E-17));
#1284 = CARTESIAN_POINT('',(1.011874696217,4.847385906676E-17));
#1285 = CARTESIAN_POINT('',(0.986512079516,4.835924089151E-17));
#1286 = CARTESIAN_POINT('',(0.929148492881,4.796490345364E-17));
#1287 = CARTESIAN_POINT('',(0.897262217997,4.764818671244E-17));
#1288 = CARTESIAN_POINT('',(0.865631003608,4.724007444333E-17));
#1289 = CARTESIAN_POINT('',(0.834217937444,4.674467719395E-17));
#1290 = CARTESIAN_POINT('',(0.802986290606,4.616602469843E-17));
#1291 = CARTESIAN_POINT('',(0.771898860977,4.550798997962E-17));
#1292 = CARTESIAN_POINT('',(0.740917088125,4.477421650016E-17));
#1293 = CARTESIAN_POINT('',(0.666332054273,4.282940310025E-17));
#1294 = CARTESIAN_POINT('',(0.622802143404,4.15465721227E-17));
#1295 = CARTESIAN_POINT('',(0.579292333127,4.012902016139E-17));
#1296 = CARTESIAN_POINT('',(0.535692636662,3.858541762407E-17));
#1297 = CARTESIAN_POINT('',(0.491894370331,3.692372581208E-17));
#1298 = CARTESIAN_POINT('',(0.447785613286,3.515117850572E-17));
#1299 = CARTESIAN_POINT('',(0.403246428501,3.327419354913E-17));
#1300 = CARTESIAN_POINT('',(0.315898439533,3.585925067879E-17));
#1301 = CARTESIAN_POINT('',(0.273165970094,1.298171414704E-17));
#1302 = CARTESIAN_POINT('',(0.229836279987,3.080205081598E-17));
#1303 = CARTESIAN_POINT('',(0.185797938129,3.789089005537E-17));
#1304 = CARTESIAN_POINT('',(0.140932915815,1.236549892362E-17));
#1305 = CARTESIAN_POINT('',(9.511230814094E-02,4.365952188646E-19));
#1306 = CARTESIAN_POINT('',(4.819081762406E-02,4.438955291746E-17));
#1307 = CARTESIAN_POINT('',(0.,1.183291357832E-30));
#1308 = ( GEOMETRIC_REPRESENTATION_CONTEXT(2) 
PARAMETRIC_REPRESENTATION_CONTEXT() REPRESENTATION_CONTEXT('2D SPACE',''
  ) );
#1309 = PCURVE('',#1310,#1315);
#1310 = PLANE('',#1311);
#1311 = AXIS2_PLACEMENT_3D('',#1312,#1313,#1314);
#1312 = CARTESIAN_POINT('',(0.,0.,0.));
#1313 = DIRECTION('',(0.,0.,1.));
#1314 = DIRECTION('',(1.,0.,-0.));
#1315 = DEFINITIONAL_REPRESENTATION('',(#1316),#1536);
#1316 = B_SPLINE_CURVE_WITH_KNOTS('',8,(#1317,#1318,#1319,#1320,#1321,
    #1322,#1323,#1324,#1325,#1326,#1327,#1328,#1329,#1330,#1331,#1332,
    #1333,#1334,#1335,#1336,#1337,#1338,#1339,#1340,#1341,#1342,#1343,
    #1344,#1345,#1346,#1347,#1348,#1349,#1350,#1351,#1352,#1353,#1354,
    #1355,#1356,#1357,#1358,#1359,#1360,#1361,#1362,#1363,#1364,#1365,
    #1366,#1367,#1368,#1369,#1370,#1371,#1372,#1373,#1374,#1375,#1376,
    #1377,#1378,#1379,#1380,#1381,#1382,#1383,#1384,#1385,#1386,#1387,
    #1388,#1389,#1390,#1391,#1392,#1393,#1394,#1395,#1396,#1397,#1398,
    #1399,#1400,#1401,#1402,#1403,#1404,#1405,#1406,#1407,#1408,#1409,
    #1410,#1411,#1412,#1413,#1414,#1415,#1416,#1417,#1418,#1419,#1420,
    #1421,#1422,#1423,#1424,#1425,#1426,#1427,#1428,#1429,#1430,#1431,
    #1432,#1433,#1434,#1435,#1436,#1437,#1438,#1439,#1440,#1441,#1442,
    #1443,#1444,#1445,#1446,#1447,#1448,#1449,#1450,#1451,#1452,#1453,
    #1454,#1455,#1456,#1457,#1458,#1459,#1460,#1461,#1462,#1463,#1464,
    #1465,#1466,#1467,#1468,#1469,#1470,#1471,#1472,#1473,#1474,#1475,
    #1476,#1477,#1478,#1479,#1480,#1481,#1482,#1483,#1484,#1485,#1486,
    #1487,#1488,#1489,#1490,#1491,#1492,#1493,#1494,#1495,#1496,#1497,
    #1498,#1499,#1500,#1501,#1502,#1503,#1504,#1505,#1506,#1507,#1508,
    #1509,#1510,#1511,#1512,#1513,#1514,#1515,#1516,#1517,#1518,#1519,
    #1520,#1521,#1522,#1523,#1524,#1525,#1526,#1527,#1528,#1529,#1530,
    #1531,#1532,#1533,#1534,#1535),.UNSPECIFIED.,.F.,.F.,(9,7,7,7,7,7,7,
    7,7,7,7,7,7,7,7,7,7,7,7,7,7,7,7,7,7,7,7,7,7,7,7,9),(0.,
    5.676018709369E-02,0.119587635615,0.163308969933,0.197527395372,
    0.215281414349,0.252518073583,0.277913369662,0.307935720004,
    0.324725041941,0.333458194669,0.342363941372,0.383396681877,
    0.414209384573,0.43745023189,0.497505433644,0.557560635399,
    0.580801482716,0.611614185412,0.652646925917,0.660743059282,
    0.667219965976,0.676917799124,0.687529356048,0.705957339218,
    0.743761998395,0.781547229104,0.79956280077,0.834285332982,
    0.878650771184,0.941313240791,1.),.UNSPECIFIED.);
#1317 = CARTESIAN_POINT('',(65.,0.));
#1318 = CARTESIAN_POINT('',(65.000000062687,-3.324606971792));
#1319 = CARTESIAN_POINT('',(64.886355438167,-6.649076377026));
#1320 = CARTESIAN_POINT('',(64.659083267842,-9.969097708321));
#1321 = CARTESIAN_POINT('',(64.31791216713,-13.28015398786));
#1322 = CARTESIAN_POINT('',(63.86234460178,-16.57752845422));
#1323 = CARTESIAN_POINT('',(63.291676901201,-19.85630603849));
#1324 = CARTESIAN_POINT('',(62.604976908809,-23.11136962979));
#1325 = CARTESIAN_POINT('',(60.911124364647,-29.90825006809));
#1326 = CARTESIAN_POINT('',(59.877723761117,-33.44288486853));
#1327 = CARTESIAN_POINT('',(58.699165975453,-36.93439034078));
#1328 = CARTESIAN_POINT('',(57.373520992108,-40.37462478772));
#1329 = CARTESIAN_POINT('',(55.898747739605,-43.75427514907));
#1330 = CARTESIAN_POINT('',(54.272812089571,-47.06290309387));
#1331 = CARTESIAN_POINT('',(52.493710927846,-50.28895169093));
#1332 = CARTESIAN_POINT('',(49.213250208856,-55.5983602579));
#1333 = CARTESIAN_POINT('',(47.792162683983,-57.73054359294));
#1334 = CARTESIAN_POINT('',(46.295467035532,-59.81191504217));
#1335 = CARTESIAN_POINT('',(44.722723548129,-61.83757193823));
#1336 = CARTESIAN_POINT('',(43.073744774957,-63.80208716065));
#1337 = CARTESIAN_POINT('',(41.348661947505,-65.69956264756));
#1338 = CARTESIAN_POINT('',(39.547994048013,-67.52368545454));
#1339 = CARTESIAN_POINT('',(36.205039356993,-70.63280373349));
#1340 = CARTESIAN_POINT('',(34.691737531747,-71.94873371466));
#1341 = CARTESIAN_POINT('',(33.133331958857,-73.21234927312));
#1342 = CARTESIAN_POINT('',(31.530604224443,-74.42022840853));
#1343 = CARTESIAN_POINT('',(29.884632628445,-75.56879963425));
#1344 = CARTESIAN_POINT('',(28.196833839046,-76.65439989389));
#1345 = CARTESIAN_POINT('',(26.469013183796,-77.67334491111));
#1346 = CARTESIAN_POINT('',(23.787358233566,-79.1142222059));
#1347 = CARTESIAN_POINT('',(22.861126101026,-79.58751336245));
#1348 = CARTESIAN_POINT('',(21.925045425054,-80.04137842329));
#1349 = CARTESIAN_POINT('',(20.979464458016,-80.47531631514));
#1350 = CARTESIAN_POINT('',(20.024763227671,-80.8888359013));
#1351 = CARTESIAN_POINT('',(19.061355305426,-81.28145997228));
#1352 = CARTESIAN_POINT('',(18.089689574581,-81.6527292364));
#1353 = CARTESIAN_POINT('',(15.056014133578,-82.73518712434));
#1354 = CARTESIAN_POINT('',(12.967322802446,-83.37240230492));
#1355 = CARTESIAN_POINT('',(10.848960400723,-83.90966244224));
#1356 = CARTESIAN_POINT('',(8.70609512523,-84.34343356116));
#1357 = CARTESIAN_POINT('',(6.544288904301,-84.67088785866));
#1358 = CARTESIAN_POINT('',(4.369512457504,-84.88999978517));
#1359 = CARTESIAN_POINT('',(2.188167484865,-84.99968746997));
#1360 = CARTESIAN_POINT('',(-1.480355225689,-85.00021245126));
#1361 = CARTESIAN_POINT('',(-2.96788027818,-84.94955306903));
#1362 = CARTESIAN_POINT('',(-4.453357052889,-84.84801528915));
#1363 = CARTESIAN_POINT('',(-5.934752349945,-84.6958247435));
#1364 = CARTESIAN_POINT('',(-7.410099719027,-84.49341888096));
#1365 = CARTESIAN_POINT('',(-8.877497804736,-84.24143164666));
#1366 = CARTESIAN_POINT('',(-10.3351092069,-83.94068271024));
#1367 = CARTESIAN_POINT('',(-13.49068271809,-83.18016062937));
#1368 = CARTESIAN_POINT('',(-15.18416244594,-82.70136908699));
#1369 = CARTESIAN_POINT('',(-16.85868484886,-82.15742795183));
#1370 = CARTESIAN_POINT('',(-18.51165589482,-81.55026370818));
#1371 = CARTESIAN_POINT('',(-20.14077339976,-80.88202304334));
#1372 = CARTESIAN_POINT('',(-21.74400322668,-80.15501010143));
#1373 = CARTESIAN_POINT('',(-23.31955999466,-79.3716359365));
#1374 = CARTESIAN_POINT('',(-25.73064373236,-78.06616376068));
#1375 = CARTESIAN_POINT('',(-26.58626678354,-77.58109038141));
#1376 = CARTESIAN_POINT('',(-27.43249740441,-77.07958881848));
#1377 = CARTESIAN_POINT('',(-28.26909737735,-76.5620911784));
#1378 = CARTESIAN_POINT('',(-29.09585289474,-76.02903062816));
#1379 = CARTESIAN_POINT('',(-29.9125731398,-75.48083914053));
#1380 = CARTESIAN_POINT('',(-30.71908886737,-74.91794523959));
#1381 = CARTESIAN_POINT('',(-31.92839491246,-74.04126528211));
#1382 = CARTESIAN_POINT('',(-32.33875252105,-73.73791239535));
#1383 = CARTESIAN_POINT('',(-32.74629695746,-73.4307767798));
#1384 = CARTESIAN_POINT('',(-33.15101750302,-73.11991067605));
#1385 = CARTESIAN_POINT('',(-33.55289402881,-72.80537388744));
#1386 = CARTESIAN_POINT('',(-33.9519056959,-72.48722728758));
#1387 = CARTESIAN_POINT('',(-34.34804227348,-72.16552431006));
#1388 = CARTESIAN_POINT('',(-35.14281610817,-71.5082716209));
#1389 = CARTESIAN_POINT('',(-35.54407212297,-71.17030577307));
#1390 = CARTESIAN_POINT('',(-35.94498614758,-70.82638374336));
#1391 = CARTESIAN_POINT('',(-36.34548822875,-70.47646467294));
#1392 = CARTESIAN_POINT('',(-36.7455068046,-70.12050946881));
#1393 = CARTESIAN_POINT('',(-37.14496870458,-69.75848080379));
#1394 = CARTESIAN_POINT('',(-37.54379914948,-69.39034311654));
#1395 = CARTESIAN_POINT('',(-39.77625004836,-67.29158598724));
#1396 = CARTESIAN_POINT('',(-41.5383768009,-65.49046074572));
#1397 = CARTESIAN_POINT('',(-43.22741490384,-63.61898882633));
#1398 = CARTESIAN_POINT('',(-44.84289898802,-61.68313598099));
#1399 = CARTESIAN_POINT('',(-46.38472040477,-59.68847899447));
#1400 = CARTESIAN_POINT('',(-47.85306445531,-57.64015503859));
#1401 = CARTESIAN_POINT('',(-49.24834986536,-55.54281316048));
#1402 = CARTESIAN_POINT('',(-51.56451578993,-51.79189182637));
#1403 = CARTESIAN_POINT('',(-52.51695084856,-50.15797294636));
#1404 = CARTESIAN_POINT('',(-53.42870871965,-48.50059448454));
#1405 = CARTESIAN_POINT('',(-54.3000409161,-46.82144402196));
#1406 = CARTESIAN_POINT('',(-55.13121360484,-45.12211161562));
#1407 = CARTESIAN_POINT('',(-55.92250378698,-43.40408791321));
#1408 = CARTESIAN_POINT('',(-56.67419547786,-41.66876226787));
#1409 = CARTESIAN_POINT('',(-57.92389855363,-38.59644751951));
#1410 = CARTESIAN_POINT('',(-58.43885013606,-37.2663765633));
#1411 = CARTESIAN_POINT('',(-58.93155166127,-35.92776656446));
#1412 = CARTESIAN_POINT('',(-59.40211997043,-34.5811552317));
#1413 = CARTESIAN_POINT('',(-59.85066771913,-33.22705940231));
#1414 = CARTESIAN_POINT('',(-60.27730337732,-31.8659750421));
#1415 = CARTESIAN_POINT('',(-60.68213122939,-30.49837724545));
#1416 = CARTESIAN_POINT('',(-62.05524551814,-25.5751459059));
#1417 = CARTESIAN_POINT('',(-62.90020790232,-21.98540939732));
#1418 = CARTESIAN_POINT('',(-63.60198119813,-18.36302764792));
#1419 = CARTESIAN_POINT('',(-64.1619508892,-14.71515666292));
#1420 = CARTESIAN_POINT('',(-64.58116530252,-11.04861006335));
#1421 = CARTESIAN_POINT('',(-64.86037623068,-7.369866686697));
#1422 = CARTESIAN_POINT('',(-65.00000014504,-3.685067239227));
#1423 = CARTESIAN_POINT('',(-65.00000014504,3.6850672392));
#1424 = CARTESIAN_POINT('',(-64.86037623068,7.369866686672));
#1425 = CARTESIAN_POINT('',(-64.58116530253,11.048610063329));
#1426 = CARTESIAN_POINT('',(-64.1619508892,14.7151566629));
#1427 = CARTESIAN_POINT('',(-63.60198119813,18.363027647901));
#1428 = CARTESIAN_POINT('',(-62.90020790233,21.985409397303));
#1429 = CARTESIAN_POINT('',(-62.05524551815,25.575145905881));
#1430 = CARTESIAN_POINT('',(-60.6821312294,30.498377245436));
#1431 = CARTESIAN_POINT('',(-60.27730337733,31.865975042086));
#1432 = CARTESIAN_POINT('',(-59.85066771914,33.227059402289));
#1433 = CARTESIAN_POINT('',(-59.40211997044,34.58115523168));
#1434 = CARTESIAN_POINT('',(-58.93155166128,35.927766564438));
#1435 = CARTESIAN_POINT('',(-58.43885013607,37.266376563286));
#1436 = CARTESIAN_POINT('',(-57.92389855364,38.596447519489));
#1437 = CARTESIAN_POINT('',(-56.67419547787,41.668762267854));
#1438 = CARTESIAN_POINT('',(-55.92250378699,43.404087913199));
#1439 = CARTESIAN_POINT('',(-55.13121360485,45.122111615603));
#1440 = CARTESIAN_POINT('',(-54.30004091611,46.821444021944));
#1441 = CARTESIAN_POINT('',(-53.42870871966,48.500594484526));
#1442 = CARTESIAN_POINT('',(-52.51695084857,50.157972946348));
#1443 = CARTESIAN_POINT('',(-51.56451578994,51.791891826356));
#1444 = CARTESIAN_POINT('',(-49.24834986537,55.542813160476));
#1445 = CARTESIAN_POINT('',(-47.85306445532,57.640155038573));
#1446 = CARTESIAN_POINT('',(-46.38472040478,59.688478994452));
#1447 = CARTESIAN_POINT('',(-44.84289898803,61.683135980986));
#1448 = CARTESIAN_POINT('',(-43.22741490385,63.618988826327));
#1449 = CARTESIAN_POINT('',(-41.53837680092,65.490460745711));
#1450 = CARTESIAN_POINT('',(-39.77625004837,67.29158598723));
#1451 = CARTESIAN_POINT('',(-37.57999211035,69.356317596922));
#1452 = CARTESIAN_POINT('',(-37.21747748053,69.691495908428));
#1453 = CARTESIAN_POINT('',(-36.85443524832,70.021622905126));
#1454 = CARTESIAN_POINT('',(-36.4909217035,70.346725166212));
#1455 = CARTESIAN_POINT('',(-36.12699203934,70.666830491013));
#1456 = CARTESIAN_POINT('',(-35.76270035259,70.981967898987));
#1457 = CARTESIAN_POINT('',(-35.39809964349,71.29216762972));
#1458 = CARTESIAN_POINT('',(-34.74135554896,71.84169593382));
#1459 = CARTESIAN_POINT('',(-34.44930471343,72.082790645466));
#1460 = CARTESIAN_POINT('',(-34.15711587528,72.320761355607));
#1461 = CARTESIAN_POINT('',(-33.86481514005,72.555624540744));
#1462 = CARTESIAN_POINT('',(-33.57242815269,72.787397076146));
#1463 = CARTESIAN_POINT('',(-33.27998009756,73.01609623584));
#1464 = CARTESIAN_POINT('',(-32.98749569842,73.241739692619));
#1465 = CARTESIAN_POINT('',(-32.2574741191,73.797326036881));
#1466 = CARTESIAN_POINT('',(-31.81592626148,74.126550733788));
#1467 = CARTESIAN_POINT('',(-31.37005301985,74.452154078778));
#1468 = CARTESIAN_POINT('',(-30.91965451821,74.774165780809));
#1469 = CARTESIAN_POINT('',(-30.46462536979,75.09253078298));
#1470 = CARTESIAN_POINT('',(-30.00497573725,75.407107420626));
#1471 = CARTESIAN_POINT('',(-29.54082667739,75.717686329314));
#1472 = CARTESIAN_POINT('',(-28.55979825052,76.35922548463));
#1473 = CARTESIAN_POINT('',(-28.04330329702,76.688540603437));
#1474 = CARTESIAN_POINT('',(-27.52298528053,77.01183666047));
#1475 = CARTESIAN_POINT('',(-26.99889324204,77.329009261197));
#1476 = CARTESIAN_POINT('',(-26.47107983996,77.639954095496));
#1477 = CARTESIAN_POINT('',(-25.93960135013,77.944566937657));
#1478 = CARTESIAN_POINT('',(-25.40451766582,78.242743646381));
#1479 = CARTESIAN_POINT('',(-23.9305179447,79.040835189542));
#1480 = CARTESIAN_POINT('',(-22.98446107862,79.527568546087));
#1481 = CARTESIAN_POINT('',(-22.02805844509,79.994036888149));
#1482 = CARTESIAN_POINT('',(-21.06167952511,80.439702970283));
#1483 = CARTESIAN_POINT('',(-20.08572851968,80.864040107403));
#1484 = CARTESIAN_POINT('',(-19.10064633438,81.266536634326));
#1485 = CARTESIAN_POINT('',(-18.10691256397,81.646700365314));
#1486 = CARTESIAN_POINT('',(-15.04974033148,82.73718573518));
#1487 = CARTESIAN_POINT('',(-12.95994838068,83.374444753445));
#1488 = CARTESIAN_POINT('',(-10.84045914461,83.911645229843));
#1489 = CARTESIAN_POINT('',(-8.69644754176,84.345248070048));
#1490 = CARTESIAN_POINT('',(-6.533483907328,84.672421258988));
#1491 = CARTESIAN_POINT('',(-4.357549161976,84.891136632256));
#1492 = CARTESIAN_POINT('',(-2.175057131065,85.000312123904));
#1493 = CARTESIAN_POINT('',(2.188167484851,84.999687469975));
#1494 = CARTESIAN_POINT('',(4.369512457489,84.889999785171));
#1495 = CARTESIAN_POINT('',(6.544288904287,84.670887858669));
#1496 = CARTESIAN_POINT('',(8.706095125217,84.343433561172));
#1497 = CARTESIAN_POINT('',(10.848960400709,83.909662442244));
#1498 = CARTESIAN_POINT('',(12.967322802432,83.372402304924));
#1499 = CARTESIAN_POINT('',(15.056014133565,82.735187124351));
#1500 = CARTESIAN_POINT('',(18.089689574566,81.652729236412));
#1501 = CARTESIAN_POINT('',(19.061355305414,81.281459972291));
#1502 = CARTESIAN_POINT('',(20.024763227659,80.888835901308));
#1503 = CARTESIAN_POINT('',(20.979464458003,80.475316315149));
#1504 = CARTESIAN_POINT('',(21.92504542504,80.041378423304));
#1505 = CARTESIAN_POINT('',(22.861126101013,79.587513362463));
#1506 = CARTESIAN_POINT('',(23.787358233554,79.11422220591));
#1507 = CARTESIAN_POINT('',(26.469013183779,77.673344911126));
#1508 = CARTESIAN_POINT('',(28.19683383904,76.654399893899));
#1509 = CARTESIAN_POINT('',(29.884632628434,75.568799634266));
#1510 = CARTESIAN_POINT('',(31.530604224426,74.420228408545));
#1511 = CARTESIAN_POINT('',(33.133331958846,73.212349273137));
#1512 = CARTESIAN_POINT('',(34.691737531741,71.948733714676));
#1513 = CARTESIAN_POINT('',(36.205039356979,70.632803733507));
#1514 = CARTESIAN_POINT('',(39.547994048001,67.52368545456));
#1515 = CARTESIAN_POINT('',(41.348661947499,65.699562647578));
#1516 = CARTESIAN_POINT('',(43.073744774948,63.802087160667));
#1517 = CARTESIAN_POINT('',(44.722723548118,61.837571938247));
#1518 = CARTESIAN_POINT('',(46.295467035524,59.81191504218));
#1519 = CARTESIAN_POINT('',(47.792162683979,57.730543592954));
#1520 = CARTESIAN_POINT('',(49.213250208846,55.598360257918));
#1521 = CARTESIAN_POINT('',(52.460622033592,50.342505921038));
#1522 = CARTESIAN_POINT('',(54.211912418691,47.173224627987));
#1523 = CARTESIAN_POINT('',(55.815195219404,43.923952120684));
#1524 = CARTESIAN_POINT('',(57.27236964426,40.605692409133));
#1525 = CARTESIAN_POINT('',(58.585368415089,37.228396833402));
#1526 = CARTESIAN_POINT('',(59.756134194401,33.800957185399));
#1527 = CARTESIAN_POINT('',(60.786511309876,30.33116304326));
#1528 = CARTESIAN_POINT('',(62.513105525384,23.542531289518));
#1529 = CARTESIAN_POINT('',(63.226239669691,20.228620857396));
#1530 = CARTESIAN_POINT('',(63.818815083306,16.889580010274));
#1531 = CARTESIAN_POINT('',(64.2918342834,13.53084617929));
#1532 = CARTESIAN_POINT('',(64.646054308175,10.157634583675));
#1533 = CARTESIAN_POINT('',(64.882011712528,6.774942492341));
#1534 = CARTESIAN_POINT('',(65.000000072711,3.387547526029));
#1535 = CARTESIAN_POINT('',(65.,1.42108547152E-14));
#1536 = ( GEOMETRIC_REPRESENTATION_CONTEXT(2) 
PARAMETRIC_REPRESENTATION_CONTEXT() REPRESENTATION_CONTEXT('2D SPACE',''
  ) );
#1537 = ORIENTED_EDGE('',*,*,#1538,.T.);
#1538 = EDGE_CURVE('',#863,#1539,#1541,.T.);
#1539 = VERTEX_POINT('',#1540);
#1540 = CARTESIAN_POINT('',(12.926944958049,45.,-47.42169321881));
#1541 = SURFACE_CURVE('',#1542,(#1744,#1949),.PCURVE_S1.);
#1542 = B_SPLINE_CURVE_WITH_KNOTS('',8,(#1543,#1544,#1545,#1546,#1547,
    #1548,#1549,#1550,#1551,#1552,#1553,#1554,#1555,#1556,#1557,#1558,
    #1559,#1560,#1561,#1562,#1563,#1564,#1565,#1566,#1567,#1568,#1569,
    #1570,#1571,#1572,#1573,#1574,#1575,#1576,#1577,#1578,#1579,#1580,
    #1581,#1582,#1583,#1584,#1585,#1586,#1587,#1588,#1589,#1590,#1591,
    #1592,#1593,#1594,#1595,#1596,#1597,#1598,#1599,#1600,#1601,#1602,
    #1603,#1604,#1605,#1606,#1607,#1608,#1609,#1610,#1611,#1612,#1613,
    #1614,#1615,#1616,#1617,#1618,#1619,#1620,#1621,#1622,#1623,#1624,
    #1625,#1626,#1627,#1628,#1629,#1630,#1631,#1632,#1633,#1634,#1635,
    #1636,#1637,#1638,#1639,#1640,#1641,#1642,#1643,#1644,#1645,#1646,
    #1647,#1648,#1649,#1650,#1651,#1652,#1653,#1654,#1655,#1656,#1657,
    #1658,#1659,#1660,#1661,#1662,#1663,#1664,#1665,#1666,#1667,#1668,
    #1669,#1670,#1671,#1672,#1673,#1674,#1675,#1676,#1677,#1678,#1679,
    #1680,#1681,#1682,#1683,#1684,#1685,#1686,#1687,#1688,#1689,#1690,
    #1691,#1692,#1693,#1694,#1695,#1696,#1697,#1698,#1699,#1700,#1701,
    #1702,#1703,#1704,#1705,#1706,#1707,#1708,#1709,#1710,#1711,#1712,
    #1713,#1714,#1715,#1716,#1717,#1718,#1719,#1720,#1721,#1722,#1723,
    #1724,#1725,#1726,#1727,#1728,#1729,#1730,#1731,#1732,#1733,#1734,
    #1735,#1736,#1737,#1738,#1739,#1740,#1741,#1742,#1743),
  .UNSPECIFIED.,.T.,.F.,(9,7,7,7,7,7,7,7,7,7,7,7,7,7,8,7,7,7,7,7,7,7,7,7
    ,7,8,8,7,9),(0.,1.152342379798E-02,2.056568228421E-02,
    2.77471398526E-02,4.081184681537E-02,4.154096983426E-02,
    5.447257247425E-02,6.195193914027E-02,7.031364874403E-02,
    7.601290409122E-02,8.006948837562E-02,8.97479520051E-02,
    9.598642310628E-02,9.925714942984E-02,0.100946822589,0.112470246387,
    0.12619079008,0.195650421246,0.296021915003,0.385401550657,
    0.54665769633,0.563149895905,0.707881676708,0.798500656365,
    0.90009635193,0.969059073192,0.98058249699,0.992105920788,1.),
  .UNSPECIFIED.);
#1543 = CARTESIAN_POINT('',(12.926944958049,45.,-47.42169321881));
#1544 = CARTESIAN_POINT('',(15.291101855583,45.,-46.91737549842));
#1545 = CARTESIAN_POINT('',(17.632473684054,45.,-46.30638075613));
#1546 = CARTESIAN_POINT('',(19.945378170828,45.,-45.58893668245));
#1547 = CARTESIAN_POINT('',(22.223824365408,45.,-44.76538437401));
#1548 = CARTESIAN_POINT('',(24.461540619983,45.,-43.83624944009));
#1549 = CARTESIAN_POINT('',(26.651999205244,45.,-42.80230417045));
#1550 = CARTESIAN_POINT('',(28.788437561477,45.,-41.66462076471));
#1551 = CARTESIAN_POINT('',(32.492432542834,45.,-39.45160768142));
#1552 = CARTESIAN_POINT('',(34.083363727914,45.,-38.41563831888));
#1553 = CARTESIAN_POINT('',(35.633272872425,45.,-37.31741827356));
#1554 = CARTESIAN_POINT('',(37.138618859511,45.,-36.15784024516));
#1555 = CARTESIAN_POINT('',(38.595740527702,45.,-34.93800920199));
#1556 = CARTESIAN_POINT('',(40.000884876433,45.,-33.65927734491));
#1557 = CARTESIAN_POINT('',(41.35023927256,45.,-32.32328372802));
#1558 = CARTESIAN_POINT('',(43.664283785265,45.,-29.82702495931));
#1559 = CARTESIAN_POINT('',(44.650989793224,45.,-28.68717554865));
#1560 = CARTESIAN_POINT('',(45.598152339309,45.,-27.51345019049));
#1561 = CARTESIAN_POINT('',(46.503835450991,45.,-26.30698198601));
#1562 = CARTESIAN_POINT('',(47.366114571549,45.,-25.06904739062));
#1563 = CARTESIAN_POINT('',(48.183094636757,45.,-23.80107917017));
#1564 = CARTESIAN_POINT('',(48.952932182401,45.,-22.50468217418));
#1565 = CARTESIAN_POINT('',(50.985396581092,45.,-18.77475829078));
#1566 = CARTESIAN_POINT('',(52.135488252353,45.,-16.27894163943));
#1567 = CARTESIAN_POINT('',(53.112838286564,45.,-13.70582134122));
#1568 = CARTESIAN_POINT('',(53.907889262787,45.,-11.068254902));
#1569 = CARTESIAN_POINT('',(54.512895916921,45.,-8.380344349269));
#1570 = CARTESIAN_POINT('',(54.922103364174,45.,-5.657473675633));
#1571 = CARTESIAN_POINT('',(55.132219434773,45.,-2.916413832894));
#1572 = CARTESIAN_POINT('',(55.143990171101,45.,-2.267298980613E-02));
#1573 = CARTESIAN_POINT('',(55.143993135523,45.,0.130188223206));
#1574 = CARTESIAN_POINT('',(55.143377254216,45.,0.283049050513));
#1575 = CARTESIAN_POINT('',(55.142142533903,45.,0.435906636727));
#1576 = CARTESIAN_POINT('',(55.140289008659,45.,0.588758090979));
#1577 = CARTESIAN_POINT('',(55.137816739911,45.,0.741600486913));
#1578 = CARTESIAN_POINT('',(55.134725816439,45.,0.894430862688));
#1579 = CARTESIAN_POINT('',(55.065204004986,45.,3.758468573639));
#1580 = CARTESIAN_POINT('',(54.804669872653,45.,6.465876412899));
#1581 = CARTESIAN_POINT('',(54.349879675913,45.,9.151754342592));
#1582 = CARTESIAN_POINT('',(53.704513833846,45.,11.800005991472));
#1583 = CARTESIAN_POINT('',(52.87455436778,45.,14.395936001679));
#1584 = CARTESIAN_POINT('',(51.867825782861,45.,16.92613873573));
#1585 = CARTESIAN_POINT('',(50.693808369846,45.,19.37845422263));
#1586 = CARTESIAN_POINT('',(48.594144814425,45.,23.1089489722));
#1587 = CARTESIAN_POINT('',(47.772345816974,45.,24.446471019708));
#1588 = CARTESIAN_POINT('',(46.900162886897,45.,25.75254339457));
#1589 = CARTESIAN_POINT('',(45.979697252411,45.,27.025413888914));
#1590 = CARTESIAN_POINT('',(45.013102892896,45.,28.263529836156));
#1591 = CARTESIAN_POINT('',(44.002560386229,45.,29.465518733193));
#1592 = CARTESIAN_POINT('',(42.950255568671,45.,30.630172347285));
#1593 = CARTESIAN_POINT('',(40.637659657859,45.,33.015561621819));
#1594 = CARTESIAN_POINT('',(39.367476607999,45.,34.226704742049));
#1595 = CARTESIAN_POINT('',(38.050834737387,45.,35.388405564926));
#1596 = CARTESIAN_POINT('',(36.690729463594,45.,36.499437150804));
#1597 = CARTESIAN_POINT('',(35.290107733425,45.,37.558774881465));
#1598 = CARTESIAN_POINT('',(33.851847288535,45.,38.565570346975));
#1599 = CARTESIAN_POINT('',(32.378738205318,45.,39.519127961766));
#1600 = CARTESIAN_POINT('',(29.847487890108,45.,41.032149683957));
#1601 = CARTESIAN_POINT('',(28.806575146434,45.,41.620416156893));
#1602 = CARTESIAN_POINT('',(27.75158179116,45.,42.183504272481));
#1603 = CARTESIAN_POINT('',(26.683345981917,45.,42.721258798015));
#1604 = CARTESIAN_POINT('',(25.602689622809,45.,43.233546511352));
#1605 = CARTESIAN_POINT('',(24.510417266366,45.,43.720253987957));
#1606 = CARTESIAN_POINT('',(23.40731501548,45.,44.181285387944));
#1607 = CARTESIAN_POINT('',(21.501833347253,45.,44.926375290744));
#1608 = CARTESIAN_POINT('',(20.704420685637,45.,45.223140609184));
#1609 = CARTESIAN_POINT('',(19.902188906354,45.,45.506827482171));
#1610 = CARTESIAN_POINT('',(19.095411865907,45.,45.777410085043));
#1611 = CARTESIAN_POINT('',(18.284359811459,45.,46.034865484741));
#1612 = CARTESIAN_POINT('',(17.469299380836,45.,46.279173639808));
#1613 = CARTESIAN_POINT('',(16.650493602524,45.,46.510317400393));
#1614 = CARTESIAN_POINT('',(13.866297951673,45.,47.248324574549));
#1615 = CARTESIAN_POINT('',(11.884590843637,45.,47.693333903648));
#1616 = CARTESIAN_POINT('',(9.886558734475,45.,48.063126049509));
#1617 = CARTESIAN_POINT('',(7.875627746228,45.,48.357563701053));
#1618 = CARTESIAN_POINT('',(5.855171044694,45.,48.57655777775));
#1619 = CARTESIAN_POINT('',(3.828508126683,45.,48.720062372577));
#1620 = CARTESIAN_POINT('',(1.798904309879,45.,48.78806354235));
#1621 = CARTESIAN_POINT('',(-1.538484317567,45.,48.775726569417));
#1622 = CARTESIAN_POINT('',(-2.846406900854,45.,48.739521915152));
#1623 = CARTESIAN_POINT('',(-4.153329024793,45.,48.671949488812));
#1624 = CARTESIAN_POINT('',(-5.458376624657,45.,48.573015022953));
#1625 = CARTESIAN_POINT('',(-6.760669725174,45.,48.442729032709));
#1626 = CARTESIAN_POINT('',(-8.05932229497,45.,48.281107372008));
#1627 = CARTESIAN_POINT('',(-9.353442100999,45.,48.088171789785));
#1628 = CARTESIAN_POINT('',(-11.31777264557,45.,47.746394203158));
#1629 = CARTESIAN_POINT('',(-11.99192038896,45.,47.620238505211));
#1630 = CARTESIAN_POINT('',(-12.66444360517,45.,47.485487448158));
#1631 = CARTESIAN_POINT('',(-13.33521097235,45.,47.342145831539));
#1632 = CARTESIAN_POINT('',(-14.00409003476,45.,47.190219198626));
#1633 = CARTESIAN_POINT('',(-14.6709472028,45.,47.029713836425));
#1634 = CARTESIAN_POINT('',(-15.335647753,45.,46.860636775677));
#1635 = CARTESIAN_POINT('',(-16.34025852024,45.,46.591225948853));
#1636 = CARTESIAN_POINT('',(-16.68376619354,45.,46.496656072214));
#1637 = CARTESIAN_POINT('',(-17.0286394539,45.,46.399218639548));
#1638 = CARTESIAN_POINT('',(-17.3749395263,45.,46.298841168043));
#1639 = CARTESIAN_POINT('',(-17.7227282547,45.,46.195446213462));
#1640 = CARTESIAN_POINT('',(-18.07206810209,45.,46.088951370149));
#1641 = CARTESIAN_POINT('',(-18.42302215045,45.,45.979269271024));
#1642 = CARTESIAN_POINT('',(-18.77565410077,45.,45.866307587586));
#1643 = CARTESIAN_POINT('',(-18.95439057396,45.,45.809051267634));
#1644 = CARTESIAN_POINT('',(-19.1329228997,45.,45.751155728707));
#1645 = CARTESIAN_POINT('',(-19.31124793764,45.,45.692621286337));
#1646 = CARTESIAN_POINT('',(-19.48936268238,45.,45.633448212816));
#1647 = CARTESIAN_POINT('',(-19.66726426339,45.,45.573636737195));
#1648 = CARTESIAN_POINT('',(-19.84494994508,45.,45.513187045285));
#1649 = CARTESIAN_POINT('',(-20.02241712675,45.,45.452099279653));
#1650 = CARTESIAN_POINT('',(-20.41066398736,45.,45.316892993537));
#1651 = CARTESIAN_POINT('',(-20.62357645878,45.,45.241733172016));
#1652 = CARTESIAN_POINT('',(-20.83844052725,45.,45.164841993425));
#1653 = CARTESIAN_POINT('',(-21.05529741869,45.,45.086164287394));
#1654 = CARTESIAN_POINT('',(-21.27418981462,45.,45.005641794819));
#1655 = CARTESIAN_POINT('',(-21.49516185212,45.,44.923213167867));
#1656 = CARTESIAN_POINT('',(-21.71825912387,45.,44.838813969972));
#1657 = CARTESIAN_POINT('',(-23.08394367182,45.,44.314791838283));
#1658 = CARTESIAN_POINT('',(-24.21405751364,45.,43.850279488576));
#1659 = CARTESIAN_POINT('',(-25.33305133031,45.,43.35892225124));
#1660 = CARTESIAN_POINT('',(-26.44008568357,45.,42.840819342353));
#1661 = CARTESIAN_POINT('',(-27.53430170704,45.,42.296088914331));
#1662 = CARTESIAN_POINT('',(-28.61482224309,45.,41.724870400707));
#1663 = CARTESIAN_POINT('',(-29.68075297968,45.,41.12732686092));
#1664 = CARTESIAN_POINT('',(-32.24908845468,45.,39.602410947151));
#1665 = CARTESIAN_POINT('',(-33.73460927543,45.,38.646610557135));
#1666 = CARTESIAN_POINT('',(-35.18500761198,45.,37.636813629059));
#1667 = CARTESIAN_POINT('',(-36.59743892456,45.,36.573722373639));
#1668 = CARTESIAN_POINT('',(-37.96896898744,45.,35.458194895417));
#1669 = CARTESIAN_POINT('',(-39.29659265927,45.,34.291269166799));
#1670 = CARTESIAN_POINT('',(-40.5772550077,45.,33.074189819013));
#1671 = CARTESIAN_POINT('',(-42.90372731547,45.,30.681300331834));
#1672 = CARTESIAN_POINT('',(-43.95989780972,45.,29.515567376743));
#1673 = CARTESIAN_POINT('',(-44.97419763497,45.,28.31229775572));
#1674 = CARTESIAN_POINT('',(-45.94442640155,45.,27.072703207673));
#1675 = CARTESIAN_POINT('',(-46.86838860615,45.,25.798160875376));
#1676 = CARTESIAN_POINT('',(-47.74391513007,45.,24.490229365222));
#1677 = CARTESIAN_POINT('',(-48.56888959571,45.,23.150668330789));
#1678 = CARTESIAN_POINT('',(-50.73480382001,45.,19.31117816828));
#1679 = CARTESIAN_POINT('',(-51.95766687671,45.,16.743502739137));
#1680 = CARTESIAN_POINT('',(-52.99713560925,45.,14.091018069184));
#1681 = CARTESIAN_POINT('',(-53.84241171165,45.,11.367743837413));
#1682 = CARTESIAN_POINT('',(-54.4847220225,45.,8.589145725925));
#1683 = CARTESIAN_POINT('',(-54.91752634369,45.,5.772180477639));
#1684 = CARTESIAN_POINT('',(-55.13708283589,45.,2.935424646042));
#1685 = CARTESIAN_POINT('',(-55.1442783872,45.,-0.190562092231));
#1686 = CARTESIAN_POINT('',(-55.14271997914,45.,-0.480464085594));
#1687 = CARTESIAN_POINT('',(-55.13893575114,45.,-0.770352033258));
#1688 = CARTESIAN_POINT('',(-55.13292597179,45.,-1.060204890206));
#1689 = CARTESIAN_POINT('',(-55.12469126892,45.,-1.350003900629));
#1690 = CARTESIAN_POINT('',(-55.11423261903,45.,-1.639728214085));
#1691 = CARTESIAN_POINT('',(-55.10155135554,45.,-1.929358471715));
#1692 = CARTESIAN_POINT('',(-54.95586232455,45.,-4.759771849082));
#1693 = CARTESIAN_POINT('',(-54.65397596023,45.,-7.292515367691));
#1694 = CARTESIAN_POINT('',(-54.18203373742,45.,-9.802688015123));
#1695 = CARTESIAN_POINT('',(-53.54346971775,45.,-12.27716172246));
#1696 = CARTESIAN_POINT('',(-52.74346404261,45.,-14.70393240381));
#1697 = CARTESIAN_POINT('',(-51.7886040292,45.,-17.07203207498));
#1698 = CARTESIAN_POINT('',(-50.68673027186,45.,-19.37148941148));
#1699 = CARTESIAN_POINT('',(-48.67053619577,45.,-22.98442881374));
#1700 = CARTESIAN_POINT('',(-47.84001059727,45.,-24.34531281166));
#1701 = CARTESIAN_POINT('',(-46.95737752621,45.,-25.67387852006));
#1702 = CARTESIAN_POINT('',(-46.02483497593,45.,-26.96827997479));
#1703 = CARTESIAN_POINT('',(-45.04463828097,45.,-28.22688396363));
#1704 = CARTESIAN_POINT('',(-44.01907175847,45.,-29.44824908305));
#1705 = CARTESIAN_POINT('',(-42.95042566332,45.,-30.63110862405));
#1706 = CARTESIAN_POINT('',(-40.59714352489,45.,-33.05608805923));
#1707 = CARTESIAN_POINT('',(-39.30202381109,45.,-34.28803024203));
#1708 = CARTESIAN_POINT('',(-37.95881039705,45.,-35.46864635049));
#1709 = CARTESIAN_POINT('',(-36.57066714743,45.,-36.59664673801));
#1710 = CARTESIAN_POINT('',(-35.14070585119,45.,-37.67095821667));
#1711 = CARTESIAN_POINT('',(-33.671963876,45.,-38.69069568474));
#1712 = CARTESIAN_POINT('',(-32.16738433642,45.,-39.65513676127));
#1713 = CARTESIAN_POINT('',(-29.5860905725,45.,-41.18042883449));
#1714 = CARTESIAN_POINT('',(-28.52718300505,45.,-41.77140617016));
#1715 = CARTESIAN_POINT('',(-27.45396462852,45.,-42.33644833381));
#1716 = CARTESIAN_POINT('',(-26.36730845147,45.,-42.87539725152));
#1717 = CARTESIAN_POINT('',(-25.26807085024,45.,-43.38811762962));
#1718 = CARTESIAN_POINT('',(-24.15709048316,45.,-43.87449470776));
#1719 = CARTESIAN_POINT('',(-23.0351872048,45.,-44.33443201211));
#1720 = CARTESIAN_POINT('',(-21.9031609802,45.,-44.76784910849));
#1721 = CARTESIAN_POINT('',(-21.51691543758,45.,-44.91573033498));
#1722 = CARTESIAN_POINT('',(-21.13592456971,45.,-45.05806107449));
#1723 = CARTESIAN_POINT('',(-20.76148805923,45.,-45.19455916605));
#1724 = CARTESIAN_POINT('',(-20.3939794018,45.,-45.32535195561));
#1725 = CARTESIAN_POINT('',(-20.03286255813,45.,-45.45089154186));
#1726 = CARTESIAN_POINT('',(-19.67663227882,45.,-45.57190763308));
#1727 = CARTESIAN_POINT('',(-19.32280176756,45.,-45.68935806933));
#1728 = CARTESIAN_POINT('',(-18.96791528062,45.,-45.80436160498));
#1729 = CARTESIAN_POINT('',(-16.68841002756,45.,-46.54305179536));
#1730 = CARTESIAN_POINT('',(-14.37529900059,45.,-47.17756209231));
#1731 = CARTESIAN_POINT('',(-12.03443484336,45.,-47.70748100024));
#1732 = CARTESIAN_POINT('',(-9.671549464455,45.,-48.13250352693));
#1733 = CARTESIAN_POINT('',(-7.292252638264,45.,-48.45243225825));
#1734 = CARTESIAN_POINT('',(-4.902031662443,45.,-48.66716324259));
#1735 = CARTESIAN_POINT('',(-2.506251183457,45.,-48.77665644377));
#1736 = CARTESIAN_POINT('',(1.531292394634,45.,-48.78379106291));
#1737 = CARTESIAN_POINT('',(3.172830998772,45.,-48.73729421746));
#1738 = CARTESIAN_POINT('',(4.812753556742,45.,-48.64139881495));
#1739 = CARTESIAN_POINT('',(6.449331167063,45.,-48.49611172844));
#1740 = CARTESIAN_POINT('',(8.080815810642,45.,-48.30145280443));
#1741 = CARTESIAN_POINT('',(9.705440307323,45.,-48.05745806489));
#1742 = CARTESIAN_POINT('',(11.321418398824,45.,-47.76418118106));
#1743 = CARTESIAN_POINT('',(12.926944958049,45.,-47.42169321881));
#1744 = PCURVE('',#34,#1745);
#1745 = DEFINITIONAL_REPRESENTATION('',(#1746),#1948);
#1746 = B_SPLINE_CURVE_WITH_KNOTS('',8,(#1747,#1748,#1749,#1750,#1751,
    #1752,#1753,#1754,#1755,#1756,#1757,#1758,#1759,#1760,#1761,#1762,
    #1763,#1764,#1765,#1766,#1767,#1768,#1769,#1770,#1771,#1772,#1773,
    #1774,#1775,#1776,#1777,#1778,#1779,#1780,#1781,#1782,#1783,#1784,
    #1785,#1786,#1787,#1788,#1789,#1790,#1791,#1792,#1793,#1794,#1795,
    #1796,#1797,#1798,#1799,#1800,#1801,#1802,#1803,#1804,#1805,#1806,
    #1807,#1808,#1809,#1810,#1811,#1812,#1813,#1814,#1815,#1816,#1817,
    #1818,#1819,#1820,#1821,#1822,#1823,#1824,#1825,#1826,#1827,#1828,
    #1829,#1830,#1831,#1832,#1833,#1834,#1835,#1836,#1837,#1838,#1839,
    #1840,#1841,#1842,#1843,#1844,#1845,#1846,#1847,#1848,#1849,#1850,
    #1851,#1852,#1853,#1854,#1855,#1856,#1857,#1858,#1859,#1860,#1861,
    #1862,#1863,#1864,#1865,#1866,#1867,#1868,#1869,#1870,#1871,#1872,
    #1873,#1874,#1875,#1876,#1877,#1878,#1879,#1880,#1881,#1882,#1883,
    #1884,#1885,#1886,#1887,#1888,#1889,#1890,#1891,#1892,#1893,#1894,
    #1895,#1896,#1897,#1898,#1899,#1900,#1901,#1902,#1903,#1904,#1905,
    #1906,#1907,#1908,#1909,#1910,#1911,#1912,#1913,#1914,#1915,#1916,
    #1917,#1918,#1919,#1920,#1921,#1922,#1923,#1924,#1925,#1926,#1927,
    #1928,#1929,#1930,#1931,#1932,#1933,#1934,#1935,#1936,#1937,#1938,
    #1939,#1940,#1941,#1942,#1943,#1944,#1945,#1946,#1947),
  .UNSPECIFIED.,.T.,.F.,(9,7,7,7,7,7,7,7,7,7,7,7,7,7,8,7,7,7,7,7,7,7,7,7
    ,7,8,8,7,9),(0.,1.152342379798E-02,2.056568228421E-02,
    2.77471398526E-02,4.081184681537E-02,4.154096983426E-02,
    5.447257247425E-02,6.195193914027E-02,7.031364874403E-02,
    7.601290409122E-02,8.006948837562E-02,8.97479520051E-02,
    9.598642310628E-02,9.925714942984E-02,0.100946822589,0.112470246387,
    0.12619079008,0.195650421246,0.296021915003,0.385401550657,
    0.54665769633,0.563149895905,0.707881676708,0.798500656365,
    0.90009635193,0.969059073192,0.98058249699,0.992105920788,1.),
  .UNSPECIFIED.);
#1747 = CARTESIAN_POINT('',(1.196495401287,-0.960638772924));
#1748 = CARTESIAN_POINT('',(1.14152504396,-0.945810067468));
#1749 = CARTESIAN_POINT('',(1.090235719859,-0.928251582762));
#1750 = CARTESIAN_POINT('',(1.042798356994,-0.908228536505));
#1751 = CARTESIAN_POINT('',(0.999160797318,-0.886023105072));
#1752 = CARTESIAN_POINT('',(0.959141277359,-0.861896149311));
#1753 = CARTESIAN_POINT('',(0.92249851759,-0.836066283526));
#1754 = CARTESIAN_POINT('',(0.888978420514,-0.808706287648));
#1755 = CARTESIAN_POINT('',(0.834293794158,-0.757397633958));
#1756 = CARTESIAN_POINT('',(0.812023536259,-0.733983332629));
#1757 = CARTESIAN_POINT('',(0.791407816653,-0.709781388564));
#1758 = CARTESIAN_POINT('',(0.772332255219,-0.684845842457));
#1759 = CARTESIAN_POINT('',(0.754690788411,-0.659219058043));
#1760 = CARTESIAN_POINT('',(0.738387805259,-0.632933476512));
#1761 = CARTESIAN_POINT('',(0.723338509852,-0.60601341303));
#1762 = CARTESIAN_POINT('',(0.698451026958,-0.556607095222));
#1763 = CARTESIAN_POINT('',(0.688177836777,-0.53434845461));
#1764 = CARTESIAN_POINT('',(0.678610418148,-0.511710226945));
#1765 = CARTESIAN_POINT('',(0.669715170095,-0.488699148155));
#1766 = CARTESIAN_POINT('',(0.66146222748,-0.465319871043));
#1767 = CARTESIAN_POINT('',(0.653825244436,-0.441575454961));
#1768 = CARTESIAN_POINT('',(0.646781145985,-0.417467910799));
#1769 = CARTESIAN_POINT('',(0.62853707385,-0.34848392037));
#1770 = CARTESIAN_POINT('',(0.618656285626,-0.302757988801));
#1771 = CARTESIAN_POINT('',(0.610552957722,-0.255846085432));
#1772 = CARTESIAN_POINT('',(0.604136525886,-0.207750978002));
#1773 = CARTESIAN_POINT('',(0.599341961465,-0.158463497842));
#1774 = CARTESIAN_POINT('',(0.596129291509,-0.107970268736));
#1775 = CARTESIAN_POINT('',(0.594480467834,-5.626737977275E-02));
#1776 = CARTESIAN_POINT('',(0.594388109105,-4.375008357672E-04));
#1777 = CARTESIAN_POINT('',(0.594388085927,2.514768377157E-03));
#1778 = CARTESIAN_POINT('',(0.594392918581,5.465197882296E-03));
#1779 = CARTESIAN_POINT('',(0.594402607129,8.411784919351E-03));
#1780 = CARTESIAN_POINT('',(0.594417151822,1.135354171265E-02));
#1781 = CARTESIAN_POINT('',(0.594436553104,1.429049547113E-02));
#1782 = CARTESIAN_POINT('',(0.594460811607,1.722368838838E-02));
#1783 = CARTESIAN_POINT('',(0.595006501824,7.214757396437E-02));
#1784 = CARTESIAN_POINT('',(0.597052465628,0.122986894956));
#1785 = CARTESIAN_POINT('',(0.60063371987,0.172642554523));
#1786 = CARTESIAN_POINT('',(0.605771506764,0.221118763063));
#1787 = CARTESIAN_POINT('',(0.612508372506,0.268428209071));
#1788 = CARTESIAN_POINT('',(0.620911203367,0.314579255676));
#1789 = CARTESIAN_POINT('',(0.631071900115,0.359568685612));
#1790 = CARTESIAN_POINT('',(0.650066668103,0.428706960298));
#1791 = CARTESIAN_POINT('',(0.657655047368,0.453649511632));
#1792 = CARTESIAN_POINT('',(0.665894951574,0.478197681243));
#1793 = CARTESIAN_POINT('',(0.674813516,0.502348834536));
#1794 = CARTESIAN_POINT('',(0.684441805677,0.526098981938));
#1795 = CARTESIAN_POINT('',(0.694815119383,0.549442117129));
#1796 = CARTESIAN_POINT('',(0.705973244463,0.572369614773));
#1797 = CARTESIAN_POINT('',(0.731362248263,0.620024095795));
#1798 = CARTESIAN_POINT('',(0.745800275988,0.644644290034));
#1799 = CARTESIAN_POINT('',(0.761337232913,0.668714112412));
#1800 = CARTESIAN_POINT('',(0.778042617016,0.692212421726));
#1801 = CARTESIAN_POINT('',(0.795993749632,0.715111836038));
#1802 = CARTESIAN_POINT('',(0.815275392966,0.737377515161));
#1803 = CARTESIAN_POINT('',(0.835978172471,0.758965983178));
#1804 = CARTESIAN_POINT('',(0.873339083719,0.794040626576));
#1805 = CARTESIAN_POINT('',(0.88918611348,0.80791776663));
#1806 = CARTESIAN_POINT('',(0.905766132873,0.821438640776));
#1807 = CARTESIAN_POINT('',(0.923109311568,0.834584147216));
#1808 = CARTESIAN_POINT('',(0.941245639684,0.847332878526));
#1809 = CARTESIAN_POINT('',(0.960203818049,0.859661147426));
#1810 = CARTESIAN_POINT('',(0.980010148474,0.871543012551));
#1811 = CARTESIAN_POINT('',(1.015405047796,0.891069600426));
#1812 = CARTESIAN_POINT('',(1.030563224064,0.898948646836));
#1813 = CARTESIAN_POINT('',(1.046170831645,0.906577106444));
#1814 = CARTESIAN_POINT('',(1.062234957792,0.913944297896));
#1815 = CARTESIAN_POINT('',(1.078760898198,0.921039195486));
#1816 = CARTESIAN_POINT('',(1.095752156998,0.927850429156));
#1817 = CARTESIAN_POINT('',(1.11321044676,0.9343662845));
#1818 = CARTESIAN_POINT('',(1.17390269789,0.955387737401));
#1819 = CARTESIAN_POINT('',(1.219324999541,0.968450429386));
#1820 = CARTESIAN_POINT('',(1.267386585115,0.979606506394));
#1821 = CARTESIAN_POINT('',(1.317997459139,0.988690582424));
#1822 = CARTESIAN_POINT('',(1.370941665471,0.995554213522));
#1823 = CARTESIAN_POINT('',(1.425864041098,1.000086793312));
#1824 = CARTESIAN_POINT('',(1.482295697284,1.002231288314));
#1825 = CARTESIAN_POINT('',(1.576731208994,1.001842167351));
#1826 = CARTESIAN_POINT('',(1.614155978212,1.000700229112));
#1827 = CARTESIAN_POINT('',(1.65185284431,0.998569321147));
#1828 = CARTESIAN_POINT('',(1.689674340193,0.995461040851));
#1829 = CARTESIAN_POINT('',(1.72747152468,0.991396520895));
#1830 = CARTESIAN_POINT('',(1.765100284111,0.986404689925));
#1831 = CARTESIAN_POINT('',(1.802427633953,0.980520533257));
#1832 = CARTESIAN_POINT('',(1.858689517614,0.970251148077));
#1833 = CARTESIAN_POINT('',(1.877926245871,0.966484281571));
#1834 = CARTESIAN_POINT('',(1.897031171715,0.962488523807));
#1835 = CARTESIAN_POINT('',(1.915988501662,0.958269755068));
#1836 = CARTESIAN_POINT('',(1.934783682221,0.953833966174));
#1837 = CARTESIAN_POINT('',(1.953403399886,0.949187258477));
#1838 = CARTESIAN_POINT('',(1.971835581145,0.944335843863));
#1839 = CARTESIAN_POINT('',(1.999489063692,0.936677277389));
#1840 = CARTESIAN_POINT('',(2.008908564476,0.934000915324));
#1841 = CARTESIAN_POINT('',(2.018327888341,0.931256082545));
#1842 = CARTESIAN_POINT('',(2.027747028153,0.928441825163));
#1843 = CARTESIAN_POINT('',(2.037165976132,0.925557111407));
#1844 = CARTESIAN_POINT('',(2.046584723847,0.922600831627));
#1845 = CARTESIAN_POINT('',(2.056003262221,0.91957179829));
#1846 = CARTESIAN_POINT('',(2.065421581527,0.916468745983));
#1847 = CARTESIAN_POINT('',(2.070200461726,0.914895918884));
#1848 = CARTESIAN_POINT('',(2.074951481411,0.913309663088));
#1849 = CARTESIAN_POINT('',(2.079686200034,0.911710102799));
#1850 = CARTESIAN_POINT('',(2.084410046381,0.910097359972));
#1851 = CARTESIAN_POINT('',(2.089122318571,0.908471554307));
#1852 = CARTESIAN_POINT('',(2.093816184055,0.906832803254));
#1853 = CARTESIAN_POINT('',(2.098478679619,0.905181222013));
#1854 = CARTESIAN_POINT('',(2.108582235925,0.901535680978));
#1855 = CARTESIAN_POINT('',(2.114073527472,0.899515519419));
#1856 = CARTESIAN_POINT('',(2.119564575363,0.897455449263));
#1857 = CARTESIAN_POINT('',(2.125055368186,0.895354429815));
#1858 = CARTESIAN_POINT('',(2.130545893782,0.893211369269));
#1859 = CARTESIAN_POINT('',(2.136036139239,0.891025124714));
#1860 = CARTESIAN_POINT('',(2.141526090897,0.88879450213));
#1861 = CARTESIAN_POINT('',(2.174806817592,0.874994894018));
#1862 = CARTESIAN_POINT('',(2.200981966915,0.862968715819));
#1863 = CARTESIAN_POINT('',(2.225646936953,0.850470229201));
#1864 = CARTESIAN_POINT('',(2.248901745331,0.8375275506));
#1865 = CARTESIAN_POINT('',(2.270840321994,0.824166359152));
#1866 = CARTESIAN_POINT('',(2.29155015852,0.810409850365));
#1867 = CARTESIAN_POINT('',(2.311111957444,0.796278689802));
#1868 = CARTESIAN_POINT('',(2.356314131751,0.760855782272));
#1869 = CARTESIAN_POINT('',(2.380785394702,0.739176412262));
#1870 = CARTESIAN_POINT('',(2.403236751364,0.71680778745));
#1871 = CARTESIAN_POINT('',(2.423862268294,0.693794752523));
#1872 = CARTESIAN_POINT('',(2.442829605787,0.670173230494));
#1873 = CARTESIAN_POINT('',(2.460283229048,0.645971433966));
#1874 = CARTESIAN_POINT('',(2.476347622443,0.621211123319));
#1875 = CARTESIAN_POINT('',(2.504294483946,0.573377585303));
#1876 = CARTESIAN_POINT('',(2.516442230366,0.550416549676));
#1877 = CARTESIAN_POINT('',(2.527649557373,0.527037763556));
#1878 = CARTESIAN_POINT('',(2.53798164822,0.50324998215));
#1879 = CARTESIAN_POINT('',(2.54749459605,0.479059306766));
#1880 = CARTESIAN_POINT('',(2.556236692027,0.454469793894));
#1881 = CARTESIAN_POINT('',(2.564249463654,0.429484123836));
#1882 = CARTESIAN_POINT('',(2.584773203653,0.358314843031));
#1883 = CARTESIAN_POINT('',(2.595724419671,0.311225850462));
#1884 = CARTESIAN_POINT('',(2.604622756678,0.262867498766));
#1885 = CARTESIAN_POINT('',(2.611617486838,0.213243511477));
#1886 = CARTESIAN_POINT('',(2.616812922625,0.162343533261));
#1887 = CARTESIAN_POINT('',(2.620273295782,0.110151877856));
#1888 = CARTESIAN_POINT('',(2.622028153483,5.66635175828E-02));
#1889 = CARTESIAN_POINT('',(2.622085657056,-3.680836316276E-03));
#1890 = CARTESIAN_POINT('',(2.622073201348,-9.281584526288E-03));
#1891 = CARTESIAN_POINT('',(2.622042956993,-1.484351039429E-02));
#1892 = CARTESIAN_POINT('',(2.621994921169,-2.042385545349E-02));
#1893 = CARTESIAN_POINT('',(2.621929087653,-2.596165293255E-02));
#1894 = CARTESIAN_POINT('',(2.621845446665,-3.150542107258E-02));
#1895 = CARTESIAN_POINT('',(2.621743985005,-3.702690856599E-02));
#1896 = CARTESIAN_POINT('',(2.62057767856,-9.089833637829E-02));
#1897 = CARTESIAN_POINT('',(2.618156468018,-0.13824066032));
#1898 = CARTESIAN_POINT('',(2.614349064534,-0.18454344891));
#1899 = CARTESIAN_POINT('',(2.609124894574,-0.22980994314));
#1900 = CARTESIAN_POINT('',(2.602430245479,-0.274049517888));
#1901 = CARTESIAN_POINT('',(2.594184862135,-0.317268353696));
#1902 = CARTESIAN_POINT('',(2.584278620783,-0.359463899403));
#1903 = CARTESIAN_POINT('',(2.565234496665,-0.426385265469));
#1904 = CARTESIAN_POINT('',(2.557193068935,-0.451747981777));
#1905 = CARTESIAN_POINT('',(2.548406449369,-0.476704104897));
#1906 = CARTESIAN_POINT('',(2.538831923504,-0.50125095549));
#1907 = CARTESIAN_POINT('',(2.528419704129,-0.525384434474));
#1908 = CARTESIAN_POINT('',(2.517111831769,-0.549098307131));
#1909 = CARTESIAN_POINT('',(2.504840806458,-0.57238355342));
#1910 = CARTESIAN_POINT('',(2.476602493794,-0.620839141546));
#1911 = CARTESIAN_POINT('',(2.460367568461,-0.64589617454));
#1912 = CARTESIAN_POINT('',(2.442711913764,-0.670381771592));
#1913 = CARTESIAN_POINT('',(2.423506757527,-0.69427344671));
#1914 = CARTESIAN_POINT('',(2.402602398004,-0.717541953887));
#1915 = CARTESIAN_POINT('',(2.379824796348,-0.740149953231));
#1916 = CARTESIAN_POINT('',(2.354972179984,-0.762050729122));
#1917 = CARTESIAN_POINT('',(2.309375242593,-0.797534184391));
#1918 = CARTESIAN_POINT('',(2.289875416058,-0.811528963628));
#1919 = CARTESIAN_POINT('',(2.269239895877,-0.825153479754));
#1920 = CARTESIAN_POINT('',(2.247389465605,-0.838387409145));
#1921 = CARTESIAN_POINT('',(2.224238324977,-0.851207971448));
#1922 = CARTESIAN_POINT('',(2.199694441132,-0.863589978144));
#1923 = CARTESIAN_POINT('',(2.173659899844,-0.87550588111));
#1924 = CARTESIAN_POINT('',(2.146031256747,-0.88692582118));
#1925 = CARTESIAN_POINT('',(2.136593839184,-0.890822292923));
#1926 = CARTESIAN_POINT('',(2.127194250324,-0.894596135489));
#1927 = CARTESIAN_POINT('',(2.117612362897,-0.898237441206));
#1928 = CARTESIAN_POINT('',(2.108353069399,-0.901746836171));
#1929 = CARTESIAN_POINT('',(2.098906093534,-0.90513384504));
#1930 = CARTESIAN_POINT('',(2.089302451664,-0.90841602835));
#1931 = CARTESIAN_POINT('',(2.08002997549,-0.911617882956));
#1932 = CARTESIAN_POINT('',(2.070550741096,-0.914769203139));
#1933 = CARTESIAN_POINT('',(2.009807991482,-0.935010698529));
#1934 = CARTESIAN_POINT('',(1.946270015364,-0.953079173153));
#1935 = CARTESIAN_POINT('',(1.880255210439,-0.968722924215));
#1936 = CARTESIAN_POINT('',(1.812236061497,-0.981671564126));
#1937 = CARTESIAN_POINT('',(1.742918649148,-0.991645367846));
#1938 = CARTESIAN_POINT('',(1.673203324662,-0.998417204867));
#1939 = CARTESIAN_POINT('',(1.604055608582,-1.001871564053));
#1940 = CARTESIAN_POINT('',(1.489911854235,-1.002096659486));
#1941 = CARTESIAN_POINT('',(1.444170683137,-1.000629845129));
#1942 = CARTESIAN_POINT('',(1.399365761919,-0.997603069754));
#1943 = CARTESIAN_POINT('',(1.35574900344,-0.993040645321));
#1944 = CARTESIAN_POINT('',(1.313528126891,-0.986990688289));
#1945 = CARTESIAN_POINT('',(1.272855154619,-0.979520466028));
#1946 = CARTESIAN_POINT('',(1.233826607844,-0.970709263889));
#1947 = CARTESIAN_POINT('',(1.196495401287,-0.960638772924));
#1948 = ( GEOMETRIC_REPRESENTATION_CONTEXT(2) 
PARAMETRIC_REPRESENTATION_CONTEXT() REPRESENTATION_CONTEXT('2D SPACE',''
  ) );
#1949 = PCURVE('',#1950,#1955);
#1950 = PLANE('',#1951);
#1951 = AXIS2_PLACEMENT_3D('',#1952,#1953,#1954);
#1952 = CARTESIAN_POINT('',(0.,45.,0.));
#1953 = DIRECTION('',(-0.,-1.,-0.));
#1954 = DIRECTION('',(0.,0.,-1.));
#1955 = DEFINITIONAL_REPRESENTATION('',(#1956),#2158);
#1956 = B_SPLINE_CURVE_WITH_KNOTS('',8,(#1957,#1958,#1959,#1960,#1961,
    #1962,#1963,#1964,#1965,#1966,#1967,#1968,#1969,#1970,#1971,#1972,
    #1973,#1974,#1975,#1976,#1977,#1978,#1979,#1980,#1981,#1982,#1983,
    #1984,#1985,#1986,#1987,#1988,#1989,#1990,#1991,#1992,#1993,#1994,
    #1995,#1996,#1997,#1998,#1999,#2000,#2001,#2002,#2003,#2004,#2005,
    #2006,#2007,#2008,#2009,#2010,#2011,#2012,#2013,#2014,#2015,#2016,
    #2017,#2018,#2019,#2020,#2021,#2022,#2023,#2024,#2025,#2026,#2027,
    #2028,#2029,#2030,#2031,#2032,#2033,#2034,#2035,#2036,#2037,#2038,
    #2039,#2040,#2041,#2042,#2043,#2044,#2045,#2046,#2047,#2048,#2049,
    #2050,#2051,#2052,#2053,#2054,#2055,#2056,#2057,#2058,#2059,#2060,
    #2061,#2062,#2063,#2064,#2065,#2066,#2067,#2068,#2069,#2070,#2071,
    #2072,#2073,#2074,#2075,#2076,#2077,#2078,#2079,#2080,#2081,#2082,
    #2083,#2084,#2085,#2086,#2087,#2088,#2089,#2090,#2091,#2092,#2093,
    #2094,#2095,#2096,#2097,#2098,#2099,#2100,#2101,#2102,#2103,#2104,
    #2105,#2106,#2107,#2108,#2109,#2110,#2111,#2112,#2113,#2114,#2115,
    #2116,#2117,#2118,#2119,#2120,#2121,#2122,#2123,#2124,#2125,#2126,
    #2127,#2128,#2129,#2130,#2131,#2132,#2133,#2134,#2135,#2136,#2137,
    #2138,#2139,#2140,#2141,#2142,#2143,#2144,#2145,#2146,#2147,#2148,
    #2149,#2150,#2151,#2152,#2153,#2154,#2155,#2156,#2157),
  .UNSPECIFIED.,.T.,.F.,(9,7,7,7,7,7,7,7,7,7,7,7,7,7,8,7,7,7,7,7,7,7,7,7
    ,7,8,8,7,9),(0.,1.152342379798E-02,2.056568228421E-02,
    2.77471398526E-02,4.081184681537E-02,4.154096983426E-02,
    5.447257247425E-02,6.195193914027E-02,7.031364874403E-02,
    7.601290409122E-02,8.006948837562E-02,8.97479520051E-02,
    9.598642310628E-02,9.925714942984E-02,0.100946822589,0.112470246387,
    0.12619079008,0.195650421246,0.296021915003,0.385401550657,
    0.54665769633,0.563149895905,0.707881676708,0.798500656365,
    0.90009635193,0.969059073192,0.98058249699,0.992105920788,1.),
  .UNSPECIFIED.);
#1957 = CARTESIAN_POINT('',(47.421693218814,12.926944958049));
#1958 = CARTESIAN_POINT('',(46.917375498421,15.291101855583));
#1959 = CARTESIAN_POINT('',(46.306380756137,17.632473684054));
#1960 = CARTESIAN_POINT('',(45.58893668245,19.945378170828));
#1961 = CARTESIAN_POINT('',(44.765384374013,22.223824365408));
#1962 = CARTESIAN_POINT('',(43.836249440091,24.461540619983));
#1963 = CARTESIAN_POINT('',(42.802304170452,26.651999205244));
#1964 = CARTESIAN_POINT('',(41.664620764719,28.788437561477));
#1965 = CARTESIAN_POINT('',(39.451607681428,32.492432542834));
#1966 = CARTESIAN_POINT('',(38.415638318881,34.083363727914));
#1967 = CARTESIAN_POINT('',(37.317418273566,35.633272872425));
#1968 = CARTESIAN_POINT('',(36.15784024516,37.138618859511));
#1969 = CARTESIAN_POINT('',(34.938009201993,38.595740527702));
#1970 = CARTESIAN_POINT('',(33.659277344915,40.000884876433));
#1971 = CARTESIAN_POINT('',(32.323283728027,41.35023927256));
#1972 = CARTESIAN_POINT('',(29.827024959314,43.664283785265));
#1973 = CARTESIAN_POINT('',(28.687175548651,44.650989793224));
#1974 = CARTESIAN_POINT('',(27.513450190492,45.598152339309));
#1975 = CARTESIAN_POINT('',(26.306981986013,46.503835450991));
#1976 = CARTESIAN_POINT('',(25.069047390621,47.366114571549));
#1977 = CARTESIAN_POINT('',(23.801079170179,48.183094636757));
#1978 = CARTESIAN_POINT('',(22.504682174186,48.952932182401));
#1979 = CARTESIAN_POINT('',(18.774758290783,50.985396581092));
#1980 = CARTESIAN_POINT('',(16.278941639432,52.135488252353));
#1981 = CARTESIAN_POINT('',(13.705821341221,53.112838286564));
#1982 = CARTESIAN_POINT('',(11.068254902006,53.907889262787));
#1983 = CARTESIAN_POINT('',(8.380344349269,54.512895916921));
#1984 = CARTESIAN_POINT('',(5.657473675633,54.922103364174));
#1985 = CARTESIAN_POINT('',(2.916413832894,55.132219434773));
#1986 = CARTESIAN_POINT('',(2.267298980613E-02,55.143990171101));
#1987 = CARTESIAN_POINT('',(-0.130188223206,55.143993135523));
#1988 = CARTESIAN_POINT('',(-0.283049050513,55.143377254216));
#1989 = CARTESIAN_POINT('',(-0.435906636727,55.142142533903));
#1990 = CARTESIAN_POINT('',(-0.588758090979,55.140289008659));
#1991 = CARTESIAN_POINT('',(-0.741600486913,55.137816739911));
#1992 = CARTESIAN_POINT('',(-0.894430862688,55.134725816439));
#1993 = CARTESIAN_POINT('',(-3.758468573639,55.065204004986));
#1994 = CARTESIAN_POINT('',(-6.465876412899,54.804669872653));
#1995 = CARTESIAN_POINT('',(-9.151754342592,54.349879675913));
#1996 = CARTESIAN_POINT('',(-11.80000599147,53.704513833846));
#1997 = CARTESIAN_POINT('',(-14.39593600167,52.87455436778));
#1998 = CARTESIAN_POINT('',(-16.92613873573,51.867825782861));
#1999 = CARTESIAN_POINT('',(-19.37845422263,50.693808369846));
#2000 = CARTESIAN_POINT('',(-23.1089489722,48.594144814425));
#2001 = CARTESIAN_POINT('',(-24.4464710197,47.772345816974));
#2002 = CARTESIAN_POINT('',(-25.75254339457,46.900162886897));
#2003 = CARTESIAN_POINT('',(-27.02541388891,45.979697252411));
#2004 = CARTESIAN_POINT('',(-28.26352983615,45.013102892896));
#2005 = CARTESIAN_POINT('',(-29.46551873319,44.002560386229));
#2006 = CARTESIAN_POINT('',(-30.63017234728,42.950255568671));
#2007 = CARTESIAN_POINT('',(-33.01556162181,40.637659657859));
#2008 = CARTESIAN_POINT('',(-34.22670474204,39.367476607999));
#2009 = CARTESIAN_POINT('',(-35.38840556492,38.050834737387));
#2010 = CARTESIAN_POINT('',(-36.4994371508,36.690729463594));
#2011 = CARTESIAN_POINT('',(-37.55877488146,35.290107733425));
#2012 = CARTESIAN_POINT('',(-38.56557034697,33.851847288535));
#2013 = CARTESIAN_POINT('',(-39.51912796176,32.378738205318));
#2014 = CARTESIAN_POINT('',(-41.03214968395,29.847487890108));
#2015 = CARTESIAN_POINT('',(-41.62041615689,28.806575146434));
#2016 = CARTESIAN_POINT('',(-42.18350427248,27.75158179116));
#2017 = CARTESIAN_POINT('',(-42.72125879801,26.683345981917));
#2018 = CARTESIAN_POINT('',(-43.23354651135,25.602689622809));
#2019 = CARTESIAN_POINT('',(-43.72025398795,24.510417266366));
#2020 = CARTESIAN_POINT('',(-44.18128538794,23.40731501548));
#2021 = CARTESIAN_POINT('',(-44.92637529074,21.501833347253));
#2022 = CARTESIAN_POINT('',(-45.22314060918,20.704420685637));
#2023 = CARTESIAN_POINT('',(-45.50682748217,19.902188906354));
#2024 = CARTESIAN_POINT('',(-45.77741008504,19.095411865907));
#2025 = CARTESIAN_POINT('',(-46.03486548474,18.284359811459));
#2026 = CARTESIAN_POINT('',(-46.2791736398,17.469299380836));
#2027 = CARTESIAN_POINT('',(-46.51031740039,16.650493602524));
#2028 = CARTESIAN_POINT('',(-47.24832457454,13.866297951673));
#2029 = CARTESIAN_POINT('',(-47.69333390364,11.884590843637));
#2030 = CARTESIAN_POINT('',(-48.0631260495,9.886558734475));
#2031 = CARTESIAN_POINT('',(-48.35756370105,7.875627746228));
#2032 = CARTESIAN_POINT('',(-48.57655777775,5.855171044694));
#2033 = CARTESIAN_POINT('',(-48.72006237257,3.828508126683));
#2034 = CARTESIAN_POINT('',(-48.78806354235,1.798904309879));
#2035 = CARTESIAN_POINT('',(-48.77572656941,-1.538484317567));
#2036 = CARTESIAN_POINT('',(-48.73952191515,-2.846406900854));
#2037 = CARTESIAN_POINT('',(-48.67194948881,-4.153329024793));
#2038 = CARTESIAN_POINT('',(-48.57301502295,-5.458376624657));
#2039 = CARTESIAN_POINT('',(-48.4427290327,-6.760669725174));
#2040 = CARTESIAN_POINT('',(-48.281107372,-8.05932229497));
#2041 = CARTESIAN_POINT('',(-48.08817178978,-9.353442100999));
#2042 = CARTESIAN_POINT('',(-47.74639420315,-11.31777264557));
#2043 = CARTESIAN_POINT('',(-47.62023850521,-11.99192038896));
#2044 = CARTESIAN_POINT('',(-47.48548744815,-12.66444360517));
#2045 = CARTESIAN_POINT('',(-47.34214583153,-13.33521097235));
#2046 = CARTESIAN_POINT('',(-47.19021919862,-14.00409003476));
#2047 = CARTESIAN_POINT('',(-47.02971383642,-14.6709472028));
#2048 = CARTESIAN_POINT('',(-46.86063677567,-15.335647753));
#2049 = CARTESIAN_POINT('',(-46.59122594885,-16.34025852024));
#2050 = CARTESIAN_POINT('',(-46.49665607221,-16.68376619354));
#2051 = CARTESIAN_POINT('',(-46.39921863954,-17.0286394539));
#2052 = CARTESIAN_POINT('',(-46.29884116804,-17.3749395263));
#2053 = CARTESIAN_POINT('',(-46.19544621346,-17.7227282547));
#2054 = CARTESIAN_POINT('',(-46.08895137014,-18.07206810209));
#2055 = CARTESIAN_POINT('',(-45.97926927102,-18.42302215045));
#2056 = CARTESIAN_POINT('',(-45.86630758758,-18.77565410077));
#2057 = CARTESIAN_POINT('',(-45.80905126763,-18.95439057396));
#2058 = CARTESIAN_POINT('',(-45.7511557287,-19.1329228997));
#2059 = CARTESIAN_POINT('',(-45.69262128633,-19.31124793764));
#2060 = CARTESIAN_POINT('',(-45.63344821281,-19.48936268238));
#2061 = CARTESIAN_POINT('',(-45.57363673719,-19.66726426339));
#2062 = CARTESIAN_POINT('',(-45.51318704528,-19.84494994508));
#2063 = CARTESIAN_POINT('',(-45.45209927965,-20.02241712675));
#2064 = CARTESIAN_POINT('',(-45.31689299353,-20.41066398736));
#2065 = CARTESIAN_POINT('',(-45.24173317201,-20.62357645878));
#2066 = CARTESIAN_POINT('',(-45.16484199342,-20.83844052725));
#2067 = CARTESIAN_POINT('',(-45.08616428739,-21.05529741869));
#2068 = CARTESIAN_POINT('',(-45.00564179481,-21.27418981462));
#2069 = CARTESIAN_POINT('',(-44.92321316786,-21.49516185212));
#2070 = CARTESIAN_POINT('',(-44.83881396997,-21.71825912387));
#2071 = CARTESIAN_POINT('',(-44.31479183828,-23.08394367182));
#2072 = CARTESIAN_POINT('',(-43.85027948857,-24.21405751364));
#2073 = CARTESIAN_POINT('',(-43.35892225124,-25.33305133031));
#2074 = CARTESIAN_POINT('',(-42.84081934235,-26.44008568357));
#2075 = CARTESIAN_POINT('',(-42.29608891433,-27.53430170704));
#2076 = CARTESIAN_POINT('',(-41.7248704007,-28.61482224309));
#2077 = CARTESIAN_POINT('',(-41.12732686092,-29.68075297968));
#2078 = CARTESIAN_POINT('',(-39.60241094715,-32.24908845468));
#2079 = CARTESIAN_POINT('',(-38.64661055713,-33.73460927543));
#2080 = CARTESIAN_POINT('',(-37.63681362905,-35.18500761198));
#2081 = CARTESIAN_POINT('',(-36.57372237363,-36.59743892456));
#2082 = CARTESIAN_POINT('',(-35.45819489541,-37.96896898744));
#2083 = CARTESIAN_POINT('',(-34.29126916679,-39.29659265927));
#2084 = CARTESIAN_POINT('',(-33.07418981901,-40.5772550077));
#2085 = CARTESIAN_POINT('',(-30.68130033183,-42.90372731547));
#2086 = CARTESIAN_POINT('',(-29.51556737674,-43.95989780972));
#2087 = CARTESIAN_POINT('',(-28.31229775572,-44.97419763497));
#2088 = CARTESIAN_POINT('',(-27.07270320767,-45.94442640155));
#2089 = CARTESIAN_POINT('',(-25.79816087537,-46.86838860615));
#2090 = CARTESIAN_POINT('',(-24.49022936522,-47.74391513007));
#2091 = CARTESIAN_POINT('',(-23.15066833078,-48.56888959571));
#2092 = CARTESIAN_POINT('',(-19.31117816828,-50.73480382001));
#2093 = CARTESIAN_POINT('',(-16.74350273913,-51.95766687671));
#2094 = CARTESIAN_POINT('',(-14.09101806918,-52.99713560925));
#2095 = CARTESIAN_POINT('',(-11.36774383741,-53.84241171165));
#2096 = CARTESIAN_POINT('',(-8.589145725925,-54.4847220225));
#2097 = CARTESIAN_POINT('',(-5.772180477639,-54.91752634369));
#2098 = CARTESIAN_POINT('',(-2.935424646042,-55.13708283589));
#2099 = CARTESIAN_POINT('',(0.190562092231,-55.1442783872));
#2100 = CARTESIAN_POINT('',(0.480464085594,-55.14271997914));
#2101 = CARTESIAN_POINT('',(0.770352033258,-55.13893575114));
#2102 = CARTESIAN_POINT('',(1.060204890206,-55.13292597179));
#2103 = CARTESIAN_POINT('',(1.350003900629,-55.12469126892));
#2104 = CARTESIAN_POINT('',(1.639728214085,-55.11423261903));
#2105 = CARTESIAN_POINT('',(1.929358471715,-55.10155135554));
#2106 = CARTESIAN_POINT('',(4.759771849082,-54.95586232455));
#2107 = CARTESIAN_POINT('',(7.292515367691,-54.65397596023));
#2108 = CARTESIAN_POINT('',(9.802688015123,-54.18203373742));
#2109 = CARTESIAN_POINT('',(12.277161722468,-53.54346971775));
#2110 = CARTESIAN_POINT('',(14.70393240381,-52.74346404261));
#2111 = CARTESIAN_POINT('',(17.072032074988,-51.7886040292));
#2112 = CARTESIAN_POINT('',(19.371489411485,-50.68673027186));
#2113 = CARTESIAN_POINT('',(22.984428813748,-48.67053619577));
#2114 = CARTESIAN_POINT('',(24.345312811668,-47.84001059727));
#2115 = CARTESIAN_POINT('',(25.673878520061,-46.95737752621));
#2116 = CARTESIAN_POINT('',(26.968279974795,-46.02483497593));
#2117 = CARTESIAN_POINT('',(28.226883963635,-45.04463828097));
#2118 = CARTESIAN_POINT('',(29.448249083053,-44.01907175847));
#2119 = CARTESIAN_POINT('',(30.631108624054,-42.95042566332));
#2120 = CARTESIAN_POINT('',(33.056088059233,-40.59714352489));
#2121 = CARTESIAN_POINT('',(34.288030242031,-39.30202381109));
#2122 = CARTESIAN_POINT('',(35.468646350492,-37.95881039705));
#2123 = CARTESIAN_POINT('',(36.59664673801,-36.57066714743));
#2124 = CARTESIAN_POINT('',(37.670958216673,-35.14070585119));
#2125 = CARTESIAN_POINT('',(38.690695684747,-33.671963876));
#2126 = CARTESIAN_POINT('',(39.655136761275,-32.16738433642));
#2127 = CARTESIAN_POINT('',(41.180428834494,-29.5860905725));
#2128 = CARTESIAN_POINT('',(41.771406170164,-28.52718300505));
#2129 = CARTESIAN_POINT('',(42.336448333812,-27.45396462852));
#2130 = CARTESIAN_POINT('',(42.875397251528,-26.36730845147));
#2131 = CARTESIAN_POINT('',(43.388117629622,-25.26807085024));
#2132 = CARTESIAN_POINT('',(43.874494707763,-24.15709048316));
#2133 = CARTESIAN_POINT('',(44.334432012117,-23.0351872048));
#2134 = CARTESIAN_POINT('',(44.767849108491,-21.9031609802));
#2135 = CARTESIAN_POINT('',(44.915730334984,-21.51691543758));
#2136 = CARTESIAN_POINT('',(45.058061074497,-21.13592456971));
#2137 = CARTESIAN_POINT('',(45.19455916605,-20.76148805923));
#2138 = CARTESIAN_POINT('',(45.325351955611,-20.3939794018));
#2139 = CARTESIAN_POINT('',(45.450891541869,-20.03286255813));
#2140 = CARTESIAN_POINT('',(45.57190763308,-19.67663227882));
#2141 = CARTESIAN_POINT('',(45.689358069335,-19.32280176756));
#2142 = CARTESIAN_POINT('',(45.804361604987,-18.96791528062));
#2143 = CARTESIAN_POINT('',(46.543051795366,-16.68841002756));
#2144 = CARTESIAN_POINT('',(47.177562092313,-14.37529900059));
#2145 = CARTESIAN_POINT('',(47.707481000244,-12.03443484336));
#2146 = CARTESIAN_POINT('',(48.132503526931,-9.671549464455));
#2147 = CARTESIAN_POINT('',(48.452432258252,-7.292252638264));
#2148 = CARTESIAN_POINT('',(48.66716324259,-4.902031662443));
#2149 = CARTESIAN_POINT('',(48.776656443771,-2.506251183457));
#2150 = CARTESIAN_POINT('',(48.783791062916,1.531292394634));
#2151 = CARTESIAN_POINT('',(48.737294217461,3.172830998772));
#2152 = CARTESIAN_POINT('',(48.641398814955,4.812753556742));
#2153 = CARTESIAN_POINT('',(48.496111728445,6.449331167063));
#2154 = CARTESIAN_POINT('',(48.301452804431,8.080815810642));
#2155 = CARTESIAN_POINT('',(48.057458064899,9.705440307323));
#2156 = CARTESIAN_POINT('',(47.764181181062,11.321418398824));
#2157 = CARTESIAN_POINT('',(47.421693218814,12.926944958049));
#2158 = ( GEOMETRIC_REPRESENTATION_CONTEXT(2) 
PARAMETRIC_REPRESENTATION_CONTEXT() REPRESENTATION_CONTEXT('2D SPACE',''
  ) );
#2159 = ORIENTED_EDGE('',*,*,#2160,.T.);
#2160 = EDGE_CURVE('',#1539,#2161,#2163,.T.);
#2161 = VERTEX_POINT('',#2162);
#2162 = CARTESIAN_POINT('',(55.143725274851,45.,1.083743587422E-15));
#2163 = SURFACE_CURVE('',#2164,(#2366,#2571),.PCURVE_S1.);
#2164 = B_SPLINE_CURVE_WITH_KNOTS('',8,(#2165,#2166,#2167,#2168,#2169,
    #2170,#2171,#2172,#2173,#2174,#2175,#2176,#2177,#2178,#2179,#2180,
    #2181,#2182,#2183,#2184,#2185,#2186,#2187,#2188,#2189,#2190,#2191,
    #2192,#2193,#2194,#2195,#2196,#2197,#2198,#2199,#2200,#2201,#2202,
    #2203,#2204,#2205,#2206,#2207,#2208,#2209,#2210,#2211,#2212,#2213,
    #2214,#2215,#2216,#2217,#2218,#2219,#2220,#2221,#2222,#2223,#2224,
    #2225,#2226,#2227,#2228,#2229,#2230,#2231,#2232,#2233,#2234,#2235,
    #2236,#2237,#2238,#2239,#2240,#2241,#2242,#2243,#2244,#2245,#2246,
    #2247,#2248,#2249,#2250,#2251,#2252,#2253,#2254,#2255,#2256,#2257,
    #2258,#2259,#2260,#2261,#2262,#2263,#2264,#2265,#2266,#2267,#2268,
    #2269,#2270,#2271,#2272,#2273,#2274,#2275,#2276,#2277,#2278,#2279,
    #2280,#2281,#2282,#2283,#2284,#2285,#2286,#2287,#2288,#2289,#2290,
    #2291,#2292,#2293,#2294,#2295,#2296,#2297,#2298,#2299,#2300,#2301,
    #2302,#2303,#2304,#2305,#2306,#2307,#2308,#2309,#2310,#2311,#2312,
    #2313,#2314,#2315,#2316,#2317,#2318,#2319,#2320,#2321,#2322,#2323,
    #2324,#2325,#2326,#2327,#2328,#2329,#2330,#2331,#2332,#2333,#2334,
    #2335,#2336,#2337,#2338,#2339,#2340,#2341,#2342,#2343,#2344,#2345,
    #2346,#2347,#2348,#2349,#2350,#2351,#2352,#2353,#2354,#2355,#2356,
    #2357,#2358,#2359,#2360,#2361,#2362,#2363,#2364,#2365),
  .UNSPECIFIED.,.T.,.F.,(9,7,7,7,7,7,7,7,7,7,7,7,7,7,8,7,7,7,7,7,7,7,7,7
    ,7,8,8,7,9),(0.,1.152342379798E-02,2.056568228421E-02,
    2.77471398526E-02,4.081184681537E-02,4.154096983426E-02,
    5.447257247425E-02,6.195193914027E-02,7.031364874403E-02,
    7.601290409122E-02,8.006948837562E-02,8.97479520051E-02,
    9.598642310628E-02,9.925714942984E-02,0.100946822589,0.112470246387,
    0.12619079008,0.195650421246,0.296021915003,0.385401550657,
    0.54665769633,0.563149895905,0.707881676708,0.798500656365,
    0.90009635193,0.969059073192,0.98058249699,0.992105920788,1.),
  .UNSPECIFIED.);
#2165 = CARTESIAN_POINT('',(12.926944958049,45.,-47.42169321881));
#2166 = CARTESIAN_POINT('',(15.291101855583,45.,-46.91737549842));
#2167 = CARTESIAN_POINT('',(17.632473684054,45.,-46.30638075613));
#2168 = CARTESIAN_POINT('',(19.945378170828,45.,-45.58893668245));
#2169 = CARTESIAN_POINT('',(22.223824365408,45.,-44.76538437401));
#2170 = CARTESIAN_POINT('',(24.461540619983,45.,-43.83624944009));
#2171 = CARTESIAN_POINT('',(26.651999205244,45.,-42.80230417045));
#2172 = CARTESIAN_POINT('',(28.788437561477,45.,-41.66462076471));
#2173 = CARTESIAN_POINT('',(32.492432542834,45.,-39.45160768142));
#2174 = CARTESIAN_POINT('',(34.083363727914,45.,-38.41563831888));
#2175 = CARTESIAN_POINT('',(35.633272872425,45.,-37.31741827356));
#2176 = CARTESIAN_POINT('',(37.138618859511,45.,-36.15784024516));
#2177 = CARTESIAN_POINT('',(38.595740527702,45.,-34.93800920199));
#2178 = CARTESIAN_POINT('',(40.000884876433,45.,-33.65927734491));
#2179 = CARTESIAN_POINT('',(41.35023927256,45.,-32.32328372802));
#2180 = CARTESIAN_POINT('',(43.664283785265,45.,-29.82702495931));
#2181 = CARTESIAN_POINT('',(44.650989793224,45.,-28.68717554865));
#2182 = CARTESIAN_POINT('',(45.598152339309,45.,-27.51345019049));
#2183 = CARTESIAN_POINT('',(46.503835450991,45.,-26.30698198601));
#2184 = CARTESIAN_POINT('',(47.366114571549,45.,-25.06904739062));
#2185 = CARTESIAN_POINT('',(48.183094636757,45.,-23.80107917017));
#2186 = CARTESIAN_POINT('',(48.952932182401,45.,-22.50468217418));
#2187 = CARTESIAN_POINT('',(50.985396581092,45.,-18.77475829078));
#2188 = CARTESIAN_POINT('',(52.135488252353,45.,-16.27894163943));
#2189 = CARTESIAN_POINT('',(53.112838286564,45.,-13.70582134122));
#2190 = CARTESIAN_POINT('',(53.907889262787,45.,-11.068254902));
#2191 = CARTESIAN_POINT('',(54.512895916921,45.,-8.380344349269));
#2192 = CARTESIAN_POINT('',(54.922103364174,45.,-5.657473675633));
#2193 = CARTESIAN_POINT('',(55.132219434773,45.,-2.916413832894));
#2194 = CARTESIAN_POINT('',(55.143990171101,45.,-2.267298980613E-02));
#2195 = CARTESIAN_POINT('',(55.143993135523,45.,0.130188223206));
#2196 = CARTESIAN_POINT('',(55.143377254216,45.,0.283049050513));
#2197 = CARTESIAN_POINT('',(55.142142533903,45.,0.435906636727));
#2198 = CARTESIAN_POINT('',(55.140289008659,45.,0.588758090979));
#2199 = CARTESIAN_POINT('',(55.137816739911,45.,0.741600486913));
#2200 = CARTESIAN_POINT('',(55.134725816439,45.,0.894430862688));
#2201 = CARTESIAN_POINT('',(55.065204004986,45.,3.758468573639));
#2202 = CARTESIAN_POINT('',(54.804669872653,45.,6.465876412899));
#2203 = CARTESIAN_POINT('',(54.349879675913,45.,9.151754342592));
#2204 = CARTESIAN_POINT('',(53.704513833846,45.,11.800005991472));
#2205 = CARTESIAN_POINT('',(52.87455436778,45.,14.395936001679));
#2206 = CARTESIAN_POINT('',(51.867825782861,45.,16.92613873573));
#2207 = CARTESIAN_POINT('',(50.693808369846,45.,19.37845422263));
#2208 = CARTESIAN_POINT('',(48.594144814425,45.,23.1089489722));
#2209 = CARTESIAN_POINT('',(47.772345816974,45.,24.446471019708));
#2210 = CARTESIAN_POINT('',(46.900162886897,45.,25.75254339457));
#2211 = CARTESIAN_POINT('',(45.979697252411,45.,27.025413888914));
#2212 = CARTESIAN_POINT('',(45.013102892896,45.,28.263529836156));
#2213 = CARTESIAN_POINT('',(44.002560386229,45.,29.465518733193));
#2214 = CARTESIAN_POINT('',(42.950255568671,45.,30.630172347285));
#2215 = CARTESIAN_POINT('',(40.637659657859,45.,33.015561621819));
#2216 = CARTESIAN_POINT('',(39.367476607999,45.,34.226704742049));
#2217 = CARTESIAN_POINT('',(38.050834737387,45.,35.388405564926));
#2218 = CARTESIAN_POINT('',(36.690729463594,45.,36.499437150804));
#2219 = CARTESIAN_POINT('',(35.290107733425,45.,37.558774881465));
#2220 = CARTESIAN_POINT('',(33.851847288535,45.,38.565570346975));
#2221 = CARTESIAN_POINT('',(32.378738205318,45.,39.519127961766));
#2222 = CARTESIAN_POINT('',(29.847487890108,45.,41.032149683957));
#2223 = CARTESIAN_POINT('',(28.806575146434,45.,41.620416156893));
#2224 = CARTESIAN_POINT('',(27.75158179116,45.,42.183504272481));
#2225 = CARTESIAN_POINT('',(26.683345981917,45.,42.721258798015));
#2226 = CARTESIAN_POINT('',(25.602689622809,45.,43.233546511352));
#2227 = CARTESIAN_POINT('',(24.510417266366,45.,43.720253987957));
#2228 = CARTESIAN_POINT('',(23.40731501548,45.,44.181285387944));
#2229 = CARTESIAN_POINT('',(21.501833347253,45.,44.926375290744));
#2230 = CARTESIAN_POINT('',(20.704420685637,45.,45.223140609184));
#2231 = CARTESIAN_POINT('',(19.902188906354,45.,45.506827482171));
#2232 = CARTESIAN_POINT('',(19.095411865907,45.,45.777410085043));
#2233 = CARTESIAN_POINT('',(18.284359811459,45.,46.034865484741));
#2234 = CARTESIAN_POINT('',(17.469299380836,45.,46.279173639808));
#2235 = CARTESIAN_POINT('',(16.650493602524,45.,46.510317400393));
#2236 = CARTESIAN_POINT('',(13.866297951673,45.,47.248324574549));
#2237 = CARTESIAN_POINT('',(11.884590843637,45.,47.693333903648));
#2238 = CARTESIAN_POINT('',(9.886558734475,45.,48.063126049509));
#2239 = CARTESIAN_POINT('',(7.875627746228,45.,48.357563701053));
#2240 = CARTESIAN_POINT('',(5.855171044694,45.,48.57655777775));
#2241 = CARTESIAN_POINT('',(3.828508126683,45.,48.720062372577));
#2242 = CARTESIAN_POINT('',(1.798904309879,45.,48.78806354235));
#2243 = CARTESIAN_POINT('',(-1.538484317567,45.,48.775726569417));
#2244 = CARTESIAN_POINT('',(-2.846406900854,45.,48.739521915152));
#2245 = CARTESIAN_POINT('',(-4.153329024793,45.,48.671949488812));
#2246 = CARTESIAN_POINT('',(-5.458376624657,45.,48.573015022953));
#2247 = CARTESIAN_POINT('',(-6.760669725174,45.,48.442729032709));
#2248 = CARTESIAN_POINT('',(-8.05932229497,45.,48.281107372008));
#2249 = CARTESIAN_POINT('',(-9.353442100999,45.,48.088171789785));
#2250 = CARTESIAN_POINT('',(-11.31777264557,45.,47.746394203158));
#2251 = CARTESIAN_POINT('',(-11.99192038896,45.,47.620238505211));
#2252 = CARTESIAN_POINT('',(-12.66444360517,45.,47.485487448158));
#2253 = CARTESIAN_POINT('',(-13.33521097235,45.,47.342145831539));
#2254 = CARTESIAN_POINT('',(-14.00409003476,45.,47.190219198626));
#2255 = CARTESIAN_POINT('',(-14.6709472028,45.,47.029713836425));
#2256 = CARTESIAN_POINT('',(-15.335647753,45.,46.860636775677));
#2257 = CARTESIAN_POINT('',(-16.34025852024,45.,46.591225948853));
#2258 = CARTESIAN_POINT('',(-16.68376619354,45.,46.496656072214));
#2259 = CARTESIAN_POINT('',(-17.0286394539,45.,46.399218639548));
#2260 = CARTESIAN_POINT('',(-17.3749395263,45.,46.298841168043));
#2261 = CARTESIAN_POINT('',(-17.7227282547,45.,46.195446213462));
#2262 = CARTESIAN_POINT('',(-18.07206810209,45.,46.088951370149));
#2263 = CARTESIAN_POINT('',(-18.42302215045,45.,45.979269271024));
#2264 = CARTESIAN_POINT('',(-18.77565410077,45.,45.866307587586));
#2265 = CARTESIAN_POINT('',(-18.95439057396,45.,45.809051267634));
#2266 = CARTESIAN_POINT('',(-19.1329228997,45.,45.751155728707));
#2267 = CARTESIAN_POINT('',(-19.31124793764,45.,45.692621286337));
#2268 = CARTESIAN_POINT('',(-19.48936268238,45.,45.633448212816));
#2269 = CARTESIAN_POINT('',(-19.66726426339,45.,45.573636737195));
#2270 = CARTESIAN_POINT('',(-19.84494994508,45.,45.513187045285));
#2271 = CARTESIAN_POINT('',(-20.02241712675,45.,45.452099279653));
#2272 = CARTESIAN_POINT('',(-20.41066398736,45.,45.316892993537));
#2273 = CARTESIAN_POINT('',(-20.62357645878,45.,45.241733172016));
#2274 = CARTESIAN_POINT('',(-20.83844052725,45.,45.164841993425));
#2275 = CARTESIAN_POINT('',(-21.05529741869,45.,45.086164287394));
#2276 = CARTESIAN_POINT('',(-21.27418981462,45.,45.005641794819));
#2277 = CARTESIAN_POINT('',(-21.49516185212,45.,44.923213167867));
#2278 = CARTESIAN_POINT('',(-21.71825912387,45.,44.838813969972));
#2279 = CARTESIAN_POINT('',(-23.08394367182,45.,44.314791838283));
#2280 = CARTESIAN_POINT('',(-24.21405751364,45.,43.850279488576));
#2281 = CARTESIAN_POINT('',(-25.33305133031,45.,43.35892225124));
#2282 = CARTESIAN_POINT('',(-26.44008568357,45.,42.840819342353));
#2283 = CARTESIAN_POINT('',(-27.53430170704,45.,42.296088914331));
#2284 = CARTESIAN_POINT('',(-28.61482224309,45.,41.724870400707));
#2285 = CARTESIAN_POINT('',(-29.68075297968,45.,41.12732686092));
#2286 = CARTESIAN_POINT('',(-32.24908845468,45.,39.602410947151));
#2287 = CARTESIAN_POINT('',(-33.73460927543,45.,38.646610557135));
#2288 = CARTESIAN_POINT('',(-35.18500761198,45.,37.636813629059));
#2289 = CARTESIAN_POINT('',(-36.59743892456,45.,36.573722373639));
#2290 = CARTESIAN_POINT('',(-37.96896898744,45.,35.458194895417));
#2291 = CARTESIAN_POINT('',(-39.29659265927,45.,34.291269166799));
#2292 = CARTESIAN_POINT('',(-40.5772550077,45.,33.074189819013));
#2293 = CARTESIAN_POINT('',(-42.90372731547,45.,30.681300331834));
#2294 = CARTESIAN_POINT('',(-43.95989780972,45.,29.515567376743));
#2295 = CARTESIAN_POINT('',(-44.97419763497,45.,28.31229775572));
#2296 = CARTESIAN_POINT('',(-45.94442640155,45.,27.072703207673));
#2297 = CARTESIAN_POINT('',(-46.86838860615,45.,25.798160875376));
#2298 = CARTESIAN_POINT('',(-47.74391513007,45.,24.490229365222));
#2299 = CARTESIAN_POINT('',(-48.56888959571,45.,23.150668330789));
#2300 = CARTESIAN_POINT('',(-50.73480382001,45.,19.31117816828));
#2301 = CARTESIAN_POINT('',(-51.95766687671,45.,16.743502739137));
#2302 = CARTESIAN_POINT('',(-52.99713560925,45.,14.091018069184));
#2303 = CARTESIAN_POINT('',(-53.84241171165,45.,11.367743837413));
#2304 = CARTESIAN_POINT('',(-54.4847220225,45.,8.589145725925));
#2305 = CARTESIAN_POINT('',(-54.91752634369,45.,5.772180477639));
#2306 = CARTESIAN_POINT('',(-55.13708283589,45.,2.935424646042));
#2307 = CARTESIAN_POINT('',(-55.1442783872,45.,-0.190562092231));
#2308 = CARTESIAN_POINT('',(-55.14271997914,45.,-0.480464085594));
#2309 = CARTESIAN_POINT('',(-55.13893575114,45.,-0.770352033258));
#2310 = CARTESIAN_POINT('',(-55.13292597179,45.,-1.060204890206));
#2311 = CARTESIAN_POINT('',(-55.12469126892,45.,-1.350003900629));
#2312 = CARTESIAN_POINT('',(-55.11423261903,45.,-1.639728214085));
#2313 = CARTESIAN_POINT('',(-55.10155135554,45.,-1.929358471715));
#2314 = CARTESIAN_POINT('',(-54.95586232455,45.,-4.759771849082));
#2315 = CARTESIAN_POINT('',(-54.65397596023,45.,-7.292515367691));
#2316 = CARTESIAN_POINT('',(-54.18203373742,45.,-9.802688015123));
#2317 = CARTESIAN_POINT('',(-53.54346971775,45.,-12.27716172246));
#2318 = CARTESIAN_POINT('',(-52.74346404261,45.,-14.70393240381));
#2319 = CARTESIAN_POINT('',(-51.7886040292,45.,-17.07203207498));
#2320 = CARTESIAN_POINT('',(-50.68673027186,45.,-19.37148941148));
#2321 = CARTESIAN_POINT('',(-48.67053619577,45.,-22.98442881374));
#2322 = CARTESIAN_POINT('',(-47.84001059727,45.,-24.34531281166));
#2323 = CARTESIAN_POINT('',(-46.95737752621,45.,-25.67387852006));
#2324 = CARTESIAN_POINT('',(-46.02483497593,45.,-26.96827997479));
#2325 = CARTESIAN_POINT('',(-45.04463828097,45.,-28.22688396363));
#2326 = CARTESIAN_POINT('',(-44.01907175847,45.,-29.44824908305));
#2327 = CARTESIAN_POINT('',(-42.95042566332,45.,-30.63110862405));
#2328 = CARTESIAN_POINT('',(-40.59714352489,45.,-33.05608805923));
#2329 = CARTESIAN_POINT('',(-39.30202381109,45.,-34.28803024203));
#2330 = CARTESIAN_POINT('',(-37.95881039705,45.,-35.46864635049));
#2331 = CARTESIAN_POINT('',(-36.57066714743,45.,-36.59664673801));
#2332 = CARTESIAN_POINT('',(-35.14070585119,45.,-37.67095821667));
#2333 = CARTESIAN_POINT('',(-33.671963876,45.,-38.69069568474));
#2334 = CARTESIAN_POINT('',(-32.16738433642,45.,-39.65513676127));
#2335 = CARTESIAN_POINT('',(-29.5860905725,45.,-41.18042883449));
#2336 = CARTESIAN_POINT('',(-28.52718300505,45.,-41.77140617016));
#2337 = CARTESIAN_POINT('',(-27.45396462852,45.,-42.33644833381));
#2338 = CARTESIAN_POINT('',(-26.36730845147,45.,-42.87539725152));
#2339 = CARTESIAN_POINT('',(-25.26807085024,45.,-43.38811762962));
#2340 = CARTESIAN_POINT('',(-24.15709048316,45.,-43.87449470776));
#2341 = CARTESIAN_POINT('',(-23.0351872048,45.,-44.33443201211));
#2342 = CARTESIAN_POINT('',(-21.9031609802,45.,-44.76784910849));
#2343 = CARTESIAN_POINT('',(-21.51691543758,45.,-44.91573033498));
#2344 = CARTESIAN_POINT('',(-21.13592456971,45.,-45.05806107449));
#2345 = CARTESIAN_POINT('',(-20.76148805923,45.,-45.19455916605));
#2346 = CARTESIAN_POINT('',(-20.3939794018,45.,-45.32535195561));
#2347 = CARTESIAN_POINT('',(-20.03286255813,45.,-45.45089154186));
#2348 = CARTESIAN_POINT('',(-19.67663227882,45.,-45.57190763308));
#2349 = CARTESIAN_POINT('',(-19.32280176756,45.,-45.68935806933));
#2350 = CARTESIAN_POINT('',(-18.96791528062,45.,-45.80436160498));
#2351 = CARTESIAN_POINT('',(-16.68841002756,45.,-46.54305179536));
#2352 = CARTESIAN_POINT('',(-14.37529900059,45.,-47.17756209231));
#2353 = CARTESIAN_POINT('',(-12.03443484336,45.,-47.70748100024));
#2354 = CARTESIAN_POINT('',(-9.671549464455,45.,-48.13250352693));
#2355 = CARTESIAN_POINT('',(-7.292252638264,45.,-48.45243225825));
#2356 = CARTESIAN_POINT('',(-4.902031662443,45.,-48.66716324259));
#2357 = CARTESIAN_POINT('',(-2.506251183457,45.,-48.77665644377));
#2358 = CARTESIAN_POINT('',(1.531292394634,45.,-48.78379106291));
#2359 = CARTESIAN_POINT('',(3.172830998772,45.,-48.73729421746));
#2360 = CARTESIAN_POINT('',(4.812753556742,45.,-48.64139881495));
#2361 = CARTESIAN_POINT('',(6.449331167063,45.,-48.49611172844));
#2362 = CARTESIAN_POINT('',(8.080815810642,45.,-48.30145280443));
#2363 = CARTESIAN_POINT('',(9.705440307323,45.,-48.05745806489));
#2364 = CARTESIAN_POINT('',(11.321418398824,45.,-47.76418118106));
#2365 = CARTESIAN_POINT('',(12.926944958049,45.,-47.42169321881));
#2366 = PCURVE('',#34,#2367);
#2367 = DEFINITIONAL_REPRESENTATION('',(#2368),#2570);
#2368 = B_SPLINE_CURVE_WITH_KNOTS('',8,(#2369,#2370,#2371,#2372,#2373,
    #2374,#2375,#2376,#2377,#2378,#2379,#2380,#2381,#2382,#2383,#2384,
    #2385,#2386,#2387,#2388,#2389,#2390,#2391,#2392,#2393,#2394,#2395,
    #2396,#2397,#2398,#2399,#2400,#2401,#2402,#2403,#2404,#2405,#2406,
    #2407,#2408,#2409,#2410,#2411,#2412,#2413,#2414,#2415,#2416,#2417,
    #2418,#2419,#2420,#2421,#2422,#2423,#2424,#2425,#2426,#2427,#2428,
    #2429,#2430,#2431,#2432,#2433,#2434,#2435,#2436,#2437,#2438,#2439,
    #2440,#2441,#2442,#2443,#2444,#2445,#2446,#2447,#2448,#2449,#2450,
    #2451,#2452,#2453,#2454,#2455,#2456,#2457,#2458,#2459,#2460,#2461,
    #2462,#2463,#2464,#2465,#2466,#2467,#2468,#2469,#2470,#2471,#2472,
    #2473,#2474,#2475,#2476,#2477,#2478,#2479,#2480,#2481,#2482,#2483,
    #2484,#2485,#2486,#2487,#2488,#2489,#2490,#2491,#2492,#2493,#2494,
    #2495,#2496,#2497,#2498,#2499,#2500,#2501,#2502,#2503,#2504,#2505,
    #2506,#2507,#2508,#2509,#2510,#2511,#2512,#2513,#2514,#2515,#2516,
    #2517,#2518,#2519,#2520,#2521,#2522,#2523,#2524,#2525,#2526,#2527,
    #2528,#2529,#2530,#2531,#2532,#2533,#2534,#2535,#2536,#2537,#2538,
    #2539,#2540,#2541,#2542,#2543,#2544,#2545,#2546,#2547,#2548,#2549,
    #2550,#2551,#2552,#2553,#2554,#2555,#2556,#2557,#2558,#2559,#2560,
    #2561,#2562,#2563,#2564,#2565,#2566,#2567,#2568,#2569),
  .UNSPECIFIED.,.T.,.F.,(9,7,7,7,7,7,7,7,7,7,7,7,7,7,8,7,7,7,7,7,7,7,7,7
    ,7,8,8,7,9),(0.,1.152342379798E-02,2.056568228421E-02,
    2.77471398526E-02,4.081184681537E-02,4.154096983426E-02,
    5.447257247425E-02,6.195193914027E-02,7.031364874403E-02,
    7.601290409122E-02,8.006948837562E-02,8.97479520051E-02,
    9.598642310628E-02,9.925714942984E-02,0.100946822589,0.112470246387,
    0.12619079008,0.195650421246,0.296021915003,0.385401550657,
    0.54665769633,0.563149895905,0.707881676708,0.798500656365,
    0.90009635193,0.969059073192,0.98058249699,0.992105920788,1.),
  .UNSPECIFIED.);
#2369 = CARTESIAN_POINT('',(1.196495401287,-0.960638772924));
#2370 = CARTESIAN_POINT('',(1.14152504396,-0.945810067468));
#2371 = CARTESIAN_POINT('',(1.090235719859,-0.928251582762));
#2372 = CARTESIAN_POINT('',(1.042798356994,-0.908228536505));
#2373 = CARTESIAN_POINT('',(0.999160797318,-0.886023105072));
#2374 = CARTESIAN_POINT('',(0.959141277359,-0.861896149311));
#2375 = CARTESIAN_POINT('',(0.92249851759,-0.836066283526));
#2376 = CARTESIAN_POINT('',(0.888978420514,-0.808706287648));
#2377 = CARTESIAN_POINT('',(0.834293794158,-0.757397633958));
#2378 = CARTESIAN_POINT('',(0.812023536259,-0.733983332629));
#2379 = CARTESIAN_POINT('',(0.791407816653,-0.709781388564));
#2380 = CARTESIAN_POINT('',(0.772332255219,-0.684845842457));
#2381 = CARTESIAN_POINT('',(0.754690788411,-0.659219058043));
#2382 = CARTESIAN_POINT('',(0.738387805259,-0.632933476512));
#2383 = CARTESIAN_POINT('',(0.723338509852,-0.60601341303));
#2384 = CARTESIAN_POINT('',(0.698451026958,-0.556607095222));
#2385 = CARTESIAN_POINT('',(0.688177836777,-0.53434845461));
#2386 = CARTESIAN_POINT('',(0.678610418148,-0.511710226945));
#2387 = CARTESIAN_POINT('',(0.669715170095,-0.488699148155));
#2388 = CARTESIAN_POINT('',(0.66146222748,-0.465319871043));
#2389 = CARTESIAN_POINT('',(0.653825244436,-0.441575454961));
#2390 = CARTESIAN_POINT('',(0.646781145985,-0.417467910799));
#2391 = CARTESIAN_POINT('',(0.62853707385,-0.34848392037));
#2392 = CARTESIAN_POINT('',(0.618656285626,-0.302757988801));
#2393 = CARTESIAN_POINT('',(0.610552957722,-0.255846085432));
#2394 = CARTESIAN_POINT('',(0.604136525886,-0.207750978002));
#2395 = CARTESIAN_POINT('',(0.599341961465,-0.158463497842));
#2396 = CARTESIAN_POINT('',(0.596129291509,-0.107970268736));
#2397 = CARTESIAN_POINT('',(0.594480467834,-5.626737977275E-02));
#2398 = CARTESIAN_POINT('',(0.594388109105,-4.375008357672E-04));
#2399 = CARTESIAN_POINT('',(0.594388085927,2.514768377157E-03));
#2400 = CARTESIAN_POINT('',(0.594392918581,5.465197882296E-03));
#2401 = CARTESIAN_POINT('',(0.594402607129,8.411784919351E-03));
#2402 = CARTESIAN_POINT('',(0.594417151822,1.135354171265E-02));
#2403 = CARTESIAN_POINT('',(0.594436553104,1.429049547113E-02));
#2404 = CARTESIAN_POINT('',(0.594460811607,1.722368838838E-02));
#2405 = CARTESIAN_POINT('',(0.595006501824,7.214757396437E-02));
#2406 = CARTESIAN_POINT('',(0.597052465628,0.122986894956));
#2407 = CARTESIAN_POINT('',(0.60063371987,0.172642554523));
#2408 = CARTESIAN_POINT('',(0.605771506764,0.221118763063));
#2409 = CARTESIAN_POINT('',(0.612508372506,0.268428209071));
#2410 = CARTESIAN_POINT('',(0.620911203367,0.314579255676));
#2411 = CARTESIAN_POINT('',(0.631071900115,0.359568685612));
#2412 = CARTESIAN_POINT('',(0.650066668103,0.428706960298));
#2413 = CARTESIAN_POINT('',(0.657655047368,0.453649511632));
#2414 = CARTESIAN_POINT('',(0.665894951574,0.478197681243));
#2415 = CARTESIAN_POINT('',(0.674813516,0.502348834536));
#2416 = CARTESIAN_POINT('',(0.684441805677,0.526098981938));
#2417 = CARTESIAN_POINT('',(0.694815119383,0.549442117129));
#2418 = CARTESIAN_POINT('',(0.705973244463,0.572369614773));
#2419 = CARTESIAN_POINT('',(0.731362248263,0.620024095795));
#2420 = CARTESIAN_POINT('',(0.745800275988,0.644644290034));
#2421 = CARTESIAN_POINT('',(0.761337232913,0.668714112412));
#2422 = CARTESIAN_POINT('',(0.778042617016,0.692212421726));
#2423 = CARTESIAN_POINT('',(0.795993749632,0.715111836038));
#2424 = CARTESIAN_POINT('',(0.815275392966,0.737377515161));
#2425 = CARTESIAN_POINT('',(0.835978172471,0.758965983178));
#2426 = CARTESIAN_POINT('',(0.873339083719,0.794040626576));
#2427 = CARTESIAN_POINT('',(0.88918611348,0.80791776663));
#2428 = CARTESIAN_POINT('',(0.905766132873,0.821438640776));
#2429 = CARTESIAN_POINT('',(0.923109311568,0.834584147216));
#2430 = CARTESIAN_POINT('',(0.941245639684,0.847332878526));
#2431 = CARTESIAN_POINT('',(0.960203818049,0.859661147426));
#2432 = CARTESIAN_POINT('',(0.980010148474,0.871543012551));
#2433 = CARTESIAN_POINT('',(1.015405047796,0.891069600426));
#2434 = CARTESIAN_POINT('',(1.030563224064,0.898948646836));
#2435 = CARTESIAN_POINT('',(1.046170831645,0.906577106444));
#2436 = CARTESIAN_POINT('',(1.062234957792,0.913944297896));
#2437 = CARTESIAN_POINT('',(1.078760898198,0.921039195486));
#2438 = CARTESIAN_POINT('',(1.095752156998,0.927850429156));
#2439 = CARTESIAN_POINT('',(1.11321044676,0.9343662845));
#2440 = CARTESIAN_POINT('',(1.17390269789,0.955387737401));
#2441 = CARTESIAN_POINT('',(1.219324999541,0.968450429386));
#2442 = CARTESIAN_POINT('',(1.267386585115,0.979606506394));
#2443 = CARTESIAN_POINT('',(1.317997459139,0.988690582424));
#2444 = CARTESIAN_POINT('',(1.370941665471,0.995554213522));
#2445 = CARTESIAN_POINT('',(1.425864041098,1.000086793312));
#2446 = CARTESIAN_POINT('',(1.482295697284,1.002231288314));
#2447 = CARTESIAN_POINT('',(1.576731208994,1.001842167351));
#2448 = CARTESIAN_POINT('',(1.614155978212,1.000700229112));
#2449 = CARTESIAN_POINT('',(1.65185284431,0.998569321147));
#2450 = CARTESIAN_POINT('',(1.689674340193,0.995461040851));
#2451 = CARTESIAN_POINT('',(1.72747152468,0.991396520895));
#2452 = CARTESIAN_POINT('',(1.765100284111,0.986404689925));
#2453 = CARTESIAN_POINT('',(1.802427633953,0.980520533257));
#2454 = CARTESIAN_POINT('',(1.858689517614,0.970251148077));
#2455 = CARTESIAN_POINT('',(1.877926245871,0.966484281571));
#2456 = CARTESIAN_POINT('',(1.897031171715,0.962488523807));
#2457 = CARTESIAN_POINT('',(1.915988501662,0.958269755068));
#2458 = CARTESIAN_POINT('',(1.934783682221,0.953833966174));
#2459 = CARTESIAN_POINT('',(1.953403399886,0.949187258477));
#2460 = CARTESIAN_POINT('',(1.971835581145,0.944335843863));
#2461 = CARTESIAN_POINT('',(1.999489063692,0.936677277389));
#2462 = CARTESIAN_POINT('',(2.008908564476,0.934000915324));
#2463 = CARTESIAN_POINT('',(2.018327888341,0.931256082545));
#2464 = CARTESIAN_POINT('',(2.027747028153,0.928441825163));
#2465 = CARTESIAN_POINT('',(2.037165976132,0.925557111407));
#2466 = CARTESIAN_POINT('',(2.046584723847,0.922600831627));
#2467 = CARTESIAN_POINT('',(2.056003262221,0.91957179829));
#2468 = CARTESIAN_POINT('',(2.065421581527,0.916468745983));
#2469 = CARTESIAN_POINT('',(2.070200461726,0.914895918884));
#2470 = CARTESIAN_POINT('',(2.074951481411,0.913309663088));
#2471 = CARTESIAN_POINT('',(2.079686200034,0.911710102799));
#2472 = CARTESIAN_POINT('',(2.084410046381,0.910097359972));
#2473 = CARTESIAN_POINT('',(2.089122318571,0.908471554307));
#2474 = CARTESIAN_POINT('',(2.093816184055,0.906832803254));
#2475 = CARTESIAN_POINT('',(2.098478679619,0.905181222013));
#2476 = CARTESIAN_POINT('',(2.108582235925,0.901535680978));
#2477 = CARTESIAN_POINT('',(2.114073527472,0.899515519419));
#2478 = CARTESIAN_POINT('',(2.119564575363,0.897455449263));
#2479 = CARTESIAN_POINT('',(2.125055368186,0.895354429815));
#2480 = CARTESIAN_POINT('',(2.130545893782,0.893211369269));
#2481 = CARTESIAN_POINT('',(2.136036139239,0.891025124714));
#2482 = CARTESIAN_POINT('',(2.141526090897,0.88879450213));
#2483 = CARTESIAN_POINT('',(2.174806817592,0.874994894018));
#2484 = CARTESIAN_POINT('',(2.200981966915,0.862968715819));
#2485 = CARTESIAN_POINT('',(2.225646936953,0.850470229201));
#2486 = CARTESIAN_POINT('',(2.248901745331,0.8375275506));
#2487 = CARTESIAN_POINT('',(2.270840321994,0.824166359152));
#2488 = CARTESIAN_POINT('',(2.29155015852,0.810409850365));
#2489 = CARTESIAN_POINT('',(2.311111957444,0.796278689802));
#2490 = CARTESIAN_POINT('',(2.356314131751,0.760855782272));
#2491 = CARTESIAN_POINT('',(2.380785394702,0.739176412262));
#2492 = CARTESIAN_POINT('',(2.403236751364,0.71680778745));
#2493 = CARTESIAN_POINT('',(2.423862268294,0.693794752523));
#2494 = CARTESIAN_POINT('',(2.442829605787,0.670173230494));
#2495 = CARTESIAN_POINT('',(2.460283229048,0.645971433966));
#2496 = CARTESIAN_POINT('',(2.476347622443,0.621211123319));
#2497 = CARTESIAN_POINT('',(2.504294483946,0.573377585303));
#2498 = CARTESIAN_POINT('',(2.516442230366,0.550416549676));
#2499 = CARTESIAN_POINT('',(2.527649557373,0.527037763556));
#2500 = CARTESIAN_POINT('',(2.53798164822,0.50324998215));
#2501 = CARTESIAN_POINT('',(2.54749459605,0.479059306766));
#2502 = CARTESIAN_POINT('',(2.556236692027,0.454469793894));
#2503 = CARTESIAN_POINT('',(2.564249463654,0.429484123836));
#2504 = CARTESIAN_POINT('',(2.584773203653,0.358314843031));
#2505 = CARTESIAN_POINT('',(2.595724419671,0.311225850462));
#2506 = CARTESIAN_POINT('',(2.604622756678,0.262867498766));
#2507 = CARTESIAN_POINT('',(2.611617486838,0.213243511477));
#2508 = CARTESIAN_POINT('',(2.616812922625,0.162343533261));
#2509 = CARTESIAN_POINT('',(2.620273295782,0.110151877856));
#2510 = CARTESIAN_POINT('',(2.622028153483,5.66635175828E-02));
#2511 = CARTESIAN_POINT('',(2.622085657056,-3.680836316276E-03));
#2512 = CARTESIAN_POINT('',(2.622073201348,-9.281584526288E-03));
#2513 = CARTESIAN_POINT('',(2.622042956993,-1.484351039429E-02));
#2514 = CARTESIAN_POINT('',(2.621994921169,-2.042385545349E-02));
#2515 = CARTESIAN_POINT('',(2.621929087653,-2.596165293255E-02));
#2516 = CARTESIAN_POINT('',(2.621845446665,-3.150542107258E-02));
#2517 = CARTESIAN_POINT('',(2.621743985005,-3.702690856599E-02));
#2518 = CARTESIAN_POINT('',(2.62057767856,-9.089833637829E-02));
#2519 = CARTESIAN_POINT('',(2.618156468018,-0.13824066032));
#2520 = CARTESIAN_POINT('',(2.614349064534,-0.18454344891));
#2521 = CARTESIAN_POINT('',(2.609124894574,-0.22980994314));
#2522 = CARTESIAN_POINT('',(2.602430245479,-0.274049517888));
#2523 = CARTESIAN_POINT('',(2.594184862135,-0.317268353696));
#2524 = CARTESIAN_POINT('',(2.584278620783,-0.359463899403));
#2525 = CARTESIAN_POINT('',(2.565234496665,-0.426385265469));
#2526 = CARTESIAN_POINT('',(2.557193068935,-0.451747981777));
#2527 = CARTESIAN_POINT('',(2.548406449369,-0.476704104897));
#2528 = CARTESIAN_POINT('',(2.538831923504,-0.50125095549));
#2529 = CARTESIAN_POINT('',(2.528419704129,-0.525384434474));
#2530 = CARTESIAN_POINT('',(2.517111831769,-0.549098307131));
#2531 = CARTESIAN_POINT('',(2.504840806458,-0.57238355342));
#2532 = CARTESIAN_POINT('',(2.476602493794,-0.620839141546));
#2533 = CARTESIAN_POINT('',(2.460367568461,-0.64589617454));
#2534 = CARTESIAN_POINT('',(2.442711913764,-0.670381771592));
#2535 = CARTESIAN_POINT('',(2.423506757527,-0.69427344671));
#2536 = CARTESIAN_POINT('',(2.402602398004,-0.717541953887));
#2537 = CARTESIAN_POINT('',(2.379824796348,-0.740149953231));
#2538 = CARTESIAN_POINT('',(2.354972179984,-0.762050729122));
#2539 = CARTESIAN_POINT('',(2.309375242593,-0.797534184391));
#2540 = CARTESIAN_POINT('',(2.289875416058,-0.811528963628));
#2541 = CARTESIAN_POINT('',(2.269239895877,-0.825153479754));
#2542 = CARTESIAN_POINT('',(2.247389465605,-0.838387409145));
#2543 = CARTESIAN_POINT('',(2.224238324977,-0.851207971448));
#2544 = CARTESIAN_POINT('',(2.199694441132,-0.863589978144));
#2545 = CARTESIAN_POINT('',(2.173659899844,-0.87550588111));
#2546 = CARTESIAN_POINT('',(2.146031256747,-0.88692582118));
#2547 = CARTESIAN_POINT('',(2.136593839184,-0.890822292923));
#2548 = CARTESIAN_POINT('',(2.127194250324,-0.894596135489));
#2549 = CARTESIAN_POINT('',(2.117612362897,-0.898237441206));
#2550 = CARTESIAN_POINT('',(2.108353069399,-0.901746836171));
#2551 = CARTESIAN_POINT('',(2.098906093534,-0.90513384504));
#2552 = CARTESIAN_POINT('',(2.089302451664,-0.90841602835));
#2553 = CARTESIAN_POINT('',(2.08002997549,-0.911617882956));
#2554 = CARTESIAN_POINT('',(2.070550741096,-0.914769203139));
#2555 = CARTESIAN_POINT('',(2.009807991482,-0.935010698529));
#2556 = CARTESIAN_POINT('',(1.946270015364,-0.953079173153));
#2557 = CARTESIAN_POINT('',(1.880255210439,-0.968722924215));
#2558 = CARTESIAN_POINT('',(1.812236061497,-0.981671564126));
#2559 = CARTESIAN_POINT('',(1.742918649148,-0.991645367846));
#2560 = CARTESIAN_POINT('',(1.673203324662,-0.998417204867));
#2561 = CARTESIAN_POINT('',(1.604055608582,-1.001871564053));
#2562 = CARTESIAN_POINT('',(1.489911854235,-1.002096659486));
#2563 = CARTESIAN_POINT('',(1.444170683137,-1.000629845129));
#2564 = CARTESIAN_POINT('',(1.399365761919,-0.997603069754));
#2565 = CARTESIAN_POINT('',(1.35574900344,-0.993040645321));
#2566 = CARTESIAN_POINT('',(1.313528126891,-0.986990688289));
#2567 = CARTESIAN_POINT('',(1.272855154619,-0.979520466028));
#2568 = CARTESIAN_POINT('',(1.233826607844,-0.970709263889));
#2569 = CARTESIAN_POINT('',(1.196495401287,-0.960638772924));
#2570 = ( GEOMETRIC_REPRESENTATION_CONTEXT(2) 
PARAMETRIC_REPRESENTATION_CONTEXT() REPRESENTATION_CONTEXT('2D SPACE',''
  ) );
#2571 = PCURVE('',#1950,#2572);
#2572 = DEFINITIONAL_REPRESENTATION('',(#2573),#2775);
#2573 = B_SPLINE_CURVE_WITH_KNOTS('',8,(#2574,#2575,#2576,#2577,#2578,
    #2579,#2580,#2581,#2582,#2583,#2584,#2585,#2586,#2587,#2588,#2589,
    #2590,#2591,#2592,#2593,#2594,#2595,#2596,#2597,#2598,#2599,#2600,
    #2601,#2602,#2603,#2604,#2605,#2606,#2607,#2608,#2609,#2610,#2611,
    #2612,#2613,#2614,#2615,#2616,#2617,#2618,#2619,#2620,#2621,#2622,
    #2623,#2624,#2625,#2626,#2627,#2628,#2629,#2630,#2631,#2632,#2633,
    #2634,#2635,#2636,#2637,#2638,#2639,#2640,#2641,#2642,#2643,#2644,
    #2645,#2646,#2647,#2648,#2649,#2650,#2651,#2652,#2653,#2654,#2655,
    #2656,#2657,#2658,#2659,#2660,#2661,#2662,#2663,#2664,#2665,#2666,
    #2667,#2668,#2669,#2670,#2671,#2672,#2673,#2674,#2675,#2676,#2677,
    #2678,#2679,#2680,#2681,#2682,#2683,#2684,#2685,#2686,#2687,#2688,
    #2689,#2690,#2691,#2692,#2693,#2694,#2695,#2696,#2697,#2698,#2699,
    #2700,#2701,#2702,#2703,#2704,#2705,#2706,#2707,#2708,#2709,#2710,
    #2711,#2712,#2713,#2714,#2715,#2716,#2717,#2718,#2719,#2720,#2721,
    #2722,#2723,#2724,#2725,#2726,#2727,#2728,#2729,#2730,#2731,#2732,
    #2733,#2734,#2735,#2736,#2737,#2738,#2739,#2740,#2741,#2742,#2743,
    #2744,#2745,#2746,#2747,#2748,#2749,#2750,#2751,#2752,#2753,#2754,
    #2755,#2756,#2757,#2758,#2759,#2760,#2761,#2762,#2763,#2764,#2765,
    #2766,#2767,#2768,#2769,#2770,#2771,#2772,#2773,#2774),
  .UNSPECIFIED.,.T.,.F.,(9,7,7,7,7,7,7,7,7,7,7,7,7,7,8,7,7,7,7,7,7,7,7,7
    ,7,8,8,7,9),(0.,1.152342379798E-02,2.056568228421E-02,
    2.77471398526E-02,4.081184681537E-02,4.154096983426E-02,
    5.447257247425E-02,6.195193914027E-02,7.031364874403E-02,
    7.601290409122E-02,8.006948837562E-02,8.97479520051E-02,
    9.598642310628E-02,9.925714942984E-02,0.100946822589,0.112470246387,
    0.12619079008,0.195650421246,0.296021915003,0.385401550657,
    0.54665769633,0.563149895905,0.707881676708,0.798500656365,
    0.90009635193,0.969059073192,0.98058249699,0.992105920788,1.),
  .UNSPECIFIED.);
#2574 = CARTESIAN_POINT('',(47.421693218814,12.926944958049));
#2575 = CARTESIAN_POINT('',(46.917375498421,15.291101855583));
#2576 = CARTESIAN_POINT('',(46.306380756137,17.632473684054));
#2577 = CARTESIAN_POINT('',(45.58893668245,19.945378170828));
#2578 = CARTESIAN_POINT('',(44.765384374013,22.223824365408));
#2579 = CARTESIAN_POINT('',(43.836249440091,24.461540619983));
#2580 = CARTESIAN_POINT('',(42.802304170452,26.651999205244));
#2581 = CARTESIAN_POINT('',(41.664620764719,28.788437561477));
#2582 = CARTESIAN_POINT('',(39.451607681428,32.492432542834));
#2583 = CARTESIAN_POINT('',(38.415638318881,34.083363727914));
#2584 = CARTESIAN_POINT('',(37.317418273566,35.633272872425));
#2585 = CARTESIAN_POINT('',(36.15784024516,37.138618859511));
#2586 = CARTESIAN_POINT('',(34.938009201993,38.595740527702));
#2587 = CARTESIAN_POINT('',(33.659277344915,40.000884876433));
#2588 = CARTESIAN_POINT('',(32.323283728027,41.35023927256));
#2589 = CARTESIAN_POINT('',(29.827024959314,43.664283785265));
#2590 = CARTESIAN_POINT('',(28.687175548651,44.650989793224));
#2591 = CARTESIAN_POINT('',(27.513450190492,45.598152339309));
#2592 = CARTESIAN_POINT('',(26.306981986013,46.503835450991));
#2593 = CARTESIAN_POINT('',(25.069047390621,47.366114571549));
#2594 = CARTESIAN_POINT('',(23.801079170179,48.183094636757));
#2595 = CARTESIAN_POINT('',(22.504682174186,48.952932182401));
#2596 = CARTESIAN_POINT('',(18.774758290783,50.985396581092));
#2597 = CARTESIAN_POINT('',(16.278941639432,52.135488252353));
#2598 = CARTESIAN_POINT('',(13.705821341221,53.112838286564));
#2599 = CARTESIAN_POINT('',(11.068254902006,53.907889262787));
#2600 = CARTESIAN_POINT('',(8.380344349269,54.512895916921));
#2601 = CARTESIAN_POINT('',(5.657473675633,54.922103364174));
#2602 = CARTESIAN_POINT('',(2.916413832894,55.132219434773));
#2603 = CARTESIAN_POINT('',(2.267298980613E-02,55.143990171101));
#2604 = CARTESIAN_POINT('',(-0.130188223206,55.143993135523));
#2605 = CARTESIAN_POINT('',(-0.283049050513,55.143377254216));
#2606 = CARTESIAN_POINT('',(-0.435906636727,55.142142533903));
#2607 = CARTESIAN_POINT('',(-0.588758090979,55.140289008659));
#2608 = CARTESIAN_POINT('',(-0.741600486913,55.137816739911));
#2609 = CARTESIAN_POINT('',(-0.894430862688,55.134725816439));
#2610 = CARTESIAN_POINT('',(-3.758468573639,55.065204004986));
#2611 = CARTESIAN_POINT('',(-6.465876412899,54.804669872653));
#2612 = CARTESIAN_POINT('',(-9.151754342592,54.349879675913));
#2613 = CARTESIAN_POINT('',(-11.80000599147,53.704513833846));
#2614 = CARTESIAN_POINT('',(-14.39593600167,52.87455436778));
#2615 = CARTESIAN_POINT('',(-16.92613873573,51.867825782861));
#2616 = CARTESIAN_POINT('',(-19.37845422263,50.693808369846));
#2617 = CARTESIAN_POINT('',(-23.1089489722,48.594144814425));
#2618 = CARTESIAN_POINT('',(-24.4464710197,47.772345816974));
#2619 = CARTESIAN_POINT('',(-25.75254339457,46.900162886897));
#2620 = CARTESIAN_POINT('',(-27.02541388891,45.979697252411));
#2621 = CARTESIAN_POINT('',(-28.26352983615,45.013102892896));
#2622 = CARTESIAN_POINT('',(-29.46551873319,44.002560386229));
#2623 = CARTESIAN_POINT('',(-30.63017234728,42.950255568671));
#2624 = CARTESIAN_POINT('',(-33.01556162181,40.637659657859));
#2625 = CARTESIAN_POINT('',(-34.22670474204,39.367476607999));
#2626 = CARTESIAN_POINT('',(-35.38840556492,38.050834737387));
#2627 = CARTESIAN_POINT('',(-36.4994371508,36.690729463594));
#2628 = CARTESIAN_POINT('',(-37.55877488146,35.290107733425));
#2629 = CARTESIAN_POINT('',(-38.56557034697,33.851847288535));
#2630 = CARTESIAN_POINT('',(-39.51912796176,32.378738205318));
#2631 = CARTESIAN_POINT('',(-41.03214968395,29.847487890108));
#2632 = CARTESIAN_POINT('',(-41.62041615689,28.806575146434));
#2633 = CARTESIAN_POINT('',(-42.18350427248,27.75158179116));
#2634 = CARTESIAN_POINT('',(-42.72125879801,26.683345981917));
#2635 = CARTESIAN_POINT('',(-43.23354651135,25.602689622809));
#2636 = CARTESIAN_POINT('',(-43.72025398795,24.510417266366));
#2637 = CARTESIAN_POINT('',(-44.18128538794,23.40731501548));
#2638 = CARTESIAN_POINT('',(-44.92637529074,21.501833347253));
#2639 = CARTESIAN_POINT('',(-45.22314060918,20.704420685637));
#2640 = CARTESIAN_POINT('',(-45.50682748217,19.902188906354));
#2641 = CARTESIAN_POINT('',(-45.77741008504,19.095411865907));
#2642 = CARTESIAN_POINT('',(-46.03486548474,18.284359811459));
#2643 = CARTESIAN_POINT('',(-46.2791736398,17.469299380836));
#2644 = CARTESIAN_POINT('',(-46.51031740039,16.650493602524));
#2645 = CARTESIAN_POINT('',(-47.24832457454,13.866297951673));
#2646 = CARTESIAN_POINT('',(-47.69333390364,11.884590843637));
#2647 = CARTESIAN_POINT('',(-48.0631260495,9.886558734475));
#2648 = CARTESIAN_POINT('',(-48.35756370105,7.875627746228));
#2649 = CARTESIAN_POINT('',(-48.57655777775,5.855171044694));
#2650 = CARTESIAN_POINT('',(-48.72006237257,3.828508126683));
#2651 = CARTESIAN_POINT('',(-48.78806354235,1.798904309879));
#2652 = CARTESIAN_POINT('',(-48.77572656941,-1.538484317567));
#2653 = CARTESIAN_POINT('',(-48.73952191515,-2.846406900854));
#2654 = CARTESIAN_POINT('',(-48.67194948881,-4.153329024793));
#2655 = CARTESIAN_POINT('',(-48.57301502295,-5.458376624657));
#2656 = CARTESIAN_POINT('',(-48.4427290327,-6.760669725174));
#2657 = CARTESIAN_POINT('',(-48.281107372,-8.05932229497));
#2658 = CARTESIAN_POINT('',(-48.08817178978,-9.353442100999));
#2659 = CARTESIAN_POINT('',(-47.74639420315,-11.31777264557));
#2660 = CARTESIAN_POINT('',(-47.62023850521,-11.99192038896));
#2661 = CARTESIAN_POINT('',(-47.48548744815,-12.66444360517));
#2662 = CARTESIAN_POINT('',(-47.34214583153,-13.33521097235));
#2663 = CARTESIAN_POINT('',(-47.19021919862,-14.00409003476));
#2664 = CARTESIAN_POINT('',(-47.02971383642,-14.6709472028));
#2665 = CARTESIAN_POINT('',(-46.86063677567,-15.335647753));
#2666 = CARTESIAN_POINT('',(-46.59122594885,-16.34025852024));
#2667 = CARTESIAN_POINT('',(-46.49665607221,-16.68376619354));
#2668 = CARTESIAN_POINT('',(-46.39921863954,-17.0286394539));
#2669 = CARTESIAN_POINT('',(-46.29884116804,-17.3749395263));
#2670 = CARTESIAN_POINT('',(-46.19544621346,-17.7227282547));
#2671 = CARTESIAN_POINT('',(-46.08895137014,-18.07206810209));
#2672 = CARTESIAN_POINT('',(-45.97926927102,-18.42302215045));
#2673 = CARTESIAN_POINT('',(-45.86630758758,-18.77565410077));
#2674 = CARTESIAN_POINT('',(-45.80905126763,-18.95439057396));
#2675 = CARTESIAN_POINT('',(-45.7511557287,-19.1329228997));
#2676 = CARTESIAN_POINT('',(-45.69262128633,-19.31124793764));
#2677 = CARTESIAN_POINT('',(-45.63344821281,-19.48936268238));
#2678 = CARTESIAN_POINT('',(-45.57363673719,-19.66726426339));
#2679 = CARTESIAN_POINT('',(-45.51318704528,-19.84494994508));
#2680 = CARTESIAN_POINT('',(-45.45209927965,-20.02241712675));
#2681 = CARTESIAN_POINT('',(-45.31689299353,-20.41066398736));
#2682 = CARTESIAN_POINT('',(-45.24173317201,-20.62357645878));
#2683 = CARTESIAN_POINT('',(-45.16484199342,-20.83844052725));
#2684 = CARTESIAN_POINT('',(-45.08616428739,-21.05529741869));
#2685 = CARTESIAN_POINT('',(-45.00564179481,-21.27418981462));
#2686 = CARTESIAN_POINT('',(-44.92321316786,-21.49516185212));
#2687 = CARTESIAN_POINT('',(-44.83881396997,-21.71825912387));
#2688 = CARTESIAN_POINT('',(-44.31479183828,-23.08394367182));
#2689 = CARTESIAN_POINT('',(-43.85027948857,-24.21405751364));
#2690 = CARTESIAN_POINT('',(-43.35892225124,-25.33305133031));
#2691 = CARTESIAN_POINT('',(-42.84081934235,-26.44008568357));
#2692 = CARTESIAN_POINT('',(-42.29608891433,-27.53430170704));
#2693 = CARTESIAN_POINT('',(-41.7248704007,-28.61482224309));
#2694 = CARTESIAN_POINT('',(-41.12732686092,-29.68075297968));
#2695 = CARTESIAN_POINT('',(-39.60241094715,-32.24908845468));
#2696 = CARTESIAN_POINT('',(-38.64661055713,-33.73460927543));
#2697 = CARTESIAN_POINT('',(-37.63681362905,-35.18500761198));
#2698 = CARTESIAN_POINT('',(-36.57372237363,-36.59743892456));
#2699 = CARTESIAN_POINT('',(-35.45819489541,-37.96896898744));
#2700 = CARTESIAN_POINT('',(-34.29126916679,-39.29659265927));
#2701 = CARTESIAN_POINT('',(-33.07418981901,-40.5772550077));
#2702 = CARTESIAN_POINT('',(-30.68130033183,-42.90372731547));
#2703 = CARTESIAN_POINT('',(-29.51556737674,-43.95989780972));
#2704 = CARTESIAN_POINT('',(-28.31229775572,-44.97419763497));
#2705 = CARTESIAN_POINT('',(-27.07270320767,-45.94442640155));
#2706 = CARTESIAN_POINT('',(-25.79816087537,-46.86838860615));
#2707 = CARTESIAN_POINT('',(-24.49022936522,-47.74391513007));
#2708 = CARTESIAN_POINT('',(-23.15066833078,-48.56888959571));
#2709 = CARTESIAN_POINT('',(-19.31117816828,-50.73480382001));
#2710 = CARTESIAN_POINT('',(-16.74350273913,-51.95766687671));
#2711 = CARTESIAN_POINT('',(-14.09101806918,-52.99713560925));
#2712 = CARTESIAN_POINT('',(-11.36774383741,-53.84241171165));
#2713 = CARTESIAN_POINT('',(-8.589145725925,-54.4847220225));
#2714 = CARTESIAN_POINT('',(-5.772180477639,-54.91752634369));
#2715 = CARTESIAN_POINT('',(-2.935424646042,-55.13708283589));
#2716 = CARTESIAN_POINT('',(0.190562092231,-55.1442783872));
#2717 = CARTESIAN_POINT('',(0.480464085594,-55.14271997914));
#2718 = CARTESIAN_POINT('',(0.770352033258,-55.13893575114));
#2719 = CARTESIAN_POINT('',(1.060204890206,-55.13292597179));
#2720 = CARTESIAN_POINT('',(1.350003900629,-55.12469126892));
#2721 = CARTESIAN_POINT('',(1.639728214085,-55.11423261903));
#2722 = CARTESIAN_POINT('',(1.929358471715,-55.10155135554));
#2723 = CARTESIAN_POINT('',(4.759771849082,-54.95586232455));
#2724 = CARTESIAN_POINT('',(7.292515367691,-54.65397596023));
#2725 = CARTESIAN_POINT('',(9.802688015123,-54.18203373742));
#2726 = CARTESIAN_POINT('',(12.277161722468,-53.54346971775));
#2727 = CARTESIAN_POINT('',(14.70393240381,-52.74346404261));
#2728 = CARTESIAN_POINT('',(17.072032074988,-51.7886040292));
#2729 = CARTESIAN_POINT('',(19.371489411485,-50.68673027186));
#2730 = CARTESIAN_POINT('',(22.984428813748,-48.67053619577));
#2731 = CARTESIAN_POINT('',(24.345312811668,-47.84001059727));
#2732 = CARTESIAN_POINT('',(25.673878520061,-46.95737752621));
#2733 = CARTESIAN_POINT('',(26.968279974795,-46.02483497593));
#2734 = CARTESIAN_POINT('',(28.226883963635,-45.04463828097));
#2735 = CARTESIAN_POINT('',(29.448249083053,-44.01907175847));
#2736 = CARTESIAN_POINT('',(30.631108624054,-42.95042566332));
#2737 = CARTESIAN_POINT('',(33.056088059233,-40.59714352489));
#2738 = CARTESIAN_POINT('',(34.288030242031,-39.30202381109));
#2739 = CARTESIAN_POINT('',(35.468646350492,-37.95881039705));
#2740 = CARTESIAN_POINT('',(36.59664673801,-36.57066714743));
#2741 = CARTESIAN_POINT('',(37.670958216673,-35.14070585119));
#2742 = CARTESIAN_POINT('',(38.690695684747,-33.671963876));
#2743 = CARTESIAN_POINT('',(39.655136761275,-32.16738433642));
#2744 = CARTESIAN_POINT('',(41.180428834494,-29.5860905725));
#2745 = CARTESIAN_POINT('',(41.771406170164,-28.52718300505));
#2746 = CARTESIAN_POINT('',(42.336448333812,-27.45396462852));
#2747 = CARTESIAN_POINT('',(42.875397251528,-26.36730845147));
#2748 = CARTESIAN_POINT('',(43.388117629622,-25.26807085024));
#2749 = CARTESIAN_POINT('',(43.874494707763,-24.15709048316));
#2750 = CARTESIAN_POINT('',(44.334432012117,-23.0351872048));
#2751 = CARTESIAN_POINT('',(44.767849108491,-21.9031609802));
#2752 = CARTESIAN_POINT('',(44.915730334984,-21.51691543758));
#2753 = CARTESIAN_POINT('',(45.058061074497,-21.13592456971));
#2754 = CARTESIAN_POINT('',(45.19455916605,-20.76148805923));
#2755 = CARTESIAN_POINT('',(45.325351955611,-20.3939794018));
#2756 = CARTESIAN_POINT('',(45.450891541869,-20.03286255813));
#2757 = CARTESIAN_POINT('',(45.57190763308,-19.67663227882));
#2758 = CARTESIAN_POINT('',(45.689358069335,-19.32280176756));
#2759 = CARTESIAN_POINT('',(45.804361604987,-18.96791528062));
#2760 = CARTESIAN_POINT('',(46.543051795366,-16.68841002756));
#2761 = CARTESIAN_POINT('',(47.177562092313,-14.37529900059));
#2762 = CARTESIAN_POINT('',(47.707481000244,-12.03443484336));
#2763 = CARTESIAN_POINT('',(48.132503526931,-9.671549464455));
#2764 = CARTESIAN_POINT('',(48.452432258252,-7.292252638264));
#2765 = CARTESIAN_POINT('',(48.66716324259,-4.902031662443));
#2766 = CARTESIAN_POINT('',(48.776656443771,-2.506251183457));
#2767 = CARTESIAN_POINT('',(48.783791062916,1.531292394634));
#2768 = CARTESIAN_POINT('',(48.737294217461,3.172830998772));
#2769 = CARTESIAN_POINT('',(48.641398814955,4.812753556742));
#2770 = CARTESIAN_POINT('',(48.496111728445,6.449331167063));
#2771 = CARTESIAN_POINT('',(48.301452804431,8.080815810642));
#2772 = CARTESIAN_POINT('',(48.057458064899,9.705440307323));
#2773 = CARTESIAN_POINT('',(47.764181181062,11.321418398824));
#2774 = CARTESIAN_POINT('',(47.421693218814,12.926944958049));
#2775 = ( GEOMETRIC_REPRESENTATION_CONTEXT(2) 
PARAMETRIC_REPRESENTATION_CONTEXT() REPRESENTATION_CONTEXT('2D SPACE',''
  ) );
#2776 = ORIENTED_EDGE('',*,*,#2777,.T.);
#2777 = EDGE_CURVE('',#2161,#24,#2778,.T.);
#2778 = SURFACE_CURVE('',#2779,(#2999,#3222),.PCURVE_S1.);
#2779 = B_SPLINE_CURVE_WITH_KNOTS('',8,(#2780,#2781,#2782,#2783,#2784,
    #2785,#2786,#2787,#2788,#2789,#2790,#2791,#2792,#2793,#2794,#2795,
    #2796,#2797,#2798,#2799,#2800,#2801,#2802,#2803,#2804,#2805,#2806,
    #2807,#2808,#2809,#2810,#2811,#2812,#2813,#2814,#2815,#2816,#2817,
    #2818,#2819,#2820,#2821,#2822,#2823,#2824,#2825,#2826,#2827,#2828,
    #2829,#2830,#2831,#2832,#2833,#2834,#2835,#2836,#2837,#2838,#2839,
    #2840,#2841,#2842,#2843,#2844,#2845,#2846,#2847,#2848,#2849,#2850,
    #2851,#2852,#2853,#2854,#2855,#2856,#2857,#2858,#2859,#2860,#2861,
    #2862,#2863,#2864,#2865,#2866,#2867,#2868,#2869,#2870,#2871,#2872,
    #2873,#2874,#2875,#2876,#2877,#2878,#2879,#2880,#2881,#2882,#2883,
    #2884,#2885,#2886,#2887,#2888,#2889,#2890,#2891,#2892,#2893,#2894,
    #2895,#2896,#2897,#2898,#2899,#2900,#2901,#2902,#2903,#2904,#2905,
    #2906,#2907,#2908,#2909,#2910,#2911,#2912,#2913,#2914,#2915,#2916,
    #2917,#2918,#2919,#2920,#2921,#2922,#2923,#2924,#2925,#2926,#2927,
    #2928,#2929,#2930,#2931,#2932,#2933,#2934,#2935,#2936,#2937,#2938,
    #2939,#2940,#2941,#2942,#2943,#2944,#2945,#2946,#2947,#2948,#2949,
    #2950,#2951,#2952,#2953,#2954,#2955,#2956,#2957,#2958,#2959,#2960,
    #2961,#2962,#2963,#2964,#2965,#2966,#2967,#2968,#2969,#2970,#2971,
    #2972,#2973,#2974,#2975,#2976,#2977,#2978,#2979,#2980,#2981,#2982,
    #2983,#2984,#2985,#2986,#2987,#2988,#2989,#2990,#2991,#2992,#2993,
    #2994,#2995,#2996,#2997,#2998),.UNSPECIFIED.,.T.,.F.,(9,7,7,7,7,7,7,
    7,7,7,7,7,7,7,7,7,7,7,7,7,7,7,7,7,7,7,7,7,7,7,7,9),(0.,
    5.676018709369E-02,0.119587635615,0.163308969933,0.197527395372,
    0.215281414349,0.252518073583,0.277913369662,0.307935720004,
    0.324725041941,0.333458194669,0.342363941372,0.383396681877,
    0.414209384573,0.43745023189,0.497505433644,0.557560635399,
    0.580801482716,0.611614185412,0.652646925917,0.660743059282,
    0.667219965976,0.676917799124,0.687529356048,0.705957339218,
    0.743761998395,0.781547229104,0.79956280077,0.834285332982,
    0.878650771184,0.941313240791,1.),.UNSPECIFIED.);
#2780 = CARTESIAN_POINT('',(65.,0.,0.));
#2781 = CARTESIAN_POINT('',(65.000000062687,-3.324606971792,0.));
#2782 = CARTESIAN_POINT('',(64.886355438167,-6.649076377026,0.));
#2783 = CARTESIAN_POINT('',(64.659083267842,-9.969097708321,0.));
#2784 = CARTESIAN_POINT('',(64.31791216713,-13.28015398786,0.));
#2785 = CARTESIAN_POINT('',(63.86234460178,-16.57752845422,0.));
#2786 = CARTESIAN_POINT('',(63.291676901201,-19.85630603849,0.));
#2787 = CARTESIAN_POINT('',(62.604976908809,-23.11136962979,0.));
#2788 = CARTESIAN_POINT('',(60.911124364647,-29.90825006809,0.));
#2789 = CARTESIAN_POINT('',(59.877723761117,-33.44288486853,0.));
#2790 = CARTESIAN_POINT('',(58.699165975453,-36.93439034078,0.));
#2791 = CARTESIAN_POINT('',(57.373520992108,-40.37462478772,0.));
#2792 = CARTESIAN_POINT('',(55.898747739605,-43.75427514907,0.));
#2793 = CARTESIAN_POINT('',(54.272812089571,-47.06290309387,0.));
#2794 = CARTESIAN_POINT('',(52.493710927846,-50.28895169093,0.));
#2795 = CARTESIAN_POINT('',(49.213250208856,-55.5983602579,0.));
#2796 = CARTESIAN_POINT('',(47.792162683983,-57.73054359294,0.));
#2797 = CARTESIAN_POINT('',(46.295467035532,-59.81191504217,0.));
#2798 = CARTESIAN_POINT('',(44.722723548129,-61.83757193823,0.));
#2799 = CARTESIAN_POINT('',(43.073744774957,-63.80208716065,0.));
#2800 = CARTESIAN_POINT('',(41.348661947505,-65.69956264756,0.));
#2801 = CARTESIAN_POINT('',(39.547994048013,-67.52368545454,0.));
#2802 = CARTESIAN_POINT('',(36.205039356993,-70.63280373349,0.));
#2803 = CARTESIAN_POINT('',(34.691737531747,-71.94873371466,0.));
#2804 = CARTESIAN_POINT('',(33.133331958857,-73.21234927312,0.));
#2805 = CARTESIAN_POINT('',(31.530604224443,-74.42022840853,0.));
#2806 = CARTESIAN_POINT('',(29.884632628445,-75.56879963425,0.));
#2807 = CARTESIAN_POINT('',(28.196833839046,-76.65439989389,0.));
#2808 = CARTESIAN_POINT('',(26.469013183796,-77.67334491111,0.));
#2809 = CARTESIAN_POINT('',(23.787358233566,-79.1142222059,0.));
#2810 = CARTESIAN_POINT('',(22.861126101026,-79.58751336245,0.));
#2811 = CARTESIAN_POINT('',(21.925045425054,-80.04137842329,0.));
#2812 = CARTESIAN_POINT('',(20.979464458016,-80.47531631514,0.));
#2813 = CARTESIAN_POINT('',(20.024763227671,-80.8888359013,0.));
#2814 = CARTESIAN_POINT('',(19.061355305426,-81.28145997228,0.));
#2815 = CARTESIAN_POINT('',(18.089689574581,-81.6527292364,0.));
#2816 = CARTESIAN_POINT('',(15.056014133578,-82.73518712434,0.));
#2817 = CARTESIAN_POINT('',(12.967322802446,-83.37240230492,0.));
#2818 = CARTESIAN_POINT('',(10.848960400723,-83.90966244224,0.));
#2819 = CARTESIAN_POINT('',(8.70609512523,-84.34343356116,0.));
#2820 = CARTESIAN_POINT('',(6.544288904301,-84.67088785866,0.));
#2821 = CARTESIAN_POINT('',(4.369512457504,-84.88999978517,0.));
#2822 = CARTESIAN_POINT('',(2.188167484865,-84.99968746997,0.));
#2823 = CARTESIAN_POINT('',(-1.480355225689,-85.00021245126,0.));
#2824 = CARTESIAN_POINT('',(-2.96788027818,-84.94955306903,0.));
#2825 = CARTESIAN_POINT('',(-4.453357052889,-84.84801528915,0.));
#2826 = CARTESIAN_POINT('',(-5.934752349945,-84.6958247435,0.));
#2827 = CARTESIAN_POINT('',(-7.410099719027,-84.49341888096,0.));
#2828 = CARTESIAN_POINT('',(-8.877497804736,-84.24143164666,0.));
#2829 = CARTESIAN_POINT('',(-10.3351092069,-83.94068271024,0.));
#2830 = CARTESIAN_POINT('',(-13.49068271809,-83.18016062937,0.));
#2831 = CARTESIAN_POINT('',(-15.18416244594,-82.70136908699,0.));
#2832 = CARTESIAN_POINT('',(-16.85868484886,-82.15742795183,0.));
#2833 = CARTESIAN_POINT('',(-18.51165589482,-81.55026370818,0.));
#2834 = CARTESIAN_POINT('',(-20.14077339976,-80.88202304334,0.));
#2835 = CARTESIAN_POINT('',(-21.74400322668,-80.15501010143,0.));
#2836 = CARTESIAN_POINT('',(-23.31955999466,-79.3716359365,0.));
#2837 = CARTESIAN_POINT('',(-25.73064373236,-78.06616376068,0.));
#2838 = CARTESIAN_POINT('',(-26.58626678354,-77.58109038141,0.));
#2839 = CARTESIAN_POINT('',(-27.43249740441,-77.07958881848,0.));
#2840 = CARTESIAN_POINT('',(-28.26909737735,-76.5620911784,0.));
#2841 = CARTESIAN_POINT('',(-29.09585289474,-76.02903062816,0.));
#2842 = CARTESIAN_POINT('',(-29.9125731398,-75.48083914053,0.));
#2843 = CARTESIAN_POINT('',(-30.71908886737,-74.91794523959,0.));
#2844 = CARTESIAN_POINT('',(-31.92839491246,-74.04126528211,0.));
#2845 = CARTESIAN_POINT('',(-32.33875252105,-73.73791239535,0.));
#2846 = CARTESIAN_POINT('',(-32.74629695746,-73.4307767798,0.));
#2847 = CARTESIAN_POINT('',(-33.15101750302,-73.11991067605,0.));
#2848 = CARTESIAN_POINT('',(-33.55289402881,-72.80537388744,0.));
#2849 = CARTESIAN_POINT('',(-33.9519056959,-72.48722728758,0.));
#2850 = CARTESIAN_POINT('',(-34.34804227348,-72.16552431006,0.));
#2851 = CARTESIAN_POINT('',(-35.14281610817,-71.5082716209,0.));
#2852 = CARTESIAN_POINT('',(-35.54407212297,-71.17030577307,0.));
#2853 = CARTESIAN_POINT('',(-35.94498614758,-70.82638374336,0.));
#2854 = CARTESIAN_POINT('',(-36.34548822875,-70.47646467294,0.));
#2855 = CARTESIAN_POINT('',(-36.7455068046,-70.12050946881,0.));
#2856 = CARTESIAN_POINT('',(-37.14496870458,-69.75848080379,0.));
#2857 = CARTESIAN_POINT('',(-37.54379914948,-69.39034311654,0.));
#2858 = CARTESIAN_POINT('',(-39.77625004836,-67.29158598724,0.));
#2859 = CARTESIAN_POINT('',(-41.5383768009,-65.49046074572,0.));
#2860 = CARTESIAN_POINT('',(-43.22741490384,-63.61898882633,0.));
#2861 = CARTESIAN_POINT('',(-44.84289898802,-61.68313598099,0.));
#2862 = CARTESIAN_POINT('',(-46.38472040477,-59.68847899447,0.));
#2863 = CARTESIAN_POINT('',(-47.85306445531,-57.64015503859,0.));
#2864 = CARTESIAN_POINT('',(-49.24834986536,-55.54281316048,0.));
#2865 = CARTESIAN_POINT('',(-51.56451578993,-51.79189182637,0.));
#2866 = CARTESIAN_POINT('',(-52.51695084856,-50.15797294636,0.));
#2867 = CARTESIAN_POINT('',(-53.42870871965,-48.50059448454,0.));
#2868 = CARTESIAN_POINT('',(-54.3000409161,-46.82144402196,0.));
#2869 = CARTESIAN_POINT('',(-55.13121360484,-45.12211161562,0.));
#2870 = CARTESIAN_POINT('',(-55.92250378698,-43.40408791321,0.));
#2871 = CARTESIAN_POINT('',(-56.67419547786,-41.66876226787,0.));
#2872 = CARTESIAN_POINT('',(-57.92389855363,-38.59644751951,0.));
#2873 = CARTESIAN_POINT('',(-58.43885013606,-37.2663765633,0.));
#2874 = CARTESIAN_POINT('',(-58.93155166127,-35.92776656446,0.));
#2875 = CARTESIAN_POINT('',(-59.40211997043,-34.5811552317,0.));
#2876 = CARTESIAN_POINT('',(-59.85066771913,-33.22705940231,0.));
#2877 = CARTESIAN_POINT('',(-60.27730337732,-31.8659750421,0.));
#2878 = CARTESIAN_POINT('',(-60.68213122939,-30.49837724545,0.));
#2879 = CARTESIAN_POINT('',(-62.05524551814,-25.5751459059,0.));
#2880 = CARTESIAN_POINT('',(-62.90020790232,-21.98540939732,0.));
#2881 = CARTESIAN_POINT('',(-63.60198119813,-18.36302764792,0.));
#2882 = CARTESIAN_POINT('',(-64.1619508892,-14.71515666292,0.));
#2883 = CARTESIAN_POINT('',(-64.58116530252,-11.04861006335,0.));
#2884 = CARTESIAN_POINT('',(-64.86037623068,-7.369866686697,0.));
#2885 = CARTESIAN_POINT('',(-65.00000014504,-3.685067239227,0.));
#2886 = CARTESIAN_POINT('',(-65.00000014504,3.6850672392,0.));
#2887 = CARTESIAN_POINT('',(-64.86037623068,7.369866686672,0.));
#2888 = CARTESIAN_POINT('',(-64.58116530253,11.048610063329,0.));
#2889 = CARTESIAN_POINT('',(-64.1619508892,14.7151566629,0.));
#2890 = CARTESIAN_POINT('',(-63.60198119813,18.363027647901,0.));
#2891 = CARTESIAN_POINT('',(-62.90020790233,21.985409397303,0.));
#2892 = CARTESIAN_POINT('',(-62.05524551815,25.575145905881,0.));
#2893 = CARTESIAN_POINT('',(-60.6821312294,30.498377245436,0.));
#2894 = CARTESIAN_POINT('',(-60.27730337733,31.865975042086,0.));
#2895 = CARTESIAN_POINT('',(-59.85066771914,33.227059402289,0.));
#2896 = CARTESIAN_POINT('',(-59.40211997044,34.58115523168,0.));
#2897 = CARTESIAN_POINT('',(-58.93155166128,35.927766564438,0.));
#2898 = CARTESIAN_POINT('',(-58.43885013607,37.266376563286,0.));
#2899 = CARTESIAN_POINT('',(-57.92389855364,38.596447519489,0.));
#2900 = CARTESIAN_POINT('',(-56.67419547787,41.668762267854,0.));
#2901 = CARTESIAN_POINT('',(-55.92250378699,43.404087913199,0.));
#2902 = CARTESIAN_POINT('',(-55.13121360485,45.122111615603,0.));
#2903 = CARTESIAN_POINT('',(-54.30004091611,46.821444021944,0.));
#2904 = CARTESIAN_POINT('',(-53.42870871966,48.500594484526,0.));
#2905 = CARTESIAN_POINT('',(-52.51695084857,50.157972946348,0.));
#2906 = CARTESIAN_POINT('',(-51.56451578994,51.791891826356,0.));
#2907 = CARTESIAN_POINT('',(-49.24834986537,55.542813160476,0.));
#2908 = CARTESIAN_POINT('',(-47.85306445532,57.640155038573,0.));
#2909 = CARTESIAN_POINT('',(-46.38472040478,59.688478994452,0.));
#2910 = CARTESIAN_POINT('',(-44.84289898803,61.683135980986,0.));
#2911 = CARTESIAN_POINT('',(-43.22741490385,63.618988826327,0.));
#2912 = CARTESIAN_POINT('',(-41.53837680092,65.490460745711,0.));
#2913 = CARTESIAN_POINT('',(-39.77625004837,67.29158598723,0.));
#2914 = CARTESIAN_POINT('',(-37.57999211035,69.356317596922,0.));
#2915 = CARTESIAN_POINT('',(-37.21747748053,69.691495908428,0.));
#2916 = CARTESIAN_POINT('',(-36.85443524832,70.021622905126,0.));
#2917 = CARTESIAN_POINT('',(-36.4909217035,70.346725166212,0.));
#2918 = CARTESIAN_POINT('',(-36.12699203934,70.666830491013,0.));
#2919 = CARTESIAN_POINT('',(-35.76270035259,70.981967898987,0.));
#2920 = CARTESIAN_POINT('',(-35.39809964349,71.29216762972,0.));
#2921 = CARTESIAN_POINT('',(-34.74135554896,71.84169593382,0.));
#2922 = CARTESIAN_POINT('',(-34.44930471343,72.082790645466,0.));
#2923 = CARTESIAN_POINT('',(-34.15711587528,72.320761355607,0.));
#2924 = CARTESIAN_POINT('',(-33.86481514005,72.555624540744,0.));
#2925 = CARTESIAN_POINT('',(-33.57242815269,72.787397076146,0.));
#2926 = CARTESIAN_POINT('',(-33.27998009756,73.01609623584,0.));
#2927 = CARTESIAN_POINT('',(-32.98749569842,73.241739692619,0.));
#2928 = CARTESIAN_POINT('',(-32.2574741191,73.797326036881,0.));
#2929 = CARTESIAN_POINT('',(-31.81592626148,74.126550733788,0.));
#2930 = CARTESIAN_POINT('',(-31.37005301985,74.452154078778,0.));
#2931 = CARTESIAN_POINT('',(-30.91965451821,74.774165780809,0.));
#2932 = CARTESIAN_POINT('',(-30.46462536979,75.09253078298,0.));
#2933 = CARTESIAN_POINT('',(-30.00497573725,75.407107420626,0.));
#2934 = CARTESIAN_POINT('',(-29.54082667739,75.717686329314,0.));
#2935 = CARTESIAN_POINT('',(-28.55979825052,76.35922548463,0.));
#2936 = CARTESIAN_POINT('',(-28.04330329702,76.688540603437,0.));
#2937 = CARTESIAN_POINT('',(-27.52298528053,77.01183666047,0.));
#2938 = CARTESIAN_POINT('',(-26.99889324204,77.329009261197,0.));
#2939 = CARTESIAN_POINT('',(-26.47107983996,77.639954095496,0.));
#2940 = CARTESIAN_POINT('',(-25.93960135013,77.944566937657,0.));
#2941 = CARTESIAN_POINT('',(-25.40451766582,78.242743646381,0.));
#2942 = CARTESIAN_POINT('',(-23.9305179447,79.040835189542,0.));
#2943 = CARTESIAN_POINT('',(-22.98446107862,79.527568546087,0.));
#2944 = CARTESIAN_POINT('',(-22.02805844509,79.994036888149,0.));
#2945 = CARTESIAN_POINT('',(-21.06167952511,80.439702970283,0.));
#2946 = CARTESIAN_POINT('',(-20.08572851968,80.864040107403,0.));
#2947 = CARTESIAN_POINT('',(-19.10064633438,81.266536634326,0.));
#2948 = CARTESIAN_POINT('',(-18.10691256397,81.646700365314,0.));
#2949 = CARTESIAN_POINT('',(-15.04974033148,82.73718573518,0.));
#2950 = CARTESIAN_POINT('',(-12.95994838068,83.374444753445,0.));
#2951 = CARTESIAN_POINT('',(-10.84045914461,83.911645229843,0.));
#2952 = CARTESIAN_POINT('',(-8.69644754176,84.345248070048,0.));
#2953 = CARTESIAN_POINT('',(-6.533483907328,84.672421258988,0.));
#2954 = CARTESIAN_POINT('',(-4.357549161976,84.891136632256,0.));
#2955 = CARTESIAN_POINT('',(-2.175057131065,85.000312123904,0.));
#2956 = CARTESIAN_POINT('',(2.188167484851,84.999687469975,0.));
#2957 = CARTESIAN_POINT('',(4.369512457489,84.889999785171,0.));
#2958 = CARTESIAN_POINT('',(6.544288904287,84.670887858669,0.));
#2959 = CARTESIAN_POINT('',(8.706095125217,84.343433561172,0.));
#2960 = CARTESIAN_POINT('',(10.848960400709,83.909662442244,0.));
#2961 = CARTESIAN_POINT('',(12.967322802432,83.372402304924,0.));
#2962 = CARTESIAN_POINT('',(15.056014133565,82.735187124351,0.));
#2963 = CARTESIAN_POINT('',(18.089689574566,81.652729236412,0.));
#2964 = CARTESIAN_POINT('',(19.061355305414,81.281459972291,0.));
#2965 = CARTESIAN_POINT('',(20.024763227659,80.888835901308,0.));
#2966 = CARTESIAN_POINT('',(20.979464458003,80.475316315149,0.));
#2967 = CARTESIAN_POINT('',(21.92504542504,80.041378423304,0.));
#2968 = CARTESIAN_POINT('',(22.861126101013,79.587513362463,0.));
#2969 = CARTESIAN_POINT('',(23.787358233554,79.11422220591,0.));
#2970 = CARTESIAN_POINT('',(26.469013183779,77.673344911126,0.));
#2971 = CARTESIAN_POINT('',(28.19683383904,76.654399893899,0.));
#2972 = CARTESIAN_POINT('',(29.884632628434,75.568799634266,0.));
#2973 = CARTESIAN_POINT('',(31.530604224426,74.420228408545,0.));
#2974 = CARTESIAN_POINT('',(33.133331958846,73.212349273137,0.));
#2975 = CARTESIAN_POINT('',(34.691737531741,71.948733714676,0.));
#2976 = CARTESIAN_POINT('',(36.205039356979,70.632803733507,0.));
#2977 = CARTESIAN_POINT('',(39.547994048001,67.52368545456,0.));
#2978 = CARTESIAN_POINT('',(41.348661947499,65.699562647578,0.));
#2979 = CARTESIAN_POINT('',(43.073744774948,63.802087160667,0.));
#2980 = CARTESIAN_POINT('',(44.722723548118,61.837571938247,0.));
#2981 = CARTESIAN_POINT('',(46.295467035524,59.81191504218,0.));
#2982 = CARTESIAN_POINT('',(47.792162683979,57.730543592954,0.));
#2983 = CARTESIAN_POINT('',(49.213250208846,55.598360257918,0.));
#2984 = CARTESIAN_POINT('',(52.460622033592,50.342505921038,0.));
#2985 = CARTESIAN_POINT('',(54.211912418691,47.173224627987,0.));
#2986 = CARTESIAN_POINT('',(55.815195219404,43.923952120684,0.));
#2987 = CARTESIAN_POINT('',(57.27236964426,40.605692409133,0.));
#2988 = CARTESIAN_POINT('',(58.585368415089,37.228396833402,0.));
#2989 = CARTESIAN_POINT('',(59.756134194401,33.800957185399,0.));
#2990 = CARTESIAN_POINT('',(60.786511309876,30.33116304326,0.));
#2991 = CARTESIAN_POINT('',(62.513105525384,23.542531289518,0.));
#2992 = CARTESIAN_POINT('',(63.226239669691,20.228620857396,0.));
#2993 = CARTESIAN_POINT('',(63.818815083306,16.889580010274,0.));
#2994 = CARTESIAN_POINT('',(64.2918342834,13.53084617929,0.));
#2995 = CARTESIAN_POINT('',(64.646054308175,10.157634583675,0.));
#2996 = CARTESIAN_POINT('',(64.882011712528,6.774942492341,0.));
#2997 = CARTESIAN_POINT('',(65.000000072711,3.387547526029,0.));
#2998 = CARTESIAN_POINT('',(65.,1.42108547152E-14,0.));
#2999 = PCURVE('',#34,#3000);
#3000 = DEFINITIONAL_REPRESENTATION('',(#3001),#3221);
#3001 = B_SPLINE_CURVE_WITH_KNOTS('',8,(#3002,#3003,#3004,#3005,#3006,
    #3007,#3008,#3009,#3010,#3011,#3012,#3013,#3014,#3015,#3016,#3017,
    #3018,#3019,#3020,#3021,#3022,#3023,#3024,#3025,#3026,#3027,#3028,
    #3029,#3030,#3031,#3032,#3033,#3034,#3035,#3036,#3037,#3038,#3039,
    #3040,#3041,#3042,#3043,#3044,#3045,#3046,#3047,#3048,#3049,#3050,
    #3051,#3052,#3053,#3054,#3055,#3056,#3057,#3058,#3059,#3060,#3061,
    #3062,#3063,#3064,#3065,#3066,#3067,#3068,#3069,#3070,#3071,#3072,
    #3073,#3074,#3075,#3076,#3077,#3078,#3079,#3080,#3081,#3082,#3083,
    #3084,#3085,#3086,#3087,#3088,#3089,#3090,#3091,#3092,#3093,#3094,
    #3095,#3096,#3097,#3098,#3099,#3100,#3101,#3102,#3103,#3104,#3105,
    #3106,#3107,#3108,#3109,#3110,#3111,#3112,#3113,#3114,#3115,#3116,
    #3117,#3118,#3119,#3120,#3121,#3122,#3123,#3124,#3125,#3126,#3127,
    #3128,#3129,#3130,#3131,#3132,#3133,#3134,#3135,#3136,#3137,#3138,
    #3139,#3140,#3141,#3142,#3143,#3144,#3145,#3146,#3147,#3148,#3149,
    #3150,#3151,#3152,#3153,#3154,#3155,#3156,#3157,#3158,#3159,#3160,
    #3161,#3162,#3163,#3164,#3165,#3166,#3167,#3168,#3169,#3170,#3171,
    #3172,#3173,#3174,#3175,#3176,#3177,#3178,#3179,#3180,#3181,#3182,
    #3183,#3184,#3185,#3186,#3187,#3188,#3189,#3190,#3191,#3192,#3193,
    #3194,#3195,#3196,#3197,#3198,#3199,#3200,#3201,#3202,#3203,#3204,
    #3205,#3206,#3207,#3208,#3209,#3210,#3211,#3212,#3213,#3214,#3215,
    #3216,#3217,#3218,#3219,#3220),.UNSPECIFIED.,.F.,.F.,(9,7,7,7,7,7,7,
    7,7,7,7,7,7,7,7,7,7,7,7,7,7,7,7,7,7,7,7,7,7,7,7,9),(0.,
    5.676018709369E-02,0.119587635615,0.163308969933,0.197527395372,
    0.215281414349,0.252518073583,0.277913369662,0.307935720004,
    0.324725041941,0.333458194669,0.342363941372,0.383396681877,
    0.414209384573,0.43745023189,0.497505433644,0.557560635399,
    0.580801482716,0.611614185412,0.652646925917,0.660743059282,
    0.667219965976,0.676917799124,0.687529356048,0.705957339218,
    0.743761998395,0.781547229104,0.79956280077,0.834285332982,
    0.878650771184,0.941313240791,1.),.UNSPECIFIED.);
#3002 = CARTESIAN_POINT('',(6.28318530718,7.88860905221E-31));
#3003 = CARTESIAN_POINT('',(6.235889872011,-7.297600740945E-16));
#3004 = CARTESIAN_POINT('',(6.189816908291,7.120373689545E-18));
#3005 = CARTESIAN_POINT('',(6.144807310559,-1.159462373073E-16));
#3006 = CARTESIAN_POINT('',(6.100723394022,-4.757057292734E-16));
#3007 = CARTESIAN_POINT('',(6.057442733803,-3.464939255788E-16));
#3008 = CARTESIAN_POINT('',(6.014853124358,-4.136003769159E-17));
#3009 = CARTESIAN_POINT('',(5.972848659064,-3.468816793591E-16));
#3010 = CARTESIAN_POINT('',(5.885366822546,-2.48962896813E-16));
#3011 = CARTESIAN_POINT('',(5.840006334727,-2.463880892427E-16));
#3012 = CARTESIAN_POINT('',(5.795102042625,-2.439546803335E-16));
#3013 = CARTESIAN_POINT('',(5.750527271803,-2.416716210427E-16));
#3014 = CARTESIAN_POINT('',(5.706164064321,-2.395490418783E-16));
#3015 = CARTESIAN_POINT('',(5.661897990544,-2.37598128942E-16));
#3016 = CARTESIAN_POINT('',(5.617613232736,-2.358311024614E-16));
#3017 = CARTESIAN_POINT('',(5.542268219054,-2.331689629871E-16));
#3018 = CARTESIAN_POINT('',(5.511286446202,-2.321722762304E-16));
#3019 = CARTESIAN_POINT('',(5.480199016574,-2.312757813546E-16));
#3020 = CARTESIAN_POINT('',(5.448967369736,-2.304843805068E-16));
#3021 = CARTESIAN_POINT('',(5.417554303572,-2.298032925031E-16));
#3022 = CARTESIAN_POINT('',(5.385923089183,-2.292379567058E-16));
#3023 = CARTESIAN_POINT('',(5.354036814299,-2.287939324681E-16));
#3024 = CARTESIAN_POINT('',(5.296673227664,-2.282285864533E-16));
#3025 = CARTESIAN_POINT('',(5.271310610962,-2.280581130692E-16));
#3026 = CARTESIAN_POINT('',(5.245752824536,-2.279680400423E-16));
#3027 = CARTESIAN_POINT('',(5.219983825781,-2.279610323998E-16));
#3028 = CARTESIAN_POINT('',(5.193988572989,-2.28039688566E-16));
#3029 = CARTESIAN_POINT('',(5.16775307156,-2.282064569717E-16));
#3030 = CARTESIAN_POINT('',(5.141264703476,-2.284635348587E-16));
#3031 = CARTESIAN_POINT('',(5.100632800711,-2.289939369022E-16));
#3032 = CARTESIAN_POINT('',(5.086681835715,-2.29199927488E-16));
#3033 = CARTESIAN_POINT('',(5.072658521503,-2.294309746753E-16));
#3034 = CARTESIAN_POINT('',(5.058561533852,-2.296873055941E-16));
#3035 = CARTESIAN_POINT('',(5.044389677579,-2.299691158751E-16));
#3036 = CARTESIAN_POINT('',(5.030141916241,-2.302765646617E-16));
#3037 = CARTESIAN_POINT('',(5.015817401837,-2.306097696223E-16));
#3038 = CARTESIAN_POINT('',(4.971209468147,-2.317218238235E-16));
#3039 = CARTESIAN_POINT('',(4.940659165225,-2.325885541299E-16));
#3040 = CARTESIAN_POINT('',(4.909763222519,-2.335695846158E-16));
#3041 = CARTESIAN_POINT('',(4.878519783518,-2.346646236756E-16));
#3042 = CARTESIAN_POINT('',(4.846927396401,-2.358724423775E-16));
#3043 = CARTESIAN_POINT('',(4.81498666438,-2.371907730835E-16));
#3044 = CARTESIAN_POINT('',(4.782702658404,-2.386161606759E-16));
#3045 = CARTESIAN_POINT('',(4.727845050516,-2.411855891934E-16));
#3046 = CARTESIAN_POINT('',(4.705445429021,-2.42275088596E-16));
#3047 = CARTESIAN_POINT('',(4.682892103468,-2.434108020411E-16));
#3048 = CARTESIAN_POINT('',(4.660187072982,-2.44591097741E-16));
#3049 = CARTESIAN_POINT('',(4.637331759924,-2.458141916738E-16));
#3050 = CARTESIAN_POINT('',(4.614327299888,-2.470781607178E-16));
#3051 = CARTESIAN_POINT('',(4.591174821825,-2.483809519201E-16));
#3052 = CARTESIAN_POINT('',(4.540331489424,-2.513038707053E-16));
#3053 = CARTESIAN_POINT('',(4.512580501104,-2.529386744734E-16));
#3054 = CARTESIAN_POINT('',(4.484624673594,-2.546212318669E-16));
#3055 = CARTESIAN_POINT('',(4.456463254563,-2.56347922067E-16));
#3056 = CARTESIAN_POINT('',(4.428093408759,-2.581151212031E-16));
#3057 = CARTESIAN_POINT('',(4.399510627311,-2.599192445573E-16));
#3058 = CARTESIAN_POINT('',(4.370708956679,-2.617567805431E-16));
#3059 = CARTESIAN_POINT('',(4.325447843969,-2.646686937794E-16));
#3060 = CARTESIAN_POINT('',(4.309143680119,-2.657224668339E-16));
#3061 = CARTESIAN_POINT('',(4.292767120667,-2.66785048436E-16));
#3062 = CARTESIAN_POINT('',(4.276316530303,-2.678558663066E-16));
#3063 = CARTESIAN_POINT('',(4.259790073657,-2.689343642031E-16));
#3064 = CARTESIAN_POINT('',(4.243185715509,-2.700200030453E-16));
#3065 = CARTESIAN_POINT('',(4.226501220993,-2.711122620419E-16));
#3066 = CARTESIAN_POINT('',(4.201012580182,-2.728599462214E-16));
#3067 = CARTESIAN_POINT('',(4.192394985341,-2.729325121076E-16));
#3068 = CARTESIAN_POINT('',(4.183434368308,-2.747916531575E-16));
#3069 = CARTESIAN_POINT('',(4.174768103656,-2.74263135005E-16));
#3070 = CARTESIAN_POINT('',(4.166242990808,-2.73697358099E-16));
#3071 = CARTESIAN_POINT('',(4.157556469888,-2.753222317017E-16));
#3072 = CARTESIAN_POINT('',(4.149091065458,-2.74849585834E-16));
#3073 = CARTESIAN_POINT('',(4.131979737638,-2.755806546718E-16));
#3074 = CARTESIAN_POINT('',(4.123340357838,-2.758631598435E-16));
#3075 = CARTESIAN_POINT('',(4.114700978037,-2.761454376502E-16));
#3076 = CARTESIAN_POINT('',(4.106061598238,-2.764274391147E-16));
#3077 = CARTESIAN_POINT('',(4.097422218442,-2.767091141254E-16));
#3078 = CARTESIAN_POINT('',(4.088782838649,-2.769904114361E-16));
#3079 = CARTESIAN_POINT('',(4.080143458854,-2.77271278666E-16));
#3080 = CARTESIAN_POINT('',(4.03169860947,5.957565167786E-16));
#3081 = CARTESIAN_POINT('',(3.993133853396,-3.617425111314E-16));
#3082 = CARTESIAN_POINT('',(3.955702644787,-1.576043890349E-16));
#3083 = CARTESIAN_POINT('',(3.919309211358,3.285620217207E-16));
#3084 = CARTESIAN_POINT('',(3.883866912601,1.379634092557E-16));
#3085 = CARTESIAN_POINT('',(3.8492962514,-2.726206722801E-16));
#3086 = CARTESIAN_POINT('',(3.815523159226,1.658080626069E-16));
#3087 = CARTESIAN_POINT('',(3.757662629857,3.405267407276E-17));
#3088 = CARTESIAN_POINT('',(3.733259101124,3.506129851184E-17));
#3089 = CARTESIAN_POINT('',(3.709237859939,3.602715600214E-17));
#3090 = CARTESIAN_POINT('',(3.685571999312,3.695050369709E-17));
#3091 = CARTESIAN_POINT('',(3.66223646959,3.783161407815E-17));
#3092 = CARTESIAN_POINT('',(3.639207733995,3.867077099291E-17));
#3093 = CARTESIAN_POINT('',(3.616463424168,3.946826569321E-17));
#3094 = CARTESIAN_POINT('',(3.577025111026,4.079471213464E-17));
#3095 = CARTESIAN_POINT('',(3.560217884446,4.134149011412E-17));
#3096 = CARTESIAN_POINT('',(3.543551310928,4.186485088807E-17));
#3097 = CARTESIAN_POINT('',(3.527016700309,4.23649141206E-17));
#3098 = CARTESIAN_POINT('',(3.510605677303,4.284179506355E-17));
#3099 = CARTESIAN_POINT('',(3.494310181502,4.329560455645E-17));
#3100 = CARTESIAN_POINT('',(3.478122467371,4.372644902657E-17));
#3101 = CARTESIAN_POINT('',(3.420464768011,4.518866705692E-17));
#3102 = CARTESIAN_POINT('',(3.379567274501,4.609015226881E-17));
#3103 = CARTESIAN_POINT('',(3.339208545132,4.684076936185E-17));
#3104 = CARTESIAN_POINT('',(3.299270204481,4.744191853448E-17));
#3105 = CARTESIAN_POINT('',(3.259643631101,4.789464406643E-17));
#3106 = CARTESIAN_POINT('',(3.220224828936,4.819967755889E-17));
#3107 = CARTESIAN_POINT('',(3.180910119322,4.835739729456E-17));
#3108 = CARTESIAN_POINT('',(3.102275187858,4.837801044712E-17));
#3109 = CARTESIAN_POINT('',(3.062960478244,4.824090235048E-17));
#3110 = CARTESIAN_POINT('',(3.023541676078,4.795635809698E-17));
#3111 = CARTESIAN_POINT('',(2.983915102699,4.752387649066E-17));
#3112 = CARTESIAN_POINT('',(2.943976762047,4.694260153067E-17));
#3113 = CARTESIAN_POINT('',(2.903618032679,4.621136367312E-17));
#3114 = CARTESIAN_POINT('',(2.862720539169,4.532863729437E-17));
#3115 = CARTESIAN_POINT('',(2.805062839809,4.389140401398E-17));
#3116 = CARTESIAN_POINT('',(2.788875125678,4.346741885692E-17));
#3117 = CARTESIAN_POINT('',(2.772579629877,4.302034951408E-17));
#3118 = CARTESIAN_POINT('',(2.756168606871,4.255008218759E-17));
#3119 = CARTESIAN_POINT('',(2.739633996252,4.205649865225E-17));
#3120 = CARTESIAN_POINT('',(2.722967422734,4.153947625558E-17));
#3121 = CARTESIAN_POINT('',(2.706160196154,4.099888791782E-17));
#3122 = CARTESIAN_POINT('',(2.666721883012,3.96864741249E-17));
#3123 = CARTESIAN_POINT('',(2.643977573185,3.889670402543E-17));
#3124 = CARTESIAN_POINT('',(2.62094883759,3.806498000154E-17));
#3125 = CARTESIAN_POINT('',(2.597613307868,3.71909935202E-17));
#3126 = CARTESIAN_POINT('',(2.573947447241,3.627444345174E-17));
#3127 = CARTESIAN_POINT('',(2.549926206056,3.531504017449E-17));
#3128 = CARTESIAN_POINT('',(2.525522677323,3.431250967924E-17));
#3129 = CARTESIAN_POINT('',(2.467662147953,3.187377484733E-17));
#3130 = CARTESIAN_POINT('',(2.43388905578,3.040410920282E-17));
#3131 = CARTESIAN_POINT('',(2.399318394578,2.885695449662E-17));
#3132 = CARTESIAN_POINT('',(2.363876095822,2.723184961206E-17));
#3133 = CARTESIAN_POINT('',(2.327482662393,2.552858073275E-17));
#3134 = CARTESIAN_POINT('',(2.290051453784,2.374724593073E-17));
#3135 = CARTESIAN_POINT('',(2.25148669771,2.18883221699E-17));
#3136 = CARTESIAN_POINT('',(2.203827246491,1.957082573361E-17));
#3137 = CARTESIAN_POINT('',(2.195973264859,1.918828091185E-17));
#3138 = CARTESIAN_POINT('',(2.188119283227,1.880516113087E-17));
#3139 = CARTESIAN_POINT('',(2.180265301594,1.84215261071E-17));
#3140 = CARTESIAN_POINT('',(2.172411319959,1.80374344018E-17));
#3141 = CARTESIAN_POINT('',(2.164557338323,1.765294342108E-17));
#3142 = CARTESIAN_POINT('',(2.156703356687,1.726810941589E-17));
#3143 = CARTESIAN_POINT('',(2.142566189748,1.657488992992E-17));
#3144 = CARTESIAN_POINT('',(2.136283004441,1.626660808922E-17));
#3145 = CARTESIAN_POINT('',(2.129999819134,1.595817015966E-17));
#3146 = CARTESIAN_POINT('',(2.123716633827,1.564960385504E-17));
#3147 = CARTESIAN_POINT('',(2.11743344852,1.53409364032E-17));
#3148 = CARTESIAN_POINT('',(2.111150263212,1.5032194546E-17));
#3149 = CARTESIAN_POINT('',(2.104867077905,1.472340453936E-17));
#3150 = CARTESIAN_POINT('',(2.089176117311,1.277919459881E-17));
#3151 = CARTESIAN_POINT('',(2.07969635998,1.723870488077E-17));
#3152 = CARTESIAN_POINT('',(2.070350441809,1.213115666838E-17));
#3153 = CARTESIAN_POINT('',(2.060851090376,1.828806924021E-17));
#3154 = CARTESIAN_POINT('',(2.051483694863,1.453678279395E-17));
#3155 = CARTESIAN_POINT('',(2.042027011217,1.718372703602E-17));
#3156 = CARTESIAN_POINT('',(2.032609900639,1.69132040849E-17));
#3157 = CARTESIAN_POINT('',(2.012873491963,1.800436293205E-17));
#3158 = CARTESIAN_POINT('',(2.002591377358,1.850747477302E-17));
#3159 = CARTESIAN_POINT('',(1.992338827881,1.900842520518E-17));
#3160 = CARTESIAN_POINT('',(1.982115376386,1.950711570535E-17));
#3161 = CARTESIAN_POINT('',(1.971920585804,2.000344588287E-17));
#3162 = CARTESIAN_POINT('',(1.961754049136,2.049731347957E-17));
#3163 = CARTESIAN_POINT('',(1.951615389458,2.098861436976E-17));
#3164 = CARTESIAN_POINT('',(1.923945316748,2.232579230664E-17));
#3165 = CARTESIAN_POINT('',(1.906469355228,2.316628407659E-17));
#3166 = CARTESIAN_POINT('',(1.889074617248,2.39981616947E-17));
#3167 = CARTESIAN_POINT('',(1.871759564164,2.482085578712E-17));
#3168 = CARTESIAN_POINT('',(1.854522895976,2.563378582333E-17));
#3169 = CARTESIAN_POINT('',(1.837363570507,2.643636215786E-17));
#3170 = CARTESIAN_POINT('',(1.820280822572,2.72279880721E-17));
#3171 = CARTESIAN_POINT('',(1.768385383839,2.960836819748E-17));
#3172 = CARTESIAN_POINT('',(1.733812446121,3.116026316626E-17));
#3173 = CARTESIAN_POINT('',(1.699556728699,3.265828866417E-17));
#3174 = CARTESIAN_POINT('',(1.665618591908,3.40972354969E-17));
#3175 = CARTESIAN_POINT('',(1.631998752397,3.547217446901E-17));
#3176 = CARTESIAN_POINT('',(1.598699896304,3.677851562757E-17));
#3177 = CARTESIAN_POINT('',(1.565728550936,3.801209561442E-17));
#3178 = CARTESIAN_POINT('',(1.500482648776,4.03258961671E-17));
#3179 = CARTESIAN_POINT('',(1.4681986428,4.140651982497E-17));
#3180 = CARTESIAN_POINT('',(1.436257910779,4.24074805337E-17));
#3181 = CARTESIAN_POINT('',(1.404665523661,4.332612380705E-17));
#3182 = CARTESIAN_POINT('',(1.37342208466,4.416067921996E-17));
#3183 = CARTESIAN_POINT('',(1.342526141955,4.491015078289E-17));
#3184 = CARTESIAN_POINT('',(1.311975839033,4.557424271048E-17));
#3185 = CARTESIAN_POINT('',(1.267367905343,4.642941839018E-17));
#3186 = CARTESIAN_POINT('',(1.253043390939,4.668620684525E-17));
#3187 = CARTESIAN_POINT('',(1.2387956296,4.692373111955E-17));
#3188 = CARTESIAN_POINT('',(1.224623773328,4.714207132077E-17));
#3189 = CARTESIAN_POINT('',(1.210526785677,4.73413387876E-17));
#3190 = CARTESIAN_POINT('',(1.196503471465,4.752167238333E-17));
#3191 = CARTESIAN_POINT('',(1.182552506469,4.768323478934E-17));
#3192 = CARTESIAN_POINT('',(1.141920603704,4.810177167458E-17));
#3193 = CARTESIAN_POINT('',(1.11543223562,4.830828348175E-17));
#3194 = CARTESIAN_POINT('',(1.08919673419,4.844706138963E-17));
#3195 = CARTESIAN_POINT('',(1.063201481399,4.851970355896E-17));
#3196 = CARTESIAN_POINT('',(1.037432482644,4.852800041408E-17));
#3197 = CARTESIAN_POINT('',(1.011874696217,4.847385906676E-17));
#3198 = CARTESIAN_POINT('',(0.986512079516,4.835924089151E-17));
#3199 = CARTESIAN_POINT('',(0.929148492881,4.796490345364E-17));
#3200 = CARTESIAN_POINT('',(0.897262217997,4.764818671244E-17));
#3201 = CARTESIAN_POINT('',(0.865631003608,4.724007444333E-17));
#3202 = CARTESIAN_POINT('',(0.834217937444,4.674467719395E-17));
#3203 = CARTESIAN_POINT('',(0.802986290606,4.616602469843E-17));
#3204 = CARTESIAN_POINT('',(0.771898860977,4.550798997962E-17));
#3205 = CARTESIAN_POINT('',(0.740917088125,4.477421650016E-17));
#3206 = CARTESIAN_POINT('',(0.666332054273,4.282940310025E-17));
#3207 = CARTESIAN_POINT('',(0.622802143404,4.15465721227E-17));
#3208 = CARTESIAN_POINT('',(0.579292333127,4.012902016139E-17));
#3209 = CARTESIAN_POINT('',(0.535692636662,3.858541762407E-17));
#3210 = CARTESIAN_POINT('',(0.491894370331,3.692372581208E-17));
#3211 = CARTESIAN_POINT('',(0.447785613286,3.515117850572E-17));
#3212 = CARTESIAN_POINT('',(0.403246428501,3.327419354913E-17));
#3213 = CARTESIAN_POINT('',(0.315898439533,3.585925067879E-17));
#3214 = CARTESIAN_POINT('',(0.273165970094,1.298171414704E-17));
#3215 = CARTESIAN_POINT('',(0.229836279987,3.080205081598E-17));
#3216 = CARTESIAN_POINT('',(0.185797938129,3.789089005537E-17));
#3217 = CARTESIAN_POINT('',(0.140932915815,1.236549892362E-17));
#3218 = CARTESIAN_POINT('',(9.511230814094E-02,4.365952188646E-19));
#3219 = CARTESIAN_POINT('',(4.819081762406E-02,4.438955291746E-17));
#3220 = CARTESIAN_POINT('',(0.,1.183291357832E-30));
#3221 = ( GEOMETRIC_REPRESENTATION_CONTEXT(2) 
PARAMETRIC_REPRESENTATION_CONTEXT() REPRESENTATION_CONTEXT('2D SPACE',''
  ) );
#3222 = PCURVE('',#537,#3223);
#3223 = DEFINITIONAL_REPRESENTATION('',(#3224),#3444);
#3224 = B_SPLINE_CURVE_WITH_KNOTS('',8,(#3225,#3226,#3227,#3228,#3229,
    #3230,#3231,#3232,#3233,#3234,#3235,#3236,#3237,#3238,#3239,#3240,
    #3241,#3242,#3243,#3244,#3245,#3246,#3247,#3248,#3249,#3250,#3251,
    #3252,#3253,#3254,#3255,#3256,#3257,#3258,#3259,#3260,#3261,#3262,
    #3263,#3264,#3265,#3266,#3267,#3268,#3269,#3270,#3271,#3272,#3273,
    #3274,#3275,#3276,#3277,#3278,#3279,#3280,#3281,#3282,#3283,#3284,
    #3285,#3286,#3287,#3288,#3289,#3290,#3291,#3292,#3293,#3294,#3295,
    #3296,#3297,#3298,#3299,#3300,#3301,#3302,#3303,#3304,#3305,#3306,
    #3307,#3308,#3309,#3310,#3311,#3312,#3313,#3314,#3315,#3316,#3317,
    #3318,#3319,#3320,#3321,#3322,#3323,#3324,#3325,#3326,#3327,#3328,
    #3329,#3330,#3331,#3332,#3333,#3334,#3335,#3336,#3337,#3338,#3339,
    #3340,#3341,#3342,#3343,#3344,#3345,#3346,#3347,#3348,#3349,#3350,
    #3351,#3352,#3353,#3354,#3355,#3356,#3357,#3358,#3359,#3360,#3361,
    #3362,#3363,#3364,#3365,#3366,#3367,#3368,#3369,#3370,#3371,#3372,
    #3373,#3374,#3375,#3376,#3377,#3378,#3379,#3380,#3381,#3382,#3383,
    #3384,#3385,#3386,#3387,#3388,#3389,#3390,#3391,#3392,#3393,#3394,
    #3395,#3396,#3397,#3398,#3399,#3400,#3401,#3402,#3403,#3404,#3405,
    #3406,#3407,#3408,#3409,#3410,#3411,#3412,#3413,#3414,#3415,#3416,
    #3417,#3418,#3419,#3420,#3421,#3422,#3423,#3424,#3425,#3426,#3427,
    #3428,#3429,#3430,#3431,#3432,#3433,#3434,#3435,#3436,#3437,#3438,
    #3439,#3440,#3441,#3442,#3443),.UNSPECIFIED.,.F.,.F.,(9,7,7,7,7,7,7,
    7,7,7,7,7,7,7,7,7,7,7,7,7,7,7,7,7,7,7,7,7,7,7,7,9),(0.,
    5.676018709369E-02,0.119587635615,0.163308969933,0.197527395372,
    0.215281414349,0.252518073583,0.277913369662,0.307935720004,
    0.324725041941,0.333458194669,0.342363941372,0.383396681877,
    0.414209384573,0.43745023189,0.497505433644,0.557560635399,
    0.580801482716,0.611614185412,0.652646925917,0.660743059282,
    0.667219965976,0.676917799124,0.687529356048,0.705957339218,
    0.743761998395,0.781547229104,0.79956280077,0.834285332982,
    0.878650771184,0.941313240791,1.),.UNSPECIFIED.);
#3225 = CARTESIAN_POINT('',(65.,0.));
#3226 = CARTESIAN_POINT('',(65.000000062687,-3.324606971792));
#3227 = CARTESIAN_POINT('',(64.886355438167,-6.649076377026));
#3228 = CARTESIAN_POINT('',(64.659083267842,-9.969097708321));
#3229 = CARTESIAN_POINT('',(64.31791216713,-13.28015398786));
#3230 = CARTESIAN_POINT('',(63.86234460178,-16.57752845422));
#3231 = CARTESIAN_POINT('',(63.291676901201,-19.85630603849));
#3232 = CARTESIAN_POINT('',(62.604976908809,-23.11136962979));
#3233 = CARTESIAN_POINT('',(60.911124364647,-29.90825006809));
#3234 = CARTESIAN_POINT('',(59.877723761117,-33.44288486853));
#3235 = CARTESIAN_POINT('',(58.699165975453,-36.93439034078));
#3236 = CARTESIAN_POINT('',(57.373520992108,-40.37462478772));
#3237 = CARTESIAN_POINT('',(55.898747739605,-43.75427514907));
#3238 = CARTESIAN_POINT('',(54.272812089571,-47.06290309387));
#3239 = CARTESIAN_POINT('',(52.493710927846,-50.28895169093));
#3240 = CARTESIAN_POINT('',(49.213250208856,-55.5983602579));
#3241 = CARTESIAN_POINT('',(47.792162683983,-57.73054359294));
#3242 = CARTESIAN_POINT('',(46.295467035532,-59.81191504217));
#3243 = CARTESIAN_POINT('',(44.722723548129,-61.83757193823));
#3244 = CARTESIAN_POINT('',(43.073744774957,-63.80208716065));
#3245 = CARTESIAN_POINT('',(41.348661947505,-65.69956264756));
#3246 = CARTESIAN_POINT('',(39.547994048013,-67.52368545454));
#3247 = CARTESIAN_POINT('',(36.205039356993,-70.63280373349));
#3248 = CARTESIAN_POINT('',(34.691737531747,-71.94873371466));
#3249 = CARTESIAN_POINT('',(33.133331958857,-73.21234927312));
#3250 = CARTESIAN_POINT('',(31.530604224443,-74.42022840853));
#3251 = CARTESIAN_POINT('',(29.884632628445,-75.56879963425));
#3252 = CARTESIAN_POINT('',(28.196833839046,-76.65439989389));
#3253 = CARTESIAN_POINT('',(26.469013183796,-77.67334491111));
#3254 = CARTESIAN_POINT('',(23.787358233566,-79.1142222059));
#3255 = CARTESIAN_POINT('',(22.861126101026,-79.58751336245));
#3256 = CARTESIAN_POINT('',(21.925045425054,-80.04137842329));
#3257 = CARTESIAN_POINT('',(20.979464458016,-80.47531631514));
#3258 = CARTESIAN_POINT('',(20.024763227671,-80.8888359013));
#3259 = CARTESIAN_POINT('',(19.061355305426,-81.28145997228));
#3260 = CARTESIAN_POINT('',(18.089689574581,-81.6527292364));
#3261 = CARTESIAN_POINT('',(15.056014133578,-82.73518712434));
#3262 = CARTESIAN_POINT('',(12.967322802446,-83.37240230492));
#3263 = CARTESIAN_POINT('',(10.848960400723,-83.90966244224));
#3264 = CARTESIAN_POINT('',(8.70609512523,-84.34343356116));
#3265 = CARTESIAN_POINT('',(6.544288904301,-84.67088785866));
#3266 = CARTESIAN_POINT('',(4.369512457504,-84.88999978517));
#3267 = CARTESIAN_POINT('',(2.188167484865,-84.99968746997));
#3268 = CARTESIAN_POINT('',(-1.480355225689,-85.00021245126));
#3269 = CARTESIAN_POINT('',(-2.96788027818,-84.94955306903));
#3270 = CARTESIAN_POINT('',(-4.453357052889,-84.84801528915));
#3271 = CARTESIAN_POINT('',(-5.934752349945,-84.6958247435));
#3272 = CARTESIAN_POINT('',(-7.410099719027,-84.49341888096));
#3273 = CARTESIAN_POINT('',(-8.877497804736,-84.24143164666));
#3274 = CARTESIAN_POINT('',(-10.3351092069,-83.94068271024));
#3275 = CARTESIAN_POINT('',(-13.49068271809,-83.18016062937));
#3276 = CARTESIAN_POINT('',(-15.18416244594,-82.70136908699));
#3277 = CARTESIAN_POINT('',(-16.85868484886,-82.15742795183));
#3278 = CARTESIAN_POINT('',(-18.51165589482,-81.55026370818));
#3279 = CARTESIAN_POINT('',(-20.14077339976,-80.88202304334));
#3280 = CARTESIAN_POINT('',(-21.74400322668,-80.15501010143));
#3281 = CARTESIAN_POINT('',(-23.31955999466,-79.3716359365));
#3282 = CARTESIAN_POINT('',(-25.73064373236,-78.06616376068));
#3283 = CARTESIAN_POINT('',(-26.58626678354,-77.58109038141));
#3284 = CARTESIAN_POINT('',(-27.43249740441,-77.07958881848));
#3285 = CARTESIAN_POINT('',(-28.26909737735,-76.5620911784));
#3286 = CARTESIAN_POINT('',(-29.09585289474,-76.02903062816));
#3287 = CARTESIAN_POINT('',(-29.9125731398,-75.48083914053));
#3288 = CARTESIAN_POINT('',(-30.71908886737,-74.91794523959));
#3289 = CARTESIAN_POINT('',(-31.92839491246,-74.04126528211));
#3290 = CARTESIAN_POINT('',(-32.33875252105,-73.73791239535));
#3291 = CARTESIAN_POINT('',(-32.74629695746,-73.4307767798));
#3292 = CARTESIAN_POINT('',(-33.15101750302,-73.11991067605));
#3293 = CARTESIAN_POINT('',(-33.55289402881,-72.80537388744));
#3294 = CARTESIAN_POINT('',(-33.9519056959,-72.48722728758));
#3295 = CARTESIAN_POINT('',(-34.34804227348,-72.16552431006));
#3296 = CARTESIAN_POINT('',(-35.14281610817,-71.5082716209));
#3297 = CARTESIAN_POINT('',(-35.54407212297,-71.17030577307));
#3298 = CARTESIAN_POINT('',(-35.94498614758,-70.82638374336));
#3299 = CARTESIAN_POINT('',(-36.34548822875,-70.47646467294));
#3300 = CARTESIAN_POINT('',(-36.7455068046,-70.12050946881));
#3301 = CARTESIAN_POINT('',(-37.14496870458,-69.75848080379));
#3302 = CARTESIAN_POINT('',(-37.54379914948,-69.39034311654));
#3303 = CARTESIAN_POINT('',(-39.77625004836,-67.29158598724));
#3304 = CARTESIAN_POINT('',(-41.5383768009,-65.49046074572));
#3305 = CARTESIAN_POINT('',(-43.22741490384,-63.61898882633));
#3306 = CARTESIAN_POINT('',(-44.84289898802,-61.68313598099));
#3307 = CARTESIAN_POINT('',(-46.38472040477,-59.68847899447));
#3308 = CARTESIAN_POINT('',(-47.85306445531,-57.64015503859));
#3309 = CARTESIAN_POINT('',(-49.24834986536,-55.54281316048));
#3310 = CARTESIAN_POINT('',(-51.56451578993,-51.79189182637));
#3311 = CARTESIAN_POINT('',(-52.51695084856,-50.15797294636));
#3312 = CARTESIAN_POINT('',(-53.42870871965,-48.50059448454));
#3313 = CARTESIAN_POINT('',(-54.3000409161,-46.82144402196));
#3314 = CARTESIAN_POINT('',(-55.13121360484,-45.12211161562));
#3315 = CARTESIAN_POINT('',(-55.92250378698,-43.40408791321));
#3316 = CARTESIAN_POINT('',(-56.67419547786,-41.66876226787));
#3317 = CARTESIAN_POINT('',(-57.92389855363,-38.59644751951));
#3318 = CARTESIAN_POINT('',(-58.43885013606,-37.2663765633));
#3319 = CARTESIAN_POINT('',(-58.93155166127,-35.92776656446));
#3320 = CARTESIAN_POINT('',(-59.40211997043,-34.5811552317));
#3321 = CARTESIAN_POINT('',(-59.85066771913,-33.22705940231));
#3322 = CARTESIAN_POINT('',(-60.27730337732,-31.8659750421));
#3323 = CARTESIAN_POINT('',(-60.68213122939,-30.49837724545));
#3324 = CARTESIAN_POINT('',(-62.05524551814,-25.5751459059));
#3325 = CARTESIAN_POINT('',(-62.90020790232,-21.98540939732));
#3326 = CARTESIAN_POINT('',(-63.60198119813,-18.36302764792));
#3327 = CARTESIAN_POINT('',(-64.1619508892,-14.71515666292));
#3328 = CARTESIAN_POINT('',(-64.58116530252,-11.04861006335));
#3329 = CARTESIAN_POINT('',(-64.86037623068,-7.369866686697));
#3330 = CARTESIAN_POINT('',(-65.00000014504,-3.685067239227));
#3331 = CARTESIAN_POINT('',(-65.00000014504,3.6850672392));
#3332 = CARTESIAN_POINT('',(-64.86037623068,7.369866686672));
#3333 = CARTESIAN_POINT('',(-64.58116530253,11.048610063329));
#3334 = CARTESIAN_POINT('',(-64.1619508892,14.7151566629));
#3335 = CARTESIAN_POINT('',(-63.60198119813,18.363027647901));
#3336 = CARTESIAN_POINT('',(-62.90020790233,21.985409397303));
#3337 = CARTESIAN_POINT('',(-62.05524551815,25.575145905881));
#3338 = CARTESIAN_POINT('',(-60.6821312294,30.498377245436));
#3339 = CARTESIAN_POINT('',(-60.27730337733,31.865975042086));
#3340 = CARTESIAN_POINT('',(-59.85066771914,33.227059402289));
#3341 = CARTESIAN_POINT('',(-59.40211997044,34.58115523168));
#3342 = CARTESIAN_POINT('',(-58.93155166128,35.927766564438));
#3343 = CARTESIAN_POINT('',(-58.43885013607,37.266376563286));
#3344 = CARTESIAN_POINT('',(-57.92389855364,38.596447519489));
#3345 = CARTESIAN_POINT('',(-56.67419547787,41.668762267854));
#3346 = CARTESIAN_POINT('',(-55.92250378699,43.404087913199));
#3347 = CARTESIAN_POINT('',(-55.13121360485,45.122111615603));
#3348 = CARTESIAN_POINT('',(-54.30004091611,46.821444021944));
#3349 = CARTESIAN_POINT('',(-53.42870871966,48.500594484526));
#3350 = CARTESIAN_POINT('',(-52.51695084857,50.157972946348));
#3351 = CARTESIAN_POINT('',(-51.56451578994,51.791891826356));
#3352 = CARTESIAN_POINT('',(-49.24834986537,55.542813160476));
#3353 = CARTESIAN_POINT('',(-47.85306445532,57.640155038573));
#3354 = CARTESIAN_POINT('',(-46.38472040478,59.688478994452));
#3355 = CARTESIAN_POINT('',(-44.84289898803,61.683135980986));
#3356 = CARTESIAN_POINT('',(-43.22741490385,63.618988826327));
#3357 = CARTESIAN_POINT('',(-41.53837680092,65.490460745711));
#3358 = CARTESIAN_POINT('',(-39.77625004837,67.29158598723));
#3359 = CARTESIAN_POINT('',(-37.57999211035,69.356317596922));
#3360 = CARTESIAN_POINT('',(-37.21747748053,69.691495908428));
#3361 = CARTESIAN_POINT('',(-36.85443524832,70.021622905126));
#3362 = CARTESIAN_POINT('',(-36.4909217035,70.346725166212));
#3363 = CARTESIAN_POINT('',(-36.12699203934,70.666830491013));
#3364 = CARTESIAN_POINT('',(-35.76270035259,70.981967898987));
#3365 = CARTESIAN_POINT('',(-35.39809964349,71.29216762972));
#3366 = CARTESIAN_POINT('',(-34.74135554896,71.84169593382));
#3367 = CARTESIAN_POINT('',(-34.44930471343,72.082790645466));
#3368 = CARTESIAN_POINT('',(-34.15711587528,72.320761355607));
#3369 = CARTESIAN_POINT('',(-33.86481514005,72.555624540744));
#3370 = CARTESIAN_POINT('',(-33.57242815269,72.787397076146));
#3371 = CARTESIAN_POINT('',(-33.27998009756,73.01609623584));
#3372 = CARTESIAN_POINT('',(-32.98749569842,73.241739692619));
#3373 = CARTESIAN_POINT('',(-32.2574741191,73.797326036881));
#3374 = CARTESIAN_POINT('',(-31.81592626148,74.126550733788));
#3375 = CARTESIAN_POINT('',(-31.37005301985,74.452154078778));
#3376 = CARTESIAN_POINT('',(-30.91965451821,74.774165780809));
#3377 = CARTESIAN_POINT('',(-30.46462536979,75.09253078298));
#3378 = CARTESIAN_POINT('',(-30.00497573725,75.407107420626));
#3379 = CARTESIAN_POINT('',(-29.54082667739,75.717686329314));
#3380 = CARTESIAN_POINT('',(-28.55979825052,76.35922548463));
#3381 = CARTESIAN_POINT('',(-28.04330329702,76.688540603437));
#3382 = CARTESIAN_POINT('',(-27.52298528053,77.01183666047));
#3383 = CARTESIAN_POINT('',(-26.99889324204,77.329009261197));
#3384 = CARTESIAN_POINT('',(-26.47107983996,77.639954095496));
#3385 = CARTESIAN_POINT('',(-25.93960135013,77.944566937657));
#3386 = CARTESIAN_POINT('',(-25.40451766582,78.242743646381));
#3387 = CARTESIAN_POINT('',(-23.9305179447,79.040835189542));
#3388 = CARTESIAN_POINT('',(-22.98446107862,79.527568546087));
#3389 = CARTESIAN_POINT('',(-22.02805844509,79.994036888149));
#3390 = CARTESIAN_POINT('',(-21.06167952511,80.439702970283));
#3391 = CARTESIAN_POINT('',(-20.08572851968,80.864040107403));
#3392 = CARTESIAN_POINT('',(-19.10064633438,81.266536634326));
#3393 = CARTESIAN_POINT('',(-18.10691256397,81.646700365314));
#3394 = CARTESIAN_POINT('',(-15.04974033148,82.73718573518));
#3395 = CARTESIAN_POINT('',(-12.95994838068,83.374444753445));
#3396 = CARTESIAN_POINT('',(-10.84045914461,83.911645229843));
#3397 = CARTESIAN_POINT('',(-8.69644754176,84.345248070048));
#3398 = CARTESIAN_POINT('',(-6.533483907328,84.672421258988));
#3399 = CARTESIAN_POINT('',(-4.357549161976,84.891136632256));
#3400 = CARTESIAN_POINT('',(-2.175057131065,85.000312123904));
#3401 = CARTESIAN_POINT('',(2.188167484851,84.999687469975));
#3402 = CARTESIAN_POINT('',(4.369512457489,84.889999785171));
#3403 = CARTESIAN_POINT('',(6.544288904287,84.670887858669));
#3404 = CARTESIAN_POINT('',(8.706095125217,84.343433561172));
#3405 = CARTESIAN_POINT('',(10.848960400709,83.909662442244));
#3406 = CARTESIAN_POINT('',(12.967322802432,83.372402304924));
#3407 = CARTESIAN_POINT('',(15.056014133565,82.735187124351));
#3408 = CARTESIAN_POINT('',(18.089689574566,81.652729236412));
#3409 = CARTESIAN_POINT('',(19.061355305414,81.281459972291));
#3410 = CARTESIAN_POINT('',(20.024763227659,80.888835901308));
#3411 = CARTESIAN_POINT('',(20.979464458003,80.475316315149));
#3412 = CARTESIAN_POINT('',(21.92504542504,80.041378423304));
#3413 = CARTESIAN_POINT('',(22.861126101013,79.587513362463));
#3414 = CARTESIAN_POINT('',(23.787358233554,79.11422220591));
#3415 = CARTESIAN_POINT('',(26.469013183779,77.673344911126));
#3416 = CARTESIAN_POINT('',(28.19683383904,76.654399893899));
#3417 = CARTESIAN_POINT('',(29.884632628434,75.568799634266));
#3418 = CARTESIAN_POINT('',(31.530604224426,74.420228408545));
#3419 = CARTESIAN_POINT('',(33.133331958846,73.212349273137));
#3420 = CARTESIAN_POINT('',(34.691737531741,71.948733714676));
#3421 = CARTESIAN_POINT('',(36.205039356979,70.632803733507));
#3422 = CARTESIAN_POINT('',(39.547994048001,67.52368545456));
#3423 = CARTESIAN_POINT('',(41.348661947499,65.699562647578));
#3424 = CARTESIAN_POINT('',(43.073744774948,63.802087160667));
#3425 = CARTESIAN_POINT('',(44.722723548118,61.837571938247));
#3426 = CARTESIAN_POINT('',(46.295467035524,59.81191504218));
#3427 = CARTESIAN_POINT('',(47.792162683979,57.730543592954));
#3428 = CARTESIAN_POINT('',(49.213250208846,55.598360257918));
#3429 = CARTESIAN_POINT('',(52.460622033592,50.342505921038));
#3430 = CARTESIAN_POINT('',(54.211912418691,47.173224627987));
#3431 = CARTESIAN_POINT('',(55.815195219404,43.923952120684));
#3432 = CARTESIAN_POINT('',(57.27236964426,40.605692409133));
#3433 = CARTESIAN_POINT('',(58.585368415089,37.228396833402));
#3434 = CARTESIAN_POINT('',(59.756134194401,33.800957185399));
#3435 = CARTESIAN_POINT('',(60.786511309876,30.33116304326));
#3436 = CARTESIAN_POINT('',(62.513105525384,23.542531289518));
#3437 = CARTESIAN_POINT('',(63.226239669691,20.228620857396));
#3438 = CARTESIAN_POINT('',(63.818815083306,16.889580010274));
#3439 = CARTESIAN_POINT('',(64.2918342834,13.53084617929));
#3440 = CARTESIAN_POINT('',(64.646054308175,10.157634583675));
#3441 = CARTESIAN_POINT('',(64.882011712528,6.774942492341));
#3442 = CARTESIAN_POINT('',(65.000000072711,3.387547526029));
#3443 = CARTESIAN_POINT('',(65.,1.42108547152E-14));
#3444 = ( GEOMETRIC_REPRESENTATION_CONTEXT(2) 
PARAMETRIC_REPRESENTATION_CONTEXT() REPRESENTATION_CONTEXT('2D SPACE',''
  ) );
#3445 = ADVANCED_FACE('',(#3446),#537,.T.);
#3446 = FACE_BOUND('',#3447,.T.);
#3447 = EDGE_LOOP('',(#3448,#3449,#3450,#3471,#4067,#4627));
#3448 = ORIENTED_EDGE('',*,*,#89,.F.);
#3449 = ORIENTED_EDGE('',*,*,#2777,.F.);
#3450 = ORIENTED_EDGE('',*,*,#3451,.T.);
#3451 = EDGE_CURVE('',#2161,#3452,#3454,.T.);
#3452 = VERTEX_POINT('',#3453);
#3453 = CARTESIAN_POINT('',(51.829922490227,45.,-4.475931732773E-15));
#3454 = SURFACE_CURVE('',#3455,(#3459,#3465),.PCURVE_S1.);
#3455 = LINE('',#3456,#3457);
#3456 = CARTESIAN_POINT('',(0.,45.,0.));
#3457 = VECTOR('',#3458,1.);
#3458 = DIRECTION('',(-1.,0.,0.));
#3459 = PCURVE('',#537,#3460);
#3460 = DEFINITIONAL_REPRESENTATION('',(#3461),#3464);
#3461 = B_SPLINE_CURVE_WITH_KNOTS('',1,(#3462,#3463),.UNSPECIFIED.,.F.,
  .F.,(2,2),(-55.14399313552,55.144278387209),.PIECEWISE_BEZIER_KNOTS.);
#3462 = CARTESIAN_POINT('',(55.143993135523,45.));
#3463 = CARTESIAN_POINT('',(-55.1442783872,45.));
#3464 = ( GEOMETRIC_REPRESENTATION_CONTEXT(2) 
PARAMETRIC_REPRESENTATION_CONTEXT() REPRESENTATION_CONTEXT('2D SPACE',''
  ) );
#3465 = PCURVE('',#1950,#3466);
#3466 = DEFINITIONAL_REPRESENTATION('',(#3467),#3470);
#3467 = B_SPLINE_CURVE_WITH_KNOTS('',1,(#3468,#3469),.UNSPECIFIED.,.F.,
  .F.,(2,2),(-55.14399313552,55.144278387209),.PIECEWISE_BEZIER_KNOTS.);
#3468 = CARTESIAN_POINT('',(0.,55.143993135523));
#3469 = CARTESIAN_POINT('',(0.,-55.1442783872));
#3470 = ( GEOMETRIC_REPRESENTATION_CONTEXT(2) 
PARAMETRIC_REPRESENTATION_CONTEXT() REPRESENTATION_CONTEXT('2D SPACE',''
  ) );
#3471 = ORIENTED_EDGE('',*,*,#3472,.T.);
#3472 = EDGE_CURVE('',#3452,#3473,#3475,.T.);
#3473 = VERTEX_POINT('',#3474);
#3474 = CARTESIAN_POINT('',(62.,-2.008420750602E-14,-1.334865011071E-14)
  );
#3475 = SURFACE_CURVE('',#3476,(#3659,#3845),.PCURVE_S1.);
#3476 = B_SPLINE_CURVE_WITH_KNOTS('',7,(#3477,#3478,#3479,#3480,#3481,
    #3482,#3483,#3484,#3485,#3486,#3487,#3488,#3489,#3490,#3491,#3492,
    #3493,#3494,#3495,#3496,#3497,#3498,#3499,#3500,#3501,#3502,#3503,
    #3504,#3505,#3506,#3507,#3508,#3509,#3510,#3511,#3512,#3513,#3514,
    #3515,#3516,#3517,#3518,#3519,#3520,#3521,#3522,#3523,#3524,#3525,
    #3526,#3527,#3528,#3529,#3530,#3531,#3532,#3533,#3534,#3535,#3536,
    #3537,#3538,#3539,#3540,#3541,#3542,#3543,#3544,#3545,#3546,#3547,
    #3548,#3549,#3550,#3551,#3552,#3553,#3554,#3555,#3556,#3557,#3558,
    #3559,#3560,#3561,#3562,#3563,#3564,#3565,#3566,#3567,#3568,#3569,
    #3570,#3571,#3572,#3573,#3574,#3575,#3576,#3577,#3578,#3579,#3580,
    #3581,#3582,#3583,#3584,#3585,#3586,#3587,#3588,#3589,#3590,#3591,
    #3592,#3593,#3594,#3595,#3596,#3597,#3598,#3599,#3600,#3601,#3602,
    #3603,#3604,#3605,#3606,#3607,#3608,#3609,#3610,#3611,#3612,#3613,
    #3614,#3615,#3616,#3617,#3618,#3619,#3620,#3621,#3622,#3623,#3624,
    #3625,#3626,#3627,#3628,#3629,#3630,#3631,#3632,#3633,#3634,#3635,
    #3636,#3637,#3638,#3639,#3640,#3641,#3642,#3643,#3644,#3645,#3646,
    #3647,#3648,#3649,#3650,#3651,#3652,#3653,#3654,#3655,#3656,#3657,
    #3658),.UNSPECIFIED.,.T.,.F.,(8,6,6,6,6,6,6,6,6,6,6,6,6,6,6,6,6,6,6,
    6,6,6,6,6,6,6,6,6,6,6,8),(0.,5.914349471685E-02,0.123331151172,
    0.166718653343,0.201460300605,0.21944928887,0.257123058213,
    0.293966540951,0.312393250638,0.329452873717,0.337474829639,
    0.346290001424,0.386988255178,0.418736875766,0.441995637898,
    0.503443544625,0.564891451351,0.588150213484,0.619898834072,
    0.660597087825,0.668610880116,0.67491416391,0.693971150037,
    0.712022593147,0.748115745095,0.773641920907,0.802645519518,
    0.836679121801,0.879182373928,0.942061867084,1.),.UNSPECIFIED.);
#3477 = CARTESIAN_POINT('',(62.,0.,0.));
#3478 = CARTESIAN_POINT('',(62.,-3.734000742589,0.));
#3479 = CARTESIAN_POINT('',(61.850010688627,-7.467803093478,0.));
#3480 = CARTESIAN_POINT('',(61.550061913056,-11.19455898611,0.));
#3481 = CARTESIAN_POINT('',(61.099545389355,-14.90697712962,0.));
#3482 = CARTESIAN_POINT('',(60.497396005709,-18.59734130438,0.));
#3483 = CARTESIAN_POINT('',(59.742082996979,-22.25750381455,0.));
#3484 = CARTESIAN_POINT('',(57.843070647064,-29.80905790063,0.));
#3485 = CARTESIAN_POINT('',(56.671953643368,-33.69270071749,0.));
#3486 = CARTESIAN_POINT('',(55.315273496622,-37.5192661566,0.));
#3487 = CARTESIAN_POINT('',(53.769653221312,-41.27576715399,0.));
#3488 = CARTESIAN_POINT('',(52.031548108519,-44.94689934871,0.));
#3489 = CARTESIAN_POINT('',(50.097480534767,-48.51513394165,0.));
#3490 = CARTESIAN_POINT('',(46.52132219396,-54.28944088148,0.));
#3491 = CARTESIAN_POINT('',(44.987958848033,-56.56182643266,0.));
#3492 = CARTESIAN_POINT('',(43.36254595549,-58.77143067926,0.));
#3493 = CARTESIAN_POINT('',(41.644370274321,-60.9109593878,0.));
#3494 = CARTESIAN_POINT('',(39.833181804922,-62.97219618533,0.));
#3495 = CARTESIAN_POINT('',(37.929342420876,-64.94612217908,0.));
#3496 = CARTESIAN_POINT('',(34.336232262157,-68.32594495143,0.));
#3497 = CARTESIAN_POINT('',(32.679898337961,-69.7665626215,0.));
#3498 = CARTESIAN_POINT('',(30.965665316612,-71.13983539952,0.));
#3499 = CARTESIAN_POINT('',(29.194727527167,-72.44030513712,0.));
#3500 = CARTESIAN_POINT('',(27.368871700482,-73.66223090809,0.));
#3501 = CARTESIAN_POINT('',(25.490596571747,-74.79975490511,0.));
#3502 = CARTESIAN_POINT('',(22.56530670201,-76.38943461399,0.));
#3503 = CARTESIAN_POINT('',(21.554205552812,-76.90757311256,0.));
#3504 = CARTESIAN_POINT('',(20.530441801511,-77.40072863765,0.));
#3505 = CARTESIAN_POINT('',(19.494554930401,-77.86810683074,0.));
#3506 = CARTESIAN_POINT('',(18.447149013931,-78.30893412157,0.));
#3507 = CARTESIAN_POINT('',(17.388897511488,-78.7224685843,0.));
#3508 = CARTESIAN_POINT('',(14.083137583644,-79.91543965222,0.));
#3509 = CARTESIAN_POINT('',(11.801014385013,-80.60024997559,0.));
#3510 = CARTESIAN_POINT('',(9.481609245408,-81.15572190068,0.));
#3511 = CARTESIAN_POINT('',(7.133106149992,-81.57645416434,0.));
#3512 = CARTESIAN_POINT('',(4.764463816415,-81.85849514789,0.));
#3513 = CARTESIAN_POINT('',(2.385464139976,-81.99965509582,0.));
#3514 = CARTESIAN_POINT('',(-2.319465729193,-82.00033633093,0.));
#3515 = CARTESIAN_POINT('',(-4.646041186574,-81.86599621256,0.));
#3516 = CARTESIAN_POINT('',(-6.962966570649,-81.59691656362,0.));
#3517 = CARTESIAN_POINT('',(-9.261078248302,-81.19509278563,0.));
#3518 = CARTESIAN_POINT('',(-11.53195543688,-80.6641426743,0.));
#3519 = CARTESIAN_POINT('',(-13.76787783958,-80.00902979563,0.));
#3520 = CARTESIAN_POINT('',(-17.0590669477,-78.84929960525,0.));
#3521 = CARTESIAN_POINT('',(-18.145918006,-78.43311090811,0.));
#3522 = CARTESIAN_POINT('',(-19.2215421613,-77.98812224924,0.));
#3523 = CARTESIAN_POINT('',(-20.28520359455,-77.51512495371,0.));
#3524 = CARTESIAN_POINT('',(-21.33624300519,-77.01494685787,0.));
#3525 = CARTESIAN_POINT('',(-22.37407225654,-76.48844000109,0.));
#3526 = CARTESIAN_POINT('',(-24.34628754602,-75.42544768303,0.));
#3527 = CARTESIAN_POINT('',(-25.2826385809,-74.89259904108,0.));
#3528 = CARTESIAN_POINT('',(-26.20681256442,-74.33860600496,0.));
#3529 = CARTESIAN_POINT('',(-27.11845193608,-73.76415844235,0.));
#3530 = CARTESIAN_POINT('',(-28.01724727449,-73.16994626987,0.));
#3531 = CARTESIAN_POINT('',(-28.90293343558,-72.55665324759,0.));
#3532 = CARTESIAN_POINT('',(-30.18549237036,-71.62790497265,0.));
#3533 = CARTESIAN_POINT('',(-30.58865995852,-71.32975105399,0.));
#3534 = CARTESIAN_POINT('',(-30.98802173371,-71.02842200802,0.));
#3535 = CARTESIAN_POINT('',(-31.38587455402,-70.72224064148,0.));
#3536 = CARTESIAN_POINT('',(-31.78363775885,-70.41000873388,0.));
#3537 = CARTESIAN_POINT('',(-32.18191161767,-70.09108542016,0.));
#3538 = CARTESIAN_POINT('',(-33.01857518775,-69.40762562626,0.));
#3539 = CARTESIAN_POINT('',(-33.45636074073,-69.04225036884,0.));
#3540 = CARTESIAN_POINT('',(-33.89378996504,-68.66926116441,0.));
#3541 = CARTESIAN_POINT('',(-34.33075775793,-68.28859339087,0.));
#3542 = CARTESIAN_POINT('',(-34.76715593367,-67.90018566709,0.));
#3543 = CARTESIAN_POINT('',(-35.20287322347,-67.50397985291,0.));
#3544 = CARTESIAN_POINT('',(-37.64576159459,-65.23444546571,0.));
#3545 = CARTESIAN_POINT('',(-39.56227890829,-63.27079637368,0.));
#3546 = CARTESIAN_POINT('',(-41.38612141834,-61.21875691525,0.));
#3547 = CARTESIAN_POINT('',(-43.11685772254,-59.08743823245,0.));
#3548 = CARTESIAN_POINT('',(-44.75469083145,-56.88514669078,0.));
#3549 = CARTESIAN_POINT('',(-46.30030450543,-54.61925847216,0.));
#3550 = CARTESIAN_POINT('',(-48.88929913582,-50.48381178765,0.));
#3551 = CARTESIAN_POINT('',(-49.96831930457,-48.63676920108,0.));
#3552 = CARTESIAN_POINT('',(-50.99223795126,-46.75803425481,0.));
#3553 = CARTESIAN_POINT('',(-51.96154592278,-44.85044532862,0.));
#3554 = CARTESIAN_POINT('',(-52.87676115645,-42.91661788525,0.));
#3555 = CARTESIAN_POINT('',(-53.73841817376,-40.95893934516,0.));
#3556 = CARTESIAN_POINT('',(-55.13944538597,-37.52948338401,0.));
#3557 = CARTESIAN_POINT('',(-55.7033749521,-36.06778036317,0.));
#3558 = CARTESIAN_POINT('',(-56.23904361663,-34.59530791621,0.));
#3559 = CARTESIAN_POINT('',(-56.74664808191,-33.11288171318,0.));
#3560 = CARTESIAN_POINT('',(-57.22637572726,-31.62127568314,0.));
#3561 = CARTESIAN_POINT('',(-57.67840420996,-30.12122192626,0.));
#3562 = CARTESIAN_POINT('',(-59.22438995194,-24.62988615388,0.));
#3563 = CARTESIAN_POINT('',(-60.15359505899,-20.59263853658,0.));
#3564 = CARTESIAN_POINT('',(-60.89382910817,-16.51384735343,0.));
#3565 = CARTESIAN_POINT('',(-61.44734786556,-12.40489418278,0.));
#3566 = CARTESIAN_POINT('',(-61.81576277565,-8.276437459199,0.));
#3567 = CARTESIAN_POINT('',(-62.,-4.138411362328,0.));
#3568 = CARTESIAN_POINT('',(-62.,4.138411362313,0.));
#3569 = CARTESIAN_POINT('',(-61.81576277565,8.276437459141,0.));
#3570 = CARTESIAN_POINT('',(-61.44734786556,12.404894182812,0.));
#3571 = CARTESIAN_POINT('',(-60.89382910818,16.513847353366,0.));
#3572 = CARTESIAN_POINT('',(-60.15359505899,20.592638536582,0.));
#3573 = CARTESIAN_POINT('',(-59.22438995195,24.629886153851,0.));
#3574 = CARTESIAN_POINT('',(-57.67840420996,30.121221926244,0.));
#3575 = CARTESIAN_POINT('',(-57.22637572727,31.621275683123,0.));
#3576 = CARTESIAN_POINT('',(-56.74664808192,33.112881713162,0.));
#3577 = CARTESIAN_POINT('',(-56.23904361664,34.595307916194,0.));
#3578 = CARTESIAN_POINT('',(-55.7033749521,36.067780363154,0.));
#3579 = CARTESIAN_POINT('',(-55.13944538598,37.529483383989,0.));
#3580 = CARTESIAN_POINT('',(-53.73841817377,40.958939345141,0.));
#3581 = CARTESIAN_POINT('',(-52.87676115645,42.91661788525,0.));
#3582 = CARTESIAN_POINT('',(-51.9615459228,44.850445328601,0.));
#3583 = CARTESIAN_POINT('',(-50.99223795127,46.758034254784,0.));
#3584 = CARTESIAN_POINT('',(-49.96831930457,48.636769201077,0.));
#3585 = CARTESIAN_POINT('',(-48.88929913583,50.483811787636,0.));
#3586 = CARTESIAN_POINT('',(-46.30030450544,54.61925847215,0.));
#3587 = CARTESIAN_POINT('',(-44.75469083146,56.88514669077,0.));
#3588 = CARTESIAN_POINT('',(-43.11685772256,59.087438232441,0.));
#3589 = CARTESIAN_POINT('',(-41.38612141835,61.218756915242,0.));
#3590 = CARTESIAN_POINT('',(-39.5622789083,63.270796373668,0.));
#3591 = CARTESIAN_POINT('',(-37.6457615946,65.234445465705,0.));
#3592 = CARTESIAN_POINT('',(-35.24241160372,67.467247223358,0.));
#3593 = CARTESIAN_POINT('',(-34.84637070372,67.828083363191,0.));
#3594 = CARTESIAN_POINT('',(-34.4497584887,68.182470665675,0.));
#3595 = CARTESIAN_POINT('',(-34.0526587685,68.530452569205,0.));
#3596 = CARTESIAN_POINT('',(-33.65515324968,68.872074753519,0.));
#3597 = CARTESIAN_POINT('',(-33.25732153553,69.207385139696,0.));
#3598 = CARTESIAN_POINT('',(-32.54612921818,69.795248641138,0.));
#3599 = CARTESIAN_POINT('',(-32.23105286341,70.051686079662,0.));
#3600 = CARTESIAN_POINT('',(-31.91402037184,70.305711487674,0.));
#3601 = CARTESIAN_POINT('',(-31.59504053313,70.557290023008,0.));
#3602 = CARTESIAN_POINT('',(-31.27412261648,70.806386719379,0.));
#3603 = CARTESIAN_POINT('',(-30.95127637063,71.052966486389,0.));
#3604 = CARTESIAN_POINT('',(-29.64463815432,72.034773206972,0.));
#3605 = CARTESIAN_POINT('',(-28.64523144725,72.749224255755,0.));
#3606 = CARTESIAN_POINT('',(-27.62859236491,73.439362262697,0.));
#3607 = CARTESIAN_POINT('',(-26.59508689109,74.10417768423,0.));
#3608 = CARTESIAN_POINT('',(-25.54515387588,74.742648025093,0.));
#3609 = CARTESIAN_POINT('',(-24.47931238038,75.353749437011,0.));
#3610 = CARTESIAN_POINT('',(-22.37407225655,76.48844000109,0.));
#3611 = CARTESIAN_POINT('',(-21.3362430052,77.014946857865,0.));
#3612 = CARTESIAN_POINT('',(-20.28520359456,77.515124953704,0.));
#3613 = CARTESIAN_POINT('',(-19.22154216131,77.988122249244,0.));
#3614 = CARTESIAN_POINT('',(-18.14591800601,78.43311090811,0.));
#3615 = CARTESIAN_POINT('',(-17.05906694772,78.849299605252,0.));
#3616 = CARTESIAN_POINT('',(-13.76787783959,80.009029795633,0.));
#3617 = CARTESIAN_POINT('',(-11.53195543691,80.664142674301,0.));
#3618 = CARTESIAN_POINT('',(-9.261078248311,81.195092785634,0.));
#3619 = CARTESIAN_POINT('',(-6.962966570658,81.596916563626,0.));
#3620 = CARTESIAN_POINT('',(-4.646041186595,81.865996212563,0.));
#3621 = CARTESIAN_POINT('',(-2.319465729204,82.000336330933,0.));
#3622 = CARTESIAN_POINT('',(1.651984694696,81.999761297608,0.));
#3623 = CARTESIAN_POINT('',(3.297239764192,81.932161314371,0.));
#3624 = CARTESIAN_POINT('',(4.939123528607,81.797190944803,0.));
#3625 = CARTESIAN_POINT('',(6.574354652823,81.595334522989,0.));
#3626 = CARTESIAN_POINT('',(8.199793316448,81.327511001097,0.));
#3627 = CARTESIAN_POINT('',(9.81243704929,80.995035490106,0.));
#3628 = CARTESIAN_POINT('',(13.223956839819,80.150295893231,0.));
#3629 = CARTESIAN_POINT('',(15.018401469719,79.619677898557,0.));
#3630 = CARTESIAN_POINT('',(16.788623476062,79.010190117787,0.));
#3631 = CARTESIAN_POINT('',(18.531060513817,78.324792463358,0.));
#3632 = CARTESIAN_POINT('',(20.242651266513,77.566786831442,0.));
#3633 = CARTESIAN_POINT('',(21.920784866905,76.739684787077,0.));
#3634 = CARTESIAN_POINT('',(25.490596571735,74.799754905126,0.));
#3635 = CARTESIAN_POINT('',(27.368871700471,73.662230908104,0.));
#3636 = CARTESIAN_POINT('',(29.194727527156,72.440305137132,0.));
#3637 = CARTESIAN_POINT('',(30.965665316601,71.139835399537,0.));
#3638 = CARTESIAN_POINT('',(32.679898337951,69.76656262151,0.));
#3639 = CARTESIAN_POINT('',(34.336232262147,68.325944951443,0.));
#3640 = CARTESIAN_POINT('',(37.929342420864,64.9461221791,0.));
#3641 = CARTESIAN_POINT('',(39.833181804918,62.972196185343,0.));
#3642 = CARTESIAN_POINT('',(41.64437027431,60.910959387822,0.));
#3643 = CARTESIAN_POINT('',(43.362545955479,58.771430679282,0.));
#3644 = CARTESIAN_POINT('',(44.98795884803,56.561826432673,0.));
#3645 = CARTESIAN_POINT('',(46.521322193952,54.289440881495,0.));
#3646 = CARTESIAN_POINT('',(50.097480534764,48.515133941657,0.));
#3647 = CARTESIAN_POINT('',(52.031548108505,44.946899348761,0.));
#3648 = CARTESIAN_POINT('',(53.769653221322,41.275767153927,0.));
#3649 = CARTESIAN_POINT('',(55.315273496598,37.519266156717,0.));
#3650 = CARTESIAN_POINT('',(56.671953643379,33.692700717436,0.));
#3651 = CARTESIAN_POINT('',(57.843070647057,29.809057900659,0.));
#3652 = CARTESIAN_POINT('',(59.742082996977,22.257503814562,0.));
#3653 = CARTESIAN_POINT('',(60.497396005708,18.597341304399,0.));
#3654 = CARTESIAN_POINT('',(61.099545389355,14.906977129625,0.));
#3655 = CARTESIAN_POINT('',(61.550061913056,11.194558986116,0.));
#3656 = CARTESIAN_POINT('',(61.850010688626,7.467803093488,0.));
#3657 = CARTESIAN_POINT('',(62.,3.734000742586,0.));
#3658 = CARTESIAN_POINT('',(62.,0.,0.));
#3659 = PCURVE('',#537,#3660);
#3660 = DEFINITIONAL_REPRESENTATION('',(#3661),#3844);
#3661 = B_SPLINE_CURVE_WITH_KNOTS('',7,(#3662,#3663,#3664,#3665,#3666,
    #3667,#3668,#3669,#3670,#3671,#3672,#3673,#3674,#3675,#3676,#3677,
    #3678,#3679,#3680,#3681,#3682,#3683,#3684,#3685,#3686,#3687,#3688,
    #3689,#3690,#3691,#3692,#3693,#3694,#3695,#3696,#3697,#3698,#3699,
    #3700,#3701,#3702,#3703,#3704,#3705,#3706,#3707,#3708,#3709,#3710,
    #3711,#3712,#3713,#3714,#3715,#3716,#3717,#3718,#3719,#3720,#3721,
    #3722,#3723,#3724,#3725,#3726,#3727,#3728,#3729,#3730,#3731,#3732,
    #3733,#3734,#3735,#3736,#3737,#3738,#3739,#3740,#3741,#3742,#3743,
    #3744,#3745,#3746,#3747,#3748,#3749,#3750,#3751,#3752,#3753,#3754,
    #3755,#3756,#3757,#3758,#3759,#3760,#3761,#3762,#3763,#3764,#3765,
    #3766,#3767,#3768,#3769,#3770,#3771,#3772,#3773,#3774,#3775,#3776,
    #3777,#3778,#3779,#3780,#3781,#3782,#3783,#3784,#3785,#3786,#3787,
    #3788,#3789,#3790,#3791,#3792,#3793,#3794,#3795,#3796,#3797,#3798,
    #3799,#3800,#3801,#3802,#3803,#3804,#3805,#3806,#3807,#3808,#3809,
    #3810,#3811,#3812,#3813,#3814,#3815,#3816,#3817,#3818,#3819,#3820,
    #3821,#3822,#3823,#3824,#3825,#3826,#3827,#3828,#3829,#3830,#3831,
    #3832,#3833,#3834,#3835,#3836,#3837,#3838,#3839,#3840,#3841,#3842,
    #3843),.UNSPECIFIED.,.T.,.F.,(8,6,6,6,6,6,6,6,6,6,6,6,6,6,6,6,6,6,6,
    6,6,6,6,6,6,6,6,6,6,6,8),(0.,5.914349471685E-02,0.123331151172,
    0.166718653343,0.201460300605,0.21944928887,0.257123058213,
    0.293966540951,0.312393250638,0.329452873717,0.337474829639,
    0.346290001424,0.386988255178,0.418736875766,0.441995637898,
    0.503443544625,0.564891451351,0.588150213484,0.619898834072,
    0.660597087825,0.668610880116,0.67491416391,0.693971150037,
    0.712022593147,0.748115745095,0.773641920907,0.802645519518,
    0.836679121801,0.879182373928,0.942061867084,1.),.UNSPECIFIED.);
#3662 = CARTESIAN_POINT('',(62.,0.));
#3663 = CARTESIAN_POINT('',(62.,-3.734000742589));
#3664 = CARTESIAN_POINT('',(61.850010688627,-7.467803093478));
#3665 = CARTESIAN_POINT('',(61.550061913056,-11.19455898611));
#3666 = CARTESIAN_POINT('',(61.099545389355,-14.90697712962));
#3667 = CARTESIAN_POINT('',(60.497396005709,-18.59734130438));
#3668 = CARTESIAN_POINT('',(59.742082996979,-22.25750381455));
#3669 = CARTESIAN_POINT('',(57.843070647064,-29.80905790063));
#3670 = CARTESIAN_POINT('',(56.671953643368,-33.69270071749));
#3671 = CARTESIAN_POINT('',(55.315273496622,-37.5192661566));
#3672 = CARTESIAN_POINT('',(53.769653221312,-41.27576715399));
#3673 = CARTESIAN_POINT('',(52.031548108519,-44.94689934871));
#3674 = CARTESIAN_POINT('',(50.097480534767,-48.51513394165));
#3675 = CARTESIAN_POINT('',(46.52132219396,-54.28944088148));
#3676 = CARTESIAN_POINT('',(44.987958848033,-56.56182643266));
#3677 = CARTESIAN_POINT('',(43.36254595549,-58.77143067926));
#3678 = CARTESIAN_POINT('',(41.644370274321,-60.9109593878));
#3679 = CARTESIAN_POINT('',(39.833181804922,-62.97219618533));
#3680 = CARTESIAN_POINT('',(37.929342420876,-64.94612217908));
#3681 = CARTESIAN_POINT('',(34.336232262157,-68.32594495143));
#3682 = CARTESIAN_POINT('',(32.679898337961,-69.7665626215));
#3683 = CARTESIAN_POINT('',(30.965665316612,-71.13983539952));
#3684 = CARTESIAN_POINT('',(29.194727527167,-72.44030513712));
#3685 = CARTESIAN_POINT('',(27.368871700482,-73.66223090809));
#3686 = CARTESIAN_POINT('',(25.490596571747,-74.79975490511));
#3687 = CARTESIAN_POINT('',(22.56530670201,-76.38943461399));
#3688 = CARTESIAN_POINT('',(21.554205552812,-76.90757311256));
#3689 = CARTESIAN_POINT('',(20.530441801511,-77.40072863765));
#3690 = CARTESIAN_POINT('',(19.494554930401,-77.86810683074));
#3691 = CARTESIAN_POINT('',(18.447149013931,-78.30893412157));
#3692 = CARTESIAN_POINT('',(17.388897511488,-78.7224685843));
#3693 = CARTESIAN_POINT('',(14.083137583644,-79.91543965222));
#3694 = CARTESIAN_POINT('',(11.801014385013,-80.60024997559));
#3695 = CARTESIAN_POINT('',(9.481609245408,-81.15572190068));
#3696 = CARTESIAN_POINT('',(7.133106149992,-81.57645416434));
#3697 = CARTESIAN_POINT('',(4.764463816415,-81.85849514789));
#3698 = CARTESIAN_POINT('',(2.385464139976,-81.99965509582));
#3699 = CARTESIAN_POINT('',(-2.319465729193,-82.00033633093));
#3700 = CARTESIAN_POINT('',(-4.646041186574,-81.86599621256));
#3701 = CARTESIAN_POINT('',(-6.962966570649,-81.59691656362));
#3702 = CARTESIAN_POINT('',(-9.261078248302,-81.19509278563));
#3703 = CARTESIAN_POINT('',(-11.53195543688,-80.6641426743));
#3704 = CARTESIAN_POINT('',(-13.76787783958,-80.00902979563));
#3705 = CARTESIAN_POINT('',(-17.0590669477,-78.84929960525));
#3706 = CARTESIAN_POINT('',(-18.145918006,-78.43311090811));
#3707 = CARTESIAN_POINT('',(-19.2215421613,-77.98812224924));
#3708 = CARTESIAN_POINT('',(-20.28520359455,-77.51512495371));
#3709 = CARTESIAN_POINT('',(-21.33624300519,-77.01494685787));
#3710 = CARTESIAN_POINT('',(-22.37407225654,-76.48844000109));
#3711 = CARTESIAN_POINT('',(-24.34628754602,-75.42544768303));
#3712 = CARTESIAN_POINT('',(-25.2826385809,-74.89259904108));
#3713 = CARTESIAN_POINT('',(-26.20681256442,-74.33860600496));
#3714 = CARTESIAN_POINT('',(-27.11845193608,-73.76415844235));
#3715 = CARTESIAN_POINT('',(-28.01724727449,-73.16994626987));
#3716 = CARTESIAN_POINT('',(-28.90293343558,-72.55665324759));
#3717 = CARTESIAN_POINT('',(-30.18549237036,-71.62790497265));
#3718 = CARTESIAN_POINT('',(-30.58865995852,-71.32975105399));
#3719 = CARTESIAN_POINT('',(-30.98802173371,-71.02842200802));
#3720 = CARTESIAN_POINT('',(-31.38587455402,-70.72224064148));
#3721 = CARTESIAN_POINT('',(-31.78363775885,-70.41000873388));
#3722 = CARTESIAN_POINT('',(-32.18191161767,-70.09108542016));
#3723 = CARTESIAN_POINT('',(-33.01857518775,-69.40762562626));
#3724 = CARTESIAN_POINT('',(-33.45636074073,-69.04225036884));
#3725 = CARTESIAN_POINT('',(-33.89378996504,-68.66926116441));
#3726 = CARTESIAN_POINT('',(-34.33075775793,-68.28859339087));
#3727 = CARTESIAN_POINT('',(-34.76715593367,-67.90018566709));
#3728 = CARTESIAN_POINT('',(-35.20287322347,-67.50397985291));
#3729 = CARTESIAN_POINT('',(-37.64576159459,-65.23444546571));
#3730 = CARTESIAN_POINT('',(-39.56227890829,-63.27079637368));
#3731 = CARTESIAN_POINT('',(-41.38612141834,-61.21875691525));
#3732 = CARTESIAN_POINT('',(-43.11685772254,-59.08743823245));
#3733 = CARTESIAN_POINT('',(-44.75469083145,-56.88514669078));
#3734 = CARTESIAN_POINT('',(-46.30030450543,-54.61925847216));
#3735 = CARTESIAN_POINT('',(-48.88929913582,-50.48381178765));
#3736 = CARTESIAN_POINT('',(-49.96831930457,-48.63676920108));
#3737 = CARTESIAN_POINT('',(-50.99223795126,-46.75803425481));
#3738 = CARTESIAN_POINT('',(-51.96154592278,-44.85044532862));
#3739 = CARTESIAN_POINT('',(-52.87676115645,-42.91661788525));
#3740 = CARTESIAN_POINT('',(-53.73841817376,-40.95893934516));
#3741 = CARTESIAN_POINT('',(-55.13944538597,-37.52948338401));
#3742 = CARTESIAN_POINT('',(-55.7033749521,-36.06778036317));
#3743 = CARTESIAN_POINT('',(-56.23904361663,-34.59530791621));
#3744 = CARTESIAN_POINT('',(-56.74664808191,-33.11288171318));
#3745 = CARTESIAN_POINT('',(-57.22637572726,-31.62127568314));
#3746 = CARTESIAN_POINT('',(-57.67840420996,-30.12122192626));
#3747 = CARTESIAN_POINT('',(-59.22438995194,-24.62988615388));
#3748 = CARTESIAN_POINT('',(-60.15359505899,-20.59263853658));
#3749 = CARTESIAN_POINT('',(-60.89382910817,-16.51384735343));
#3750 = CARTESIAN_POINT('',(-61.44734786556,-12.40489418278));
#3751 = CARTESIAN_POINT('',(-61.81576277565,-8.276437459199));
#3752 = CARTESIAN_POINT('',(-62.,-4.138411362328));
#3753 = CARTESIAN_POINT('',(-62.,4.138411362313));
#3754 = CARTESIAN_POINT('',(-61.81576277565,8.276437459141));
#3755 = CARTESIAN_POINT('',(-61.44734786556,12.404894182812));
#3756 = CARTESIAN_POINT('',(-60.89382910818,16.513847353366));
#3757 = CARTESIAN_POINT('',(-60.15359505899,20.592638536582));
#3758 = CARTESIAN_POINT('',(-59.22438995195,24.629886153851));
#3759 = CARTESIAN_POINT('',(-57.67840420996,30.121221926244));
#3760 = CARTESIAN_POINT('',(-57.22637572727,31.621275683123));
#3761 = CARTESIAN_POINT('',(-56.74664808192,33.112881713162));
#3762 = CARTESIAN_POINT('',(-56.23904361664,34.595307916194));
#3763 = CARTESIAN_POINT('',(-55.7033749521,36.067780363154));
#3764 = CARTESIAN_POINT('',(-55.13944538598,37.529483383989));
#3765 = CARTESIAN_POINT('',(-53.73841817377,40.958939345141));
#3766 = CARTESIAN_POINT('',(-52.87676115645,42.91661788525));
#3767 = CARTESIAN_POINT('',(-51.9615459228,44.850445328601));
#3768 = CARTESIAN_POINT('',(-50.99223795127,46.758034254784));
#3769 = CARTESIAN_POINT('',(-49.96831930457,48.636769201077));
#3770 = CARTESIAN_POINT('',(-48.88929913583,50.483811787636));
#3771 = CARTESIAN_POINT('',(-46.30030450544,54.61925847215));
#3772 = CARTESIAN_POINT('',(-44.75469083146,56.88514669077));
#3773 = CARTESIAN_POINT('',(-43.11685772256,59.087438232441));
#3774 = CARTESIAN_POINT('',(-41.38612141835,61.218756915242));
#3775 = CARTESIAN_POINT('',(-39.5622789083,63.270796373668));
#3776 = CARTESIAN_POINT('',(-37.6457615946,65.234445465705));
#3777 = CARTESIAN_POINT('',(-35.24241160372,67.467247223358));
#3778 = CARTESIAN_POINT('',(-34.84637070372,67.828083363191));
#3779 = CARTESIAN_POINT('',(-34.4497584887,68.182470665675));
#3780 = CARTESIAN_POINT('',(-34.0526587685,68.530452569205));
#3781 = CARTESIAN_POINT('',(-33.65515324968,68.872074753519));
#3782 = CARTESIAN_POINT('',(-33.25732153553,69.207385139696));
#3783 = CARTESIAN_POINT('',(-32.54612921818,69.795248641138));
#3784 = CARTESIAN_POINT('',(-32.23105286341,70.051686079662));
#3785 = CARTESIAN_POINT('',(-31.91402037184,70.305711487674));
#3786 = CARTESIAN_POINT('',(-31.59504053313,70.557290023008));
#3787 = CARTESIAN_POINT('',(-31.27412261648,70.806386719379));
#3788 = CARTESIAN_POINT('',(-30.95127637063,71.052966486389));
#3789 = CARTESIAN_POINT('',(-29.64463815432,72.034773206972));
#3790 = CARTESIAN_POINT('',(-28.64523144725,72.749224255755));
#3791 = CARTESIAN_POINT('',(-27.62859236491,73.439362262697));
#3792 = CARTESIAN_POINT('',(-26.59508689109,74.10417768423));
#3793 = CARTESIAN_POINT('',(-25.54515387588,74.742648025093));
#3794 = CARTESIAN_POINT('',(-24.47931238038,75.353749437011));
#3795 = CARTESIAN_POINT('',(-22.37407225655,76.48844000109));
#3796 = CARTESIAN_POINT('',(-21.3362430052,77.014946857865));
#3797 = CARTESIAN_POINT('',(-20.28520359456,77.515124953704));
#3798 = CARTESIAN_POINT('',(-19.22154216131,77.988122249244));
#3799 = CARTESIAN_POINT('',(-18.14591800601,78.43311090811));
#3800 = CARTESIAN_POINT('',(-17.05906694772,78.849299605252));
#3801 = CARTESIAN_POINT('',(-13.76787783959,80.009029795633));
#3802 = CARTESIAN_POINT('',(-11.53195543691,80.664142674301));
#3803 = CARTESIAN_POINT('',(-9.261078248311,81.195092785634));
#3804 = CARTESIAN_POINT('',(-6.962966570658,81.596916563626));
#3805 = CARTESIAN_POINT('',(-4.646041186595,81.865996212563));
#3806 = CARTESIAN_POINT('',(-2.319465729204,82.000336330933));
#3807 = CARTESIAN_POINT('',(1.651984694696,81.999761297608));
#3808 = CARTESIAN_POINT('',(3.297239764192,81.932161314371));
#3809 = CARTESIAN_POINT('',(4.939123528607,81.797190944803));
#3810 = CARTESIAN_POINT('',(6.574354652823,81.595334522989));
#3811 = CARTESIAN_POINT('',(8.199793316448,81.327511001097));
#3812 = CARTESIAN_POINT('',(9.81243704929,80.995035490106));
#3813 = CARTESIAN_POINT('',(13.223956839819,80.150295893231));
#3814 = CARTESIAN_POINT('',(15.018401469719,79.619677898557));
#3815 = CARTESIAN_POINT('',(16.788623476062,79.010190117787));
#3816 = CARTESIAN_POINT('',(18.531060513817,78.324792463358));
#3817 = CARTESIAN_POINT('',(20.242651266513,77.566786831442));
#3818 = CARTESIAN_POINT('',(21.920784866905,76.739684787077));
#3819 = CARTESIAN_POINT('',(25.490596571735,74.799754905126));
#3820 = CARTESIAN_POINT('',(27.368871700471,73.662230908104));
#3821 = CARTESIAN_POINT('',(29.194727527156,72.440305137132));
#3822 = CARTESIAN_POINT('',(30.965665316601,71.139835399537));
#3823 = CARTESIAN_POINT('',(32.679898337951,69.76656262151));
#3824 = CARTESIAN_POINT('',(34.336232262147,68.325944951443));
#3825 = CARTESIAN_POINT('',(37.929342420864,64.9461221791));
#3826 = CARTESIAN_POINT('',(39.833181804918,62.972196185343));
#3827 = CARTESIAN_POINT('',(41.64437027431,60.910959387822));
#3828 = CARTESIAN_POINT('',(43.362545955479,58.771430679282));
#3829 = CARTESIAN_POINT('',(44.98795884803,56.561826432673));
#3830 = CARTESIAN_POINT('',(46.521322193952,54.289440881495));
#3831 = CARTESIAN_POINT('',(50.097480534764,48.515133941657));
#3832 = CARTESIAN_POINT('',(52.031548108505,44.946899348761));
#3833 = CARTESIAN_POINT('',(53.769653221322,41.275767153927));
#3834 = CARTESIAN_POINT('',(55.315273496598,37.519266156717));
#3835 = CARTESIAN_POINT('',(56.671953643379,33.692700717436));
#3836 = CARTESIAN_POINT('',(57.843070647057,29.809057900659));
#3837 = CARTESIAN_POINT('',(59.742082996977,22.257503814562));
#3838 = CARTESIAN_POINT('',(60.497396005708,18.597341304399));
#3839 = CARTESIAN_POINT('',(61.099545389355,14.906977129625));
#3840 = CARTESIAN_POINT('',(61.550061913056,11.194558986116));
#3841 = CARTESIAN_POINT('',(61.850010688626,7.467803093488));
#3842 = CARTESIAN_POINT('',(62.,3.734000742586));
#3843 = CARTESIAN_POINT('',(62.,0.));
#3844 = ( GEOMETRIC_REPRESENTATION_CONTEXT(2) 
PARAMETRIC_REPRESENTATION_CONTEXT() REPRESENTATION_CONTEXT('2D SPACE',''
  ) );
#3845 = PCURVE('',#3846,#3882);
#3846 = ( BOUNDED_SURFACE() B_SPLINE_SURFACE(2,2,(
    (#3847,#3848,#3849,#3850,#3851)
    ,(#3852,#3853,#3854,#3855,#3856)
    ,(#3857,#3858,#3859,#3860,#3861)
    ,(#3862,#3863,#3864,#3865,#3866)
    ,(#3867,#3868,#3869,#3870,#3871)
    ,(#3872,#3873,#3874,#3875,#3876)
    ,(#3877,#3878,#3879,#3880,#3881
)),.UNSPECIFIED.,.T.,.F.,.F.) B_SPLINE_SURFACE_WITH_KNOTS((1,2,2,2,2,1),
  (3,2,3),(-2.094395102393,0.,2.094395102393,4.188790204786,
    6.28318530718,8.377580409573),(-1.570796326795,0.,1.570796326795),
.UNSPECIFIED.) GEOMETRIC_REPRESENTATION_ITEM() RATIONAL_B_SPLINE_SURFACE
((
    (1.,0.707106781187,1.,0.707106781187,1.)
    ,(0.5,0.353553390593,0.5,0.353553390593,0.5)
    ,(1.,0.707106781187,1.,0.707106781187,1.)
    ,(0.5,0.353553390593,0.5,0.353553390593,0.5)
    ,(1.,0.707106781187,1.,0.707106781187,1.)
    ,(0.5,0.353553390593,0.5,0.353553390593,0.5)
,(1.,0.707106781187,1.,0.707106781187,1.
))) REPRESENTATION_ITEM('') SURFACE() );
#3847 = CARTESIAN_POINT('',(3.796405077357E-15,0.,-54.5));
#3848 = CARTESIAN_POINT('',(62.,0.,-54.5));
#3849 = CARTESIAN_POINT('',(62.,0.,0.));
#3850 = CARTESIAN_POINT('',(62.,0.,54.5));
#3851 = CARTESIAN_POINT('',(3.796405077357E-15,0.,54.5));
#3852 = CARTESIAN_POINT('',(3.796405077357E-15,8.696716957544E-15,-54.5)
  );
#3853 = CARTESIAN_POINT('',(62.,142.02816622064,-54.5));
#3854 = CARTESIAN_POINT('',(62.,142.02816622064,0.));
#3855 = CARTESIAN_POINT('',(62.,142.02816622064,54.5));
#3856 = CARTESIAN_POINT('',(3.796405077357E-15,8.696716957544E-15,54.5)
  );
#3857 = CARTESIAN_POINT('',(-1.898202538678E-15,4.348358478772E-15,-54.5
    ));
#3858 = CARTESIAN_POINT('',(-31.,71.014083110324,-54.5));
#3859 = CARTESIAN_POINT('',(-31.,71.014083110324,0.));
#3860 = CARTESIAN_POINT('',(-31.,71.014083110324,54.5));
#3861 = CARTESIAN_POINT('',(-1.898202538678E-15,4.348358478772E-15,54.5)
  );
#3862 = CARTESIAN_POINT('',(-7.592810154714E-15,1.229803021783E-30,-54.5
    ));
#3863 = CARTESIAN_POINT('',(-124.,2.008420750602E-14,-54.5));
#3864 = CARTESIAN_POINT('',(-124.,2.008420750602E-14,0.));
#3865 = CARTESIAN_POINT('',(-124.,2.008420750602E-14,54.5));
#3866 = CARTESIAN_POINT('',(-7.592810154714E-15,1.229803021783E-30,54.5)
  );
#3867 = CARTESIAN_POINT('',(-1.898202538678E-15,-4.348358478772E-15,
    -54.5));
#3868 = CARTESIAN_POINT('',(-31.,-71.01408311032,-54.5));
#3869 = CARTESIAN_POINT('',(-31.,-71.01408311032,0.));
#3870 = CARTESIAN_POINT('',(-31.,-71.01408311032,54.5));
#3871 = CARTESIAN_POINT('',(-1.898202538678E-15,-4.348358478772E-15,54.5
    ));
#3872 = CARTESIAN_POINT('',(3.796405077357E-15,-8.696716957544E-15,-54.5
    ));
#3873 = CARTESIAN_POINT('',(62.,-142.0281662206,-54.5));
#3874 = CARTESIAN_POINT('',(62.,-142.0281662206,0.));
#3875 = CARTESIAN_POINT('',(62.,-142.0281662206,54.5));
#3876 = CARTESIAN_POINT('',(3.796405077357E-15,-8.696716957544E-15,54.5)
  );
#3877 = CARTESIAN_POINT('',(3.796405077357E-15,0.,-54.5));
#3878 = CARTESIAN_POINT('',(62.,0.,-54.5));
#3879 = CARTESIAN_POINT('',(62.,0.,0.));
#3880 = CARTESIAN_POINT('',(62.,0.,54.5));
#3881 = CARTESIAN_POINT('',(3.796405077357E-15,0.,54.5));
#3882 = DEFINITIONAL_REPRESENTATION('',(#3883),#4066);
#3883 = B_SPLINE_CURVE_WITH_KNOTS('',7,(#3884,#3885,#3886,#3887,#3888,
    #3889,#3890,#3891,#3892,#3893,#3894,#3895,#3896,#3897,#3898,#3899,
    #3900,#3901,#3902,#3903,#3904,#3905,#3906,#3907,#3908,#3909,#3910,
    #3911,#3912,#3913,#3914,#3915,#3916,#3917,#3918,#3919,#3920,#3921,
    #3922,#3923,#3924,#3925,#3926,#3927,#3928,#3929,#3930,#3931,#3932,
    #3933,#3934,#3935,#3936,#3937,#3938,#3939,#3940,#3941,#3942,#3943,
    #3944,#3945,#3946,#3947,#3948,#3949,#3950,#3951,#3952,#3953,#3954,
    #3955,#3956,#3957,#3958,#3959,#3960,#3961,#3962,#3963,#3964,#3965,
    #3966,#3967,#3968,#3969,#3970,#3971,#3972,#3973,#3974,#3975,#3976,
    #3977,#3978,#3979,#3980,#3981,#3982,#3983,#3984,#3985,#3986,#3987,
    #3988,#3989,#3990,#3991,#3992,#3993,#3994,#3995,#3996,#3997,#3998,
    #3999,#4000,#4001,#4002,#4003,#4004,#4005,#4006,#4007,#4008,#4009,
    #4010,#4011,#4012,#4013,#4014,#4015,#4016,#4017,#4018,#4019,#4020,
    #4021,#4022,#4023,#4024,#4025,#4026,#4027,#4028,#4029,#4030,#4031,
    #4032,#4033,#4034,#4035,#4036,#4037,#4038,#4039,#4040,#4041,#4042,
    #4043,#4044,#4045,#4046,#4047,#4048,#4049,#4050,#4051,#4052,#4053,
    #4054,#4055,#4056,#4057,#4058,#4059,#4060,#4061,#4062,#4063,#4064,
    #4065),.UNSPECIFIED.,.F.,.F.,(8,6,6,6,6,6,6,6,6,6,6,6,6,6,6,6,6,6,6,
    6,6,6,6,6,6,6,6,6,6,6,8),(0.,5.914349471685E-02,0.123331151172,
    0.166718653343,0.201460300605,0.21944928887,0.257123058213,
    0.293966540951,0.312393250638,0.329452873717,0.337474829639,
    0.346290001424,0.386988255178,0.418736875766,0.441995637898,
    0.503443544625,0.564891451351,0.588150213484,0.619898834072,
    0.660597087825,0.668610880116,0.67491416391,0.693971150037,
    0.712022593147,0.748115745095,0.773641920907,0.802645519518,
    0.836679121801,0.879182373928,0.942061867084,1.),.UNSPECIFIED.);
#3884 = CARTESIAN_POINT('',(6.28318530718,1.183291357832E-30));
#3885 = CARTESIAN_POINT('',(6.228122476505,1.151927101081E-30));
#3886 = CARTESIAN_POINT('',(6.174751410014,1.075293520106E-18));
#3887 = CARTESIAN_POINT('',(6.122800165424,-1.70010355165E-18));
#3888 = CARTESIAN_POINT('',(6.072043677533,-3.729365808958E-19));
#3889 = CARTESIAN_POINT('',(6.022285350823,2.655704616864E-18));
#3890 = CARTESIAN_POINT('',(5.97334365803,-1.894601563496E-18));
#3891 = CARTESIAN_POINT('',(5.872624484355,2.056186142861E-18));
#3892 = CARTESIAN_POINT('',(5.820972357414,-9.195995392183E-18));
#3893 = CARTESIAN_POINT('',(5.769856729661,1.939751213662E-17));
#3894 = CARTESIAN_POINT('',(5.719079966378,-2.335383224132E-17));
#3895 = CARTESIAN_POINT('',(5.66845565815,1.625750231912E-17));
#3896 = CARTESIAN_POINT('',(5.617798264413,-5.58358032693E-18));
#3897 = CARTESIAN_POINT('',(5.532499089711,3.774208577378E-18));
#3898 = CARTESIAN_POINT('',(5.497992826377,-2.364458622383E-18));
#3899 = CARTESIAN_POINT('',(5.463321926514,-3.8299586721E-18));
#3900 = CARTESIAN_POINT('',(5.428429111653,2.338529537535E-18));
#3901 = CARTESIAN_POINT('',(5.393258626301,4.980115073787E-18));
#3902 = CARTESIAN_POINT('',(5.35775424565,-5.03451138229E-18));
#3903 = CARTESIAN_POINT('',(5.293114741143,4.031281125468E-18));
#3904 = CARTESIAN_POINT('',(5.264121952295,-5.341466898858E-18));
#3905 = CARTESIAN_POINT('',(5.234851591493,2.946524490108E-19));
#3906 = CARTESIAN_POINT('',(5.205278068671,3.518511903224E-18));
#3907 = CARTESIAN_POINT('',(5.175377544907,-1.503287790314E-18));
#3908 = CARTESIAN_POINT('',(5.145128402356,-5.734788199644E-19));
#3909 = CARTESIAN_POINT('',(5.098660310457,2.969434259876E-19));
#3910 = CARTESIAN_POINT('',(5.082709698696,-3.98823457992E-19));
#3911 = CARTESIAN_POINT('',(5.066658741841,-2.08524000905E-19));
#3912 = CARTESIAN_POINT('',(5.050505393291,4.188974780542E-19));
#3913 = CARTESIAN_POINT('',(5.034247905062,3.487453894254E-19));
#3914 = CARTESIAN_POINT('',(5.017884910089,-5.974574265561E-19));
#3915 = CARTESIAN_POINT('',(4.966924149156,1.251236197887E-18));
#3916 = CARTESIAN_POINT('',(4.9319595832,-1.760185229507E-18));
#3917 = CARTESIAN_POINT('',(4.896522306927,2.523882768888E-19));
#3918 = CARTESIAN_POINT('',(4.860611569868,1.128268112263E-18));
#3919 = CARTESIAN_POINT('',(4.824227935435,-7.17517206956E-19));
#3920 = CARTESIAN_POINT('',(4.787378975116,-1.589113336417E-22));
#3921 = CARTESIAN_POINT('',(4.713619057567,1.554091127555E-22));
#3922 = CARTESIAN_POINT('',(4.676717504205,5.860861466596E-19));
#3923 = CARTESIAN_POINT('',(4.639404683938,-9.087779590756E-19));
#3924 = CARTESIAN_POINT('',(4.601691076336,-2.147337101023E-19));
#3925 = CARTESIAN_POINT('',(4.563581696221,1.412294274651E-18));
#3926 = CARTESIAN_POINT('',(4.525080559784,-9.914414517787E-19));
#3927 = CARTESIAN_POINT('',(4.466745940313,4.958544210885E-19));
#3928 = CARTESIAN_POINT('',(4.447199564442,-2.369910695182E-19));
#3929 = CARTESIAN_POINT('',(4.427554811475,-3.466020038831E-19));
#3930 = CARTESIAN_POINT('',(4.407810695203,1.010478327455E-19));
#3931 = CARTESIAN_POINT('',(4.38796566905,2.954478153476E-19));
#3932 = CARTESIAN_POINT('',(4.368017681672,-1.450781074575E-19));
#3933 = CARTESIAN_POINT('',(4.329398558667,1.343146916731E-19));
#3934 = CARTESIAN_POINT('',(4.310742432984,-1.778036985795E-19));
#3935 = CARTESIAN_POINT('',(4.291993762943,-9.424634775244E-20));
#3936 = CARTESIAN_POINT('',(4.273150042411,1.859449257992E-19));
#3937 = CARTESIAN_POINT('',(4.254208353029,1.5597554432E-19));
#3938 = CARTESIAN_POINT('',(4.235165365539,-2.653039473863E-19));
#3939 = CARTESIAN_POINT('',(4.207013355085,1.247540207818E-19));
#3940 = CARTESIAN_POINT('',(4.198110114954,-1.101140699264E-16));
#3941 = CARTESIAN_POINT('',(4.18908986704,7.357853172283E-17));
#3942 = CARTESIAN_POINT('',(4.180082268631,1.838735087701E-16));
#3943 = CARTESIAN_POINT('',(4.171141862585,1.045445726453E-16));
#3944 = CARTESIAN_POINT('',(4.162170611011,1.07898138841E-16));
#3945 = CARTESIAN_POINT('',(4.143311910678,1.05816589848E-16));
#3946 = CARTESIAN_POINT('',(4.133438333578,1.055376416045E-16));
#3947 = CARTESIAN_POINT('',(4.123564756878,1.054479752828E-16));
#3948 = CARTESIAN_POINT('',(4.113691180507,1.051769949922E-16));
#3949 = CARTESIAN_POINT('',(4.103817604196,1.046050853296E-16));
#3950 = CARTESIAN_POINT('',(4.093944027473,1.038636113797E-16));
#3951 = CARTESIAN_POINT('',(4.038485702731,1.00894028308E-16));
#3952 = CARTESIAN_POINT('',(3.994592188011,9.638650951076E-17));
#3953 = CARTESIAN_POINT('',(3.952213781855,1.005682402232E-16));
#3954 = CARTESIAN_POINT('',(3.911198456296,9.535467574279E-17));
#3955 = CARTESIAN_POINT('',(3.87141173631,8.651665561223E-17));
#3956 = CARTESIAN_POINT('',(3.832731471974,9.532795440207E-17));
#3957 = CARTESIAN_POINT('',(3.765643951278,8.435653847214E-17));
#3958 = CARTESIAN_POINT('',(3.736849686534,9.151267230238E-17));
#3959 = CARTESIAN_POINT('',(3.708607827949,8.46606433226E-17));
#3960 = CARTESIAN_POINT('',(3.680870664823,8.104278160493E-17));
#3961 = CARTESIAN_POINT('',(3.653594583636,8.514880456121E-17));
#3962 = CARTESIAN_POINT('',(3.626738923278,8.221685943272E-17));
#3963 = CARTESIAN_POINT('',(3.580870748668,8.046005722511E-17));
#3964 = CARTESIAN_POINT('',(3.561681551497,7.988227021885E-17));
#3965 = CARTESIAN_POINT('',(3.542682602313,7.924905395297E-17));
#3966 = CARTESIAN_POINT('',(3.523859838142,7.858941145699E-17));
#3967 = CARTESIAN_POINT('',(3.505199948813,7.801700850329E-17));
#3968 = CARTESIAN_POINT('',(3.48669020555,7.756536269317E-17));
#3969 = CARTESIAN_POINT('',(3.419781064172,7.559023692393E-17));
#3970 = CARTESIAN_POINT('',(3.372211005976,7.489762950786E-17));
#3971 = CARTESIAN_POINT('',(3.325373912982,7.337731955117E-17));
#3972 = CARTESIAN_POINT('',(3.279073342936,7.328238200486E-17));
#3973 = CARTESIAN_POINT('',(3.233127997146,7.258543296445E-17));
#3974 = CARTESIAN_POINT('',(3.187362457845,7.2387193299E-17));
#3975 = CARTESIAN_POINT('',(3.095822849334,7.2387193299E-17));
#3976 = CARTESIAN_POINT('',(3.050057310035,7.208788245772E-17));
#3977 = CARTESIAN_POINT('',(3.004111964243,7.456268327349E-17));
#3978 = CARTESIAN_POINT('',(2.957811394198,7.132041500028E-17));
#3979 = CARTESIAN_POINT('',(2.910974301203,7.629191900424E-17));
#3980 = CARTESIAN_POINT('',(2.863404243008,7.488203810802E-17));
#3981 = CARTESIAN_POINT('',(2.79649510163,7.759970896705E-17));
#3982 = CARTESIAN_POINT('',(2.777985358366,7.777607059473E-17));
#3983 = CARTESIAN_POINT('',(2.759325469038,7.824741203548E-17));
#3984 = CARTESIAN_POINT('',(2.740502704867,7.902578700002E-17));
#3985 = CARTESIAN_POINT('',(2.721503755683,7.976793555366E-17));
#3986 = CARTESIAN_POINT('',(2.702314558512,8.027275317027E-17));
#3987 = CARTESIAN_POINT('',(2.656446383902,8.194247127083E-17));
#3988 = CARTESIAN_POINT('',(2.629590723544,8.298249650702E-17));
#3989 = CARTESIAN_POINT('',(2.602314642357,8.383926318506E-17));
#3990 = CARTESIAN_POINT('',(2.574577479231,8.509767248131E-17));
#3991 = CARTESIAN_POINT('',(2.546335620645,8.652187571961E-17));
#3992 = CARTESIAN_POINT('',(2.517541355902,8.739751204735E-17));
#3993 = CARTESIAN_POINT('',(2.450453835205,9.078359806658E-17));
#3994 = CARTESIAN_POINT('',(2.41177357087,9.495698350495E-17));
#3995 = CARTESIAN_POINT('',(2.371986850884,8.992979668334E-17));
#3996 = CARTESIAN_POINT('',(2.330971525325,9.540024807896E-17));
#3997 = CARTESIAN_POINT('',(2.288593119169,1.05122164808E-16));
#3998 = CARTESIAN_POINT('',(2.244699604449,9.594549856929E-17));
#3999 = CARTESIAN_POINT('',(2.190138877959,1.044030907597E-16));
#4000 = CARTESIAN_POINT('',(2.181162899056,1.044779016708E-16));
#4001 = CARTESIAN_POINT('',(2.172186920408,1.042588951696E-16));
#4002 = CARTESIAN_POINT('',(2.163210941733,1.04350418434E-16));
#4003 = CARTESIAN_POINT('',(2.154234962863,1.049384055118E-16));
#4004 = CARTESIAN_POINT('',(2.145258983746,1.057903773202E-16));
#4005 = CARTESIAN_POINT('',(2.129222908193,1.0662124005E-16));
#4006 = CARTESIAN_POINT('',(2.122134449684,1.067502018392E-16));
#4007 = CARTESIAN_POINT('',(2.114994249083,1.07080631504E-16));
#4008 = CARTESIAN_POINT('',(2.107795186354,1.07737295301E-16));
#4009 = CARTESIAN_POINT('',(2.100546401256,1.085314212526E-16));
#4010 = CARTESIAN_POINT('',(2.093273293349,1.089606991474E-16));
#4011 = CARTESIAN_POINT('',(2.064080839652,1.059374846887E-16));
#4012 = CARTESIAN_POINT('',(2.04228425438,7.866882281849E-17));
#4013 = CARTESIAN_POINT('',(2.020621880857,1.028347599391E-16));
#4014 = CARTESIAN_POINT('',(1.999088528419,1.414104783956E-16));
#4015 = CARTESIAN_POINT('',(1.977679699333,1.288266217102E-16));
#4016 = CARTESIAN_POINT('',(1.956391587076,5.588103842449E-17));
#4017 = CARTESIAN_POINT('',(1.915167625508,5.348494152324E-17));
#4018 = CARTESIAN_POINT('',(1.89521963813,5.284263966991E-17));
#4019 = CARTESIAN_POINT('',(1.875374611976,5.17238203858E-17));
#4020 = CARTESIAN_POINT('',(1.855630495705,5.039439442505E-17));
#4021 = CARTESIAN_POINT('',(1.835985742738,4.948072251143E-17));
#4022 = CARTESIAN_POINT('',(1.816439366866,4.906435455827E-17));
#4023 = CARTESIAN_POINT('',(1.758104747396,4.520229188148E-17));
#4024 = CARTESIAN_POINT('',(1.719603610959,4.50904066092E-17));
#4025 = CARTESIAN_POINT('',(1.681494230844,4.219728463249E-17));
#4026 = CARTESIAN_POINT('',(1.643780623242,4.005844643005E-17));
#4027 = CARTESIAN_POINT('',(1.606467802975,3.955879411073E-17));
#4028 = CARTESIAN_POINT('',(1.569566249613,3.76627801314E-17));
#4029 = CARTESIAN_POINT('',(1.507305203441,3.53442449098E-17));
#4030 = CARTESIAN_POINT('',(1.481726100469,3.412250017816E-17));
#4031 = CARTESIAN_POINT('',(1.456365999192,3.403213568038E-17));
#4032 = CARTESIAN_POINT('',(1.431228310334,3.28692770522E-17));
#4033 = CARTESIAN_POINT('',(1.406315028675,3.12814481081E-17));
#4034 = CARTESIAN_POINT('',(1.381627691119,3.183205966866E-17));
#4035 = CARTESIAN_POINT('',(1.329376229244,2.937410770583E-17));
#4036 = CARTESIAN_POINT('',(1.301876429991,2.983069806814E-17));
#4037 = CARTESIAN_POINT('',(1.274669982646,2.910092287375E-17));
#4038 = CARTESIAN_POINT('',(1.247753410936,2.781035978543E-17));
#4039 = CARTESIAN_POINT('',(1.221120444983,2.738852328163E-17));
#4040 = CARTESIAN_POINT('',(1.194763195739,2.799894336843E-17));
#4041 = CARTESIAN_POINT('',(1.138056904823,2.620005338749E-17));
#4042 = CARTESIAN_POINT('',(1.107807762273,2.915529355661E-17));
#4043 = CARTESIAN_POINT('',(1.077907238509,2.374705151519E-17));
#4044 = CARTESIAN_POINT('',(1.048333715687,2.524946868965E-17));
#4045 = CARTESIAN_POINT('',(1.019063354885,3.085416691472E-17));
#4046 = CARTESIAN_POINT('',(0.990070566037,2.373034263909E-17));
#4047 = CARTESIAN_POINT('',(0.92543106153,3.061458321226E-17));
#4048 = CARTESIAN_POINT('',(0.889926680879,2.277416285303E-17));
#4049 = CARTESIAN_POINT('',(0.854756195527,2.808362862451E-17));
#4050 = CARTESIAN_POINT('',(0.819863380665,3.168990115847E-17));
#4051 = CARTESIAN_POINT('',(0.785192480803,2.819039994929E-17));
#4052 = CARTESIAN_POINT('',(0.750686217469,2.944319092693E-17));
#4053 = CARTESIAN_POINT('',(0.665387042766,3.347762047386E-17));
#4054 = CARTESIAN_POINT('',(0.61472964903,3.128607038003E-17));
#4055 = CARTESIAN_POINT('',(0.564105340801,3.929180296067E-17));
#4056 = CARTESIAN_POINT('',(0.51332857752,3.545301724755E-17));
#4057 = CARTESIAN_POINT('',(0.462212949765,4.061268395509E-17));
#4058 = CARTESIAN_POINT('',(0.410560822825,4.217738529348E-17));
#4059 = CARTESIAN_POINT('',(0.30984164915,4.68495764409E-17));
#4060 = CARTESIAN_POINT('',(0.260899956357,3.404025014671E-17));
#4061 = CARTESIAN_POINT('',(0.211141629647,8.067421845743E-17));
#4062 = CARTESIAN_POINT('',(0.160385141755,7.069621999795E-17));
#4063 = CARTESIAN_POINT('',(0.108433897166,3.917966549021E-18));
#4064 = CARTESIAN_POINT('',(5.506283067441E-02,7.681213046182E-31));
#4065 = CARTESIAN_POINT('',(0.,7.88860905221E-31));
#4066 = ( GEOMETRIC_REPRESENTATION_CONTEXT(2) 
PARAMETRIC_REPRESENTATION_CONTEXT() REPRESENTATION_CONTEXT('2D SPACE',''
  ) );
#4067 = ORIENTED_EDGE('',*,*,#4068,.T.);
#4068 = EDGE_CURVE('',#3473,#4069,#4071,.T.);
#4069 = VERTEX_POINT('',#4070);
#4070 = CARTESIAN_POINT('',(-61.94926539525,-3.316624790355,0.));
#4071 = SURFACE_CURVE('',#4072,(#4255,#4441),.PCURVE_S1.);
#4072 = B_SPLINE_CURVE_WITH_KNOTS('',7,(#4073,#4074,#4075,#4076,#4077,
    #4078,#4079,#4080,#4081,#4082,#4083,#4084,#4085,#4086,#4087,#4088,
    #4089,#4090,#4091,#4092,#4093,#4094,#4095,#4096,#4097,#4098,#4099,
    #4100,#4101,#4102,#4103,#4104,#4105,#4106,#4107,#4108,#4109,#4110,
    #4111,#4112,#4113,#4114,#4115,#4116,#4117,#4118,#4119,#4120,#4121,
    #4122,#4123,#4124,#4125,#4126,#4127,#4128,#4129,#4130,#4131,#4132,
    #4133,#4134,#4135,#4136,#4137,#4138,#4139,#4140,#4141,#4142,#4143,
    #4144,#4145,#4146,#4147,#4148,#4149,#4150,#4151,#4152,#4153,#4154,
    #4155,#4156,#4157,#4158,#4159,#4160,#4161,#4162,#4163,#4164,#4165,
    #4166,#4167,#4168,#4169,#4170,#4171,#4172,#4173,#4174,#4175,#4176,
    #4177,#4178,#4179,#4180,#4181,#4182,#4183,#4184,#4185,#4186,#4187,
    #4188,#4189,#4190,#4191,#4192,#4193,#4194,#4195,#4196,#4197,#4198,
    #4199,#4200,#4201,#4202,#4203,#4204,#4205,#4206,#4207,#4208,#4209,
    #4210,#4211,#4212,#4213,#4214,#4215,#4216,#4217,#4218,#4219,#4220,
    #4221,#4222,#4223,#4224,#4225,#4226,#4227,#4228,#4229,#4230,#4231,
    #4232,#4233,#4234,#4235,#4236,#4237,#4238,#4239,#4240,#4241,#4242,
    #4243,#4244,#4245,#4246,#4247,#4248,#4249,#4250,#4251,#4252,#4253,
    #4254),.UNSPECIFIED.,.T.,.F.,(8,6,6,6,6,6,6,6,6,6,6,6,6,6,6,6,6,6,6,
    6,6,6,6,6,6,6,6,6,6,6,8),(0.,5.914349471685E-02,0.123331151172,
    0.166718653343,0.201460300605,0.21944928887,0.257123058213,
    0.293966540951,0.312393250638,0.329452873717,0.337474829639,
    0.346290001424,0.386988255178,0.418736875766,0.441995637898,
    0.503443544625,0.564891451351,0.588150213484,0.619898834072,
    0.660597087825,0.668610880116,0.67491416391,0.693971150037,
    0.712022593147,0.748115745095,0.773641920907,0.802645519518,
    0.836679121801,0.879182373928,0.942061867084,1.),.UNSPECIFIED.);
#4073 = CARTESIAN_POINT('',(62.,0.,0.));
#4074 = CARTESIAN_POINT('',(62.,-3.734000742589,0.));
#4075 = CARTESIAN_POINT('',(61.850010688627,-7.467803093478,0.));
#4076 = CARTESIAN_POINT('',(61.550061913056,-11.19455898611,0.));
#4077 = CARTESIAN_POINT('',(61.099545389355,-14.90697712962,0.));
#4078 = CARTESIAN_POINT('',(60.497396005709,-18.59734130438,0.));
#4079 = CARTESIAN_POINT('',(59.742082996979,-22.25750381455,0.));
#4080 = CARTESIAN_POINT('',(57.843070647064,-29.80905790063,0.));
#4081 = CARTESIAN_POINT('',(56.671953643368,-33.69270071749,0.));
#4082 = CARTESIAN_POINT('',(55.315273496622,-37.5192661566,0.));
#4083 = CARTESIAN_POINT('',(53.769653221312,-41.27576715399,0.));
#4084 = CARTESIAN_POINT('',(52.031548108519,-44.94689934871,0.));
#4085 = CARTESIAN_POINT('',(50.097480534767,-48.51513394165,0.));
#4086 = CARTESIAN_POINT('',(46.52132219396,-54.28944088148,0.));
#4087 = CARTESIAN_POINT('',(44.987958848033,-56.56182643266,0.));
#4088 = CARTESIAN_POINT('',(43.36254595549,-58.77143067926,0.));
#4089 = CARTESIAN_POINT('',(41.644370274321,-60.9109593878,0.));
#4090 = CARTESIAN_POINT('',(39.833181804922,-62.97219618533,0.));
#4091 = CARTESIAN_POINT('',(37.929342420876,-64.94612217908,0.));
#4092 = CARTESIAN_POINT('',(34.336232262157,-68.32594495143,0.));
#4093 = CARTESIAN_POINT('',(32.679898337961,-69.7665626215,0.));
#4094 = CARTESIAN_POINT('',(30.965665316612,-71.13983539952,0.));
#4095 = CARTESIAN_POINT('',(29.194727527167,-72.44030513712,0.));
#4096 = CARTESIAN_POINT('',(27.368871700482,-73.66223090809,0.));
#4097 = CARTESIAN_POINT('',(25.490596571747,-74.79975490511,0.));
#4098 = CARTESIAN_POINT('',(22.56530670201,-76.38943461399,0.));
#4099 = CARTESIAN_POINT('',(21.554205552812,-76.90757311256,0.));
#4100 = CARTESIAN_POINT('',(20.530441801511,-77.40072863765,0.));
#4101 = CARTESIAN_POINT('',(19.494554930401,-77.86810683074,0.));
#4102 = CARTESIAN_POINT('',(18.447149013931,-78.30893412157,0.));
#4103 = CARTESIAN_POINT('',(17.388897511488,-78.7224685843,0.));
#4104 = CARTESIAN_POINT('',(14.083137583644,-79.91543965222,0.));
#4105 = CARTESIAN_POINT('',(11.801014385013,-80.60024997559,0.));
#4106 = CARTESIAN_POINT('',(9.481609245408,-81.15572190068,0.));
#4107 = CARTESIAN_POINT('',(7.133106149992,-81.57645416434,0.));
#4108 = CARTESIAN_POINT('',(4.764463816415,-81.85849514789,0.));
#4109 = CARTESIAN_POINT('',(2.385464139976,-81.99965509582,0.));
#4110 = CARTESIAN_POINT('',(-2.319465729193,-82.00033633093,0.));
#4111 = CARTESIAN_POINT('',(-4.646041186574,-81.86599621256,0.));
#4112 = CARTESIAN_POINT('',(-6.962966570649,-81.59691656362,0.));
#4113 = CARTESIAN_POINT('',(-9.261078248302,-81.19509278563,0.));
#4114 = CARTESIAN_POINT('',(-11.53195543688,-80.6641426743,0.));
#4115 = CARTESIAN_POINT('',(-13.76787783958,-80.00902979563,0.));
#4116 = CARTESIAN_POINT('',(-17.0590669477,-78.84929960525,0.));
#4117 = CARTESIAN_POINT('',(-18.145918006,-78.43311090811,0.));
#4118 = CARTESIAN_POINT('',(-19.2215421613,-77.98812224924,0.));
#4119 = CARTESIAN_POINT('',(-20.28520359455,-77.51512495371,0.));
#4120 = CARTESIAN_POINT('',(-21.33624300519,-77.01494685787,0.));
#4121 = CARTESIAN_POINT('',(-22.37407225654,-76.48844000109,0.));
#4122 = CARTESIAN_POINT('',(-24.34628754602,-75.42544768303,0.));
#4123 = CARTESIAN_POINT('',(-25.2826385809,-74.89259904108,0.));
#4124 = CARTESIAN_POINT('',(-26.20681256442,-74.33860600496,0.));
#4125 = CARTESIAN_POINT('',(-27.11845193608,-73.76415844235,0.));
#4126 = CARTESIAN_POINT('',(-28.01724727449,-73.16994626987,0.));
#4127 = CARTESIAN_POINT('',(-28.90293343558,-72.55665324759,0.));
#4128 = CARTESIAN_POINT('',(-30.18549237036,-71.62790497265,0.));
#4129 = CARTESIAN_POINT('',(-30.58865995852,-71.32975105399,0.));
#4130 = CARTESIAN_POINT('',(-30.98802173371,-71.02842200802,0.));
#4131 = CARTESIAN_POINT('',(-31.38587455402,-70.72224064148,0.));
#4132 = CARTESIAN_POINT('',(-31.78363775885,-70.41000873388,0.));
#4133 = CARTESIAN_POINT('',(-32.18191161767,-70.09108542016,0.));
#4134 = CARTESIAN_POINT('',(-33.01857518775,-69.40762562626,0.));
#4135 = CARTESIAN_POINT('',(-33.45636074073,-69.04225036884,0.));
#4136 = CARTESIAN_POINT('',(-33.89378996504,-68.66926116441,0.));
#4137 = CARTESIAN_POINT('',(-34.33075775793,-68.28859339087,0.));
#4138 = CARTESIAN_POINT('',(-34.76715593367,-67.90018566709,0.));
#4139 = CARTESIAN_POINT('',(-35.20287322347,-67.50397985291,0.));
#4140 = CARTESIAN_POINT('',(-37.64576159459,-65.23444546571,0.));
#4141 = CARTESIAN_POINT('',(-39.56227890829,-63.27079637368,0.));
#4142 = CARTESIAN_POINT('',(-41.38612141834,-61.21875691525,0.));
#4143 = CARTESIAN_POINT('',(-43.11685772254,-59.08743823245,0.));
#4144 = CARTESIAN_POINT('',(-44.75469083145,-56.88514669078,0.));
#4145 = CARTESIAN_POINT('',(-46.30030450543,-54.61925847216,0.));
#4146 = CARTESIAN_POINT('',(-48.88929913582,-50.48381178765,0.));
#4147 = CARTESIAN_POINT('',(-49.96831930457,-48.63676920108,0.));
#4148 = CARTESIAN_POINT('',(-50.99223795126,-46.75803425481,0.));
#4149 = CARTESIAN_POINT('',(-51.96154592278,-44.85044532862,0.));
#4150 = CARTESIAN_POINT('',(-52.87676115645,-42.91661788525,0.));
#4151 = CARTESIAN_POINT('',(-53.73841817376,-40.95893934516,0.));
#4152 = CARTESIAN_POINT('',(-55.13944538597,-37.52948338401,0.));
#4153 = CARTESIAN_POINT('',(-55.7033749521,-36.06778036317,0.));
#4154 = CARTESIAN_POINT('',(-56.23904361663,-34.59530791621,0.));
#4155 = CARTESIAN_POINT('',(-56.74664808191,-33.11288171318,0.));
#4156 = CARTESIAN_POINT('',(-57.22637572726,-31.62127568314,0.));
#4157 = CARTESIAN_POINT('',(-57.67840420996,-30.12122192626,0.));
#4158 = CARTESIAN_POINT('',(-59.22438995194,-24.62988615388,0.));
#4159 = CARTESIAN_POINT('',(-60.15359505899,-20.59263853658,0.));
#4160 = CARTESIAN_POINT('',(-60.89382910817,-16.51384735343,0.));
#4161 = CARTESIAN_POINT('',(-61.44734786556,-12.40489418278,0.));
#4162 = CARTESIAN_POINT('',(-61.81576277565,-8.276437459199,0.));
#4163 = CARTESIAN_POINT('',(-62.,-4.138411362328,0.));
#4164 = CARTESIAN_POINT('',(-62.,4.138411362313,0.));
#4165 = CARTESIAN_POINT('',(-61.81576277565,8.276437459141,0.));
#4166 = CARTESIAN_POINT('',(-61.44734786556,12.404894182812,0.));
#4167 = CARTESIAN_POINT('',(-60.89382910818,16.513847353366,0.));
#4168 = CARTESIAN_POINT('',(-60.15359505899,20.592638536582,0.));
#4169 = CARTESIAN_POINT('',(-59.22438995195,24.629886153851,0.));
#4170 = CARTESIAN_POINT('',(-57.67840420996,30.121221926244,0.));
#4171 = CARTESIAN_POINT('',(-57.22637572727,31.621275683123,0.));
#4172 = CARTESIAN_POINT('',(-56.74664808192,33.112881713162,0.));
#4173 = CARTESIAN_POINT('',(-56.23904361664,34.595307916194,0.));
#4174 = CARTESIAN_POINT('',(-55.7033749521,36.067780363154,0.));
#4175 = CARTESIAN_POINT('',(-55.13944538598,37.529483383989,0.));
#4176 = CARTESIAN_POINT('',(-53.73841817377,40.958939345141,0.));
#4177 = CARTESIAN_POINT('',(-52.87676115645,42.91661788525,0.));
#4178 = CARTESIAN_POINT('',(-51.9615459228,44.850445328601,0.));
#4179 = CARTESIAN_POINT('',(-50.99223795127,46.758034254784,0.));
#4180 = CARTESIAN_POINT('',(-49.96831930457,48.636769201077,0.));
#4181 = CARTESIAN_POINT('',(-48.88929913583,50.483811787636,0.));
#4182 = CARTESIAN_POINT('',(-46.30030450544,54.61925847215,0.));
#4183 = CARTESIAN_POINT('',(-44.75469083146,56.88514669077,0.));
#4184 = CARTESIAN_POINT('',(-43.11685772256,59.087438232441,0.));
#4185 = CARTESIAN_POINT('',(-41.38612141835,61.218756915242,0.));
#4186 = CARTESIAN_POINT('',(-39.5622789083,63.270796373668,0.));
#4187 = CARTESIAN_POINT('',(-37.6457615946,65.234445465705,0.));
#4188 = CARTESIAN_POINT('',(-35.24241160372,67.467247223358,0.));
#4189 = CARTESIAN_POINT('',(-34.84637070372,67.828083363191,0.));
#4190 = CARTESIAN_POINT('',(-34.4497584887,68.182470665675,0.));
#4191 = CARTESIAN_POINT('',(-34.0526587685,68.530452569205,0.));
#4192 = CARTESIAN_POINT('',(-33.65515324968,68.872074753519,0.));
#4193 = CARTESIAN_POINT('',(-33.25732153553,69.207385139696,0.));
#4194 = CARTESIAN_POINT('',(-32.54612921818,69.795248641138,0.));
#4195 = CARTESIAN_POINT('',(-32.23105286341,70.051686079662,0.));
#4196 = CARTESIAN_POINT('',(-31.91402037184,70.305711487674,0.));
#4197 = CARTESIAN_POINT('',(-31.59504053313,70.557290023008,0.));
#4198 = CARTESIAN_POINT('',(-31.27412261648,70.806386719379,0.));
#4199 = CARTESIAN_POINT('',(-30.95127637063,71.052966486389,0.));
#4200 = CARTESIAN_POINT('',(-29.64463815432,72.034773206972,0.));
#4201 = CARTESIAN_POINT('',(-28.64523144725,72.749224255755,0.));
#4202 = CARTESIAN_POINT('',(-27.62859236491,73.439362262697,0.));
#4203 = CARTESIAN_POINT('',(-26.59508689109,74.10417768423,0.));
#4204 = CARTESIAN_POINT('',(-25.54515387588,74.742648025093,0.));
#4205 = CARTESIAN_POINT('',(-24.47931238038,75.353749437011,0.));
#4206 = CARTESIAN_POINT('',(-22.37407225655,76.48844000109,0.));
#4207 = CARTESIAN_POINT('',(-21.3362430052,77.014946857865,0.));
#4208 = CARTESIAN_POINT('',(-20.28520359456,77.515124953704,0.));
#4209 = CARTESIAN_POINT('',(-19.22154216131,77.988122249244,0.));
#4210 = CARTESIAN_POINT('',(-18.14591800601,78.43311090811,0.));
#4211 = CARTESIAN_POINT('',(-17.05906694772,78.849299605252,0.));
#4212 = CARTESIAN_POINT('',(-13.76787783959,80.009029795633,0.));
#4213 = CARTESIAN_POINT('',(-11.53195543691,80.664142674301,0.));
#4214 = CARTESIAN_POINT('',(-9.261078248311,81.195092785634,0.));
#4215 = CARTESIAN_POINT('',(-6.962966570658,81.596916563626,0.));
#4216 = CARTESIAN_POINT('',(-4.646041186595,81.865996212563,0.));
#4217 = CARTESIAN_POINT('',(-2.319465729204,82.000336330933,0.));
#4218 = CARTESIAN_POINT('',(1.651984694696,81.999761297608,0.));
#4219 = CARTESIAN_POINT('',(3.297239764192,81.932161314371,0.));
#4220 = CARTESIAN_POINT('',(4.939123528607,81.797190944803,0.));
#4221 = CARTESIAN_POINT('',(6.574354652823,81.595334522989,0.));
#4222 = CARTESIAN_POINT('',(8.199793316448,81.327511001097,0.));
#4223 = CARTESIAN_POINT('',(9.81243704929,80.995035490106,0.));
#4224 = CARTESIAN_POINT('',(13.223956839819,80.150295893231,0.));
#4225 = CARTESIAN_POINT('',(15.018401469719,79.619677898557,0.));
#4226 = CARTESIAN_POINT('',(16.788623476062,79.010190117787,0.));
#4227 = CARTESIAN_POINT('',(18.531060513817,78.324792463358,0.));
#4228 = CARTESIAN_POINT('',(20.242651266513,77.566786831442,0.));
#4229 = CARTESIAN_POINT('',(21.920784866905,76.739684787077,0.));
#4230 = CARTESIAN_POINT('',(25.490596571735,74.799754905126,0.));
#4231 = CARTESIAN_POINT('',(27.368871700471,73.662230908104,0.));
#4232 = CARTESIAN_POINT('',(29.194727527156,72.440305137132,0.));
#4233 = CARTESIAN_POINT('',(30.965665316601,71.139835399537,0.));
#4234 = CARTESIAN_POINT('',(32.679898337951,69.76656262151,0.));
#4235 = CARTESIAN_POINT('',(34.336232262147,68.325944951443,0.));
#4236 = CARTESIAN_POINT('',(37.929342420864,64.9461221791,0.));
#4237 = CARTESIAN_POINT('',(39.833181804918,62.972196185343,0.));
#4238 = CARTESIAN_POINT('',(41.64437027431,60.910959387822,0.));
#4239 = CARTESIAN_POINT('',(43.362545955479,58.771430679282,0.));
#4240 = CARTESIAN_POINT('',(44.98795884803,56.561826432673,0.));
#4241 = CARTESIAN_POINT('',(46.521322193952,54.289440881495,0.));
#4242 = CARTESIAN_POINT('',(50.097480534764,48.515133941657,0.));
#4243 = CARTESIAN_POINT('',(52.031548108505,44.946899348761,0.));
#4244 = CARTESIAN_POINT('',(53.769653221322,41.275767153927,0.));
#4245 = CARTESIAN_POINT('',(55.315273496598,37.519266156717,0.));
#4246 = CARTESIAN_POINT('',(56.671953643379,33.692700717436,0.));
#4247 = CARTESIAN_POINT('',(57.843070647057,29.809057900659,0.));
#4248 = CARTESIAN_POINT('',(59.742082996977,22.257503814562,0.));
#4249 = CARTESIAN_POINT('',(60.497396005708,18.597341304399,0.));
#4250 = CARTESIAN_POINT('',(61.099545389355,14.906977129625,0.));
#4251 = CARTESIAN_POINT('',(61.550061913056,11.194558986116,0.));
#4252 = CARTESIAN_POINT('',(61.850010688626,7.467803093488,0.));
#4253 = CARTESIAN_POINT('',(62.,3.734000742586,0.));
#4254 = CARTESIAN_POINT('',(62.,0.,0.));
#4255 = PCURVE('',#537,#4256);
#4256 = DEFINITIONAL_REPRESENTATION('',(#4257),#4440);
#4257 = B_SPLINE_CURVE_WITH_KNOTS('',7,(#4258,#4259,#4260,#4261,#4262,
    #4263,#4264,#4265,#4266,#4267,#4268,#4269,#4270,#4271,#4272,#4273,
    #4274,#4275,#4276,#4277,#4278,#4279,#4280,#4281,#4282,#4283,#4284,
    #4285,#4286,#4287,#4288,#4289,#4290,#4291,#4292,#4293,#4294,#4295,
    #4296,#4297,#4298,#4299,#4300,#4301,#4302,#4303,#4304,#4305,#4306,
    #4307,#4308,#4309,#4310,#4311,#4312,#4313,#4314,#4315,#4316,#4317,
    #4318,#4319,#4320,#4321,#4322,#4323,#4324,#4325,#4326,#4327,#4328,
    #4329,#4330,#4331,#4332,#4333,#4334,#4335,#4336,#4337,#4338,#4339,
    #4340,#4341,#4342,#4343,#4344,#4345,#4346,#4347,#4348,#4349,#4350,
    #4351,#4352,#4353,#4354,#4355,#4356,#4357,#4358,#4359,#4360,#4361,
    #4362,#4363,#4364,#4365,#4366,#4367,#4368,#4369,#4370,#4371,#4372,
    #4373,#4374,#4375,#4376,#4377,#4378,#4379,#4380,#4381,#4382,#4383,
    #4384,#4385,#4386,#4387,#4388,#4389,#4390,#4391,#4392,#4393,#4394,
    #4395,#4396,#4397,#4398,#4399,#4400,#4401,#4402,#4403,#4404,#4405,
    #4406,#4407,#4408,#4409,#4410,#4411,#4412,#4413,#4414,#4415,#4416,
    #4417,#4418,#4419,#4420,#4421,#4422,#4423,#4424,#4425,#4426,#4427,
    #4428,#4429,#4430,#4431,#4432,#4433,#4434,#4435,#4436,#4437,#4438,
    #4439),.UNSPECIFIED.,.T.,.F.,(8,6,6,6,6,6,6,6,6,6,6,6,6,6,6,6,6,6,6,
    6,6,6,6,6,6,6,6,6,6,6,8),(0.,5.914349471685E-02,0.123331151172,
    0.166718653343,0.201460300605,0.21944928887,0.257123058213,
    0.293966540951,0.312393250638,0.329452873717,0.337474829639,
    0.346290001424,0.386988255178,0.418736875766,0.441995637898,
    0.503443544625,0.564891451351,0.588150213484,0.619898834072,
    0.660597087825,0.668610880116,0.67491416391,0.693971150037,
    0.712022593147,0.748115745095,0.773641920907,0.802645519518,
    0.836679121801,0.879182373928,0.942061867084,1.),.UNSPECIFIED.);
#4258 = CARTESIAN_POINT('',(62.,0.));
#4259 = CARTESIAN_POINT('',(62.,-3.734000742589));
#4260 = CARTESIAN_POINT('',(61.850010688627,-7.467803093478));
#4261 = CARTESIAN_POINT('',(61.550061913056,-11.19455898611));
#4262 = CARTESIAN_POINT('',(61.099545389355,-14.90697712962));
#4263 = CARTESIAN_POINT('',(60.497396005709,-18.59734130438));
#4264 = CARTESIAN_POINT('',(59.742082996979,-22.25750381455));
#4265 = CARTESIAN_POINT('',(57.843070647064,-29.80905790063));
#4266 = CARTESIAN_POINT('',(56.671953643368,-33.69270071749));
#4267 = CARTESIAN_POINT('',(55.315273496622,-37.5192661566));
#4268 = CARTESIAN_POINT('',(53.769653221312,-41.27576715399));
#4269 = CARTESIAN_POINT('',(52.031548108519,-44.94689934871));
#4270 = CARTESIAN_POINT('',(50.097480534767,-48.51513394165));
#4271 = CARTESIAN_POINT('',(46.52132219396,-54.28944088148));
#4272 = CARTESIAN_POINT('',(44.987958848033,-56.56182643266));
#4273 = CARTESIAN_POINT('',(43.36254595549,-58.77143067926));
#4274 = CARTESIAN_POINT('',(41.644370274321,-60.9109593878));
#4275 = CARTESIAN_POINT('',(39.833181804922,-62.97219618533));
#4276 = CARTESIAN_POINT('',(37.929342420876,-64.94612217908));
#4277 = CARTESIAN_POINT('',(34.336232262157,-68.32594495143));
#4278 = CARTESIAN_POINT('',(32.679898337961,-69.7665626215));
#4279 = CARTESIAN_POINT('',(30.965665316612,-71.13983539952));
#4280 = CARTESIAN_POINT('',(29.194727527167,-72.44030513712));
#4281 = CARTESIAN_POINT('',(27.368871700482,-73.66223090809));
#4282 = CARTESIAN_POINT('',(25.490596571747,-74.79975490511));
#4283 = CARTESIAN_POINT('',(22.56530670201,-76.38943461399));
#4284 = CARTESIAN_POINT('',(21.554205552812,-76.90757311256));
#4285 = CARTESIAN_POINT('',(20.530441801511,-77.40072863765));
#4286 = CARTESIAN_POINT('',(19.494554930401,-77.86810683074));
#4287 = CARTESIAN_POINT('',(18.447149013931,-78.30893412157));
#4288 = CARTESIAN_POINT('',(17.388897511488,-78.7224685843));
#4289 = CARTESIAN_POINT('',(14.083137583644,-79.91543965222));
#4290 = CARTESIAN_POINT('',(11.801014385013,-80.60024997559));
#4291 = CARTESIAN_POINT('',(9.481609245408,-81.15572190068));
#4292 = CARTESIAN_POINT('',(7.133106149992,-81.57645416434));
#4293 = CARTESIAN_POINT('',(4.764463816415,-81.85849514789));
#4294 = CARTESIAN_POINT('',(2.385464139976,-81.99965509582));
#4295 = CARTESIAN_POINT('',(-2.319465729193,-82.00033633093));
#4296 = CARTESIAN_POINT('',(-4.646041186574,-81.86599621256));
#4297 = CARTESIAN_POINT('',(-6.962966570649,-81.59691656362));
#4298 = CARTESIAN_POINT('',(-9.261078248302,-81.19509278563));
#4299 = CARTESIAN_POINT('',(-11.53195543688,-80.6641426743));
#4300 = CARTESIAN_POINT('',(-13.76787783958,-80.00902979563));
#4301 = CARTESIAN_POINT('',(-17.0590669477,-78.84929960525));
#4302 = CARTESIAN_POINT('',(-18.145918006,-78.43311090811));
#4303 = CARTESIAN_POINT('',(-19.2215421613,-77.98812224924));
#4304 = CARTESIAN_POINT('',(-20.28520359455,-77.51512495371));
#4305 = CARTESIAN_POINT('',(-21.33624300519,-77.01494685787));
#4306 = CARTESIAN_POINT('',(-22.37407225654,-76.48844000109));
#4307 = CARTESIAN_POINT('',(-24.34628754602,-75.42544768303));
#4308 = CARTESIAN_POINT('',(-25.2826385809,-74.89259904108));
#4309 = CARTESIAN_POINT('',(-26.20681256442,-74.33860600496));
#4310 = CARTESIAN_POINT('',(-27.11845193608,-73.76415844235));
#4311 = CARTESIAN_POINT('',(-28.01724727449,-73.16994626987));
#4312 = CARTESIAN_POINT('',(-28.90293343558,-72.55665324759));
#4313 = CARTESIAN_POINT('',(-30.18549237036,-71.62790497265));
#4314 = CARTESIAN_POINT('',(-30.58865995852,-71.32975105399));
#4315 = CARTESIAN_POINT('',(-30.98802173371,-71.02842200802));
#4316 = CARTESIAN_POINT('',(-31.38587455402,-70.72224064148));
#4317 = CARTESIAN_POINT('',(-31.78363775885,-70.41000873388));
#4318 = CARTESIAN_POINT('',(-32.18191161767,-70.09108542016));
#4319 = CARTESIAN_POINT('',(-33.01857518775,-69.40762562626));
#4320 = CARTESIAN_POINT('',(-33.45636074073,-69.04225036884));
#4321 = CARTESIAN_POINT('',(-33.89378996504,-68.66926116441));
#4322 = CARTESIAN_POINT('',(-34.33075775793,-68.28859339087));
#4323 = CARTESIAN_POINT('',(-34.76715593367,-67.90018566709));
#4324 = CARTESIAN_POINT('',(-35.20287322347,-67.50397985291));
#4325 = CARTESIAN_POINT('',(-37.64576159459,-65.23444546571));
#4326 = CARTESIAN_POINT('',(-39.56227890829,-63.27079637368));
#4327 = CARTESIAN_POINT('',(-41.38612141834,-61.21875691525));
#4328 = CARTESIAN_POINT('',(-43.11685772254,-59.08743823245));
#4329 = CARTESIAN_POINT('',(-44.75469083145,-56.88514669078));
#4330 = CARTESIAN_POINT('',(-46.30030450543,-54.61925847216));
#4331 = CARTESIAN_POINT('',(-48.88929913582,-50.48381178765));
#4332 = CARTESIAN_POINT('',(-49.96831930457,-48.63676920108));
#4333 = CARTESIAN_POINT('',(-50.99223795126,-46.75803425481));
#4334 = CARTESIAN_POINT('',(-51.96154592278,-44.85044532862));
#4335 = CARTESIAN_POINT('',(-52.87676115645,-42.91661788525));
#4336 = CARTESIAN_POINT('',(-53.73841817376,-40.95893934516));
#4337 = CARTESIAN_POINT('',(-55.13944538597,-37.52948338401));
#4338 = CARTESIAN_POINT('',(-55.7033749521,-36.06778036317));
#4339 = CARTESIAN_POINT('',(-56.23904361663,-34.59530791621));
#4340 = CARTESIAN_POINT('',(-56.74664808191,-33.11288171318));
#4341 = CARTESIAN_POINT('',(-57.22637572726,-31.62127568314));
#4342 = CARTESIAN_POINT('',(-57.67840420996,-30.12122192626));
#4343 = CARTESIAN_POINT('',(-59.22438995194,-24.62988615388));
#4344 = CARTESIAN_POINT('',(-60.15359505899,-20.59263853658));
#4345 = CARTESIAN_POINT('',(-60.89382910817,-16.51384735343));
#4346 = CARTESIAN_POINT('',(-61.44734786556,-12.40489418278));
#4347 = CARTESIAN_POINT('',(-61.81576277565,-8.276437459199));
#4348 = CARTESIAN_POINT('',(-62.,-4.138411362328));
#4349 = CARTESIAN_POINT('',(-62.,4.138411362313));
#4350 = CARTESIAN_POINT('',(-61.81576277565,8.276437459141));
#4351 = CARTESIAN_POINT('',(-61.44734786556,12.404894182812));
#4352 = CARTESIAN_POINT('',(-60.89382910818,16.513847353366));
#4353 = CARTESIAN_POINT('',(-60.15359505899,20.592638536582));
#4354 = CARTESIAN_POINT('',(-59.22438995195,24.629886153851));
#4355 = CARTESIAN_POINT('',(-57.67840420996,30.121221926244));
#4356 = CARTESIAN_POINT('',(-57.22637572727,31.621275683123));
#4357 = CARTESIAN_POINT('',(-56.74664808192,33.112881713162));
#4358 = CARTESIAN_POINT('',(-56.23904361664,34.595307916194));
#4359 = CARTESIAN_POINT('',(-55.7033749521,36.067780363154));
#4360 = CARTESIAN_POINT('',(-55.13944538598,37.529483383989));
#4361 = CARTESIAN_POINT('',(-53.73841817377,40.958939345141));
#4362 = CARTESIAN_POINT('',(-52.87676115645,42.91661788525));
#4363 = CARTESIAN_POINT('',(-51.9615459228,44.850445328601));
#4364 = CARTESIAN_POINT('',(-50.99223795127,46.758034254784));
#4365 = CARTESIAN_POINT('',(-49.96831930457,48.636769201077));
#4366 = CARTESIAN_POINT('',(-48.88929913583,50.483811787636));
#4367 = CARTESIAN_POINT('',(-46.30030450544,54.61925847215));
#4368 = CARTESIAN_POINT('',(-44.75469083146,56.88514669077));
#4369 = CARTESIAN_POINT('',(-43.11685772256,59.087438232441));
#4370 = CARTESIAN_POINT('',(-41.38612141835,61.218756915242));
#4371 = CARTESIAN_POINT('',(-39.5622789083,63.270796373668));
#4372 = CARTESIAN_POINT('',(-37.6457615946,65.234445465705));
#4373 = CARTESIAN_POINT('',(-35.24241160372,67.467247223358));
#4374 = CARTESIAN_POINT('',(-34.84637070372,67.828083363191));
#4375 = CARTESIAN_POINT('',(-34.4497584887,68.182470665675));
#4376 = CARTESIAN_POINT('',(-34.0526587685,68.530452569205));
#4377 = CARTESIAN_POINT('',(-33.65515324968,68.872074753519));
#4378 = CARTESIAN_POINT('',(-33.25732153553,69.207385139696));
#4379 = CARTESIAN_POINT('',(-32.54612921818,69.795248641138));
#4380 = CARTESIAN_POINT('',(-32.23105286341,70.051686079662));
#4381 = CARTESIAN_POINT('',(-31.91402037184,70.305711487674));
#4382 = CARTESIAN_POINT('',(-31.59504053313,70.557290023008));
#4383 = CARTESIAN_POINT('',(-31.27412261648,70.806386719379));
#4384 = CARTESIAN_POINT('',(-30.95127637063,71.052966486389));
#4385 = CARTESIAN_POINT('',(-29.64463815432,72.034773206972));
#4386 = CARTESIAN_POINT('',(-28.64523144725,72.749224255755));
#4387 = CARTESIAN_POINT('',(-27.62859236491,73.439362262697));
#4388 = CARTESIAN_POINT('',(-26.59508689109,74.10417768423));
#4389 = CARTESIAN_POINT('',(-25.54515387588,74.742648025093));
#4390 = CARTESIAN_POINT('',(-24.47931238038,75.353749437011));
#4391 = CARTESIAN_POINT('',(-22.37407225655,76.48844000109));
#4392 = CARTESIAN_POINT('',(-21.3362430052,77.014946857865));
#4393 = CARTESIAN_POINT('',(-20.28520359456,77.515124953704));
#4394 = CARTESIAN_POINT('',(-19.22154216131,77.988122249244));
#4395 = CARTESIAN_POINT('',(-18.14591800601,78.43311090811));
#4396 = CARTESIAN_POINT('',(-17.05906694772,78.849299605252));
#4397 = CARTESIAN_POINT('',(-13.76787783959,80.009029795633));
#4398 = CARTESIAN_POINT('',(-11.53195543691,80.664142674301));
#4399 = CARTESIAN_POINT('',(-9.261078248311,81.195092785634));
#4400 = CARTESIAN_POINT('',(-6.962966570658,81.596916563626));
#4401 = CARTESIAN_POINT('',(-4.646041186595,81.865996212563));
#4402 = CARTESIAN_POINT('',(-2.319465729204,82.000336330933));
#4403 = CARTESIAN_POINT('',(1.651984694696,81.999761297608));
#4404 = CARTESIAN_POINT('',(3.297239764192,81.932161314371));
#4405 = CARTESIAN_POINT('',(4.939123528607,81.797190944803));
#4406 = CARTESIAN_POINT('',(6.574354652823,81.595334522989));
#4407 = CARTESIAN_POINT('',(8.199793316448,81.327511001097));
#4408 = CARTESIAN_POINT('',(9.81243704929,80.995035490106));
#4409 = CARTESIAN_POINT('',(13.223956839819,80.150295893231));
#4410 = CARTESIAN_POINT('',(15.018401469719,79.619677898557));
#4411 = CARTESIAN_POINT('',(16.788623476062,79.010190117787));
#4412 = CARTESIAN_POINT('',(18.531060513817,78.324792463358));
#4413 = CARTESIAN_POINT('',(20.242651266513,77.566786831442));
#4414 = CARTESIAN_POINT('',(21.920784866905,76.739684787077));
#4415 = CARTESIAN_POINT('',(25.490596571735,74.799754905126));
#4416 = CARTESIAN_POINT('',(27.368871700471,73.662230908104));
#4417 = CARTESIAN_POINT('',(29.194727527156,72.440305137132));
#4418 = CARTESIAN_POINT('',(30.965665316601,71.139835399537));
#4419 = CARTESIAN_POINT('',(32.679898337951,69.76656262151));
#4420 = CARTESIAN_POINT('',(34.336232262147,68.325944951443));
#4421 = CARTESIAN_POINT('',(37.929342420864,64.9461221791));
#4422 = CARTESIAN_POINT('',(39.833181804918,62.972196185343));
#4423 = CARTESIAN_POINT('',(41.64437027431,60.910959387822));
#4424 = CARTESIAN_POINT('',(43.362545955479,58.771430679282));
#4425 = CARTESIAN_POINT('',(44.98795884803,56.561826432673));
#4426 = CARTESIAN_POINT('',(46.521322193952,54.289440881495));
#4427 = CARTESIAN_POINT('',(50.097480534764,48.515133941657));
#4428 = CARTESIAN_POINT('',(52.031548108505,44.946899348761));
#4429 = CARTESIAN_POINT('',(53.769653221322,41.275767153927));
#4430 = CARTESIAN_POINT('',(55.315273496598,37.519266156717));
#4431 = CARTESIAN_POINT('',(56.671953643379,33.692700717436));
#4432 = CARTESIAN_POINT('',(57.843070647057,29.809057900659));
#4433 = CARTESIAN_POINT('',(59.742082996977,22.257503814562));
#4434 = CARTESIAN_POINT('',(60.497396005708,18.597341304399));
#4435 = CARTESIAN_POINT('',(61.099545389355,14.906977129625));
#4436 = CARTESIAN_POINT('',(61.550061913056,11.194558986116));
#4437 = CARTESIAN_POINT('',(61.850010688626,7.467803093488));
#4438 = CARTESIAN_POINT('',(62.,3.734000742586));
#4439 = CARTESIAN_POINT('',(62.,0.));
#4440 = ( GEOMETRIC_REPRESENTATION_CONTEXT(2) 
PARAMETRIC_REPRESENTATION_CONTEXT() REPRESENTATION_CONTEXT('2D SPACE',''
  ) );
#4441 = PCURVE('',#3846,#4442);
#4442 = DEFINITIONAL_REPRESENTATION('',(#4443),#4626);
#4443 = B_SPLINE_CURVE_WITH_KNOTS('',7,(#4444,#4445,#4446,#4447,#4448,
    #4449,#4450,#4451,#4452,#4453,#4454,#4455,#4456,#4457,#4458,#4459,
    #4460,#4461,#4462,#4463,#4464,#4465,#4466,#4467,#4468,#4469,#4470,
    #4471,#4472,#4473,#4474,#4475,#4476,#4477,#4478,#4479,#4480,#4481,
    #4482,#4483,#4484,#4485,#4486,#4487,#4488,#4489,#4490,#4491,#4492,
    #4493,#4494,#4495,#4496,#4497,#4498,#4499,#4500,#4501,#4502,#4503,
    #4504,#4505,#4506,#4507,#4508,#4509,#4510,#4511,#4512,#4513,#4514,
    #4515,#4516,#4517,#4518,#4519,#4520,#4521,#4522,#4523,#4524,#4525,
    #4526,#4527,#4528,#4529,#4530,#4531,#4532,#4533,#4534,#4535,#4536,
    #4537,#4538,#4539,#4540,#4541,#4542,#4543,#4544,#4545,#4546,#4547,
    #4548,#4549,#4550,#4551,#4552,#4553,#4554,#4555,#4556,#4557,#4558,
    #4559,#4560,#4561,#4562,#4563,#4564,#4565,#4566,#4567,#4568,#4569,
    #4570,#4571,#4572,#4573,#4574,#4575,#4576,#4577,#4578,#4579,#4580,
    #4581,#4582,#4583,#4584,#4585,#4586,#4587,#4588,#4589,#4590,#4591,
    #4592,#4593,#4594,#4595,#4596,#4597,#4598,#4599,#4600,#4601,#4602,
    #4603,#4604,#4605,#4606,#4607,#4608,#4609,#4610,#4611,#4612,#4613,
    #4614,#4615,#4616,#4617,#4618,#4619,#4620,#4621,#4622,#4623,#4624,
    #4625),.UNSPECIFIED.,.F.,.F.,(8,6,6,6,6,6,6,6,6,6,6,6,6,6,6,6,6,6,6,
    6,6,6,6,6,6,6,6,6,6,6,8),(0.,5.914349471685E-02,0.123331151172,
    0.166718653343,0.201460300605,0.21944928887,0.257123058213,
    0.293966540951,0.312393250638,0.329452873717,0.337474829639,
    0.346290001424,0.386988255178,0.418736875766,0.441995637898,
    0.503443544625,0.564891451351,0.588150213484,0.619898834072,
    0.660597087825,0.668610880116,0.67491416391,0.693971150037,
    0.712022593147,0.748115745095,0.773641920907,0.802645519518,
    0.836679121801,0.879182373928,0.942061867084,1.),.UNSPECIFIED.);
#4444 = CARTESIAN_POINT('',(6.28318530718,1.183291357832E-30));
#4445 = CARTESIAN_POINT('',(6.228122476505,1.151927101081E-30));
#4446 = CARTESIAN_POINT('',(6.174751410014,1.075293520106E-18));
#4447 = CARTESIAN_POINT('',(6.122800165424,-1.70010355165E-18));
#4448 = CARTESIAN_POINT('',(6.072043677533,-3.729365808958E-19));
#4449 = CARTESIAN_POINT('',(6.022285350823,2.655704616864E-18));
#4450 = CARTESIAN_POINT('',(5.97334365803,-1.894601563496E-18));
#4451 = CARTESIAN_POINT('',(5.872624484355,2.056186142861E-18));
#4452 = CARTESIAN_POINT('',(5.820972357414,-9.195995392183E-18));
#4453 = CARTESIAN_POINT('',(5.769856729661,1.939751213662E-17));
#4454 = CARTESIAN_POINT('',(5.719079966378,-2.335383224132E-17));
#4455 = CARTESIAN_POINT('',(5.66845565815,1.625750231912E-17));
#4456 = CARTESIAN_POINT('',(5.617798264413,-5.58358032693E-18));
#4457 = CARTESIAN_POINT('',(5.532499089711,3.774208577378E-18));
#4458 = CARTESIAN_POINT('',(5.497992826377,-2.364458622383E-18));
#4459 = CARTESIAN_POINT('',(5.463321926514,-3.8299586721E-18));
#4460 = CARTESIAN_POINT('',(5.428429111653,2.338529537535E-18));
#4461 = CARTESIAN_POINT('',(5.393258626301,4.980115073787E-18));
#4462 = CARTESIAN_POINT('',(5.35775424565,-5.03451138229E-18));
#4463 = CARTESIAN_POINT('',(5.293114741143,4.031281125468E-18));
#4464 = CARTESIAN_POINT('',(5.264121952295,-5.341466898858E-18));
#4465 = CARTESIAN_POINT('',(5.234851591493,2.946524490108E-19));
#4466 = CARTESIAN_POINT('',(5.205278068671,3.518511903224E-18));
#4467 = CARTESIAN_POINT('',(5.175377544907,-1.503287790314E-18));
#4468 = CARTESIAN_POINT('',(5.145128402356,-5.734788199644E-19));
#4469 = CARTESIAN_POINT('',(5.098660310457,2.969434259876E-19));
#4470 = CARTESIAN_POINT('',(5.082709698696,-3.98823457992E-19));
#4471 = CARTESIAN_POINT('',(5.066658741841,-2.08524000905E-19));
#4472 = CARTESIAN_POINT('',(5.050505393291,4.188974780542E-19));
#4473 = CARTESIAN_POINT('',(5.034247905062,3.487453894254E-19));
#4474 = CARTESIAN_POINT('',(5.017884910089,-5.974574265561E-19));
#4475 = CARTESIAN_POINT('',(4.966924149156,1.251236197887E-18));
#4476 = CARTESIAN_POINT('',(4.9319595832,-1.760185229507E-18));
#4477 = CARTESIAN_POINT('',(4.896522306927,2.523882768888E-19));
#4478 = CARTESIAN_POINT('',(4.860611569868,1.128268112263E-18));
#4479 = CARTESIAN_POINT('',(4.824227935435,-7.17517206956E-19));
#4480 = CARTESIAN_POINT('',(4.787378975116,-1.589113336417E-22));
#4481 = CARTESIAN_POINT('',(4.713619057567,1.554091127555E-22));
#4482 = CARTESIAN_POINT('',(4.676717504205,5.860861466596E-19));
#4483 = CARTESIAN_POINT('',(4.639404683938,-9.087779590756E-19));
#4484 = CARTESIAN_POINT('',(4.601691076336,-2.147337101023E-19));
#4485 = CARTESIAN_POINT('',(4.563581696221,1.412294274651E-18));
#4486 = CARTESIAN_POINT('',(4.525080559784,-9.914414517787E-19));
#4487 = CARTESIAN_POINT('',(4.466745940313,4.958544210885E-19));
#4488 = CARTESIAN_POINT('',(4.447199564442,-2.369910695182E-19));
#4489 = CARTESIAN_POINT('',(4.427554811475,-3.466020038831E-19));
#4490 = CARTESIAN_POINT('',(4.407810695203,1.010478327455E-19));
#4491 = CARTESIAN_POINT('',(4.38796566905,2.954478153476E-19));
#4492 = CARTESIAN_POINT('',(4.368017681672,-1.450781074575E-19));
#4493 = CARTESIAN_POINT('',(4.329398558667,1.343146916731E-19));
#4494 = CARTESIAN_POINT('',(4.310742432984,-1.778036985795E-19));
#4495 = CARTESIAN_POINT('',(4.291993762943,-9.424634775244E-20));
#4496 = CARTESIAN_POINT('',(4.273150042411,1.859449257992E-19));
#4497 = CARTESIAN_POINT('',(4.254208353029,1.5597554432E-19));
#4498 = CARTESIAN_POINT('',(4.235165365539,-2.653039473863E-19));
#4499 = CARTESIAN_POINT('',(4.207013355085,1.247540207818E-19));
#4500 = CARTESIAN_POINT('',(4.198110114954,-1.101140699264E-16));
#4501 = CARTESIAN_POINT('',(4.18908986704,7.357853172283E-17));
#4502 = CARTESIAN_POINT('',(4.180082268631,1.838735087701E-16));
#4503 = CARTESIAN_POINT('',(4.171141862585,1.045445726453E-16));
#4504 = CARTESIAN_POINT('',(4.162170611011,1.07898138841E-16));
#4505 = CARTESIAN_POINT('',(4.143311910678,1.05816589848E-16));
#4506 = CARTESIAN_POINT('',(4.133438333578,1.055376416045E-16));
#4507 = CARTESIAN_POINT('',(4.123564756878,1.054479752828E-16));
#4508 = CARTESIAN_POINT('',(4.113691180507,1.051769949922E-16));
#4509 = CARTESIAN_POINT('',(4.103817604196,1.046050853296E-16));
#4510 = CARTESIAN_POINT('',(4.093944027473,1.038636113797E-16));
#4511 = CARTESIAN_POINT('',(4.038485702731,1.00894028308E-16));
#4512 = CARTESIAN_POINT('',(3.994592188011,9.638650951076E-17));
#4513 = CARTESIAN_POINT('',(3.952213781855,1.005682402232E-16));
#4514 = CARTESIAN_POINT('',(3.911198456296,9.535467574279E-17));
#4515 = CARTESIAN_POINT('',(3.87141173631,8.651665561223E-17));
#4516 = CARTESIAN_POINT('',(3.832731471974,9.532795440207E-17));
#4517 = CARTESIAN_POINT('',(3.765643951278,8.435653847214E-17));
#4518 = CARTESIAN_POINT('',(3.736849686534,9.151267230238E-17));
#4519 = CARTESIAN_POINT('',(3.708607827949,8.46606433226E-17));
#4520 = CARTESIAN_POINT('',(3.680870664823,8.104278160493E-17));
#4521 = CARTESIAN_POINT('',(3.653594583636,8.514880456121E-17));
#4522 = CARTESIAN_POINT('',(3.626738923278,8.221685943272E-17));
#4523 = CARTESIAN_POINT('',(3.580870748668,8.046005722511E-17));
#4524 = CARTESIAN_POINT('',(3.561681551497,7.988227021885E-17));
#4525 = CARTESIAN_POINT('',(3.542682602313,7.924905395297E-17));
#4526 = CARTESIAN_POINT('',(3.523859838142,7.858941145699E-17));
#4527 = CARTESIAN_POINT('',(3.505199948813,7.801700850329E-17));
#4528 = CARTESIAN_POINT('',(3.48669020555,7.756536269317E-17));
#4529 = CARTESIAN_POINT('',(3.419781064172,7.559023692393E-17));
#4530 = CARTESIAN_POINT('',(3.372211005976,7.489762950786E-17));
#4531 = CARTESIAN_POINT('',(3.325373912982,7.337731955117E-17));
#4532 = CARTESIAN_POINT('',(3.279073342936,7.328238200486E-17));
#4533 = CARTESIAN_POINT('',(3.233127997146,7.258543296445E-17));
#4534 = CARTESIAN_POINT('',(3.187362457845,7.2387193299E-17));
#4535 = CARTESIAN_POINT('',(3.095822849334,7.2387193299E-17));
#4536 = CARTESIAN_POINT('',(3.050057310035,7.208788245772E-17));
#4537 = CARTESIAN_POINT('',(3.004111964243,7.456268327349E-17));
#4538 = CARTESIAN_POINT('',(2.957811394198,7.132041500028E-17));
#4539 = CARTESIAN_POINT('',(2.910974301203,7.629191900424E-17));
#4540 = CARTESIAN_POINT('',(2.863404243008,7.488203810802E-17));
#4541 = CARTESIAN_POINT('',(2.79649510163,7.759970896705E-17));
#4542 = CARTESIAN_POINT('',(2.777985358366,7.777607059473E-17));
#4543 = CARTESIAN_POINT('',(2.759325469038,7.824741203548E-17));
#4544 = CARTESIAN_POINT('',(2.740502704867,7.902578700002E-17));
#4545 = CARTESIAN_POINT('',(2.721503755683,7.976793555366E-17));
#4546 = CARTESIAN_POINT('',(2.702314558512,8.027275317027E-17));
#4547 = CARTESIAN_POINT('',(2.656446383902,8.194247127083E-17));
#4548 = CARTESIAN_POINT('',(2.629590723544,8.298249650702E-17));
#4549 = CARTESIAN_POINT('',(2.602314642357,8.383926318506E-17));
#4550 = CARTESIAN_POINT('',(2.574577479231,8.509767248131E-17));
#4551 = CARTESIAN_POINT('',(2.546335620645,8.652187571961E-17));
#4552 = CARTESIAN_POINT('',(2.517541355902,8.739751204735E-17));
#4553 = CARTESIAN_POINT('',(2.450453835205,9.078359806658E-17));
#4554 = CARTESIAN_POINT('',(2.41177357087,9.495698350495E-17));
#4555 = CARTESIAN_POINT('',(2.371986850884,8.992979668334E-17));
#4556 = CARTESIAN_POINT('',(2.330971525325,9.540024807896E-17));
#4557 = CARTESIAN_POINT('',(2.288593119169,1.05122164808E-16));
#4558 = CARTESIAN_POINT('',(2.244699604449,9.594549856929E-17));
#4559 = CARTESIAN_POINT('',(2.190138877959,1.044030907597E-16));
#4560 = CARTESIAN_POINT('',(2.181162899056,1.044779016708E-16));
#4561 = CARTESIAN_POINT('',(2.172186920408,1.042588951696E-16));
#4562 = CARTESIAN_POINT('',(2.163210941733,1.04350418434E-16));
#4563 = CARTESIAN_POINT('',(2.154234962863,1.049384055118E-16));
#4564 = CARTESIAN_POINT('',(2.145258983746,1.057903773202E-16));
#4565 = CARTESIAN_POINT('',(2.129222908193,1.0662124005E-16));
#4566 = CARTESIAN_POINT('',(2.122134449684,1.067502018392E-16));
#4567 = CARTESIAN_POINT('',(2.114994249083,1.07080631504E-16));
#4568 = CARTESIAN_POINT('',(2.107795186354,1.07737295301E-16));
#4569 = CARTESIAN_POINT('',(2.100546401256,1.085314212526E-16));
#4570 = CARTESIAN_POINT('',(2.093273293349,1.089606991474E-16));
#4571 = CARTESIAN_POINT('',(2.064080839652,1.059374846887E-16));
#4572 = CARTESIAN_POINT('',(2.04228425438,7.866882281849E-17));
#4573 = CARTESIAN_POINT('',(2.020621880857,1.028347599391E-16));
#4574 = CARTESIAN_POINT('',(1.999088528419,1.414104783956E-16));
#4575 = CARTESIAN_POINT('',(1.977679699333,1.288266217102E-16));
#4576 = CARTESIAN_POINT('',(1.956391587076,5.588103842449E-17));
#4577 = CARTESIAN_POINT('',(1.915167625508,5.348494152324E-17));
#4578 = CARTESIAN_POINT('',(1.89521963813,5.284263966991E-17));
#4579 = CARTESIAN_POINT('',(1.875374611976,5.17238203858E-17));
#4580 = CARTESIAN_POINT('',(1.855630495705,5.039439442505E-17));
#4581 = CARTESIAN_POINT('',(1.835985742738,4.948072251143E-17));
#4582 = CARTESIAN_POINT('',(1.816439366866,4.906435455827E-17));
#4583 = CARTESIAN_POINT('',(1.758104747396,4.520229188148E-17));
#4584 = CARTESIAN_POINT('',(1.719603610959,4.50904066092E-17));
#4585 = CARTESIAN_POINT('',(1.681494230844,4.219728463249E-17));
#4586 = CARTESIAN_POINT('',(1.643780623242,4.005844643005E-17));
#4587 = CARTESIAN_POINT('',(1.606467802975,3.955879411073E-17));
#4588 = CARTESIAN_POINT('',(1.569566249613,3.76627801314E-17));
#4589 = CARTESIAN_POINT('',(1.507305203441,3.53442449098E-17));
#4590 = CARTESIAN_POINT('',(1.481726100469,3.412250017816E-17));
#4591 = CARTESIAN_POINT('',(1.456365999192,3.403213568038E-17));
#4592 = CARTESIAN_POINT('',(1.431228310334,3.28692770522E-17));
#4593 = CARTESIAN_POINT('',(1.406315028675,3.12814481081E-17));
#4594 = CARTESIAN_POINT('',(1.381627691119,3.183205966866E-17));
#4595 = CARTESIAN_POINT('',(1.329376229244,2.937410770583E-17));
#4596 = CARTESIAN_POINT('',(1.301876429991,2.983069806814E-17));
#4597 = CARTESIAN_POINT('',(1.274669982646,2.910092287375E-17));
#4598 = CARTESIAN_POINT('',(1.247753410936,2.781035978543E-17));
#4599 = CARTESIAN_POINT('',(1.221120444983,2.738852328163E-17));
#4600 = CARTESIAN_POINT('',(1.194763195739,2.799894336843E-17));
#4601 = CARTESIAN_POINT('',(1.138056904823,2.620005338749E-17));
#4602 = CARTESIAN_POINT('',(1.107807762273,2.915529355661E-17));
#4603 = CARTESIAN_POINT('',(1.077907238509,2.374705151519E-17));
#4604 = CARTESIAN_POINT('',(1.048333715687,2.524946868965E-17));
#4605 = CARTESIAN_POINT('',(1.019063354885,3.085416691472E-17));
#4606 = CARTESIAN_POINT('',(0.990070566037,2.373034263909E-17));
#4607 = CARTESIAN_POINT('',(0.92543106153,3.061458321226E-17));
#4608 = CARTESIAN_POINT('',(0.889926680879,2.277416285303E-17));
#4609 = CARTESIAN_POINT('',(0.854756195527,2.808362862451E-17));
#4610 = CARTESIAN_POINT('',(0.819863380665,3.168990115847E-17));
#4611 = CARTESIAN_POINT('',(0.785192480803,2.819039994929E-17));
#4612 = CARTESIAN_POINT('',(0.750686217469,2.944319092693E-17));
#4613 = CARTESIAN_POINT('',(0.665387042766,3.347762047386E-17));
#4614 = CARTESIAN_POINT('',(0.61472964903,3.128607038003E-17));
#4615 = CARTESIAN_POINT('',(0.564105340801,3.929180296067E-17));
#4616 = CARTESIAN_POINT('',(0.51332857752,3.545301724755E-17));
#4617 = CARTESIAN_POINT('',(0.462212949765,4.061268395509E-17));
#4618 = CARTESIAN_POINT('',(0.410560822825,4.217738529348E-17));
#4619 = CARTESIAN_POINT('',(0.30984164915,4.68495764409E-17));
#4620 = CARTESIAN_POINT('',(0.260899956357,3.404025014671E-17));
#4621 = CARTESIAN_POINT('',(0.211141629647,8.067421845743E-17));
#4622 = CARTESIAN_POINT('',(0.160385141755,7.069621999795E-17));
#4623 = CARTESIAN_POINT('',(0.108433897166,3.917966549021E-18));
#4624 = CARTESIAN_POINT('',(5.506283067441E-02,7.681213046182E-31));
#4625 = CARTESIAN_POINT('',(0.,7.88860905221E-31));
#4626 = ( GEOMETRIC_REPRESENTATION_CONTEXT(2) 
PARAMETRIC_REPRESENTATION_CONTEXT() REPRESENTATION_CONTEXT('2D SPACE',''
  ) );
#4627 = ORIENTED_EDGE('',*,*,#4628,.F.);
#4628 = EDGE_CURVE('',#90,#4069,#4629,.T.);
#4629 = SURFACE_CURVE('',#4630,(#4634,#4640),.PCURVE_S1.);
#4630 = LINE('',#4631,#4632);
#4631 = CARTESIAN_POINT('',(-25.,-3.316624790355,0.));
#4632 = VECTOR('',#4633,1.);
#4633 = DIRECTION('',(1.,0.,0.));
#4634 = PCURVE('',#537,#4635);
#4635 = DEFINITIONAL_REPRESENTATION('',(#4636),#4639);
#4636 = B_SPLINE_CURVE_WITH_KNOTS('',1,(#4637,#4638),.UNSPECIFIED.,.F.,
  .F.,(2,2),(-53.00000016681,5.999999999062E-07),
  .PIECEWISE_BEZIER_KNOTS.);
#4637 = CARTESIAN_POINT('',(-78.00000016681,-3.316624790355));
#4638 = CARTESIAN_POINT('',(-24.9999994,-3.316624790355));
#4639 = ( GEOMETRIC_REPRESENTATION_CONTEXT(2) 
PARAMETRIC_REPRESENTATION_CONTEXT() REPRESENTATION_CONTEXT('2D SPACE',''
  ) );
#4640 = PCURVE('',#827,#4641);
#4641 = DEFINITIONAL_REPRESENTATION('',(#4642),#4645);
#4642 = B_SPLINE_CURVE_WITH_KNOTS('',1,(#4643,#4644),.UNSPECIFIED.,.F.,
  .F.,(2,2),(-53.00000016681,5.999999999062E-07),
  .PIECEWISE_BEZIER_KNOTS.);
#4643 = CARTESIAN_POINT('',(4.126703436928,-53.00000016681));
#4644 = CARTESIAN_POINT('',(4.126703436928,5.999999999062E-07));
#4645 = ( GEOMETRIC_REPRESENTATION_CONTEXT(2) 
PARAMETRIC_REPRESENTATION_CONTEXT() REPRESENTATION_CONTEXT('2D SPACE',''
  ) );
#4646 = ADVANCED_FACE('',(#4647),#1950,.F.);
#4647 = FACE_BOUND('',#4648,.F.);
#4648 = EDGE_LOOP('',(#4649,#4650,#4651,#4652,#5230,#5808));
#4649 = ORIENTED_EDGE('',*,*,#1538,.T.);
#4650 = ORIENTED_EDGE('',*,*,#2160,.T.);
#4651 = ORIENTED_EDGE('',*,*,#3451,.T.);
#4652 = ORIENTED_EDGE('',*,*,#4653,.F.);
#4653 = EDGE_CURVE('',#4654,#3452,#4656,.T.);
#4654 = VERTEX_POINT('',#4655);
#4655 = CARTESIAN_POINT('',(13.876310119988,45.,-43.896981254));
#4656 = SURFACE_CURVE('',#4657,(#4846,#5038),.PCURVE_S1.);
#4657 = B_SPLINE_CURVE_WITH_KNOTS('',8,(#4658,#4659,#4660,#4661,#4662,
    #4663,#4664,#4665,#4666,#4667,#4668,#4669,#4670,#4671,#4672,#4673,
    #4674,#4675,#4676,#4677,#4678,#4679,#4680,#4681,#4682,#4683,#4684,
    #4685,#4686,#4687,#4688,#4689,#4690,#4691,#4692,#4693,#4694,#4695,
    #4696,#4697,#4698,#4699,#4700,#4701,#4702,#4703,#4704,#4705,#4706,
    #4707,#4708,#4709,#4710,#4711,#4712,#4713,#4714,#4715,#4716,#4717,
    #4718,#4719,#4720,#4721,#4722,#4723,#4724,#4725,#4726,#4727,#4728,
    #4729,#4730,#4731,#4732,#4733,#4734,#4735,#4736,#4737,#4738,#4739,
    #4740,#4741,#4742,#4743,#4744,#4745,#4746,#4747,#4748,#4749,#4750,
    #4751,#4752,#4753,#4754,#4755,#4756,#4757,#4758,#4759,#4760,#4761,
    #4762,#4763,#4764,#4765,#4766,#4767,#4768,#4769,#4770,#4771,#4772,
    #4773,#4774,#4775,#4776,#4777,#4778,#4779,#4780,#4781,#4782,#4783,
    #4784,#4785,#4786,#4787,#4788,#4789,#4790,#4791,#4792,#4793,#4794,
    #4795,#4796,#4797,#4798,#4799,#4800,#4801,#4802,#4803,#4804,#4805,
    #4806,#4807,#4808,#4809,#4810,#4811,#4812,#4813,#4814,#4815,#4816,
    #4817,#4818,#4819,#4820,#4821,#4822,#4823,#4824,#4825,#4826,#4827,
    #4828,#4829,#4830,#4831,#4832,#4833,#4834,#4835,#4836,#4837,#4838,
    #4839,#4840,#4841,#4842,#4843,#4844,#4845),.UNSPECIFIED.,.T.,.F.,(9,
    7,7,7,7,7,7,7,7,7,7,7,7,8,8,7,7,7,7,7,7,7,7,8,8,7,9),(0.,
    4.774627963093E-02,6.504366405702E-02,9.59639370784E-02,
    9.754244967418E-02,0.128630692995,0.146682053761,0.166992556648,
    0.180755821131,0.190456900357,0.214474985969,0.22989506868,
    0.237875413373,0.242169236013,0.289915515644,0.337661795275,
    0.40723146802,0.46878062174,0.578657936747,0.58471512472,
    0.689842896966,0.751370554544,0.820611897705,0.868010410834,
    0.915756690465,0.963502970096,1.),.UNSPECIFIED.);
#4658 = CARTESIAN_POINT('',(13.876310119988,45.,-43.896981254));
#4659 = CARTESIAN_POINT('',(17.64384321579,45.,-42.97673061015));
#4660 = CARTESIAN_POINT('',(21.339287958685,45.,-41.76649232886));
#4661 = CARTESIAN_POINT('',(24.937453636163,45.,-40.26721783074));
#4662 = CARTESIAN_POINT('',(28.409156445462,45.,-38.48044376461));
#4663 = CARTESIAN_POINT('',(31.722113674931,45.,-36.41001903916));
#4664 = CARTESIAN_POINT('',(34.841553470385,45.,-34.063165593));
#4665 = CARTESIAN_POINT('',(37.730747404203,45.,-31.4514316703));
#4666 = CARTESIAN_POINT('',(41.301988090487,45.,-27.55701942449));
#4667 = CARTESIAN_POINT('',(42.216477694779,45.,-26.4890466279));
#4668 = CARTESIAN_POINT('',(43.09392039905,45.,-25.38967868431));
#4669 = CARTESIAN_POINT('',(43.932490757978,45.,-24.25996143481));
#4670 = CARTESIAN_POINT('',(44.730371569804,45.,-23.10107812383));
#4671 = CARTESIAN_POINT('',(45.485771767305,45.,-21.91436207594));
#4672 = CARTESIAN_POINT('',(46.196948253497,45.,-20.7013120959));
#4673 = CARTESIAN_POINT('',(48.051472329644,45.,-17.25113317148));
#4674 = CARTESIAN_POINT('',(49.09444072795,45.,-14.95918572922));
#4675 = CARTESIAN_POINT('',(49.981012037957,45.,-12.59810453285));
#4676 = CARTESIAN_POINT('',(50.702599436792,45.,-10.17933756173));
#4677 = CARTESIAN_POINT('',(51.252231468849,45.,-7.715454191416));
#4678 = CARTESIAN_POINT('',(51.624721757936,45.,-5.220181054897));
#4679 = CARTESIAN_POINT('',(51.817095719435,45.,-2.708496271614));
#4680 = CARTESIAN_POINT('',(51.830068867172,45.,-6.862835163368E-02));
#4681 = CARTESIAN_POINT('',(51.830229920246,45.,5.955969728698E-02));
#4682 = CARTESIAN_POINT('',(51.829922053795,45.,0.187748030224));
#4683 = CARTESIAN_POINT('',(51.829145268006,45.,0.315934728028));
#4684 = CARTESIAN_POINT('',(51.827899580115,45.,0.444117833277));
#4685 = CARTESIAN_POINT('',(51.826185024407,45.,0.572295350286));
#4686 = CARTESIAN_POINT('',(51.824001652216,45.,0.700465245097));
#4687 = CARTESIAN_POINT('',(51.769093930379,45.,3.353819801638));
#4688 = CARTESIAN_POINT('',(51.534839570666,45.,5.876136112027));
#4689 = CARTESIAN_POINT('',(51.118929562509,45.,8.37890685136));
#4690 = CARTESIAN_POINT('',(50.524803213359,45.,10.847020202922));
#4691 = CARTESIAN_POINT('',(49.758106334103,45.,13.266710399386));
#4692 = CARTESIAN_POINT('',(48.826241641009,45.,15.625450066369));
#4693 = CARTESIAN_POINT('',(47.738181176221,45.,17.911906200552));
#4694 = CARTESIAN_POINT('',(45.787947329487,45.,21.395680737087));
#4695 = CARTESIAN_POINT('',(45.022260475527,45.,22.647875173826));
#4696 = CARTESIAN_POINT('',(44.209229427526,45.,23.870654467386));
#4697 = CARTESIAN_POINT('',(43.35085970526,45.,25.062383965122));
#4698 = CARTESIAN_POINT('',(42.449204366744,45.,26.221622071795));
#4699 = CARTESIAN_POINT('',(41.506338062943,45.,27.347101100662));
#4700 = CARTESIAN_POINT('',(40.52433580846,45.,28.43771152265));
#4701 = CARTESIAN_POINT('',(38.35863857982,45.,30.679273978769));
#4702 = CARTESIAN_POINT('',(37.165083699357,45.,31.82069378193));
#4703 = CARTESIAN_POINT('',(35.927506835929,45.,32.915394847301));
#4704 = CARTESIAN_POINT('',(34.648792040997,45.,33.962247437891));
#4705 = CARTESIAN_POINT('',(33.331769547882,45.,34.960317664297));
#4706 = CARTESIAN_POINT('',(31.979195097355,45.,35.908841501072));
#4707 = CARTESIAN_POINT('',(30.593731449328,45.,36.8072014107));
#4708 = CARTESIAN_POINT('',(28.218525089074,45.,38.229346596162));
#4709 = CARTESIAN_POINT('',(27.245196130763,45.,38.780521448395));
#4710 = CARTESIAN_POINT('',(26.258742947728,45.,39.30827582446));
#4711 = CARTESIAN_POINT('',(25.259947862748,45.,39.812477509241));
#4712 = CARTESIAN_POINT('',(24.249576738864,45.,40.293014285965));
#4713 = CARTESIAN_POINT('',(23.228377938884,45.,40.749791842258));
#4714 = CARTESIAN_POINT('',(22.197081284911,45.,41.182731676197));
#4715 = CARTESIAN_POINT('',(20.422872304786,45.,41.880078481344));
#4716 = CARTESIAN_POINT('',(19.684685342095,45.,42.156511876614));
#4717 = CARTESIAN_POINT('',(18.942085871214,45.,42.421046731328));
#4718 = CARTESIAN_POINT('',(18.19532016351,45.,42.673662992585));
#4719 = CARTESIAN_POINT('',(17.444631020289,45.,42.914343011435));
#4720 = CARTESIAN_POINT('',(16.690257772793,45.,43.143071542877));
#4721 = CARTESIAN_POINT('',(15.932436282203,45.,43.359835745861));
#4722 = CARTESIAN_POINT('',(13.287191050696,45.,44.07165101501));
#4723 = CARTESIAN_POINT('',(11.383316000404,45.,44.505259502885));
#4724 = CARTESIAN_POINT('',(9.463249395125,45.,44.865304041049));
#4725 = CARTESIAN_POINT('',(7.530409385536,45.,45.151676868343));
#4726 = CARTESIAN_POINT('',(5.588156140863,45.,45.364311547611));
#4727 = CARTESIAN_POINT('',(3.639791265268,45.,45.503178154209));
#4728 = CARTESIAN_POINT('',(1.688557156362,45.,45.56827117374));
#4729 = CARTESIAN_POINT('',(-1.51489510608,45.,45.554016632121));
#4730 = CARTESIAN_POINT('',(-2.767275374105,45.,45.518034459788));
#4731 = CARTESIAN_POINT('',(-4.018652795309,45.,45.451644920699));
#4732 = CARTESIAN_POINT('',(-5.268169301797,45.,45.35485217058));
#4733 = CARTESIAN_POINT('',(-6.514960336479,45.,45.227663763119));
#4734 = CARTESIAN_POINT('',(-7.758154728865,45.,45.070091220904));
#4735 = CARTESIAN_POINT('',(-8.996874570873,45.,44.882150606348));
#4736 = CARTESIAN_POINT('',(-10.86853884732,45.,44.550892217608));
#4737 = CARTESIAN_POINT('',(-11.50540568383,45.,44.429793545481));
#4738 = CARTESIAN_POINT('',(-12.14071222841,45.,44.30057001186));
#4739 = CARTESIAN_POINT('',(-12.7743339361,45.,44.163225176483));
#4740 = CARTESIAN_POINT('',(-13.40614509077,45.,44.017763223216));
#4741 = CARTESIAN_POINT('',(-14.03601880511,45.,43.86418896005));
#4742 = CARTESIAN_POINT('',(-14.66382702062,45.,43.702507819101));
#4743 = CARTESIAN_POINT('',(-15.62605114591,45.,43.441375085352));
#4744 = CARTESIAN_POINT('',(-15.96388080345,45.,43.347175405978));
#4745 = CARTESIAN_POINT('',(-16.30298891617,45.,43.250058385349));
#4746 = CARTESIAN_POINT('',(-16.64343546659,45.,43.149950392594));
#4747 = CARTESIAN_POINT('',(-16.98528098386,45.,43.04677259911));
#4748 = CARTESIAN_POINT('',(-17.32858654371,45.,42.940440978564));
#4749 = CARTESIAN_POINT('',(-17.6734137685,45.,42.83086630689));
#4750 = CARTESIAN_POINT('',(-18.01982482718,45.,42.717954162293));
#4751 = CARTESIAN_POINT('',(-18.36645224548,45.,42.604971296325));
#4752 = CARTESIAN_POINT('',(-18.71461443219,45.,42.488662723326));
#4753 = CARTESIAN_POINT('',(-19.06382546448,45.,42.369113817634));
#4754 = CARTESIAN_POINT('',(-19.41433965421,45.,42.24618530439));
#4755 = CARTESIAN_POINT('',(-19.76699639282,45.,42.119521269383));
#4756 = CARTESIAN_POINT('',(-20.12342531766,45.,41.988422022938));
#4757 = CARTESIAN_POINT('',(-20.48578457248,45.,41.851886684727));
#4758 = CARTESIAN_POINT('',(-20.85691901764,45.,41.708480920478));
#4759 = CARTESIAN_POINT('',(-21.92029259425,45.,41.297594977712));
#4760 = CARTESIAN_POINT('',(-22.97408773703,45.,40.861842753886));
#4761 = CARTESIAN_POINT('',(-24.01755103228,45.,40.401290191285));
#4762 = CARTESIAN_POINT('',(-25.04990859979,45.,39.916017917862));
#4763 = CARTESIAN_POINT('',(-26.07036716402,45.,39.40612344441));
#4764 = CARTESIAN_POINT('',(-27.07811512532,45.,38.871723361731));
#4765 = CARTESIAN_POINT('',(-28.07232363114,45.,38.312955537808));
#4766 = CARTESIAN_POINT('',(-30.47981777317,45.,36.880548212157));
#4767 = CARTESIAN_POINT('',(-31.87692955672,45.,35.979735572834));
#4768 = CARTESIAN_POINT('',(-33.24087899501,45.,35.028038761248));
#4769 = CARTESIAN_POINT('',(-34.56895040243,45.,34.026081389904));
#4770 = CARTESIAN_POINT('',(-35.85833297008,45.,32.974636603276));
#4771 = CARTESIAN_POINT('',(-37.10613958883,45.,31.874651056061));
#4772 = CARTESIAN_POINT('',(-38.30942793617,45.,30.727271586007));
#4773 = CARTESIAN_POINT('',(-40.48777087193,45.,28.478061362392));
#4774 = CARTESIAN_POINT('',(-41.47314346253,45.,27.386231499273));
#4775 = CARTESIAN_POINT('',(-42.41926940605,45.,26.25935145325));
#4776 = CARTESIAN_POINT('',(-43.32405993502,45.,25.098534485236));
#4777 = CARTESIAN_POINT('',(-44.18542633474,45.,23.905053131008));
#4778 = CARTESIAN_POINT('',(-45.00130133531,45.,22.680355113616));
#4779 = CARTESIAN_POINT('',(-45.76966526761,45.,21.426082692962));
#4780 = CARTESIAN_POINT('',(-47.77197601535,45.,17.855496438636));
#4781 = CARTESIAN_POINT('',(-48.89824175735,45.,15.477737018258));
#4782 = CARTESIAN_POINT('',(-49.85558841232,45.,13.022272080327));
#4783 = CARTESIAN_POINT('',(-50.63399288786,45.,10.501898445499));
#4784 = CARTESIAN_POINT('',(-51.22529653952,45.,7.930768500082));
#4785 = CARTESIAN_POINT('',(-51.62341136495,45.,5.324435311274));
#4786 = CARTESIAN_POINT('',(-51.82485638881,45.,2.699974307741));
#4787 = CARTESIAN_POINT('',(-51.83012510101,45.,-6.832051469542E-02));
#4788 = CARTESIAN_POINT('',(-51.82980398398,45.,-0.212868661887));
#4789 = CARTESIAN_POINT('',(-51.82888661937,45.,-0.357415124945));
#4790 = CARTESIAN_POINT('',(-51.82737302432,45.,-0.501957118786));
#4791 = CARTESIAN_POINT('',(-51.82526324256,45.,-0.64649179507));
#4792 = CARTESIAN_POINT('',(-51.82255734611,45.,-0.791016256947));
#4793 = CARTESIAN_POINT('',(-51.8192554369,45.,-0.935527573813));
#4794 = CARTESIAN_POINT('',(-51.74771375131,45.,-3.587662886929));
#4795 = CARTESIAN_POINT('',(-51.50057933042,45.,-6.091313522987));
#4796 = CARTESIAN_POINT('',(-51.07446211615,45.,-8.574679893593));
#4797 = CARTESIAN_POINT('',(-50.47286097698,45.,-11.02300145164));
#4798 = CARTESIAN_POINT('',(-49.70140634666,45.,-13.42284467849));
#4799 = CARTESIAN_POINT('',(-48.76742307763,45.,-15.76199600074));
#4800 = CARTESIAN_POINT('',(-47.67974404939,45.,-18.02941679431));
#4801 = CARTESIAN_POINT('',(-45.72805866067,45.,-21.49449889706));
#4802 = CARTESIAN_POINT('',(-44.95824781001,45.,-22.74604292623));
#4803 = CARTESIAN_POINT('',(-44.1411082035,45.,-23.96800788305));
#4804 = CARTESIAN_POINT('',(-43.2786549597,45.,-25.15876317646));
#4805 = CARTESIAN_POINT('',(-42.37294979492,45.,-26.31687159015));
#4806 = CARTESIAN_POINT('',(-41.4260751018,45.,-27.44107003849));
#4807 = CARTESIAN_POINT('',(-40.44011273229,45.,-28.53025372865));
#4808 = CARTESIAN_POINT('',(-38.26589125824,45.,-30.76871396574));
#4809 = CARTESIAN_POINT('',(-37.06776895001,45.,-31.90840248818));
#4810 = CARTESIAN_POINT('',(-35.82568565259,45.,-33.001181266));
#4811 = CARTESIAN_POINT('',(-34.54253477567,45.,-34.04592618433));
#4812 = CARTESIAN_POINT('',(-33.22115541401,45.,-35.04170853435));
#4813 = CARTESIAN_POINT('',(-31.86431189171,45.,-35.98776910007));
#4814 = CARTESIAN_POINT('',(-30.47467548312,45.,-36.88349484117));
#4815 = CARTESIAN_POINT('',(-28.08285018105,45.,-38.30676959154));
#4816 = CARTESIAN_POINT('',(-27.09673484315,45.,-38.86132040127));
#4817 = CARTESIAN_POINT('',(-26.09728731918,45.,-39.3918930151));
#4818 = CARTESIAN_POINT('',(-25.08531693524,45.,-39.89835260889));
#4819 = CARTESIAN_POINT('',(-24.06161628758,45.,-40.38058500405));
#4820 = CARTESIAN_POINT('',(-23.02696020905,45.,-40.8384945512));
#4821 = CARTESIAN_POINT('',(-21.98210473552,45.,-41.27200201393));
#4822 = CARTESIAN_POINT('',(-20.92778607237,45.,-41.6810424525));
#4823 = CARTESIAN_POINT('',(-20.60381252377,45.,-41.80673335267));
#4824 = CARTESIAN_POINT('',(-20.27894799201,45.,-41.9301131212));
#4825 = CARTESIAN_POINT('',(-19.95320558786,45.,-42.05118275751));
#4826 = CARTESIAN_POINT('',(-19.62662065633,45.,-42.16993550622));
#4827 = CARTESIAN_POINT('',(-19.29920532665,45.,-42.28637294861));
#4828 = CARTESIAN_POINT('',(-18.97097178735,45.,-42.40049659545));
#4829 = CARTESIAN_POINT('',(-18.64195520307,45.,-42.51229972835));
#4830 = CARTESIAN_POINT('',(-18.31216719014,45.,-42.62178423639));
#4831 = CARTESIAN_POINT('',(-16.11782739756,45.,-43.35027091118));
#4832 = CARTESIAN_POINT('',(-13.88954915031,45.,-43.97602990144));
#4833 = CARTESIAN_POINT('',(-11.63327162267,45.,-44.49871176515));
#4834 = CARTESIAN_POINT('',(-9.35479684844,45.,-44.91806093197));
#4835 = CARTESIAN_POINT('',(-7.059789298683,45.,-45.23392009449));
#4836 = CARTESIAN_POINT('',(-4.75377562085,45.,-45.44621614755));
#4837 = CARTESIAN_POINT('',(-2.442143664931,45.,-45.55492720319));
#4838 = CARTESIAN_POINT('',(1.637151104171,45.,-45.56393092245));
#4839 = CARTESIAN_POINT('',(3.404573119925,45.,-45.50729276626));
#4840 = CARTESIAN_POINT('',(5.169751709785,45.,-45.39011548621));
#4841 = CARTESIAN_POINT('',(6.930275462963,45.,-45.21240388619));
#4842 = CARTESIAN_POINT('',(8.683696153985,45.,-44.97417866929));
#4843 = CARTESIAN_POINT('',(10.427528957308,45.,-44.67548323451));
#4844 = CARTESIAN_POINT('',(12.159252695355,45.,-44.31638642876));
#4845 = CARTESIAN_POINT('',(13.876310119988,45.,-43.896981254));
#4846 = PCURVE('',#1950,#4847);
#4847 = DEFINITIONAL_REPRESENTATION('',(#4848),#5037);
#4848 = B_SPLINE_CURVE_WITH_KNOTS('',8,(#4849,#4850,#4851,#4852,#4853,
    #4854,#4855,#4856,#4857,#4858,#4859,#4860,#4861,#4862,#4863,#4864,
    #4865,#4866,#4867,#4868,#4869,#4870,#4871,#4872,#4873,#4874,#4875,
    #4876,#4877,#4878,#4879,#4880,#4881,#4882,#4883,#4884,#4885,#4886,
    #4887,#4888,#4889,#4890,#4891,#4892,#4893,#4894,#4895,#4896,#4897,
    #4898,#4899,#4900,#4901,#4902,#4903,#4904,#4905,#4906,#4907,#4908,
    #4909,#4910,#4911,#4912,#4913,#4914,#4915,#4916,#4917,#4918,#4919,
    #4920,#4921,#4922,#4923,#4924,#4925,#4926,#4927,#4928,#4929,#4930,
    #4931,#4932,#4933,#4934,#4935,#4936,#4937,#4938,#4939,#4940,#4941,
    #4942,#4943,#4944,#4945,#4946,#4947,#4948,#4949,#4950,#4951,#4952,
    #4953,#4954,#4955,#4956,#4957,#4958,#4959,#4960,#4961,#4962,#4963,
    #4964,#4965,#4966,#4967,#4968,#4969,#4970,#4971,#4972,#4973,#4974,
    #4975,#4976,#4977,#4978,#4979,#4980,#4981,#4982,#4983,#4984,#4985,
    #4986,#4987,#4988,#4989,#4990,#4991,#4992,#4993,#4994,#4995,#4996,
    #4997,#4998,#4999,#5000,#5001,#5002,#5003,#5004,#5005,#5006,#5007,
    #5008,#5009,#5010,#5011,#5012,#5013,#5014,#5015,#5016,#5017,#5018,
    #5019,#5020,#5021,#5022,#5023,#5024,#5025,#5026,#5027,#5028,#5029,
    #5030,#5031,#5032,#5033,#5034,#5035,#5036),.UNSPECIFIED.,.F.,.F.,(9,
    7,7,7,7,7,7,7,7,7,7,7,7,8,8,7,7,7,7,7,7,7,7,8,8,7,9),(0.,
    4.774627963093E-02,6.504366405702E-02,9.59639370784E-02,
    9.754244967418E-02,0.128630692995,0.146682053761,0.166992556648,
    0.180755821131,0.190456900357,0.214474985969,0.22989506868,
    0.237875413373,0.242169236013,0.289915515644,0.337661795275,
    0.40723146802,0.46878062174,0.578657936747,0.58471512472,
    0.689842896966,0.751370554544,0.820611897705,0.868010410834,
    0.915756690465,0.963502970096,1.),.UNSPECIFIED.);
#4849 = CARTESIAN_POINT('',(43.896981254003,13.876310119988));
#4850 = CARTESIAN_POINT('',(42.97673061015,17.64384321579));
#4851 = CARTESIAN_POINT('',(41.766492328861,21.339287958685));
#4852 = CARTESIAN_POINT('',(40.267217830742,24.937453636163));
#4853 = CARTESIAN_POINT('',(38.480443764616,28.409156445462));
#4854 = CARTESIAN_POINT('',(36.410019039162,31.722113674931));
#4855 = CARTESIAN_POINT('',(34.063165593003,34.841553470385));
#4856 = CARTESIAN_POINT('',(31.451431670306,37.730747404203));
#4857 = CARTESIAN_POINT('',(27.557019424496,41.301988090487));
#4858 = CARTESIAN_POINT('',(26.489046627909,42.216477694779));
#4859 = CARTESIAN_POINT('',(25.389678684311,43.09392039905));
#4860 = CARTESIAN_POINT('',(24.259961434818,43.932490757978));
#4861 = CARTESIAN_POINT('',(23.101078123831,44.730371569804));
#4862 = CARTESIAN_POINT('',(21.914362075944,45.485771767305));
#4863 = CARTESIAN_POINT('',(20.701312095902,46.196948253497));
#4864 = CARTESIAN_POINT('',(17.251133171486,48.051472329644));
#4865 = CARTESIAN_POINT('',(14.95918572922,49.09444072795));
#4866 = CARTESIAN_POINT('',(12.598104532856,49.981012037957));
#4867 = CARTESIAN_POINT('',(10.179337561735,50.702599436792));
#4868 = CARTESIAN_POINT('',(7.715454191416,51.252231468849));
#4869 = CARTESIAN_POINT('',(5.220181054897,51.624721757936));
#4870 = CARTESIAN_POINT('',(2.708496271614,51.817095719435));
#4871 = CARTESIAN_POINT('',(6.862835163368E-02,51.830068867172));
#4872 = CARTESIAN_POINT('',(-5.955969728698E-02,51.830229920246));
#4873 = CARTESIAN_POINT('',(-0.187748030224,51.829922053795));
#4874 = CARTESIAN_POINT('',(-0.315934728028,51.829145268006));
#4875 = CARTESIAN_POINT('',(-0.444117833277,51.827899580115));
#4876 = CARTESIAN_POINT('',(-0.572295350286,51.826185024407));
#4877 = CARTESIAN_POINT('',(-0.700465245097,51.824001652216));
#4878 = CARTESIAN_POINT('',(-3.353819801638,51.769093930379));
#4879 = CARTESIAN_POINT('',(-5.876136112027,51.534839570666));
#4880 = CARTESIAN_POINT('',(-8.37890685136,51.118929562509));
#4881 = CARTESIAN_POINT('',(-10.84702020292,50.524803213359));
#4882 = CARTESIAN_POINT('',(-13.26671039938,49.758106334103));
#4883 = CARTESIAN_POINT('',(-15.62545006636,48.826241641009));
#4884 = CARTESIAN_POINT('',(-17.91190620055,47.738181176221));
#4885 = CARTESIAN_POINT('',(-21.39568073708,45.787947329487));
#4886 = CARTESIAN_POINT('',(-22.64787517382,45.022260475527));
#4887 = CARTESIAN_POINT('',(-23.87065446738,44.209229427526));
#4888 = CARTESIAN_POINT('',(-25.06238396512,43.35085970526));
#4889 = CARTESIAN_POINT('',(-26.22162207179,42.449204366744));
#4890 = CARTESIAN_POINT('',(-27.34710110066,41.506338062943));
#4891 = CARTESIAN_POINT('',(-28.43771152265,40.52433580846));
#4892 = CARTESIAN_POINT('',(-30.67927397876,38.35863857982));
#4893 = CARTESIAN_POINT('',(-31.82069378193,37.165083699357));
#4894 = CARTESIAN_POINT('',(-32.9153948473,35.927506835929));
#4895 = CARTESIAN_POINT('',(-33.96224743789,34.648792040997));
#4896 = CARTESIAN_POINT('',(-34.96031766429,33.331769547882));
#4897 = CARTESIAN_POINT('',(-35.90884150107,31.979195097355));
#4898 = CARTESIAN_POINT('',(-36.8072014107,30.593731449328));
#4899 = CARTESIAN_POINT('',(-38.22934659616,28.218525089074));
#4900 = CARTESIAN_POINT('',(-38.78052144839,27.245196130763));
#4901 = CARTESIAN_POINT('',(-39.30827582446,26.258742947728));
#4902 = CARTESIAN_POINT('',(-39.81247750924,25.259947862748));
#4903 = CARTESIAN_POINT('',(-40.29301428596,24.249576738864));
#4904 = CARTESIAN_POINT('',(-40.74979184225,23.228377938884));
#4905 = CARTESIAN_POINT('',(-41.18273167619,22.197081284911));
#4906 = CARTESIAN_POINT('',(-41.88007848134,20.422872304786));
#4907 = CARTESIAN_POINT('',(-42.15651187661,19.684685342095));
#4908 = CARTESIAN_POINT('',(-42.42104673132,18.942085871214));
#4909 = CARTESIAN_POINT('',(-42.67366299258,18.19532016351));
#4910 = CARTESIAN_POINT('',(-42.91434301143,17.444631020289));
#4911 = CARTESIAN_POINT('',(-43.14307154287,16.690257772793));
#4912 = CARTESIAN_POINT('',(-43.35983574586,15.932436282203));
#4913 = CARTESIAN_POINT('',(-44.07165101501,13.287191050696));
#4914 = CARTESIAN_POINT('',(-44.50525950288,11.383316000404));
#4915 = CARTESIAN_POINT('',(-44.86530404104,9.463249395125));
#4916 = CARTESIAN_POINT('',(-45.15167686834,7.530409385536));
#4917 = CARTESIAN_POINT('',(-45.36431154761,5.588156140863));
#4918 = CARTESIAN_POINT('',(-45.5031781542,3.639791265268));
#4919 = CARTESIAN_POINT('',(-45.56827117374,1.688557156362));
#4920 = CARTESIAN_POINT('',(-45.55401663212,-1.51489510608));
#4921 = CARTESIAN_POINT('',(-45.51803445978,-2.767275374105));
#4922 = CARTESIAN_POINT('',(-45.45164492069,-4.018652795309));
#4923 = CARTESIAN_POINT('',(-45.35485217058,-5.268169301797));
#4924 = CARTESIAN_POINT('',(-45.22766376311,-6.514960336479));
#4925 = CARTESIAN_POINT('',(-45.0700912209,-7.758154728865));
#4926 = CARTESIAN_POINT('',(-44.88215060634,-8.996874570873));
#4927 = CARTESIAN_POINT('',(-44.5508922176,-10.86853884732));
#4928 = CARTESIAN_POINT('',(-44.42979354548,-11.50540568383));
#4929 = CARTESIAN_POINT('',(-44.30057001186,-12.14071222841));
#4930 = CARTESIAN_POINT('',(-44.16322517648,-12.7743339361));
#4931 = CARTESIAN_POINT('',(-44.01776322321,-13.40614509077));
#4932 = CARTESIAN_POINT('',(-43.86418896005,-14.03601880511));
#4933 = CARTESIAN_POINT('',(-43.7025078191,-14.66382702062));
#4934 = CARTESIAN_POINT('',(-43.44137508535,-15.62605114591));
#4935 = CARTESIAN_POINT('',(-43.34717540597,-15.96388080345));
#4936 = CARTESIAN_POINT('',(-43.25005838534,-16.30298891617));
#4937 = CARTESIAN_POINT('',(-43.14995039259,-16.64343546659));
#4938 = CARTESIAN_POINT('',(-43.04677259911,-16.98528098386));
#4939 = CARTESIAN_POINT('',(-42.94044097856,-17.32858654371));
#4940 = CARTESIAN_POINT('',(-42.83086630689,-17.6734137685));
#4941 = CARTESIAN_POINT('',(-42.71795416229,-18.01982482718));
#4942 = CARTESIAN_POINT('',(-42.60497129632,-18.36645224548));
#4943 = CARTESIAN_POINT('',(-42.48866272332,-18.71461443219));
#4944 = CARTESIAN_POINT('',(-42.36911381763,-19.06382546448));
#4945 = CARTESIAN_POINT('',(-42.24618530439,-19.41433965421));
#4946 = CARTESIAN_POINT('',(-42.11952126938,-19.76699639282));
#4947 = CARTESIAN_POINT('',(-41.98842202293,-20.12342531766));
#4948 = CARTESIAN_POINT('',(-41.85188668472,-20.48578457248));
#4949 = CARTESIAN_POINT('',(-41.70848092047,-20.85691901764));
#4950 = CARTESIAN_POINT('',(-41.29759497771,-21.92029259425));
#4951 = CARTESIAN_POINT('',(-40.86184275388,-22.97408773703));
#4952 = CARTESIAN_POINT('',(-40.40129019128,-24.01755103228));
#4953 = CARTESIAN_POINT('',(-39.91601791786,-25.04990859979));
#4954 = CARTESIAN_POINT('',(-39.40612344441,-26.07036716402));
#4955 = CARTESIAN_POINT('',(-38.87172336173,-27.07811512532));
#4956 = CARTESIAN_POINT('',(-38.3129555378,-28.07232363114));
#4957 = CARTESIAN_POINT('',(-36.88054821215,-30.47981777317));
#4958 = CARTESIAN_POINT('',(-35.97973557283,-31.87692955672));
#4959 = CARTESIAN_POINT('',(-35.02803876124,-33.24087899501));
#4960 = CARTESIAN_POINT('',(-34.0260813899,-34.56895040243));
#4961 = CARTESIAN_POINT('',(-32.97463660327,-35.85833297008));
#4962 = CARTESIAN_POINT('',(-31.87465105606,-37.10613958883));
#4963 = CARTESIAN_POINT('',(-30.727271586,-38.30942793617));
#4964 = CARTESIAN_POINT('',(-28.47806136239,-40.48777087193));
#4965 = CARTESIAN_POINT('',(-27.38623149927,-41.47314346253));
#4966 = CARTESIAN_POINT('',(-26.25935145325,-42.41926940605));
#4967 = CARTESIAN_POINT('',(-25.09853448523,-43.32405993502));
#4968 = CARTESIAN_POINT('',(-23.905053131,-44.18542633474));
#4969 = CARTESIAN_POINT('',(-22.68035511361,-45.00130133531));
#4970 = CARTESIAN_POINT('',(-21.42608269296,-45.76966526761));
#4971 = CARTESIAN_POINT('',(-17.85549643863,-47.77197601535));
#4972 = CARTESIAN_POINT('',(-15.47773701825,-48.89824175735));
#4973 = CARTESIAN_POINT('',(-13.02227208032,-49.85558841232));
#4974 = CARTESIAN_POINT('',(-10.50189844549,-50.63399288786));
#4975 = CARTESIAN_POINT('',(-7.930768500082,-51.22529653952));
#4976 = CARTESIAN_POINT('',(-5.324435311274,-51.62341136495));
#4977 = CARTESIAN_POINT('',(-2.699974307741,-51.82485638881));
#4978 = CARTESIAN_POINT('',(6.832051469542E-02,-51.83012510101));
#4979 = CARTESIAN_POINT('',(0.212868661887,-51.82980398398));
#4980 = CARTESIAN_POINT('',(0.357415124945,-51.82888661937));
#4981 = CARTESIAN_POINT('',(0.501957118786,-51.82737302432));
#4982 = CARTESIAN_POINT('',(0.64649179507,-51.82526324256));
#4983 = CARTESIAN_POINT('',(0.791016256947,-51.82255734611));
#4984 = CARTESIAN_POINT('',(0.935527573813,-51.8192554369));
#4985 = CARTESIAN_POINT('',(3.587662886929,-51.74771375131));
#4986 = CARTESIAN_POINT('',(6.091313522987,-51.50057933042));
#4987 = CARTESIAN_POINT('',(8.574679893593,-51.07446211615));
#4988 = CARTESIAN_POINT('',(11.02300145164,-50.47286097698));
#4989 = CARTESIAN_POINT('',(13.422844678496,-49.70140634666));
#4990 = CARTESIAN_POINT('',(15.761996000748,-48.76742307763));
#4991 = CARTESIAN_POINT('',(18.029416794312,-47.67974404939));
#4992 = CARTESIAN_POINT('',(21.494498897062,-45.72805866067));
#4993 = CARTESIAN_POINT('',(22.746042926239,-44.95824781001));
#4994 = CARTESIAN_POINT('',(23.968007883053,-44.1411082035));
#4995 = CARTESIAN_POINT('',(25.158763176462,-43.2786549597));
#4996 = CARTESIAN_POINT('',(26.316871590153,-42.37294979492));
#4997 = CARTESIAN_POINT('',(27.441070038495,-41.4260751018));
#4998 = CARTESIAN_POINT('',(28.530253728659,-40.44011273229));
#4999 = CARTESIAN_POINT('',(30.768713965748,-38.26589125824));
#5000 = CARTESIAN_POINT('',(31.908402488185,-37.06776895001));
#5001 = CARTESIAN_POINT('',(33.001181266008,-35.82568565259));
#5002 = CARTESIAN_POINT('',(34.045926184339,-34.54253477567));
#5003 = CARTESIAN_POINT('',(35.041708534358,-33.22115541401));
#5004 = CARTESIAN_POINT('',(35.987769100078,-31.86431189171));
#5005 = CARTESIAN_POINT('',(36.883494841171,-30.47467548312));
#5006 = CARTESIAN_POINT('',(38.306769591543,-28.08285018105));
#5007 = CARTESIAN_POINT('',(38.861320401276,-27.09673484315));
#5008 = CARTESIAN_POINT('',(39.391893015102,-26.09728731918));
#5009 = CARTESIAN_POINT('',(39.898352608896,-25.08531693524));
#5010 = CARTESIAN_POINT('',(40.380585004054,-24.06161628758));
#5011 = CARTESIAN_POINT('',(40.838494551206,-23.02696020905));
#5012 = CARTESIAN_POINT('',(41.272002013938,-21.98210473552));
#5013 = CARTESIAN_POINT('',(41.6810424525,-20.92778607237));
#5014 = CARTESIAN_POINT('',(41.806733352673,-20.60381252377));
#5015 = CARTESIAN_POINT('',(41.930113121209,-20.27894799201));
#5016 = CARTESIAN_POINT('',(42.051182757512,-19.95320558786));
#5017 = CARTESIAN_POINT('',(42.169935506224,-19.62662065633));
#5018 = CARTESIAN_POINT('',(42.286372948612,-19.29920532665));
#5019 = CARTESIAN_POINT('',(42.400496595455,-18.97097178735));
#5020 = CARTESIAN_POINT('',(42.512299728356,-18.64195520307));
#5021 = CARTESIAN_POINT('',(42.621784236397,-18.31216719014));
#5022 = CARTESIAN_POINT('',(43.350270911181,-16.11782739756));
#5023 = CARTESIAN_POINT('',(43.976029901441,-13.88954915031));
#5024 = CARTESIAN_POINT('',(44.498711765158,-11.63327162267));
#5025 = CARTESIAN_POINT('',(44.918060931977,-9.35479684844));
#5026 = CARTESIAN_POINT('',(45.23392009449,-7.059789298683));
#5027 = CARTESIAN_POINT('',(45.446216147559,-4.75377562085));
#5028 = CARTESIAN_POINT('',(45.554927203198,-2.442143664931));
#5029 = CARTESIAN_POINT('',(45.56393092245,1.637151104171));
#5030 = CARTESIAN_POINT('',(45.507292766266,3.404573119925));
#5031 = CARTESIAN_POINT('',(45.390115486217,5.169751709785));
#5032 = CARTESIAN_POINT('',(45.212403886196,6.930275462963));
#5033 = CARTESIAN_POINT('',(44.974178669291,8.683696153985));
#5034 = CARTESIAN_POINT('',(44.675483234515,10.427528957308));
#5035 = CARTESIAN_POINT('',(44.316386428765,12.159252695355));
#5036 = CARTESIAN_POINT('',(43.896981254003,13.876310119988));
#5037 = ( GEOMETRIC_REPRESENTATION_CONTEXT(2) 
PARAMETRIC_REPRESENTATION_CONTEXT() REPRESENTATION_CONTEXT('2D SPACE',''
  ) );
#5038 = PCURVE('',#3846,#5039);
#5039 = DEFINITIONAL_REPRESENTATION('',(#5040),#5229);
#5040 = B_SPLINE_CURVE_WITH_KNOTS('',8,(#5041,#5042,#5043,#5044,#5045,
    #5046,#5047,#5048,#5049,#5050,#5051,#5052,#5053,#5054,#5055,#5056,
    #5057,#5058,#5059,#5060,#5061,#5062,#5063,#5064,#5065,#5066,#5067,
    #5068,#5069,#5070,#5071,#5072,#5073,#5074,#5075,#5076,#5077,#5078,
    #5079,#5080,#5081,#5082,#5083,#5084,#5085,#5086,#5087,#5088,#5089,
    #5090,#5091,#5092,#5093,#5094,#5095,#5096,#5097,#5098,#5099,#5100,
    #5101,#5102,#5103,#5104,#5105,#5106,#5107,#5108,#5109,#5110,#5111,
    #5112,#5113,#5114,#5115,#5116,#5117,#5118,#5119,#5120,#5121,#5122,
    #5123,#5124,#5125,#5126,#5127,#5128,#5129,#5130,#5131,#5132,#5133,
    #5134,#5135,#5136,#5137,#5138,#5139,#5140,#5141,#5142,#5143,#5144,
    #5145,#5146,#5147,#5148,#5149,#5150,#5151,#5152,#5153,#5154,#5155,
    #5156,#5157,#5158,#5159,#5160,#5161,#5162,#5163,#5164,#5165,#5166,
    #5167,#5168,#5169,#5170,#5171,#5172,#5173,#5174,#5175,#5176,#5177,
    #5178,#5179,#5180,#5181,#5182,#5183,#5184,#5185,#5186,#5187,#5188,
    #5189,#5190,#5191,#5192,#5193,#5194,#5195,#5196,#5197,#5198,#5199,
    #5200,#5201,#5202,#5203,#5204,#5205,#5206,#5207,#5208,#5209,#5210,
    #5211,#5212,#5213,#5214,#5215,#5216,#5217,#5218,#5219,#5220,#5221,
    #5222,#5223,#5224,#5225,#5226,#5227,#5228),.UNSPECIFIED.,.F.,.F.,(9,
    7,7,7,7,7,7,7,7,7,7,7,7,8,8,7,7,7,7,7,7,7,7,8,8,7,9),(0.,
    4.774627963093E-02,6.504366405702E-02,9.59639370784E-02,
    9.754244967418E-02,0.128630692995,0.146682053761,0.166992556648,
    0.180755821131,0.190456900357,0.214474985969,0.22989506868,
    0.237875413373,0.242169236013,0.289915515644,0.337661795275,
    0.40723146802,0.46878062174,0.578657936747,0.58471512472,
    0.689842896966,0.751370554544,0.820611897705,0.868010410834,
    0.915756690465,0.963502970096,1.),.UNSPECIFIED.);
#5041 = CARTESIAN_POINT('',(1.171051699681,-0.928860994351));
#5042 = CARTESIAN_POINT('',(1.084550257169,-0.901695585516));
#5043 = CARTESIAN_POINT('',(1.007997099862,-0.867239533764));
#5044 = CARTESIAN_POINT('',(0.941822133222,-0.826669602243));
#5045 = CARTESIAN_POINT('',(0.88508975041,-0.781239761987));
#5046 = CARTESIAN_POINT('',(0.836467758723,-0.731767004281));
#5047 = CARTESIAN_POINT('',(0.794925776549,-0.678784446944));
#5048 = CARTESIAN_POINT('',(0.759537378047,-0.622604658511));
#5049 = CARTESIAN_POINT('',(0.718770734449,-0.54193721146));
#5050 = CARTESIAN_POINT('',(0.708647245374,-0.520088790596));
#5051 = CARTESIAN_POINT('',(0.69920861804,-0.49785326622));
#5052 = CARTESIAN_POINT('',(0.690425155961,-0.475237448392));
#5053 = CARTESIAN_POINT('',(0.68227035986,-0.452246285523));
#5054 = CARTESIAN_POINT('',(0.674720795354,-0.428883318616));
#5055 = CARTESIAN_POINT('',(0.667755915636,-0.405151210396));
#5056 = CARTESIAN_POINT('',(0.649920826357,-0.337973967734));
#5057 = CARTESIAN_POINT('',(0.640291417283,-0.293710036486));
#5058 = CARTESIAN_POINT('',(0.632373509184,-0.24828893678));
#5059 = CARTESIAN_POINT('',(0.626089936889,-0.201719974523));
#5060 = CARTESIAN_POINT('',(0.621384933759,-0.154002568034));
#5061 = CARTESIAN_POINT('',(0.618224343764,-0.105133646117));
#5062 = CARTESIAN_POINT('',(0.616592949951,-5.512072444965E-02));
#5063 = CARTESIAN_POINT('',(0.616482942541,-1.398776176004E-03));
#5064 = CARTESIAN_POINT('',(0.616481576907,1.213783293295E-03));
#5065 = CARTESIAN_POINT('',(0.616484187555,3.825856800243E-03));
#5066 = CARTESIAN_POINT('',(0.616490774492,6.434977283501E-03));
#5067 = CARTESIAN_POINT('',(0.616501337844,9.039904025834E-03));
#5068 = CARTESIAN_POINT('',(0.616515877848,1.164062265411E-02));
#5069 = CARTESIAN_POINT('',(0.616534394859,1.423834513929E-02));
#5070 = CARTESIAN_POINT('',(0.61700010079,6.79857409798E-02));
#5071 = CARTESIAN_POINT('',(0.618987661557,0.118020824888));
#5072 = CARTESIAN_POINT('',(0.622524552607,0.166896858236));
#5073 = CARTESIAN_POINT('',(0.627629066271,0.214607031915));
#5074 = CARTESIAN_POINT('',(0.634339121475,0.261154803886));
#5075 = CARTESIAN_POINT('',(0.642715056054,0.306540669277));
#5076 = CARTESIAN_POINT('',(0.652839562442,0.350754777489));
#5077 = CARTESIAN_POINT('',(0.671769207013,0.418743031115));
#5078 = CARTESIAN_POINT('',(0.679348408579,0.443317918963));
#5079 = CARTESIAN_POINT('',(0.687574369031,0.467489362936));
#5080 = CARTESIAN_POINT('',(0.696471645757,0.491253953751));
#5081 = CARTESIAN_POINT('',(0.706068304221,0.514607090669));
#5082 = CARTESIAN_POINT('',(0.716396132572,0.537542337125));
#5083 = CARTESIAN_POINT('',(0.727490788861,0.560050860843));
#5084 = CARTESIAN_POINT('',(0.752782411274,0.606953142284));
#5085 = CARTESIAN_POINT('',(0.76719379244,0.631230258927));
#5086 = CARTESIAN_POINT('',(0.782682757162,0.654935977308));
#5087 = CARTESIAN_POINT('',(0.799312085408,0.678049255373));
#5088 = CARTESIAN_POINT('',(0.817151081852,0.700543174597));
#5089 = CARTESIAN_POINT('',(0.836274954552,0.722383886657));
#5090 = CARTESIAN_POINT('',(0.856763094785,0.743529672244));
#5091 = CARTESIAN_POINT('',(0.893559082878,0.777754346931));
#5092 = CARTESIAN_POINT('',(0.909085421571,0.791236162155));
#5093 = CARTESIAN_POINT('',(0.925300047333,0.804359941971));
#5094 = CARTESIAN_POINT('',(0.94222818349,0.817108018563));
#5095 = CARTESIAN_POINT('',(0.959894542217,0.829460735054));
#5096 = CARTESIAN_POINT('',(0.978322363281,0.841396508543));
#5097 = CARTESIAN_POINT('',(0.9975324528,0.852891893153));
#5098 = CARTESIAN_POINT('',(1.031646221975,0.871695900485));
#5099 = CARTESIAN_POINT('',(1.046146993894,0.879238971966));
#5100 = CARTESIAN_POINT('',(1.061051131901,0.886541861354));
#5101 = CARTESIAN_POINT('',(1.076363715742,0.893595321994));
#5102 = CARTESIAN_POINT('',(1.092088310766,0.900389856737));
#5103 = CARTESIAN_POINT('',(1.108226967915,0.906915717939));
#5104 = CARTESIAN_POINT('',(1.124780223729,0.913162907463));
#5105 = CARTESIAN_POINT('',(1.183753790389,0.933873243282));
#5106 = CARTESIAN_POINT('',(1.228293294998,0.94685398614));
#5107 = CARTESIAN_POINT('',(1.275338848013,0.957914813599));
#5108 = CARTESIAN_POINT('',(1.324792306576,0.96689982749));
#5109 = CARTESIAN_POINT('',(1.376440010547,0.973670233911));
#5110 = CARTESIAN_POINT('',(1.429942721046,0.978123567452));
#5111 = CARTESIAN_POINT('',(1.484859638138,0.980207728868));
#5112 = CARTESIAN_POINT('',(1.576561277387,0.97975122959));
#5113 = CARTESIAN_POINT('',(1.612799254189,0.978598964695));
#5114 = CARTESIAN_POINT('',(1.649291427665,0.976473551932));
#5115 = CARTESIAN_POINT('',(1.685901804854,0.973385789499));
#5116 = CARTESIAN_POINT('',(1.722492935579,0.969355221285));
#5117 = CARTESIAN_POINT('',(1.758931447817,0.96440859478));
#5118 = CARTESIAN_POINT('',(1.795093583071,0.958578318991));
#5119 = CARTESIAN_POINT('',(1.849386451943,0.948445159542));
#5120 = CARTESIAN_POINT('',(1.867798934515,0.944762344744));
#5121 = CARTESIAN_POINT('',(1.886092796567,0.940857630913));
#5122 = CARTESIAN_POINT('',(1.904253696092,0.936736282013));
#5123 = CARTESIAN_POINT('',(1.922268331955,0.932403673016));
#5124 = CARTESIAN_POINT('',(1.940124443896,0.927865289906));
#5125 = CARTESIAN_POINT('',(1.957810812528,0.923126729679));
#5126 = CARTESIAN_POINT('',(1.984736595234,0.915539471482));
#5127 = CARTESIAN_POINT('',(1.994155745495,0.912814285859));
#5128 = CARTESIAN_POINT('',(2.003574703001,0.910017211642));
#5129 = CARTESIAN_POINT('',(2.012993459892,0.907147230936));
#5130 = CARTESIAN_POINT('',(2.022412007565,0.904203239791));
#5131 = CARTESIAN_POINT('',(2.031830336681,0.901184048191));
#5132 = CARTESIAN_POINT('',(2.041248437161,0.898088380064));
#5133 = CARTESIAN_POINT('',(2.050666298186,0.894914873276));
#5134 = CARTESIAN_POINT('',(2.060106060048,0.891739381522));
#5135 = CARTESIAN_POINT('',(2.069427082554,0.888486410065));
#5136 = CARTESIAN_POINT('',(2.079158414563,0.885159650811));
#5137 = CARTESIAN_POINT('',(2.087889399853,0.881756426332));
#5138 = CARTESIAN_POINT('',(2.098153852029,0.878268123327));
#5139 = CARTESIAN_POINT('',(2.107032992565,0.874677039595));
#5140 = CARTESIAN_POINT('',(2.116569714047,0.870957959896));
#5141 = CARTESIAN_POINT('',(2.125987897008,0.867075208759));
#5142 = CARTESIAN_POINT('',(2.153049187963,0.855950373815));
#5143 = CARTESIAN_POINT('',(2.178611779597,0.844335679865));
#5144 = CARTESIAN_POINT('',(2.202766400757,0.832258199955));
#5145 = CARTESIAN_POINT('',(2.225599627154,0.819743101721));
#5146 = CARTESIAN_POINT('',(2.247193455378,0.806813563289));
#5147 = CARTESIAN_POINT('',(2.267624876917,0.793490689162));
#5148 = CARTESIAN_POINT('',(2.286965452167,0.779793426119));
#5149 = CARTESIAN_POINT('',(2.331967791925,0.745259489446));
#5150 = CARTESIAN_POINT('',(2.356478208759,0.724021494889));
#5151 = CARTESIAN_POINT('',(2.379016951047,0.702076458063));
#5152 = CARTESIAN_POINT('',(2.399763562521,0.679467371846));
#5153 = CARTESIAN_POINT('',(2.418874499954,0.656229103088));
#5154 = CARTESIAN_POINT('',(2.436485506815,0.632389357999));
#5155 = CARTESIAN_POINT('',(2.452714175152,0.607969769184));
#5156 = CARTESIAN_POINT('',(2.480887830511,0.560884626158));
#5157 = CARTESIAN_POINT('',(2.493110920508,0.538341454068));
#5158 = CARTESIAN_POINT('',(2.504402479704,0.515369442305));
#5159 = CARTESIAN_POINT('',(2.514823479061,0.491977538247));
#5160 = CARTESIAN_POINT('',(2.524426616856,0.468172263193));
#5161 = CARTESIAN_POINT('',(2.533257399043,0.443958278171));
#5162 = CARTESIAN_POINT('',(2.541355029628,0.419339034771));
#5163 = CARTESIAN_POINT('',(2.561960151026,0.349649185904));
#5164 = CARTESIAN_POINT('',(2.572942543547,0.303682479326));
#5165 = CARTESIAN_POINT('',(2.581883251221,0.256452246937));
#5166 = CARTESIAN_POINT('',(2.588920118391,0.207969653515));
#5167 = CARTESIAN_POINT('',(2.594149958622,0.158233591266));
#5168 = CARTESIAN_POINT('',(2.597632175883,0.107239361718));
#5169 = CARTESIAN_POINT('',(2.599393748881,5.499468048952E-02));
#5170 = CARTESIAN_POINT('',(2.599439813792,-1.393002653018E-03));
#5171 = CARTESIAN_POINT('',(2.599437005779,-4.337454938124E-03));
#5172 = CARTESIAN_POINT('',(2.599428984057,-7.278113735462E-03));
#5173 = CARTESIAN_POINT('',(2.59941574843,-1.021445114169E-02));
#5174 = CARTESIAN_POINT('',(2.599397298421,-1.314686594275E-02));
#5175 = CARTESIAN_POINT('',(2.599373633283,-1.60759592858E-02));
#5176 = CARTESIAN_POINT('',(2.599344752013,-1.9001810351E-02));
#5177 = CARTESIAN_POINT('',(2.598718895661,-7.262741705164E-02));
#5178 = CARTESIAN_POINT('',(2.596555532045,-0.12222994546));
#5179 = CARTESIAN_POINT('',(2.592812547192,-0.17068873603));
#5180 = CARTESIAN_POINT('',(2.58746087152,-0.217997260173));
#5181 = CARTESIAN_POINT('',(2.580443940744,-0.264158809193));
#5182 = CARTESIAN_POINT('',(2.571673561554,-0.30917374411));
#5183 = CARTESIAN_POINT('',(2.561026660431,-0.353032355114));
#5184 = CARTESIAN_POINT('',(2.540917307112,-0.420681314718));
#5185 = CARTESIAN_POINT('',(2.532793657005,-0.445255152594));
#5186 = CARTESIAN_POINT('',(2.523936855207,-0.469424457906));
#5187 = CARTESIAN_POINT('',(2.514307616367,-0.493185748999));
#5188 = CARTESIAN_POINT('',(2.503860356788,-0.516534325992));
#5189 = CARTESIAN_POINT('',(2.49254230492,-0.539463624357));
#5190 = CARTESIAN_POINT('',(2.480292422415,-0.561964652074));
#5191 = CARTESIAN_POINT('',(2.452126410109,-0.608852120555));
#5192 = CARTESIAN_POINT('',(2.435943250024,-0.633121230115));
#5193 = CARTESIAN_POINT('',(2.418389720043,-0.65681622051));
#5194 = CARTESIAN_POINT('',(2.399349766104,-0.679915689043));
#5195 = CARTESIAN_POINT('',(2.378689535203,-0.702392272805));
#5196 = CARTESIAN_POINT('',(2.356254882096,-0.724211591407));
#5197 = CARTESIAN_POINT('',(2.331869063072,-0.745331308458));
#5198 = CARTESIAN_POINT('',(2.287163997991,-0.779643756388));
#5199 = CARTESIAN_POINT('',(2.267988696774,-0.793235248794));
#5200 = CARTESIAN_POINT('',(2.247740572065,-0.806458480688));
#5201 = CARTESIAN_POINT('',(2.226349821718,-0.819294976757));
#5202 = CARTESIAN_POINT('',(2.203741384951,-0.831724173459));
#5203 = CARTESIAN_POINT('',(2.179835344772,-0.843723497765));
#5204 = CARTESIAN_POINT('',(2.154547330421,-0.855268445902));
#5205 = CARTESIAN_POINT('',(2.127788919803,-0.86633266209));
#5206 = CARTESIAN_POINT('',(2.119583302174,-0.869732505134));
#5207 = CARTESIAN_POINT('',(2.111139048397,-0.873086937064));
#5208 = CARTESIAN_POINT('',(2.102816162061,-0.876395276959));
#5209 = CARTESIAN_POINT('',(2.094011797142,-0.879656611203));
#5210 = CARTESIAN_POINT('',(2.08510801405,-0.88287023921));
#5211 = CARTESIAN_POINT('',(2.076480581214,-0.886035443385));
#5212 = CARTESIAN_POINT('',(2.067518088256,-0.889151265409));
#5213 = CARTESIAN_POINT('',(2.058600636807,-0.892216970891));
#5214 = CARTESIAN_POINT('',(1.999147465285,-0.912615482938));
#5215 = CARTESIAN_POINT('',(1.937010671034,-0.930793388237));
#5216 = CARTESIAN_POINT('',(1.872509196842,-0.946508223246));
#5217 = CARTESIAN_POINT('',(1.806107328331,-0.95949987901));
#5218 = CARTESIAN_POINT('',(1.738483820811,-0.969501674273));
#5219 = CARTESIAN_POINT('',(1.6704919338,-0.976298372081));
#5220 = CARTESIAN_POINT('',(1.603040151667,-0.97978044991));
#5221 = CARTESIAN_POINT('',(1.486384013046,-0.980068801958));
#5222 = CARTESIAN_POINT('',(1.436627926431,-0.978254930623));
#5223 = CARTESIAN_POINT('',(1.388013416362,-0.974499376727));
#5224 = CARTESIAN_POINT('',(1.340868918211,-0.968838016793));
#5225 = CARTESIAN_POINT('',(1.295457108595,-0.961341118319));
#5226 = CARTESIAN_POINT('',(1.251958558827,-0.952105277855));
#5227 = CARTESIAN_POINT('',(1.210474928571,-0.941241725288));
#5228 = CARTESIAN_POINT('',(1.171051699681,-0.928860994351));
#5229 = ( GEOMETRIC_REPRESENTATION_CONTEXT(2) 
PARAMETRIC_REPRESENTATION_CONTEXT() REPRESENTATION_CONTEXT('2D SPACE',''
  ) );
#5230 = ORIENTED_EDGE('',*,*,#5231,.F.);
#5231 = EDGE_CURVE('',#5232,#4654,#5234,.T.);
#5232 = VERTEX_POINT('',#5233);
#5233 = CARTESIAN_POINT('',(-51.82992243413,45.,-3.060158622744E-15));
#5234 = SURFACE_CURVE('',#5235,(#5424,#5616),.PCURVE_S1.);
#5235 = B_SPLINE_CURVE_WITH_KNOTS('',8,(#5236,#5237,#5238,#5239,#5240,
    #5241,#5242,#5243,#5244,#5245,#5246,#5247,#5248,#5249,#5250,#5251,
    #5252,#5253,#5254,#5255,#5256,#5257,#5258,#5259,#5260,#5261,#5262,
    #5263,#5264,#5265,#5266,#5267,#5268,#5269,#5270,#5271,#5272,#5273,
    #5274,#5275,#5276,#5277,#5278,#5279,#5280,#5281,#5282,#5283,#5284,
    #5285,#5286,#5287,#5288,#5289,#5290,#5291,#5292,#5293,#5294,#5295,
    #5296,#5297,#5298,#5299,#5300,#5301,#5302,#5303,#5304,#5305,#5306,
    #5307,#5308,#5309,#5310,#5311,#5312,#5313,#5314,#5315,#5316,#5317,
    #5318,#5319,#5320,#5321,#5322,#5323,#5324,#5325,#5326,#5327,#5328,
    #5329,#5330,#5331,#5332,#5333,#5334,#5335,#5336,#5337,#5338,#5339,
    #5340,#5341,#5342,#5343,#5344,#5345,#5346,#5347,#5348,#5349,#5350,
    #5351,#5352,#5353,#5354,#5355,#5356,#5357,#5358,#5359,#5360,#5361,
    #5362,#5363,#5364,#5365,#5366,#5367,#5368,#5369,#5370,#5371,#5372,
    #5373,#5374,#5375,#5376,#5377,#5378,#5379,#5380,#5381,#5382,#5383,
    #5384,#5385,#5386,#5387,#5388,#5389,#5390,#5391,#5392,#5393,#5394,
    #5395,#5396,#5397,#5398,#5399,#5400,#5401,#5402,#5403,#5404,#5405,
    #5406,#5407,#5408,#5409,#5410,#5411,#5412,#5413,#5414,#5415,#5416,
    #5417,#5418,#5419,#5420,#5421,#5422,#5423),.UNSPECIFIED.,.T.,.F.,(9,
    7,7,7,7,7,7,7,7,7,7,7,7,8,8,7,7,7,7,7,7,7,7,8,8,7,9),(0.,
    4.774627963093E-02,6.504366405702E-02,9.59639370784E-02,
    9.754244967418E-02,0.128630692995,0.146682053761,0.166992556648,
    0.180755821131,0.190456900357,0.214474985969,0.22989506868,
    0.237875413373,0.242169236013,0.289915515644,0.337661795275,
    0.40723146802,0.46878062174,0.578657936747,0.58471512472,
    0.689842896966,0.751370554544,0.820611897705,0.868010410834,
    0.915756690465,0.963502970096,1.),.UNSPECIFIED.);
#5236 = CARTESIAN_POINT('',(13.876310119988,45.,-43.896981254));
#5237 = CARTESIAN_POINT('',(17.64384321579,45.,-42.97673061015));
#5238 = CARTESIAN_POINT('',(21.339287958685,45.,-41.76649232886));
#5239 = CARTESIAN_POINT('',(24.937453636163,45.,-40.26721783074));
#5240 = CARTESIAN_POINT('',(28.409156445462,45.,-38.48044376461));
#5241 = CARTESIAN_POINT('',(31.722113674931,45.,-36.41001903916));
#5242 = CARTESIAN_POINT('',(34.841553470385,45.,-34.063165593));
#5243 = CARTESIAN_POINT('',(37.730747404203,45.,-31.4514316703));
#5244 = CARTESIAN_POINT('',(41.301988090487,45.,-27.55701942449));
#5245 = CARTESIAN_POINT('',(42.216477694779,45.,-26.4890466279));
#5246 = CARTESIAN_POINT('',(43.09392039905,45.,-25.38967868431));
#5247 = CARTESIAN_POINT('',(43.932490757978,45.,-24.25996143481));
#5248 = CARTESIAN_POINT('',(44.730371569804,45.,-23.10107812383));
#5249 = CARTESIAN_POINT('',(45.485771767305,45.,-21.91436207594));
#5250 = CARTESIAN_POINT('',(46.196948253497,45.,-20.7013120959));
#5251 = CARTESIAN_POINT('',(48.051472329644,45.,-17.25113317148));
#5252 = CARTESIAN_POINT('',(49.09444072795,45.,-14.95918572922));
#5253 = CARTESIAN_POINT('',(49.981012037957,45.,-12.59810453285));
#5254 = CARTESIAN_POINT('',(50.702599436792,45.,-10.17933756173));
#5255 = CARTESIAN_POINT('',(51.252231468849,45.,-7.715454191416));
#5256 = CARTESIAN_POINT('',(51.624721757936,45.,-5.220181054897));
#5257 = CARTESIAN_POINT('',(51.817095719435,45.,-2.708496271614));
#5258 = CARTESIAN_POINT('',(51.830068867172,45.,-6.862835163368E-02));
#5259 = CARTESIAN_POINT('',(51.830229920246,45.,5.955969728698E-02));
#5260 = CARTESIAN_POINT('',(51.829922053795,45.,0.187748030224));
#5261 = CARTESIAN_POINT('',(51.829145268006,45.,0.315934728028));
#5262 = CARTESIAN_POINT('',(51.827899580115,45.,0.444117833277));
#5263 = CARTESIAN_POINT('',(51.826185024407,45.,0.572295350286));
#5264 = CARTESIAN_POINT('',(51.824001652216,45.,0.700465245097));
#5265 = CARTESIAN_POINT('',(51.769093930379,45.,3.353819801638));
#5266 = CARTESIAN_POINT('',(51.534839570666,45.,5.876136112027));
#5267 = CARTESIAN_POINT('',(51.118929562509,45.,8.37890685136));
#5268 = CARTESIAN_POINT('',(50.524803213359,45.,10.847020202922));
#5269 = CARTESIAN_POINT('',(49.758106334103,45.,13.266710399386));
#5270 = CARTESIAN_POINT('',(48.826241641009,45.,15.625450066369));
#5271 = CARTESIAN_POINT('',(47.738181176221,45.,17.911906200552));
#5272 = CARTESIAN_POINT('',(45.787947329487,45.,21.395680737087));
#5273 = CARTESIAN_POINT('',(45.022260475527,45.,22.647875173826));
#5274 = CARTESIAN_POINT('',(44.209229427526,45.,23.870654467386));
#5275 = CARTESIAN_POINT('',(43.35085970526,45.,25.062383965122));
#5276 = CARTESIAN_POINT('',(42.449204366744,45.,26.221622071795));
#5277 = CARTESIAN_POINT('',(41.506338062943,45.,27.347101100662));
#5278 = CARTESIAN_POINT('',(40.52433580846,45.,28.43771152265));
#5279 = CARTESIAN_POINT('',(38.35863857982,45.,30.679273978769));
#5280 = CARTESIAN_POINT('',(37.165083699357,45.,31.82069378193));
#5281 = CARTESIAN_POINT('',(35.927506835929,45.,32.915394847301));
#5282 = CARTESIAN_POINT('',(34.648792040997,45.,33.962247437891));
#5283 = CARTESIAN_POINT('',(33.331769547882,45.,34.960317664297));
#5284 = CARTESIAN_POINT('',(31.979195097355,45.,35.908841501072));
#5285 = CARTESIAN_POINT('',(30.593731449328,45.,36.8072014107));
#5286 = CARTESIAN_POINT('',(28.218525089074,45.,38.229346596162));
#5287 = CARTESIAN_POINT('',(27.245196130763,45.,38.780521448395));
#5288 = CARTESIAN_POINT('',(26.258742947728,45.,39.30827582446));
#5289 = CARTESIAN_POINT('',(25.259947862748,45.,39.812477509241));
#5290 = CARTESIAN_POINT('',(24.249576738864,45.,40.293014285965));
#5291 = CARTESIAN_POINT('',(23.228377938884,45.,40.749791842258));
#5292 = CARTESIAN_POINT('',(22.197081284911,45.,41.182731676197));
#5293 = CARTESIAN_POINT('',(20.422872304786,45.,41.880078481344));
#5294 = CARTESIAN_POINT('',(19.684685342095,45.,42.156511876614));
#5295 = CARTESIAN_POINT('',(18.942085871214,45.,42.421046731328));
#5296 = CARTESIAN_POINT('',(18.19532016351,45.,42.673662992585));
#5297 = CARTESIAN_POINT('',(17.444631020289,45.,42.914343011435));
#5298 = CARTESIAN_POINT('',(16.690257772793,45.,43.143071542877));
#5299 = CARTESIAN_POINT('',(15.932436282203,45.,43.359835745861));
#5300 = CARTESIAN_POINT('',(13.287191050696,45.,44.07165101501));
#5301 = CARTESIAN_POINT('',(11.383316000404,45.,44.505259502885));
#5302 = CARTESIAN_POINT('',(9.463249395125,45.,44.865304041049));
#5303 = CARTESIAN_POINT('',(7.530409385536,45.,45.151676868343));
#5304 = CARTESIAN_POINT('',(5.588156140863,45.,45.364311547611));
#5305 = CARTESIAN_POINT('',(3.639791265268,45.,45.503178154209));
#5306 = CARTESIAN_POINT('',(1.688557156362,45.,45.56827117374));
#5307 = CARTESIAN_POINT('',(-1.51489510608,45.,45.554016632121));
#5308 = CARTESIAN_POINT('',(-2.767275374105,45.,45.518034459788));
#5309 = CARTESIAN_POINT('',(-4.018652795309,45.,45.451644920699));
#5310 = CARTESIAN_POINT('',(-5.268169301797,45.,45.35485217058));
#5311 = CARTESIAN_POINT('',(-6.514960336479,45.,45.227663763119));
#5312 = CARTESIAN_POINT('',(-7.758154728865,45.,45.070091220904));
#5313 = CARTESIAN_POINT('',(-8.996874570873,45.,44.882150606348));
#5314 = CARTESIAN_POINT('',(-10.86853884732,45.,44.550892217608));
#5315 = CARTESIAN_POINT('',(-11.50540568383,45.,44.429793545481));
#5316 = CARTESIAN_POINT('',(-12.14071222841,45.,44.30057001186));
#5317 = CARTESIAN_POINT('',(-12.7743339361,45.,44.163225176483));
#5318 = CARTESIAN_POINT('',(-13.40614509077,45.,44.017763223216));
#5319 = CARTESIAN_POINT('',(-14.03601880511,45.,43.86418896005));
#5320 = CARTESIAN_POINT('',(-14.66382702062,45.,43.702507819101));
#5321 = CARTESIAN_POINT('',(-15.62605114591,45.,43.441375085352));
#5322 = CARTESIAN_POINT('',(-15.96388080345,45.,43.347175405978));
#5323 = CARTESIAN_POINT('',(-16.30298891617,45.,43.250058385349));
#5324 = CARTESIAN_POINT('',(-16.64343546659,45.,43.149950392594));
#5325 = CARTESIAN_POINT('',(-16.98528098386,45.,43.04677259911));
#5326 = CARTESIAN_POINT('',(-17.32858654371,45.,42.940440978564));
#5327 = CARTESIAN_POINT('',(-17.6734137685,45.,42.83086630689));
#5328 = CARTESIAN_POINT('',(-18.01982482718,45.,42.717954162293));
#5329 = CARTESIAN_POINT('',(-18.36645224548,45.,42.604971296325));
#5330 = CARTESIAN_POINT('',(-18.71461443219,45.,42.488662723326));
#5331 = CARTESIAN_POINT('',(-19.06382546448,45.,42.369113817634));
#5332 = CARTESIAN_POINT('',(-19.41433965421,45.,42.24618530439));
#5333 = CARTESIAN_POINT('',(-19.76699639282,45.,42.119521269383));
#5334 = CARTESIAN_POINT('',(-20.12342531766,45.,41.988422022938));
#5335 = CARTESIAN_POINT('',(-20.48578457248,45.,41.851886684727));
#5336 = CARTESIAN_POINT('',(-20.85691901764,45.,41.708480920478));
#5337 = CARTESIAN_POINT('',(-21.92029259425,45.,41.297594977712));
#5338 = CARTESIAN_POINT('',(-22.97408773703,45.,40.861842753886));
#5339 = CARTESIAN_POINT('',(-24.01755103228,45.,40.401290191285));
#5340 = CARTESIAN_POINT('',(-25.04990859979,45.,39.916017917862));
#5341 = CARTESIAN_POINT('',(-26.07036716402,45.,39.40612344441));
#5342 = CARTESIAN_POINT('',(-27.07811512532,45.,38.871723361731));
#5343 = CARTESIAN_POINT('',(-28.07232363114,45.,38.312955537808));
#5344 = CARTESIAN_POINT('',(-30.47981777317,45.,36.880548212157));
#5345 = CARTESIAN_POINT('',(-31.87692955672,45.,35.979735572834));
#5346 = CARTESIAN_POINT('',(-33.24087899501,45.,35.028038761248));
#5347 = CARTESIAN_POINT('',(-34.56895040243,45.,34.026081389904));
#5348 = CARTESIAN_POINT('',(-35.85833297008,45.,32.974636603276));
#5349 = CARTESIAN_POINT('',(-37.10613958883,45.,31.874651056061));
#5350 = CARTESIAN_POINT('',(-38.30942793617,45.,30.727271586007));
#5351 = CARTESIAN_POINT('',(-40.48777087193,45.,28.478061362392));
#5352 = CARTESIAN_POINT('',(-41.47314346253,45.,27.386231499273));
#5353 = CARTESIAN_POINT('',(-42.41926940605,45.,26.25935145325));
#5354 = CARTESIAN_POINT('',(-43.32405993502,45.,25.098534485236));
#5355 = CARTESIAN_POINT('',(-44.18542633474,45.,23.905053131008));
#5356 = CARTESIAN_POINT('',(-45.00130133531,45.,22.680355113616));
#5357 = CARTESIAN_POINT('',(-45.76966526761,45.,21.426082692962));
#5358 = CARTESIAN_POINT('',(-47.77197601535,45.,17.855496438636));
#5359 = CARTESIAN_POINT('',(-48.89824175735,45.,15.477737018258));
#5360 = CARTESIAN_POINT('',(-49.85558841232,45.,13.022272080327));
#5361 = CARTESIAN_POINT('',(-50.63399288786,45.,10.501898445499));
#5362 = CARTESIAN_POINT('',(-51.22529653952,45.,7.930768500082));
#5363 = CARTESIAN_POINT('',(-51.62341136495,45.,5.324435311274));
#5364 = CARTESIAN_POINT('',(-51.82485638881,45.,2.699974307741));
#5365 = CARTESIAN_POINT('',(-51.83012510101,45.,-6.832051469542E-02));
#5366 = CARTESIAN_POINT('',(-51.82980398398,45.,-0.212868661887));
#5367 = CARTESIAN_POINT('',(-51.82888661937,45.,-0.357415124945));
#5368 = CARTESIAN_POINT('',(-51.82737302432,45.,-0.501957118786));
#5369 = CARTESIAN_POINT('',(-51.82526324256,45.,-0.64649179507));
#5370 = CARTESIAN_POINT('',(-51.82255734611,45.,-0.791016256947));
#5371 = CARTESIAN_POINT('',(-51.8192554369,45.,-0.935527573813));
#5372 = CARTESIAN_POINT('',(-51.74771375131,45.,-3.587662886929));
#5373 = CARTESIAN_POINT('',(-51.50057933042,45.,-6.091313522987));
#5374 = CARTESIAN_POINT('',(-51.07446211615,45.,-8.574679893593));
#5375 = CARTESIAN_POINT('',(-50.47286097698,45.,-11.02300145164));
#5376 = CARTESIAN_POINT('',(-49.70140634666,45.,-13.42284467849));
#5377 = CARTESIAN_POINT('',(-48.76742307763,45.,-15.76199600074));
#5378 = CARTESIAN_POINT('',(-47.67974404939,45.,-18.02941679431));
#5379 = CARTESIAN_POINT('',(-45.72805866067,45.,-21.49449889706));
#5380 = CARTESIAN_POINT('',(-44.95824781001,45.,-22.74604292623));
#5381 = CARTESIAN_POINT('',(-44.1411082035,45.,-23.96800788305));
#5382 = CARTESIAN_POINT('',(-43.2786549597,45.,-25.15876317646));
#5383 = CARTESIAN_POINT('',(-42.37294979492,45.,-26.31687159015));
#5384 = CARTESIAN_POINT('',(-41.4260751018,45.,-27.44107003849));
#5385 = CARTESIAN_POINT('',(-40.44011273229,45.,-28.53025372865));
#5386 = CARTESIAN_POINT('',(-38.26589125824,45.,-30.76871396574));
#5387 = CARTESIAN_POINT('',(-37.06776895001,45.,-31.90840248818));
#5388 = CARTESIAN_POINT('',(-35.82568565259,45.,-33.001181266));
#5389 = CARTESIAN_POINT('',(-34.54253477567,45.,-34.04592618433));
#5390 = CARTESIAN_POINT('',(-33.22115541401,45.,-35.04170853435));
#5391 = CARTESIAN_POINT('',(-31.86431189171,45.,-35.98776910007));
#5392 = CARTESIAN_POINT('',(-30.47467548312,45.,-36.88349484117));
#5393 = CARTESIAN_POINT('',(-28.08285018105,45.,-38.30676959154));
#5394 = CARTESIAN_POINT('',(-27.09673484315,45.,-38.86132040127));
#5395 = CARTESIAN_POINT('',(-26.09728731918,45.,-39.3918930151));
#5396 = CARTESIAN_POINT('',(-25.08531693524,45.,-39.89835260889));
#5397 = CARTESIAN_POINT('',(-24.06161628758,45.,-40.38058500405));
#5398 = CARTESIAN_POINT('',(-23.02696020905,45.,-40.8384945512));
#5399 = CARTESIAN_POINT('',(-21.98210473552,45.,-41.27200201393));
#5400 = CARTESIAN_POINT('',(-20.92778607237,45.,-41.6810424525));
#5401 = CARTESIAN_POINT('',(-20.60381252377,45.,-41.80673335267));
#5402 = CARTESIAN_POINT('',(-20.27894799201,45.,-41.9301131212));
#5403 = CARTESIAN_POINT('',(-19.95320558786,45.,-42.05118275751));
#5404 = CARTESIAN_POINT('',(-19.62662065633,45.,-42.16993550622));
#5405 = CARTESIAN_POINT('',(-19.29920532665,45.,-42.28637294861));
#5406 = CARTESIAN_POINT('',(-18.97097178735,45.,-42.40049659545));
#5407 = CARTESIAN_POINT('',(-18.64195520307,45.,-42.51229972835));
#5408 = CARTESIAN_POINT('',(-18.31216719014,45.,-42.62178423639));
#5409 = CARTESIAN_POINT('',(-16.11782739756,45.,-43.35027091118));
#5410 = CARTESIAN_POINT('',(-13.88954915031,45.,-43.97602990144));
#5411 = CARTESIAN_POINT('',(-11.63327162267,45.,-44.49871176515));
#5412 = CARTESIAN_POINT('',(-9.35479684844,45.,-44.91806093197));
#5413 = CARTESIAN_POINT('',(-7.059789298683,45.,-45.23392009449));
#5414 = CARTESIAN_POINT('',(-4.75377562085,45.,-45.44621614755));
#5415 = CARTESIAN_POINT('',(-2.442143664931,45.,-45.55492720319));
#5416 = CARTESIAN_POINT('',(1.637151104171,45.,-45.56393092245));
#5417 = CARTESIAN_POINT('',(3.404573119925,45.,-45.50729276626));
#5418 = CARTESIAN_POINT('',(5.169751709785,45.,-45.39011548621));
#5419 = CARTESIAN_POINT('',(6.930275462963,45.,-45.21240388619));
#5420 = CARTESIAN_POINT('',(8.683696153985,45.,-44.97417866929));
#5421 = CARTESIAN_POINT('',(10.427528957308,45.,-44.67548323451));
#5422 = CARTESIAN_POINT('',(12.159252695355,45.,-44.31638642876));
#5423 = CARTESIAN_POINT('',(13.876310119988,45.,-43.896981254));
#5424 = PCURVE('',#1950,#5425);
#5425 = DEFINITIONAL_REPRESENTATION('',(#5426),#5615);
#5426 = B_SPLINE_CURVE_WITH_KNOTS('',8,(#5427,#5428,#5429,#5430,#5431,
    #5432,#5433,#5434,#5435,#5436,#5437,#5438,#5439,#5440,#5441,#5442,
    #5443,#5444,#5445,#5446,#5447,#5448,#5449,#5450,#5451,#5452,#5453,
    #5454,#5455,#5456,#5457,#5458,#5459,#5460,#5461,#5462,#5463,#5464,
    #5465,#5466,#5467,#5468,#5469,#5470,#5471,#5472,#5473,#5474,#5475,
    #5476,#5477,#5478,#5479,#5480,#5481,#5482,#5483,#5484,#5485,#5486,
    #5487,#5488,#5489,#5490,#5491,#5492,#5493,#5494,#5495,#5496,#5497,
    #5498,#5499,#5500,#5501,#5502,#5503,#5504,#5505,#5506,#5507,#5508,
    #5509,#5510,#5511,#5512,#5513,#5514,#5515,#5516,#5517,#5518,#5519,
    #5520,#5521,#5522,#5523,#5524,#5525,#5526,#5527,#5528,#5529,#5530,
    #5531,#5532,#5533,#5534,#5535,#5536,#5537,#5538,#5539,#5540,#5541,
    #5542,#5543,#5544,#5545,#5546,#5547,#5548,#5549,#5550,#5551,#5552,
    #5553,#5554,#5555,#5556,#5557,#5558,#5559,#5560,#5561,#5562,#5563,
    #5564,#5565,#5566,#5567,#5568,#5569,#5570,#5571,#5572,#5573,#5574,
    #5575,#5576,#5577,#5578,#5579,#5580,#5581,#5582,#5583,#5584,#5585,
    #5586,#5587,#5588,#5589,#5590,#5591,#5592,#5593,#5594,#5595,#5596,
    #5597,#5598,#5599,#5600,#5601,#5602,#5603,#5604,#5605,#5606,#5607,
    #5608,#5609,#5610,#5611,#5612,#5613,#5614),.UNSPECIFIED.,.F.,.F.,(9,
    7,7,7,7,7,7,7,7,7,7,7,7,8,8,7,7,7,7,7,7,7,7,8,8,7,9),(0.,
    4.774627963093E-02,6.504366405702E-02,9.59639370784E-02,
    9.754244967418E-02,0.128630692995,0.146682053761,0.166992556648,
    0.180755821131,0.190456900357,0.214474985969,0.22989506868,
    0.237875413373,0.242169236013,0.289915515644,0.337661795275,
    0.40723146802,0.46878062174,0.578657936747,0.58471512472,
    0.689842896966,0.751370554544,0.820611897705,0.868010410834,
    0.915756690465,0.963502970096,1.),.UNSPECIFIED.);
#5427 = CARTESIAN_POINT('',(43.896981254003,13.876310119988));
#5428 = CARTESIAN_POINT('',(42.97673061015,17.64384321579));
#5429 = CARTESIAN_POINT('',(41.766492328861,21.339287958685));
#5430 = CARTESIAN_POINT('',(40.267217830742,24.937453636163));
#5431 = CARTESIAN_POINT('',(38.480443764616,28.409156445462));
#5432 = CARTESIAN_POINT('',(36.410019039162,31.722113674931));
#5433 = CARTESIAN_POINT('',(34.063165593003,34.841553470385));
#5434 = CARTESIAN_POINT('',(31.451431670306,37.730747404203));
#5435 = CARTESIAN_POINT('',(27.557019424496,41.301988090487));
#5436 = CARTESIAN_POINT('',(26.489046627909,42.216477694779));
#5437 = CARTESIAN_POINT('',(25.389678684311,43.09392039905));
#5438 = CARTESIAN_POINT('',(24.259961434818,43.932490757978));
#5439 = CARTESIAN_POINT('',(23.101078123831,44.730371569804));
#5440 = CARTESIAN_POINT('',(21.914362075944,45.485771767305));
#5441 = CARTESIAN_POINT('',(20.701312095902,46.196948253497));
#5442 = CARTESIAN_POINT('',(17.251133171486,48.051472329644));
#5443 = CARTESIAN_POINT('',(14.95918572922,49.09444072795));
#5444 = CARTESIAN_POINT('',(12.598104532856,49.981012037957));
#5445 = CARTESIAN_POINT('',(10.179337561735,50.702599436792));
#5446 = CARTESIAN_POINT('',(7.715454191416,51.252231468849));
#5447 = CARTESIAN_POINT('',(5.220181054897,51.624721757936));
#5448 = CARTESIAN_POINT('',(2.708496271614,51.817095719435));
#5449 = CARTESIAN_POINT('',(6.862835163368E-02,51.830068867172));
#5450 = CARTESIAN_POINT('',(-5.955969728698E-02,51.830229920246));
#5451 = CARTESIAN_POINT('',(-0.187748030224,51.829922053795));
#5452 = CARTESIAN_POINT('',(-0.315934728028,51.829145268006));
#5453 = CARTESIAN_POINT('',(-0.444117833277,51.827899580115));
#5454 = CARTESIAN_POINT('',(-0.572295350286,51.826185024407));
#5455 = CARTESIAN_POINT('',(-0.700465245097,51.824001652216));
#5456 = CARTESIAN_POINT('',(-3.353819801638,51.769093930379));
#5457 = CARTESIAN_POINT('',(-5.876136112027,51.534839570666));
#5458 = CARTESIAN_POINT('',(-8.37890685136,51.118929562509));
#5459 = CARTESIAN_POINT('',(-10.84702020292,50.524803213359));
#5460 = CARTESIAN_POINT('',(-13.26671039938,49.758106334103));
#5461 = CARTESIAN_POINT('',(-15.62545006636,48.826241641009));
#5462 = CARTESIAN_POINT('',(-17.91190620055,47.738181176221));
#5463 = CARTESIAN_POINT('',(-21.39568073708,45.787947329487));
#5464 = CARTESIAN_POINT('',(-22.64787517382,45.022260475527));
#5465 = CARTESIAN_POINT('',(-23.87065446738,44.209229427526));
#5466 = CARTESIAN_POINT('',(-25.06238396512,43.35085970526));
#5467 = CARTESIAN_POINT('',(-26.22162207179,42.449204366744));
#5468 = CARTESIAN_POINT('',(-27.34710110066,41.506338062943));
#5469 = CARTESIAN_POINT('',(-28.43771152265,40.52433580846));
#5470 = CARTESIAN_POINT('',(-30.67927397876,38.35863857982));
#5471 = CARTESIAN_POINT('',(-31.82069378193,37.165083699357));
#5472 = CARTESIAN_POINT('',(-32.9153948473,35.927506835929));
#5473 = CARTESIAN_POINT('',(-33.96224743789,34.648792040997));
#5474 = CARTESIAN_POINT('',(-34.96031766429,33.331769547882));
#5475 = CARTESIAN_POINT('',(-35.90884150107,31.979195097355));
#5476 = CARTESIAN_POINT('',(-36.8072014107,30.593731449328));
#5477 = CARTESIAN_POINT('',(-38.22934659616,28.218525089074));
#5478 = CARTESIAN_POINT('',(-38.78052144839,27.245196130763));
#5479 = CARTESIAN_POINT('',(-39.30827582446,26.258742947728));
#5480 = CARTESIAN_POINT('',(-39.81247750924,25.259947862748));
#5481 = CARTESIAN_POINT('',(-40.29301428596,24.249576738864));
#5482 = CARTESIAN_POINT('',(-40.74979184225,23.228377938884));
#5483 = CARTESIAN_POINT('',(-41.18273167619,22.197081284911));
#5484 = CARTESIAN_POINT('',(-41.88007848134,20.422872304786));
#5485 = CARTESIAN_POINT('',(-42.15651187661,19.684685342095));
#5486 = CARTESIAN_POINT('',(-42.42104673132,18.942085871214));
#5487 = CARTESIAN_POINT('',(-42.67366299258,18.19532016351));
#5488 = CARTESIAN_POINT('',(-42.91434301143,17.444631020289));
#5489 = CARTESIAN_POINT('',(-43.14307154287,16.690257772793));
#5490 = CARTESIAN_POINT('',(-43.35983574586,15.932436282203));
#5491 = CARTESIAN_POINT('',(-44.07165101501,13.287191050696));
#5492 = CARTESIAN_POINT('',(-44.50525950288,11.383316000404));
#5493 = CARTESIAN_POINT('',(-44.86530404104,9.463249395125));
#5494 = CARTESIAN_POINT('',(-45.15167686834,7.530409385536));
#5495 = CARTESIAN_POINT('',(-45.36431154761,5.588156140863));
#5496 = CARTESIAN_POINT('',(-45.5031781542,3.639791265268));
#5497 = CARTESIAN_POINT('',(-45.56827117374,1.688557156362));
#5498 = CARTESIAN_POINT('',(-45.55401663212,-1.51489510608));
#5499 = CARTESIAN_POINT('',(-45.51803445978,-2.767275374105));
#5500 = CARTESIAN_POINT('',(-45.45164492069,-4.018652795309));
#5501 = CARTESIAN_POINT('',(-45.35485217058,-5.268169301797));
#5502 = CARTESIAN_POINT('',(-45.22766376311,-6.514960336479));
#5503 = CARTESIAN_POINT('',(-45.0700912209,-7.758154728865));
#5504 = CARTESIAN_POINT('',(-44.88215060634,-8.996874570873));
#5505 = CARTESIAN_POINT('',(-44.5508922176,-10.86853884732));
#5506 = CARTESIAN_POINT('',(-44.42979354548,-11.50540568383));
#5507 = CARTESIAN_POINT('',(-44.30057001186,-12.14071222841));
#5508 = CARTESIAN_POINT('',(-44.16322517648,-12.7743339361));
#5509 = CARTESIAN_POINT('',(-44.01776322321,-13.40614509077));
#5510 = CARTESIAN_POINT('',(-43.86418896005,-14.03601880511));
#5511 = CARTESIAN_POINT('',(-43.7025078191,-14.66382702062));
#5512 = CARTESIAN_POINT('',(-43.44137508535,-15.62605114591));
#5513 = CARTESIAN_POINT('',(-43.34717540597,-15.96388080345));
#5514 = CARTESIAN_POINT('',(-43.25005838534,-16.30298891617));
#5515 = CARTESIAN_POINT('',(-43.14995039259,-16.64343546659));
#5516 = CARTESIAN_POINT('',(-43.04677259911,-16.98528098386));
#5517 = CARTESIAN_POINT('',(-42.94044097856,-17.32858654371));
#5518 = CARTESIAN_POINT('',(-42.83086630689,-17.6734137685));
#5519 = CARTESIAN_POINT('',(-42.71795416229,-18.01982482718));
#5520 = CARTESIAN_POINT('',(-42.60497129632,-18.36645224548));
#5521 = CARTESIAN_POINT('',(-42.48866272332,-18.71461443219));
#5522 = CARTESIAN_POINT('',(-42.36911381763,-19.06382546448));
#5523 = CARTESIAN_POINT('',(-42.24618530439,-19.41433965421));
#5524 = CARTESIAN_POINT('',(-42.11952126938,-19.76699639282));
#5525 = CARTESIAN_POINT('',(-41.98842202293,-20.12342531766));
#5526 = CARTESIAN_POINT('',(-41.85188668472,-20.48578457248));
#5527 = CARTESIAN_POINT('',(-41.70848092047,-20.85691901764));
#5528 = CARTESIAN_POINT('',(-41.29759497771,-21.92029259425));
#5529 = CARTESIAN_POINT('',(-40.86184275388,-22.97408773703));
#5530 = CARTESIAN_POINT('',(-40.40129019128,-24.01755103228));
#5531 = CARTESIAN_POINT('',(-39.91601791786,-25.04990859979));
#5532 = CARTESIAN_POINT('',(-39.40612344441,-26.07036716402));
#5533 = CARTESIAN_POINT('',(-38.87172336173,-27.07811512532));
#5534 = CARTESIAN_POINT('',(-38.3129555378,-28.07232363114));
#5535 = CARTESIAN_POINT('',(-36.88054821215,-30.47981777317));
#5536 = CARTESIAN_POINT('',(-35.97973557283,-31.87692955672));
#5537 = CARTESIAN_POINT('',(-35.02803876124,-33.24087899501));
#5538 = CARTESIAN_POINT('',(-34.0260813899,-34.56895040243));
#5539 = CARTESIAN_POINT('',(-32.97463660327,-35.85833297008));
#5540 = CARTESIAN_POINT('',(-31.87465105606,-37.10613958883));
#5541 = CARTESIAN_POINT('',(-30.727271586,-38.30942793617));
#5542 = CARTESIAN_POINT('',(-28.47806136239,-40.48777087193));
#5543 = CARTESIAN_POINT('',(-27.38623149927,-41.47314346253));
#5544 = CARTESIAN_POINT('',(-26.25935145325,-42.41926940605));
#5545 = CARTESIAN_POINT('',(-25.09853448523,-43.32405993502));
#5546 = CARTESIAN_POINT('',(-23.905053131,-44.18542633474));
#5547 = CARTESIAN_POINT('',(-22.68035511361,-45.00130133531));
#5548 = CARTESIAN_POINT('',(-21.42608269296,-45.76966526761));
#5549 = CARTESIAN_POINT('',(-17.85549643863,-47.77197601535));
#5550 = CARTESIAN_POINT('',(-15.47773701825,-48.89824175735));
#5551 = CARTESIAN_POINT('',(-13.02227208032,-49.85558841232));
#5552 = CARTESIAN_POINT('',(-10.50189844549,-50.63399288786));
#5553 = CARTESIAN_POINT('',(-7.930768500082,-51.22529653952));
#5554 = CARTESIAN_POINT('',(-5.324435311274,-51.62341136495));
#5555 = CARTESIAN_POINT('',(-2.699974307741,-51.82485638881));
#5556 = CARTESIAN_POINT('',(6.832051469542E-02,-51.83012510101));
#5557 = CARTESIAN_POINT('',(0.212868661887,-51.82980398398));
#5558 = CARTESIAN_POINT('',(0.357415124945,-51.82888661937));
#5559 = CARTESIAN_POINT('',(0.501957118786,-51.82737302432));
#5560 = CARTESIAN_POINT('',(0.64649179507,-51.82526324256));
#5561 = CARTESIAN_POINT('',(0.791016256947,-51.82255734611));
#5562 = CARTESIAN_POINT('',(0.935527573813,-51.8192554369));
#5563 = CARTESIAN_POINT('',(3.587662886929,-51.74771375131));
#5564 = CARTESIAN_POINT('',(6.091313522987,-51.50057933042));
#5565 = CARTESIAN_POINT('',(8.574679893593,-51.07446211615));
#5566 = CARTESIAN_POINT('',(11.02300145164,-50.47286097698));
#5567 = CARTESIAN_POINT('',(13.422844678496,-49.70140634666));
#5568 = CARTESIAN_POINT('',(15.761996000748,-48.76742307763));
#5569 = CARTESIAN_POINT('',(18.029416794312,-47.67974404939));
#5570 = CARTESIAN_POINT('',(21.494498897062,-45.72805866067));
#5571 = CARTESIAN_POINT('',(22.746042926239,-44.95824781001));
#5572 = CARTESIAN_POINT('',(23.968007883053,-44.1411082035));
#5573 = CARTESIAN_POINT('',(25.158763176462,-43.2786549597));
#5574 = CARTESIAN_POINT('',(26.316871590153,-42.37294979492));
#5575 = CARTESIAN_POINT('',(27.441070038495,-41.4260751018));
#5576 = CARTESIAN_POINT('',(28.530253728659,-40.44011273229));
#5577 = CARTESIAN_POINT('',(30.768713965748,-38.26589125824));
#5578 = CARTESIAN_POINT('',(31.908402488185,-37.06776895001));
#5579 = CARTESIAN_POINT('',(33.001181266008,-35.82568565259));
#5580 = CARTESIAN_POINT('',(34.045926184339,-34.54253477567));
#5581 = CARTESIAN_POINT('',(35.041708534358,-33.22115541401));
#5582 = CARTESIAN_POINT('',(35.987769100078,-31.86431189171));
#5583 = CARTESIAN_POINT('',(36.883494841171,-30.47467548312));
#5584 = CARTESIAN_POINT('',(38.306769591543,-28.08285018105));
#5585 = CARTESIAN_POINT('',(38.861320401276,-27.09673484315));
#5586 = CARTESIAN_POINT('',(39.391893015102,-26.09728731918));
#5587 = CARTESIAN_POINT('',(39.898352608896,-25.08531693524));
#5588 = CARTESIAN_POINT('',(40.380585004054,-24.06161628758));
#5589 = CARTESIAN_POINT('',(40.838494551206,-23.02696020905));
#5590 = CARTESIAN_POINT('',(41.272002013938,-21.98210473552));
#5591 = CARTESIAN_POINT('',(41.6810424525,-20.92778607237));
#5592 = CARTESIAN_POINT('',(41.806733352673,-20.60381252377));
#5593 = CARTESIAN_POINT('',(41.930113121209,-20.27894799201));
#5594 = CARTESIAN_POINT('',(42.051182757512,-19.95320558786));
#5595 = CARTESIAN_POINT('',(42.169935506224,-19.62662065633));
#5596 = CARTESIAN_POINT('',(42.286372948612,-19.29920532665));
#5597 = CARTESIAN_POINT('',(42.400496595455,-18.97097178735));
#5598 = CARTESIAN_POINT('',(42.512299728356,-18.64195520307));
#5599 = CARTESIAN_POINT('',(42.621784236397,-18.31216719014));
#5600 = CARTESIAN_POINT('',(43.350270911181,-16.11782739756));
#5601 = CARTESIAN_POINT('',(43.976029901441,-13.88954915031));
#5602 = CARTESIAN_POINT('',(44.498711765158,-11.63327162267));
#5603 = CARTESIAN_POINT('',(44.918060931977,-9.35479684844));
#5604 = CARTESIAN_POINT('',(45.23392009449,-7.059789298683));
#5605 = CARTESIAN_POINT('',(45.446216147559,-4.75377562085));
#5606 = CARTESIAN_POINT('',(45.554927203198,-2.442143664931));
#5607 = CARTESIAN_POINT('',(45.56393092245,1.637151104171));
#5608 = CARTESIAN_POINT('',(45.507292766266,3.404573119925));
#5609 = CARTESIAN_POINT('',(45.390115486217,5.169751709785));
#5610 = CARTESIAN_POINT('',(45.212403886196,6.930275462963));
#5611 = CARTESIAN_POINT('',(44.974178669291,8.683696153985));
#5612 = CARTESIAN_POINT('',(44.675483234515,10.427528957308));
#5613 = CARTESIAN_POINT('',(44.316386428765,12.159252695355));
#5614 = CARTESIAN_POINT('',(43.896981254003,13.876310119988));
#5615 = ( GEOMETRIC_REPRESENTATION_CONTEXT(2) 
PARAMETRIC_REPRESENTATION_CONTEXT() REPRESENTATION_CONTEXT('2D SPACE',''
  ) );
#5616 = PCURVE('',#3846,#5617);
#5617 = DEFINITIONAL_REPRESENTATION('',(#5618),#5807);
#5618 = B_SPLINE_CURVE_WITH_KNOTS('',8,(#5619,#5620,#5621,#5622,#5623,
    #5624,#5625,#5626,#5627,#5628,#5629,#5630,#5631,#5632,#5633,#5634,
    #5635,#5636,#5637,#5638,#5639,#5640,#5641,#5642,#5643,#5644,#5645,
    #5646,#5647,#5648,#5649,#5650,#5651,#5652,#5653,#5654,#5655,#5656,
    #5657,#5658,#5659,#5660,#5661,#5662,#5663,#5664,#5665,#5666,#5667,
    #5668,#5669,#5670,#5671,#5672,#5673,#5674,#5675,#5676,#5677,#5678,
    #5679,#5680,#5681,#5682,#5683,#5684,#5685,#5686,#5687,#5688,#5689,
    #5690,#5691,#5692,#5693,#5694,#5695,#5696,#5697,#5698,#5699,#5700,
    #5701,#5702,#5703,#5704,#5705,#5706,#5707,#5708,#5709,#5710,#5711,
    #5712,#5713,#5714,#5715,#5716,#5717,#5718,#5719,#5720,#5721,#5722,
    #5723,#5724,#5725,#5726,#5727,#5728,#5729,#5730,#5731,#5732,#5733,
    #5734,#5735,#5736,#5737,#5738,#5739,#5740,#5741,#5742,#5743,#5744,
    #5745,#5746,#5747,#5748,#5749,#5750,#5751,#5752,#5753,#5754,#5755,
    #5756,#5757,#5758,#5759,#5760,#5761,#5762,#5763,#5764,#5765,#5766,
    #5767,#5768,#5769,#5770,#5771,#5772,#5773,#5774,#5775,#5776,#5777,
    #5778,#5779,#5780,#5781,#5782,#5783,#5784,#5785,#5786,#5787,#5788,
    #5789,#5790,#5791,#5792,#5793,#5794,#5795,#5796,#5797,#5798,#5799,
    #5800,#5801,#5802,#5803,#5804,#5805,#5806),.UNSPECIFIED.,.F.,.F.,(9,
    7,7,7,7,7,7,7,7,7,7,7,7,8,8,7,7,7,7,7,7,7,7,8,8,7,9),(0.,
    4.774627963093E-02,6.504366405702E-02,9.59639370784E-02,
    9.754244967418E-02,0.128630692995,0.146682053761,0.166992556648,
    0.180755821131,0.190456900357,0.214474985969,0.22989506868,
    0.237875413373,0.242169236013,0.289915515644,0.337661795275,
    0.40723146802,0.46878062174,0.578657936747,0.58471512472,
    0.689842896966,0.751370554544,0.820611897705,0.868010410834,
    0.915756690465,0.963502970096,1.),.UNSPECIFIED.);
#5619 = CARTESIAN_POINT('',(1.171051699681,-0.928860994351));
#5620 = CARTESIAN_POINT('',(1.084550257169,-0.901695585516));
#5621 = CARTESIAN_POINT('',(1.007997099862,-0.867239533764));
#5622 = CARTESIAN_POINT('',(0.941822133222,-0.826669602243));
#5623 = CARTESIAN_POINT('',(0.88508975041,-0.781239761987));
#5624 = CARTESIAN_POINT('',(0.836467758723,-0.731767004281));
#5625 = CARTESIAN_POINT('',(0.794925776549,-0.678784446944));
#5626 = CARTESIAN_POINT('',(0.759537378047,-0.622604658511));
#5627 = CARTESIAN_POINT('',(0.718770734449,-0.54193721146));
#5628 = CARTESIAN_POINT('',(0.708647245374,-0.520088790596));
#5629 = CARTESIAN_POINT('',(0.69920861804,-0.49785326622));
#5630 = CARTESIAN_POINT('',(0.690425155961,-0.475237448392));
#5631 = CARTESIAN_POINT('',(0.68227035986,-0.452246285523));
#5632 = CARTESIAN_POINT('',(0.674720795354,-0.428883318616));
#5633 = CARTESIAN_POINT('',(0.667755915636,-0.405151210396));
#5634 = CARTESIAN_POINT('',(0.649920826357,-0.337973967734));
#5635 = CARTESIAN_POINT('',(0.640291417283,-0.293710036486));
#5636 = CARTESIAN_POINT('',(0.632373509184,-0.24828893678));
#5637 = CARTESIAN_POINT('',(0.626089936889,-0.201719974523));
#5638 = CARTESIAN_POINT('',(0.621384933759,-0.154002568034));
#5639 = CARTESIAN_POINT('',(0.618224343764,-0.105133646117));
#5640 = CARTESIAN_POINT('',(0.616592949951,-5.512072444965E-02));
#5641 = CARTESIAN_POINT('',(0.616482942541,-1.398776176004E-03));
#5642 = CARTESIAN_POINT('',(0.616481576907,1.213783293295E-03));
#5643 = CARTESIAN_POINT('',(0.616484187555,3.825856800243E-03));
#5644 = CARTESIAN_POINT('',(0.616490774492,6.434977283501E-03));
#5645 = CARTESIAN_POINT('',(0.616501337844,9.039904025834E-03));
#5646 = CARTESIAN_POINT('',(0.616515877848,1.164062265411E-02));
#5647 = CARTESIAN_POINT('',(0.616534394859,1.423834513929E-02));
#5648 = CARTESIAN_POINT('',(0.61700010079,6.79857409798E-02));
#5649 = CARTESIAN_POINT('',(0.618987661557,0.118020824888));
#5650 = CARTESIAN_POINT('',(0.622524552607,0.166896858236));
#5651 = CARTESIAN_POINT('',(0.627629066271,0.214607031915));
#5652 = CARTESIAN_POINT('',(0.634339121475,0.261154803886));
#5653 = CARTESIAN_POINT('',(0.642715056054,0.306540669277));
#5654 = CARTESIAN_POINT('',(0.652839562442,0.350754777489));
#5655 = CARTESIAN_POINT('',(0.671769207013,0.418743031115));
#5656 = CARTESIAN_POINT('',(0.679348408579,0.443317918963));
#5657 = CARTESIAN_POINT('',(0.687574369031,0.467489362936));
#5658 = CARTESIAN_POINT('',(0.696471645757,0.491253953751));
#5659 = CARTESIAN_POINT('',(0.706068304221,0.514607090669));
#5660 = CARTESIAN_POINT('',(0.716396132572,0.537542337125));
#5661 = CARTESIAN_POINT('',(0.727490788861,0.560050860843));
#5662 = CARTESIAN_POINT('',(0.752782411274,0.606953142284));
#5663 = CARTESIAN_POINT('',(0.76719379244,0.631230258927));
#5664 = CARTESIAN_POINT('',(0.782682757162,0.654935977308));
#5665 = CARTESIAN_POINT('',(0.799312085408,0.678049255373));
#5666 = CARTESIAN_POINT('',(0.817151081852,0.700543174597));
#5667 = CARTESIAN_POINT('',(0.836274954552,0.722383886657));
#5668 = CARTESIAN_POINT('',(0.856763094785,0.743529672244));
#5669 = CARTESIAN_POINT('',(0.893559082878,0.777754346931));
#5670 = CARTESIAN_POINT('',(0.909085421571,0.791236162155));
#5671 = CARTESIAN_POINT('',(0.925300047333,0.804359941971));
#5672 = CARTESIAN_POINT('',(0.94222818349,0.817108018563));
#5673 = CARTESIAN_POINT('',(0.959894542217,0.829460735054));
#5674 = CARTESIAN_POINT('',(0.978322363281,0.841396508543));
#5675 = CARTESIAN_POINT('',(0.9975324528,0.852891893153));
#5676 = CARTESIAN_POINT('',(1.031646221975,0.871695900485));
#5677 = CARTESIAN_POINT('',(1.046146993894,0.879238971966));
#5678 = CARTESIAN_POINT('',(1.061051131901,0.886541861354));
#5679 = CARTESIAN_POINT('',(1.076363715742,0.893595321994));
#5680 = CARTESIAN_POINT('',(1.092088310766,0.900389856737));
#5681 = CARTESIAN_POINT('',(1.108226967915,0.906915717939));
#5682 = CARTESIAN_POINT('',(1.124780223729,0.913162907463));
#5683 = CARTESIAN_POINT('',(1.183753790389,0.933873243282));
#5684 = CARTESIAN_POINT('',(1.228293294998,0.94685398614));
#5685 = CARTESIAN_POINT('',(1.275338848013,0.957914813599));
#5686 = CARTESIAN_POINT('',(1.324792306576,0.96689982749));
#5687 = CARTESIAN_POINT('',(1.376440010547,0.973670233911));
#5688 = CARTESIAN_POINT('',(1.429942721046,0.978123567452));
#5689 = CARTESIAN_POINT('',(1.484859638138,0.980207728868));
#5690 = CARTESIAN_POINT('',(1.576561277387,0.97975122959));
#5691 = CARTESIAN_POINT('',(1.612799254189,0.978598964695));
#5692 = CARTESIAN_POINT('',(1.649291427665,0.976473551932));
#5693 = CARTESIAN_POINT('',(1.685901804854,0.973385789499));
#5694 = CARTESIAN_POINT('',(1.722492935579,0.969355221285));
#5695 = CARTESIAN_POINT('',(1.758931447817,0.96440859478));
#5696 = CARTESIAN_POINT('',(1.795093583071,0.958578318991));
#5697 = CARTESIAN_POINT('',(1.849386451943,0.948445159542));
#5698 = CARTESIAN_POINT('',(1.867798934515,0.944762344744));
#5699 = CARTESIAN_POINT('',(1.886092796567,0.940857630913));
#5700 = CARTESIAN_POINT('',(1.904253696092,0.936736282013));
#5701 = CARTESIAN_POINT('',(1.922268331955,0.932403673016));
#5702 = CARTESIAN_POINT('',(1.940124443896,0.927865289906));
#5703 = CARTESIAN_POINT('',(1.957810812528,0.923126729679));
#5704 = CARTESIAN_POINT('',(1.984736595234,0.915539471482));
#5705 = CARTESIAN_POINT('',(1.994155745495,0.912814285859));
#5706 = CARTESIAN_POINT('',(2.003574703001,0.910017211642));
#5707 = CARTESIAN_POINT('',(2.012993459892,0.907147230936));
#5708 = CARTESIAN_POINT('',(2.022412007565,0.904203239791));
#5709 = CARTESIAN_POINT('',(2.031830336681,0.901184048191));
#5710 = CARTESIAN_POINT('',(2.041248437161,0.898088380064));
#5711 = CARTESIAN_POINT('',(2.050666298186,0.894914873276));
#5712 = CARTESIAN_POINT('',(2.060106060048,0.891739381522));
#5713 = CARTESIAN_POINT('',(2.069427082554,0.888486410065));
#5714 = CARTESIAN_POINT('',(2.079158414563,0.885159650811));
#5715 = CARTESIAN_POINT('',(2.087889399853,0.881756426332));
#5716 = CARTESIAN_POINT('',(2.098153852029,0.878268123327));
#5717 = CARTESIAN_POINT('',(2.107032992565,0.874677039595));
#5718 = CARTESIAN_POINT('',(2.116569714047,0.870957959896));
#5719 = CARTESIAN_POINT('',(2.125987897008,0.867075208759));
#5720 = CARTESIAN_POINT('',(2.153049187963,0.855950373815));
#5721 = CARTESIAN_POINT('',(2.178611779597,0.844335679865));
#5722 = CARTESIAN_POINT('',(2.202766400757,0.832258199955));
#5723 = CARTESIAN_POINT('',(2.225599627154,0.819743101721));
#5724 = CARTESIAN_POINT('',(2.247193455378,0.806813563289));
#5725 = CARTESIAN_POINT('',(2.267624876917,0.793490689162));
#5726 = CARTESIAN_POINT('',(2.286965452167,0.779793426119));
#5727 = CARTESIAN_POINT('',(2.331967791925,0.745259489446));
#5728 = CARTESIAN_POINT('',(2.356478208759,0.724021494889));
#5729 = CARTESIAN_POINT('',(2.379016951047,0.702076458063));
#5730 = CARTESIAN_POINT('',(2.399763562521,0.679467371846));
#5731 = CARTESIAN_POINT('',(2.418874499954,0.656229103088));
#5732 = CARTESIAN_POINT('',(2.436485506815,0.632389357999));
#5733 = CARTESIAN_POINT('',(2.452714175152,0.607969769184));
#5734 = CARTESIAN_POINT('',(2.480887830511,0.560884626158));
#5735 = CARTESIAN_POINT('',(2.493110920508,0.538341454068));
#5736 = CARTESIAN_POINT('',(2.504402479704,0.515369442305));
#5737 = CARTESIAN_POINT('',(2.514823479061,0.491977538247));
#5738 = CARTESIAN_POINT('',(2.524426616856,0.468172263193));
#5739 = CARTESIAN_POINT('',(2.533257399043,0.443958278171));
#5740 = CARTESIAN_POINT('',(2.541355029628,0.419339034771));
#5741 = CARTESIAN_POINT('',(2.561960151026,0.349649185904));
#5742 = CARTESIAN_POINT('',(2.572942543547,0.303682479326));
#5743 = CARTESIAN_POINT('',(2.581883251221,0.256452246937));
#5744 = CARTESIAN_POINT('',(2.588920118391,0.207969653515));
#5745 = CARTESIAN_POINT('',(2.594149958622,0.158233591266));
#5746 = CARTESIAN_POINT('',(2.597632175883,0.107239361718));
#5747 = CARTESIAN_POINT('',(2.599393748881,5.499468048952E-02));
#5748 = CARTESIAN_POINT('',(2.599439813792,-1.393002653018E-03));
#5749 = CARTESIAN_POINT('',(2.599437005779,-4.337454938124E-03));
#5750 = CARTESIAN_POINT('',(2.599428984057,-7.278113735462E-03));
#5751 = CARTESIAN_POINT('',(2.59941574843,-1.021445114169E-02));
#5752 = CARTESIAN_POINT('',(2.599397298421,-1.314686594275E-02));
#5753 = CARTESIAN_POINT('',(2.599373633283,-1.60759592858E-02));
#5754 = CARTESIAN_POINT('',(2.599344752013,-1.9001810351E-02));
#5755 = CARTESIAN_POINT('',(2.598718895661,-7.262741705164E-02));
#5756 = CARTESIAN_POINT('',(2.596555532045,-0.12222994546));
#5757 = CARTESIAN_POINT('',(2.592812547192,-0.17068873603));
#5758 = CARTESIAN_POINT('',(2.58746087152,-0.217997260173));
#5759 = CARTESIAN_POINT('',(2.580443940744,-0.264158809193));
#5760 = CARTESIAN_POINT('',(2.571673561554,-0.30917374411));
#5761 = CARTESIAN_POINT('',(2.561026660431,-0.353032355114));
#5762 = CARTESIAN_POINT('',(2.540917307112,-0.420681314718));
#5763 = CARTESIAN_POINT('',(2.532793657005,-0.445255152594));
#5764 = CARTESIAN_POINT('',(2.523936855207,-0.469424457906));
#5765 = CARTESIAN_POINT('',(2.514307616367,-0.493185748999));
#5766 = CARTESIAN_POINT('',(2.503860356788,-0.516534325992));
#5767 = CARTESIAN_POINT('',(2.49254230492,-0.539463624357));
#5768 = CARTESIAN_POINT('',(2.480292422415,-0.561964652074));
#5769 = CARTESIAN_POINT('',(2.452126410109,-0.608852120555));
#5770 = CARTESIAN_POINT('',(2.435943250024,-0.633121230115));
#5771 = CARTESIAN_POINT('',(2.418389720043,-0.65681622051));
#5772 = CARTESIAN_POINT('',(2.399349766104,-0.679915689043));
#5773 = CARTESIAN_POINT('',(2.378689535203,-0.702392272805));
#5774 = CARTESIAN_POINT('',(2.356254882096,-0.724211591407));
#5775 = CARTESIAN_POINT('',(2.331869063072,-0.745331308458));
#5776 = CARTESIAN_POINT('',(2.287163997991,-0.779643756388));
#5777 = CARTESIAN_POINT('',(2.267988696774,-0.793235248794));
#5778 = CARTESIAN_POINT('',(2.247740572065,-0.806458480688));
#5779 = CARTESIAN_POINT('',(2.226349821718,-0.819294976757));
#5780 = CARTESIAN_POINT('',(2.203741384951,-0.831724173459));
#5781 = CARTESIAN_POINT('',(2.179835344772,-0.843723497765));
#5782 = CARTESIAN_POINT('',(2.154547330421,-0.855268445902));
#5783 = CARTESIAN_POINT('',(2.127788919803,-0.86633266209));
#5784 = CARTESIAN_POINT('',(2.119583302174,-0.869732505134));
#5785 = CARTESIAN_POINT('',(2.111139048397,-0.873086937064));
#5786 = CARTESIAN_POINT('',(2.102816162061,-0.876395276959));
#5787 = CARTESIAN_POINT('',(2.094011797142,-0.879656611203));
#5788 = CARTESIAN_POINT('',(2.08510801405,-0.88287023921));
#5789 = CARTESIAN_POINT('',(2.076480581214,-0.886035443385));
#5790 = CARTESIAN_POINT('',(2.067518088256,-0.889151265409));
#5791 = CARTESIAN_POINT('',(2.058600636807,-0.892216970891));
#5792 = CARTESIAN_POINT('',(1.999147465285,-0.912615482938));
#5793 = CARTESIAN_POINT('',(1.937010671034,-0.930793388237));
#5794 = CARTESIAN_POINT('',(1.872509196842,-0.946508223246));
#5795 = CARTESIAN_POINT('',(1.806107328331,-0.95949987901));
#5796 = CARTESIAN_POINT('',(1.738483820811,-0.969501674273));
#5797 = CARTESIAN_POINT('',(1.6704919338,-0.976298372081));
#5798 = CARTESIAN_POINT('',(1.603040151667,-0.97978044991));
#5799 = CARTESIAN_POINT('',(1.486384013046,-0.980068801958));
#5800 = CARTESIAN_POINT('',(1.436627926431,-0.978254930623));
#5801 = CARTESIAN_POINT('',(1.388013416362,-0.974499376727));
#5802 = CARTESIAN_POINT('',(1.340868918211,-0.968838016793));
#5803 = CARTESIAN_POINT('',(1.295457108595,-0.961341118319));
#5804 = CARTESIAN_POINT('',(1.251958558827,-0.952105277855));
#5805 = CARTESIAN_POINT('',(1.210474928571,-0.941241725288));
#5806 = CARTESIAN_POINT('',(1.171051699681,-0.928860994351));
#5807 = ( GEOMETRIC_REPRESENTATION_CONTEXT(2) 
PARAMETRIC_REPRESENTATION_CONTEXT() REPRESENTATION_CONTEXT('2D SPACE',''
  ) );
#5808 = ORIENTED_EDGE('',*,*,#5809,.T.);
#5809 = EDGE_CURVE('',#5232,#863,#5810,.T.);
#5810 = SURFACE_CURVE('',#5811,(#5815,#5821),.PCURVE_S1.);
#5811 = LINE('',#5812,#5813);
#5812 = CARTESIAN_POINT('',(0.,45.,0.));
#5813 = VECTOR('',#5814,1.);
#5814 = DIRECTION('',(-1.,0.,0.));
#5815 = PCURVE('',#1950,#5816);
#5816 = DEFINITIONAL_REPRESENTATION('',(#5817),#5820);
#5817 = B_SPLINE_CURVE_WITH_KNOTS('',1,(#5818,#5819),.UNSPECIFIED.,.F.,
  .F.,(2,2),(-55.14399313552,55.144278387209),.PIECEWISE_BEZIER_KNOTS.);
#5818 = CARTESIAN_POINT('',(0.,55.143993135523));
#5819 = CARTESIAN_POINT('',(0.,-55.1442783872));
#5820 = ( GEOMETRIC_REPRESENTATION_CONTEXT(2) 
PARAMETRIC_REPRESENTATION_CONTEXT() REPRESENTATION_CONTEXT('2D SPACE',''
  ) );
#5821 = PCURVE('',#1310,#5822);
#5822 = DEFINITIONAL_REPRESENTATION('',(#5823),#5826);
#5823 = B_SPLINE_CURVE_WITH_KNOTS('',1,(#5824,#5825),.UNSPECIFIED.,.F.,
  .F.,(2,2),(-55.14399313552,55.144278387209),.PIECEWISE_BEZIER_KNOTS.);
#5824 = CARTESIAN_POINT('',(55.143993135523,45.));
#5825 = CARTESIAN_POINT('',(-55.1442783872,45.));
#5826 = ( GEOMETRIC_REPRESENTATION_CONTEXT(2) 
PARAMETRIC_REPRESENTATION_CONTEXT() REPRESENTATION_CONTEXT('2D SPACE',''
  ) );
#5827 = ADVANCED_FACE('',(#5828),#1310,.T.);
#5828 = FACE_BOUND('',#5829,.T.);
#5829 = EDGE_LOOP('',(#5830,#5831,#5852,#6410));
#5830 = ORIENTED_EDGE('',*,*,#862,.F.);
#5831 = ORIENTED_EDGE('',*,*,#5832,.T.);
#5832 = EDGE_CURVE('',#766,#5833,#5835,.T.);
#5833 = VERTEX_POINT('',#5834);
#5834 = CARTESIAN_POINT('',(-61.94926539525,3.316624790355,0.));
#5835 = SURFACE_CURVE('',#5836,(#5840,#5846),.PCURVE_S1.);
#5836 = LINE('',#5837,#5838);
#5837 = CARTESIAN_POINT('',(-25.,3.316624790355,0.));
#5838 = VECTOR('',#5839,1.);
#5839 = DIRECTION('',(1.,0.,0.));
#5840 = PCURVE('',#1310,#5841);
#5841 = DEFINITIONAL_REPRESENTATION('',(#5842),#5845);
#5842 = B_SPLINE_CURVE_WITH_KNOTS('',1,(#5843,#5844),.UNSPECIFIED.,.F.,
  .F.,(2,2),(-53.00000016681,5.999999999062E-07),
  .PIECEWISE_BEZIER_KNOTS.);
#5843 = CARTESIAN_POINT('',(-78.00000016681,3.316624790355));
#5844 = CARTESIAN_POINT('',(-24.9999994,3.316624790355));
#5845 = ( GEOMETRIC_REPRESENTATION_CONTEXT(2) 
PARAMETRIC_REPRESENTATION_CONTEXT() REPRESENTATION_CONTEXT('2D SPACE',''
  ) );
#5846 = PCURVE('',#827,#5847);
#5847 = DEFINITIONAL_REPRESENTATION('',(#5848),#5851);
#5848 = B_SPLINE_CURVE_WITH_KNOTS('',1,(#5849,#5850),.UNSPECIFIED.,.F.,
  .F.,(2,2),(-53.00000016681,5.999999999062E-07),
  .PIECEWISE_BEZIER_KNOTS.);
#5849 = CARTESIAN_POINT('',(5.298074523842,-53.00000016681));
#5850 = CARTESIAN_POINT('',(5.298074523842,5.999999999062E-07));
#5851 = ( GEOMETRIC_REPRESENTATION_CONTEXT(2) 
PARAMETRIC_REPRESENTATION_CONTEXT() REPRESENTATION_CONTEXT('2D SPACE',''
  ) );
#5852 = ORIENTED_EDGE('',*,*,#5853,.T.);
#5853 = EDGE_CURVE('',#5833,#5232,#5854,.T.);
#5854 = SURFACE_CURVE('',#5855,(#6038,#6224),.PCURVE_S1.);
#5855 = B_SPLINE_CURVE_WITH_KNOTS('',7,(#5856,#5857,#5858,#5859,#5860,
    #5861,#5862,#5863,#5864,#5865,#5866,#5867,#5868,#5869,#5870,#5871,
    #5872,#5873,#5874,#5875,#5876,#5877,#5878,#5879,#5880,#5881,#5882,
    #5883,#5884,#5885,#5886,#5887,#5888,#5889,#5890,#5891,#5892,#5893,
    #5894,#5895,#5896,#5897,#5898,#5899,#5900,#5901,#5902,#5903,#5904,
    #5905,#5906,#5907,#5908,#5909,#5910,#5911,#5912,#5913,#5914,#5915,
    #5916,#5917,#5918,#5919,#5920,#5921,#5922,#5923,#5924,#5925,#5926,
    #5927,#5928,#5929,#5930,#5931,#5932,#5933,#5934,#5935,#5936,#5937,
    #5938,#5939,#5940,#5941,#5942,#5943,#5944,#5945,#5946,#5947,#5948,
    #5949,#5950,#5951,#5952,#5953,#5954,#5955,#5956,#5957,#5958,#5959,
    #5960,#5961,#5962,#5963,#5964,#5965,#5966,#5967,#5968,#5969,#5970,
    #5971,#5972,#5973,#5974,#5975,#5976,#5977,#5978,#5979,#5980,#5981,
    #5982,#5983,#5984,#5985,#5986,#5987,#5988,#5989,#5990,#5991,#5992,
    #5993,#5994,#5995,#5996,#5997,#5998,#5999,#6000,#6001,#6002,#6003,
    #6004,#6005,#6006,#6007,#6008,#6009,#6010,#6011,#6012,#6013,#6014,
    #6015,#6016,#6017,#6018,#6019,#6020,#6021,#6022,#6023,#6024,#6025,
    #6026,#6027,#6028,#6029,#6030,#6031,#6032,#6033,#6034,#6035,#6036,
    #6037),.UNSPECIFIED.,.T.,.F.,(8,6,6,6,6,6,6,6,6,6,6,6,6,6,6,6,6,6,6,
    6,6,6,6,6,6,6,6,6,6,6,8),(0.,5.914349471685E-02,0.123331151172,
    0.166718653343,0.201460300605,0.21944928887,0.257123058213,
    0.293966540951,0.312393250638,0.329452873717,0.337474829639,
    0.346290001424,0.386988255178,0.418736875766,0.441995637898,
    0.503443544625,0.564891451351,0.588150213484,0.619898834072,
    0.660597087825,0.668610880116,0.67491416391,0.693971150037,
    0.712022593147,0.748115745095,0.773641920907,0.802645519518,
    0.836679121801,0.879182373928,0.942061867084,1.),.UNSPECIFIED.);
#5856 = CARTESIAN_POINT('',(62.,0.,0.));
#5857 = CARTESIAN_POINT('',(62.,-3.734000742589,0.));
#5858 = CARTESIAN_POINT('',(61.850010688627,-7.467803093478,0.));
#5859 = CARTESIAN_POINT('',(61.550061913056,-11.19455898611,0.));
#5860 = CARTESIAN_POINT('',(61.099545389355,-14.90697712962,0.));
#5861 = CARTESIAN_POINT('',(60.497396005709,-18.59734130438,0.));
#5862 = CARTESIAN_POINT('',(59.742082996979,-22.25750381455,0.));
#5863 = CARTESIAN_POINT('',(57.843070647064,-29.80905790063,0.));
#5864 = CARTESIAN_POINT('',(56.671953643368,-33.69270071749,0.));
#5865 = CARTESIAN_POINT('',(55.315273496622,-37.5192661566,0.));
#5866 = CARTESIAN_POINT('',(53.769653221312,-41.27576715399,0.));
#5867 = CARTESIAN_POINT('',(52.031548108519,-44.94689934871,0.));
#5868 = CARTESIAN_POINT('',(50.097480534767,-48.51513394165,0.));
#5869 = CARTESIAN_POINT('',(46.52132219396,-54.28944088148,0.));
#5870 = CARTESIAN_POINT('',(44.987958848033,-56.56182643266,0.));
#5871 = CARTESIAN_POINT('',(43.36254595549,-58.77143067926,0.));
#5872 = CARTESIAN_POINT('',(41.644370274321,-60.9109593878,0.));
#5873 = CARTESIAN_POINT('',(39.833181804922,-62.97219618533,0.));
#5874 = CARTESIAN_POINT('',(37.929342420876,-64.94612217908,0.));
#5875 = CARTESIAN_POINT('',(34.336232262157,-68.32594495143,0.));
#5876 = CARTESIAN_POINT('',(32.679898337961,-69.7665626215,0.));
#5877 = CARTESIAN_POINT('',(30.965665316612,-71.13983539952,0.));
#5878 = CARTESIAN_POINT('',(29.194727527167,-72.44030513712,0.));
#5879 = CARTESIAN_POINT('',(27.368871700482,-73.66223090809,0.));
#5880 = CARTESIAN_POINT('',(25.490596571747,-74.79975490511,0.));
#5881 = CARTESIAN_POINT('',(22.56530670201,-76.38943461399,0.));
#5882 = CARTESIAN_POINT('',(21.554205552812,-76.90757311256,0.));
#5883 = CARTESIAN_POINT('',(20.530441801511,-77.40072863765,0.));
#5884 = CARTESIAN_POINT('',(19.494554930401,-77.86810683074,0.));
#5885 = CARTESIAN_POINT('',(18.447149013931,-78.30893412157,0.));
#5886 = CARTESIAN_POINT('',(17.388897511488,-78.7224685843,0.));
#5887 = CARTESIAN_POINT('',(14.083137583644,-79.91543965222,0.));
#5888 = CARTESIAN_POINT('',(11.801014385013,-80.60024997559,0.));
#5889 = CARTESIAN_POINT('',(9.481609245408,-81.15572190068,0.));
#5890 = CARTESIAN_POINT('',(7.133106149992,-81.57645416434,0.));
#5891 = CARTESIAN_POINT('',(4.764463816415,-81.85849514789,0.));
#5892 = CARTESIAN_POINT('',(2.385464139976,-81.99965509582,0.));
#5893 = CARTESIAN_POINT('',(-2.319465729193,-82.00033633093,0.));
#5894 = CARTESIAN_POINT('',(-4.646041186574,-81.86599621256,0.));
#5895 = CARTESIAN_POINT('',(-6.962966570649,-81.59691656362,0.));
#5896 = CARTESIAN_POINT('',(-9.261078248302,-81.19509278563,0.));
#5897 = CARTESIAN_POINT('',(-11.53195543688,-80.6641426743,0.));
#5898 = CARTESIAN_POINT('',(-13.76787783958,-80.00902979563,0.));
#5899 = CARTESIAN_POINT('',(-17.0590669477,-78.84929960525,0.));
#5900 = CARTESIAN_POINT('',(-18.145918006,-78.43311090811,0.));
#5901 = CARTESIAN_POINT('',(-19.2215421613,-77.98812224924,0.));
#5902 = CARTESIAN_POINT('',(-20.28520359455,-77.51512495371,0.));
#5903 = CARTESIAN_POINT('',(-21.33624300519,-77.01494685787,0.));
#5904 = CARTESIAN_POINT('',(-22.37407225654,-76.48844000109,0.));
#5905 = CARTESIAN_POINT('',(-24.34628754602,-75.42544768303,0.));
#5906 = CARTESIAN_POINT('',(-25.2826385809,-74.89259904108,0.));
#5907 = CARTESIAN_POINT('',(-26.20681256442,-74.33860600496,0.));
#5908 = CARTESIAN_POINT('',(-27.11845193608,-73.76415844235,0.));
#5909 = CARTESIAN_POINT('',(-28.01724727449,-73.16994626987,0.));
#5910 = CARTESIAN_POINT('',(-28.90293343558,-72.55665324759,0.));
#5911 = CARTESIAN_POINT('',(-30.18549237036,-71.62790497265,0.));
#5912 = CARTESIAN_POINT('',(-30.58865995852,-71.32975105399,0.));
#5913 = CARTESIAN_POINT('',(-30.98802173371,-71.02842200802,0.));
#5914 = CARTESIAN_POINT('',(-31.38587455402,-70.72224064148,0.));
#5915 = CARTESIAN_POINT('',(-31.78363775885,-70.41000873388,0.));
#5916 = CARTESIAN_POINT('',(-32.18191161767,-70.09108542016,0.));
#5917 = CARTESIAN_POINT('',(-33.01857518775,-69.40762562626,0.));
#5918 = CARTESIAN_POINT('',(-33.45636074073,-69.04225036884,0.));
#5919 = CARTESIAN_POINT('',(-33.89378996504,-68.66926116441,0.));
#5920 = CARTESIAN_POINT('',(-34.33075775793,-68.28859339087,0.));
#5921 = CARTESIAN_POINT('',(-34.76715593367,-67.90018566709,0.));
#5922 = CARTESIAN_POINT('',(-35.20287322347,-67.50397985291,0.));
#5923 = CARTESIAN_POINT('',(-37.64576159459,-65.23444546571,0.));
#5924 = CARTESIAN_POINT('',(-39.56227890829,-63.27079637368,0.));
#5925 = CARTESIAN_POINT('',(-41.38612141834,-61.21875691525,0.));
#5926 = CARTESIAN_POINT('',(-43.11685772254,-59.08743823245,0.));
#5927 = CARTESIAN_POINT('',(-44.75469083145,-56.88514669078,0.));
#5928 = CARTESIAN_POINT('',(-46.30030450543,-54.61925847216,0.));
#5929 = CARTESIAN_POINT('',(-48.88929913582,-50.48381178765,0.));
#5930 = CARTESIAN_POINT('',(-49.96831930457,-48.63676920108,0.));
#5931 = CARTESIAN_POINT('',(-50.99223795126,-46.75803425481,0.));
#5932 = CARTESIAN_POINT('',(-51.96154592278,-44.85044532862,0.));
#5933 = CARTESIAN_POINT('',(-52.87676115645,-42.91661788525,0.));
#5934 = CARTESIAN_POINT('',(-53.73841817376,-40.95893934516,0.));
#5935 = CARTESIAN_POINT('',(-55.13944538597,-37.52948338401,0.));
#5936 = CARTESIAN_POINT('',(-55.7033749521,-36.06778036317,0.));
#5937 = CARTESIAN_POINT('',(-56.23904361663,-34.59530791621,0.));
#5938 = CARTESIAN_POINT('',(-56.74664808191,-33.11288171318,0.));
#5939 = CARTESIAN_POINT('',(-57.22637572726,-31.62127568314,0.));
#5940 = CARTESIAN_POINT('',(-57.67840420996,-30.12122192626,0.));
#5941 = CARTESIAN_POINT('',(-59.22438995194,-24.62988615388,0.));
#5942 = CARTESIAN_POINT('',(-60.15359505899,-20.59263853658,0.));
#5943 = CARTESIAN_POINT('',(-60.89382910817,-16.51384735343,0.));
#5944 = CARTESIAN_POINT('',(-61.44734786556,-12.40489418278,0.));
#5945 = CARTESIAN_POINT('',(-61.81576277565,-8.276437459199,0.));
#5946 = CARTESIAN_POINT('',(-62.,-4.138411362328,0.));
#5947 = CARTESIAN_POINT('',(-62.,4.138411362313,0.));
#5948 = CARTESIAN_POINT('',(-61.81576277565,8.276437459141,0.));
#5949 = CARTESIAN_POINT('',(-61.44734786556,12.404894182812,0.));
#5950 = CARTESIAN_POINT('',(-60.89382910818,16.513847353366,0.));
#5951 = CARTESIAN_POINT('',(-60.15359505899,20.592638536582,0.));
#5952 = CARTESIAN_POINT('',(-59.22438995195,24.629886153851,0.));
#5953 = CARTESIAN_POINT('',(-57.67840420996,30.121221926244,0.));
#5954 = CARTESIAN_POINT('',(-57.22637572727,31.621275683123,0.));
#5955 = CARTESIAN_POINT('',(-56.74664808192,33.112881713162,0.));
#5956 = CARTESIAN_POINT('',(-56.23904361664,34.595307916194,0.));
#5957 = CARTESIAN_POINT('',(-55.7033749521,36.067780363154,0.));
#5958 = CARTESIAN_POINT('',(-55.13944538598,37.529483383989,0.));
#5959 = CARTESIAN_POINT('',(-53.73841817377,40.958939345141,0.));
#5960 = CARTESIAN_POINT('',(-52.87676115645,42.91661788525,0.));
#5961 = CARTESIAN_POINT('',(-51.9615459228,44.850445328601,0.));
#5962 = CARTESIAN_POINT('',(-50.99223795127,46.758034254784,0.));
#5963 = CARTESIAN_POINT('',(-49.96831930457,48.636769201077,0.));
#5964 = CARTESIAN_POINT('',(-48.88929913583,50.483811787636,0.));
#5965 = CARTESIAN_POINT('',(-46.30030450544,54.61925847215,0.));
#5966 = CARTESIAN_POINT('',(-44.75469083146,56.88514669077,0.));
#5967 = CARTESIAN_POINT('',(-43.11685772256,59.087438232441,0.));
#5968 = CARTESIAN_POINT('',(-41.38612141835,61.218756915242,0.));
#5969 = CARTESIAN_POINT('',(-39.5622789083,63.270796373668,0.));
#5970 = CARTESIAN_POINT('',(-37.6457615946,65.234445465705,0.));
#5971 = CARTESIAN_POINT('',(-35.24241160372,67.467247223358,0.));
#5972 = CARTESIAN_POINT('',(-34.84637070372,67.828083363191,0.));
#5973 = CARTESIAN_POINT('',(-34.4497584887,68.182470665675,0.));
#5974 = CARTESIAN_POINT('',(-34.0526587685,68.530452569205,0.));
#5975 = CARTESIAN_POINT('',(-33.65515324968,68.872074753519,0.));
#5976 = CARTESIAN_POINT('',(-33.25732153553,69.207385139696,0.));
#5977 = CARTESIAN_POINT('',(-32.54612921818,69.795248641138,0.));
#5978 = CARTESIAN_POINT('',(-32.23105286341,70.051686079662,0.));
#5979 = CARTESIAN_POINT('',(-31.91402037184,70.305711487674,0.));
#5980 = CARTESIAN_POINT('',(-31.59504053313,70.557290023008,0.));
#5981 = CARTESIAN_POINT('',(-31.27412261648,70.806386719379,0.));
#5982 = CARTESIAN_POINT('',(-30.95127637063,71.052966486389,0.));
#5983 = CARTESIAN_POINT('',(-29.64463815432,72.034773206972,0.));
#5984 = CARTESIAN_POINT('',(-28.64523144725,72.749224255755,0.));
#5985 = CARTESIAN_POINT('',(-27.62859236491,73.439362262697,0.));
#5986 = CARTESIAN_POINT('',(-26.59508689109,74.10417768423,0.));
#5987 = CARTESIAN_POINT('',(-25.54515387588,74.742648025093,0.));
#5988 = CARTESIAN_POINT('',(-24.47931238038,75.353749437011,0.));
#5989 = CARTESIAN_POINT('',(-22.37407225655,76.48844000109,0.));
#5990 = CARTESIAN_POINT('',(-21.3362430052,77.014946857865,0.));
#5991 = CARTESIAN_POINT('',(-20.28520359456,77.515124953704,0.));
#5992 = CARTESIAN_POINT('',(-19.22154216131,77.988122249244,0.));
#5993 = CARTESIAN_POINT('',(-18.14591800601,78.43311090811,0.));
#5994 = CARTESIAN_POINT('',(-17.05906694772,78.849299605252,0.));
#5995 = CARTESIAN_POINT('',(-13.76787783959,80.009029795633,0.));
#5996 = CARTESIAN_POINT('',(-11.53195543691,80.664142674301,0.));
#5997 = CARTESIAN_POINT('',(-9.261078248311,81.195092785634,0.));
#5998 = CARTESIAN_POINT('',(-6.962966570658,81.596916563626,0.));
#5999 = CARTESIAN_POINT('',(-4.646041186595,81.865996212563,0.));
#6000 = CARTESIAN_POINT('',(-2.319465729204,82.000336330933,0.));
#6001 = CARTESIAN_POINT('',(1.651984694696,81.999761297608,0.));
#6002 = CARTESIAN_POINT('',(3.297239764192,81.932161314371,0.));
#6003 = CARTESIAN_POINT('',(4.939123528607,81.797190944803,0.));
#6004 = CARTESIAN_POINT('',(6.574354652823,81.595334522989,0.));
#6005 = CARTESIAN_POINT('',(8.199793316448,81.327511001097,0.));
#6006 = CARTESIAN_POINT('',(9.81243704929,80.995035490106,0.));
#6007 = CARTESIAN_POINT('',(13.223956839819,80.150295893231,0.));
#6008 = CARTESIAN_POINT('',(15.018401469719,79.619677898557,0.));
#6009 = CARTESIAN_POINT('',(16.788623476062,79.010190117787,0.));
#6010 = CARTESIAN_POINT('',(18.531060513817,78.324792463358,0.));
#6011 = CARTESIAN_POINT('',(20.242651266513,77.566786831442,0.));
#6012 = CARTESIAN_POINT('',(21.920784866905,76.739684787077,0.));
#6013 = CARTESIAN_POINT('',(25.490596571735,74.799754905126,0.));
#6014 = CARTESIAN_POINT('',(27.368871700471,73.662230908104,0.));
#6015 = CARTESIAN_POINT('',(29.194727527156,72.440305137132,0.));
#6016 = CARTESIAN_POINT('',(30.965665316601,71.139835399537,0.));
#6017 = CARTESIAN_POINT('',(32.679898337951,69.76656262151,0.));
#6018 = CARTESIAN_POINT('',(34.336232262147,68.325944951443,0.));
#6019 = CARTESIAN_POINT('',(37.929342420864,64.9461221791,0.));
#6020 = CARTESIAN_POINT('',(39.833181804918,62.972196185343,0.));
#6021 = CARTESIAN_POINT('',(41.64437027431,60.910959387822,0.));
#6022 = CARTESIAN_POINT('',(43.362545955479,58.771430679282,0.));
#6023 = CARTESIAN_POINT('',(44.98795884803,56.561826432673,0.));
#6024 = CARTESIAN_POINT('',(46.521322193952,54.289440881495,0.));
#6025 = CARTESIAN_POINT('',(50.097480534764,48.515133941657,0.));
#6026 = CARTESIAN_POINT('',(52.031548108505,44.946899348761,0.));
#6027 = CARTESIAN_POINT('',(53.769653221322,41.275767153927,0.));
#6028 = CARTESIAN_POINT('',(55.315273496598,37.519266156717,0.));
#6029 = CARTESIAN_POINT('',(56.671953643379,33.692700717436,0.));
#6030 = CARTESIAN_POINT('',(57.843070647057,29.809057900659,0.));
#6031 = CARTESIAN_POINT('',(59.742082996977,22.257503814562,0.));
#6032 = CARTESIAN_POINT('',(60.497396005708,18.597341304399,0.));
#6033 = CARTESIAN_POINT('',(61.099545389355,14.906977129625,0.));
#6034 = CARTESIAN_POINT('',(61.550061913056,11.194558986116,0.));
#6035 = CARTESIAN_POINT('',(61.850010688626,7.467803093488,0.));
#6036 = CARTESIAN_POINT('',(62.,3.734000742586,0.));
#6037 = CARTESIAN_POINT('',(62.,0.,0.));
#6038 = PCURVE('',#1310,#6039);
#6039 = DEFINITIONAL_REPRESENTATION('',(#6040),#6223);
#6040 = B_SPLINE_CURVE_WITH_KNOTS('',7,(#6041,#6042,#6043,#6044,#6045,
    #6046,#6047,#6048,#6049,#6050,#6051,#6052,#6053,#6054,#6055,#6056,
    #6057,#6058,#6059,#6060,#6061,#6062,#6063,#6064,#6065,#6066,#6067,
    #6068,#6069,#6070,#6071,#6072,#6073,#6074,#6075,#6076,#6077,#6078,
    #6079,#6080,#6081,#6082,#6083,#6084,#6085,#6086,#6087,#6088,#6089,
    #6090,#6091,#6092,#6093,#6094,#6095,#6096,#6097,#6098,#6099,#6100,
    #6101,#6102,#6103,#6104,#6105,#6106,#6107,#6108,#6109,#6110,#6111,
    #6112,#6113,#6114,#6115,#6116,#6117,#6118,#6119,#6120,#6121,#6122,
    #6123,#6124,#6125,#6126,#6127,#6128,#6129,#6130,#6131,#6132,#6133,
    #6134,#6135,#6136,#6137,#6138,#6139,#6140,#6141,#6142,#6143,#6144,
    #6145,#6146,#6147,#6148,#6149,#6150,#6151,#6152,#6153,#6154,#6155,
    #6156,#6157,#6158,#6159,#6160,#6161,#6162,#6163,#6164,#6165,#6166,
    #6167,#6168,#6169,#6170,#6171,#6172,#6173,#6174,#6175,#6176,#6177,
    #6178,#6179,#6180,#6181,#6182,#6183,#6184,#6185,#6186,#6187,#6188,
    #6189,#6190,#6191,#6192,#6193,#6194,#6195,#6196,#6197,#6198,#6199,
    #6200,#6201,#6202,#6203,#6204,#6205,#6206,#6207,#6208,#6209,#6210,
    #6211,#6212,#6213,#6214,#6215,#6216,#6217,#6218,#6219,#6220,#6221,
    #6222),.UNSPECIFIED.,.T.,.F.,(8,6,6,6,6,6,6,6,6,6,6,6,6,6,6,6,6,6,6,
    6,6,6,6,6,6,6,6,6,6,6,8),(0.,5.914349471685E-02,0.123331151172,
    0.166718653343,0.201460300605,0.21944928887,0.257123058213,
    0.293966540951,0.312393250638,0.329452873717,0.337474829639,
    0.346290001424,0.386988255178,0.418736875766,0.441995637898,
    0.503443544625,0.564891451351,0.588150213484,0.619898834072,
    0.660597087825,0.668610880116,0.67491416391,0.693971150037,
    0.712022593147,0.748115745095,0.773641920907,0.802645519518,
    0.836679121801,0.879182373928,0.942061867084,1.),.UNSPECIFIED.);
#6041 = CARTESIAN_POINT('',(62.,0.));
#6042 = CARTESIAN_POINT('',(62.,-3.734000742589));
#6043 = CARTESIAN_POINT('',(61.850010688627,-7.467803093478));
#6044 = CARTESIAN_POINT('',(61.550061913056,-11.19455898611));
#6045 = CARTESIAN_POINT('',(61.099545389355,-14.90697712962));
#6046 = CARTESIAN_POINT('',(60.497396005709,-18.59734130438));
#6047 = CARTESIAN_POINT('',(59.742082996979,-22.25750381455));
#6048 = CARTESIAN_POINT('',(57.843070647064,-29.80905790063));
#6049 = CARTESIAN_POINT('',(56.671953643368,-33.69270071749));
#6050 = CARTESIAN_POINT('',(55.315273496622,-37.5192661566));
#6051 = CARTESIAN_POINT('',(53.769653221312,-41.27576715399));
#6052 = CARTESIAN_POINT('',(52.031548108519,-44.94689934871));
#6053 = CARTESIAN_POINT('',(50.097480534767,-48.51513394165));
#6054 = CARTESIAN_POINT('',(46.52132219396,-54.28944088148));
#6055 = CARTESIAN_POINT('',(44.987958848033,-56.56182643266));
#6056 = CARTESIAN_POINT('',(43.36254595549,-58.77143067926));
#6057 = CARTESIAN_POINT('',(41.644370274321,-60.9109593878));
#6058 = CARTESIAN_POINT('',(39.833181804922,-62.97219618533));
#6059 = CARTESIAN_POINT('',(37.929342420876,-64.94612217908));
#6060 = CARTESIAN_POINT('',(34.336232262157,-68.32594495143));
#6061 = CARTESIAN_POINT('',(32.679898337961,-69.7665626215));
#6062 = CARTESIAN_POINT('',(30.965665316612,-71.13983539952));
#6063 = CARTESIAN_POINT('',(29.194727527167,-72.44030513712));
#6064 = CARTESIAN_POINT('',(27.368871700482,-73.66223090809));
#6065 = CARTESIAN_POINT('',(25.490596571747,-74.79975490511));
#6066 = CARTESIAN_POINT('',(22.56530670201,-76.38943461399));
#6067 = CARTESIAN_POINT('',(21.554205552812,-76.90757311256));
#6068 = CARTESIAN_POINT('',(20.530441801511,-77.40072863765));
#6069 = CARTESIAN_POINT('',(19.494554930401,-77.86810683074));
#6070 = CARTESIAN_POINT('',(18.447149013931,-78.30893412157));
#6071 = CARTESIAN_POINT('',(17.388897511488,-78.7224685843));
#6072 = CARTESIAN_POINT('',(14.083137583644,-79.91543965222));
#6073 = CARTESIAN_POINT('',(11.801014385013,-80.60024997559));
#6074 = CARTESIAN_POINT('',(9.481609245408,-81.15572190068));
#6075 = CARTESIAN_POINT('',(7.133106149992,-81.57645416434));
#6076 = CARTESIAN_POINT('',(4.764463816415,-81.85849514789));
#6077 = CARTESIAN_POINT('',(2.385464139976,-81.99965509582));
#6078 = CARTESIAN_POINT('',(-2.319465729193,-82.00033633093));
#6079 = CARTESIAN_POINT('',(-4.646041186574,-81.86599621256));
#6080 = CARTESIAN_POINT('',(-6.962966570649,-81.59691656362));
#6081 = CARTESIAN_POINT('',(-9.261078248302,-81.19509278563));
#6082 = CARTESIAN_POINT('',(-11.53195543688,-80.6641426743));
#6083 = CARTESIAN_POINT('',(-13.76787783958,-80.00902979563));
#6084 = CARTESIAN_POINT('',(-17.0590669477,-78.84929960525));
#6085 = CARTESIAN_POINT('',(-18.145918006,-78.43311090811));
#6086 = CARTESIAN_POINT('',(-19.2215421613,-77.98812224924));
#6087 = CARTESIAN_POINT('',(-20.28520359455,-77.51512495371));
#6088 = CARTESIAN_POINT('',(-21.33624300519,-77.01494685787));
#6089 = CARTESIAN_POINT('',(-22.37407225654,-76.48844000109));
#6090 = CARTESIAN_POINT('',(-24.34628754602,-75.42544768303));
#6091 = CARTESIAN_POINT('',(-25.2826385809,-74.89259904108));
#6092 = CARTESIAN_POINT('',(-26.20681256442,-74.33860600496));
#6093 = CARTESIAN_POINT('',(-27.11845193608,-73.76415844235));
#6094 = CARTESIAN_POINT('',(-28.01724727449,-73.16994626987));
#6095 = CARTESIAN_POINT('',(-28.90293343558,-72.55665324759));
#6096 = CARTESIAN_POINT('',(-30.18549237036,-71.62790497265));
#6097 = CARTESIAN_POINT('',(-30.58865995852,-71.32975105399));
#6098 = CARTESIAN_POINT('',(-30.98802173371,-71.02842200802));
#6099 = CARTESIAN_POINT('',(-31.38587455402,-70.72224064148));
#6100 = CARTESIAN_POINT('',(-31.78363775885,-70.41000873388));
#6101 = CARTESIAN_POINT('',(-32.18191161767,-70.09108542016));
#6102 = CARTESIAN_POINT('',(-33.01857518775,-69.40762562626));
#6103 = CARTESIAN_POINT('',(-33.45636074073,-69.04225036884));
#6104 = CARTESIAN_POINT('',(-33.89378996504,-68.66926116441));
#6105 = CARTESIAN_POINT('',(-34.33075775793,-68.28859339087));
#6106 = CARTESIAN_POINT('',(-34.76715593367,-67.90018566709));
#6107 = CARTESIAN_POINT('',(-35.20287322347,-67.50397985291));
#6108 = CARTESIAN_POINT('',(-37.64576159459,-65.23444546571));
#6109 = CARTESIAN_POINT('',(-39.56227890829,-63.27079637368));
#6110 = CARTESIAN_POINT('',(-41.38612141834,-61.21875691525));
#6111 = CARTESIAN_POINT('',(-43.11685772254,-59.08743823245));
#6112 = CARTESIAN_POINT('',(-44.75469083145,-56.88514669078));
#6113 = CARTESIAN_POINT('',(-46.30030450543,-54.61925847216));
#6114 = CARTESIAN_POINT('',(-48.88929913582,-50.48381178765));
#6115 = CARTESIAN_POINT('',(-49.96831930457,-48.63676920108));
#6116 = CARTESIAN_POINT('',(-50.99223795126,-46.75803425481));
#6117 = CARTESIAN_POINT('',(-51.96154592278,-44.85044532862));
#6118 = CARTESIAN_POINT('',(-52.87676115645,-42.91661788525));
#6119 = CARTESIAN_POINT('',(-53.73841817376,-40.95893934516));
#6120 = CARTESIAN_POINT('',(-55.13944538597,-37.52948338401));
#6121 = CARTESIAN_POINT('',(-55.7033749521,-36.06778036317));
#6122 = CARTESIAN_POINT('',(-56.23904361663,-34.59530791621));
#6123 = CARTESIAN_POINT('',(-56.74664808191,-33.11288171318));
#6124 = CARTESIAN_POINT('',(-57.22637572726,-31.62127568314));
#6125 = CARTESIAN_POINT('',(-57.67840420996,-30.12122192626));
#6126 = CARTESIAN_POINT('',(-59.22438995194,-24.62988615388));
#6127 = CARTESIAN_POINT('',(-60.15359505899,-20.59263853658));
#6128 = CARTESIAN_POINT('',(-60.89382910817,-16.51384735343));
#6129 = CARTESIAN_POINT('',(-61.44734786556,-12.40489418278));
#6130 = CARTESIAN_POINT('',(-61.81576277565,-8.276437459199));
#6131 = CARTESIAN_POINT('',(-62.,-4.138411362328));
#6132 = CARTESIAN_POINT('',(-62.,4.138411362313));
#6133 = CARTESIAN_POINT('',(-61.81576277565,8.276437459141));
#6134 = CARTESIAN_POINT('',(-61.44734786556,12.404894182812));
#6135 = CARTESIAN_POINT('',(-60.89382910818,16.513847353366));
#6136 = CARTESIAN_POINT('',(-60.15359505899,20.592638536582));
#6137 = CARTESIAN_POINT('',(-59.22438995195,24.629886153851));
#6138 = CARTESIAN_POINT('',(-57.67840420996,30.121221926244));
#6139 = CARTESIAN_POINT('',(-57.22637572727,31.621275683123));
#6140 = CARTESIAN_POINT('',(-56.74664808192,33.112881713162));
#6141 = CARTESIAN_POINT('',(-56.23904361664,34.595307916194));
#6142 = CARTESIAN_POINT('',(-55.7033749521,36.067780363154));
#6143 = CARTESIAN_POINT('',(-55.13944538598,37.529483383989));
#6144 = CARTESIAN_POINT('',(-53.73841817377,40.958939345141));
#6145 = CARTESIAN_POINT('',(-52.87676115645,42.91661788525));
#6146 = CARTESIAN_POINT('',(-51.9615459228,44.850445328601));
#6147 = CARTESIAN_POINT('',(-50.99223795127,46.758034254784));
#6148 = CARTESIAN_POINT('',(-49.96831930457,48.636769201077));
#6149 = CARTESIAN_POINT('',(-48.88929913583,50.483811787636));
#6150 = CARTESIAN_POINT('',(-46.30030450544,54.61925847215));
#6151 = CARTESIAN_POINT('',(-44.75469083146,56.88514669077));
#6152 = CARTESIAN_POINT('',(-43.11685772256,59.087438232441));
#6153 = CARTESIAN_POINT('',(-41.38612141835,61.218756915242));
#6154 = CARTESIAN_POINT('',(-39.5622789083,63.270796373668));
#6155 = CARTESIAN_POINT('',(-37.6457615946,65.234445465705));
#6156 = CARTESIAN_POINT('',(-35.24241160372,67.467247223358));
#6157 = CARTESIAN_POINT('',(-34.84637070372,67.828083363191));
#6158 = CARTESIAN_POINT('',(-34.4497584887,68.182470665675));
#6159 = CARTESIAN_POINT('',(-34.0526587685,68.530452569205));
#6160 = CARTESIAN_POINT('',(-33.65515324968,68.872074753519));
#6161 = CARTESIAN_POINT('',(-33.25732153553,69.207385139696));
#6162 = CARTESIAN_POINT('',(-32.54612921818,69.795248641138));
#6163 = CARTESIAN_POINT('',(-32.23105286341,70.051686079662));
#6164 = CARTESIAN_POINT('',(-31.91402037184,70.305711487674));
#6165 = CARTESIAN_POINT('',(-31.59504053313,70.557290023008));
#6166 = CARTESIAN_POINT('',(-31.27412261648,70.806386719379));
#6167 = CARTESIAN_POINT('',(-30.95127637063,71.052966486389));
#6168 = CARTESIAN_POINT('',(-29.64463815432,72.034773206972));
#6169 = CARTESIAN_POINT('',(-28.64523144725,72.749224255755));
#6170 = CARTESIAN_POINT('',(-27.62859236491,73.439362262697));
#6171 = CARTESIAN_POINT('',(-26.59508689109,74.10417768423));
#6172 = CARTESIAN_POINT('',(-25.54515387588,74.742648025093));
#6173 = CARTESIAN_POINT('',(-24.47931238038,75.353749437011));
#6174 = CARTESIAN_POINT('',(-22.37407225655,76.48844000109));
#6175 = CARTESIAN_POINT('',(-21.3362430052,77.014946857865));
#6176 = CARTESIAN_POINT('',(-20.28520359456,77.515124953704));
#6177 = CARTESIAN_POINT('',(-19.22154216131,77.988122249244));
#6178 = CARTESIAN_POINT('',(-18.14591800601,78.43311090811));
#6179 = CARTESIAN_POINT('',(-17.05906694772,78.849299605252));
#6180 = CARTESIAN_POINT('',(-13.76787783959,80.009029795633));
#6181 = CARTESIAN_POINT('',(-11.53195543691,80.664142674301));
#6182 = CARTESIAN_POINT('',(-9.261078248311,81.195092785634));
#6183 = CARTESIAN_POINT('',(-6.962966570658,81.596916563626));
#6184 = CARTESIAN_POINT('',(-4.646041186595,81.865996212563));
#6185 = CARTESIAN_POINT('',(-2.319465729204,82.000336330933));
#6186 = CARTESIAN_POINT('',(1.651984694696,81.999761297608));
#6187 = CARTESIAN_POINT('',(3.297239764192,81.932161314371));
#6188 = CARTESIAN_POINT('',(4.939123528607,81.797190944803));
#6189 = CARTESIAN_POINT('',(6.574354652823,81.595334522989));
#6190 = CARTESIAN_POINT('',(8.199793316448,81.327511001097));
#6191 = CARTESIAN_POINT('',(9.81243704929,80.995035490106));
#6192 = CARTESIAN_POINT('',(13.223956839819,80.150295893231));
#6193 = CARTESIAN_POINT('',(15.018401469719,79.619677898557));
#6194 = CARTESIAN_POINT('',(16.788623476062,79.010190117787));
#6195 = CARTESIAN_POINT('',(18.531060513817,78.324792463358));
#6196 = CARTESIAN_POINT('',(20.242651266513,77.566786831442));
#6197 = CARTESIAN_POINT('',(21.920784866905,76.739684787077));
#6198 = CARTESIAN_POINT('',(25.490596571735,74.799754905126));
#6199 = CARTESIAN_POINT('',(27.368871700471,73.662230908104));
#6200 = CARTESIAN_POINT('',(29.194727527156,72.440305137132));
#6201 = CARTESIAN_POINT('',(30.965665316601,71.139835399537));
#6202 = CARTESIAN_POINT('',(32.679898337951,69.76656262151));
#6203 = CARTESIAN_POINT('',(34.336232262147,68.325944951443));
#6204 = CARTESIAN_POINT('',(37.929342420864,64.9461221791));
#6205 = CARTESIAN_POINT('',(39.833181804918,62.972196185343));
#6206 = CARTESIAN_POINT('',(41.64437027431,60.910959387822));
#6207 = CARTESIAN_POINT('',(43.362545955479,58.771430679282));
#6208 = CARTESIAN_POINT('',(44.98795884803,56.561826432673));
#6209 = CARTESIAN_POINT('',(46.521322193952,54.289440881495));
#6210 = CARTESIAN_POINT('',(50.097480534764,48.515133941657));
#6211 = CARTESIAN_POINT('',(52.031548108505,44.946899348761));
#6212 = CARTESIAN_POINT('',(53.769653221322,41.275767153927));
#6213 = CARTESIAN_POINT('',(55.315273496598,37.519266156717));
#6214 = CARTESIAN_POINT('',(56.671953643379,33.692700717436));
#6215 = CARTESIAN_POINT('',(57.843070647057,29.809057900659));
#6216 = CARTESIAN_POINT('',(59.742082996977,22.257503814562));
#6217 = CARTESIAN_POINT('',(60.497396005708,18.597341304399));
#6218 = CARTESIAN_POINT('',(61.099545389355,14.906977129625));
#6219 = CARTESIAN_POINT('',(61.550061913056,11.194558986116));
#6220 = CARTESIAN_POINT('',(61.850010688626,7.467803093488));
#6221 = CARTESIAN_POINT('',(62.,3.734000742586));
#6222 = CARTESIAN_POINT('',(62.,0.));
#6223 = ( GEOMETRIC_REPRESENTATION_CONTEXT(2) 
PARAMETRIC_REPRESENTATION_CONTEXT() REPRESENTATION_CONTEXT('2D SPACE',''
  ) );
#6224 = PCURVE('',#3846,#6225);
#6225 = DEFINITIONAL_REPRESENTATION('',(#6226),#6409);
#6226 = B_SPLINE_CURVE_WITH_KNOTS('',7,(#6227,#6228,#6229,#6230,#6231,
    #6232,#6233,#6234,#6235,#6236,#6237,#6238,#6239,#6240,#6241,#6242,
    #6243,#6244,#6245,#6246,#6247,#6248,#6249,#6250,#6251,#6252,#6253,
    #6254,#6255,#6256,#6257,#6258,#6259,#6260,#6261,#6262,#6263,#6264,
    #6265,#6266,#6267,#6268,#6269,#6270,#6271,#6272,#6273,#6274,#6275,
    #6276,#6277,#6278,#6279,#6280,#6281,#6282,#6283,#6284,#6285,#6286,
    #6287,#6288,#6289,#6290,#6291,#6292,#6293,#6294,#6295,#6296,#6297,
    #6298,#6299,#6300,#6301,#6302,#6303,#6304,#6305,#6306,#6307,#6308,
    #6309,#6310,#6311,#6312,#6313,#6314,#6315,#6316,#6317,#6318,#6319,
    #6320,#6321,#6322,#6323,#6324,#6325,#6326,#6327,#6328,#6329,#6330,
    #6331,#6332,#6333,#6334,#6335,#6336,#6337,#6338,#6339,#6340,#6341,
    #6342,#6343,#6344,#6345,#6346,#6347,#6348,#6349,#6350,#6351,#6352,
    #6353,#6354,#6355,#6356,#6357,#6358,#6359,#6360,#6361,#6362,#6363,
    #6364,#6365,#6366,#6367,#6368,#6369,#6370,#6371,#6372,#6373,#6374,
    #6375,#6376,#6377,#6378,#6379,#6380,#6381,#6382,#6383,#6384,#6385,
    #6386,#6387,#6388,#6389,#6390,#6391,#6392,#6393,#6394,#6395,#6396,
    #6397,#6398,#6399,#6400,#6401,#6402,#6403,#6404,#6405,#6406,#6407,
    #6408),.UNSPECIFIED.,.F.,.F.,(8,6,6,6,6,6,6,6,6,6,6,6,6,6,6,6,6,6,6,
    6,6,6,6,6,6,6,6,6,6,6,8),(0.,5.914349471685E-02,0.123331151172,
    0.166718653343,0.201460300605,0.21944928887,0.257123058213,
    0.293966540951,0.312393250638,0.329452873717,0.337474829639,
    0.346290001424,0.386988255178,0.418736875766,0.441995637898,
    0.503443544625,0.564891451351,0.588150213484,0.619898834072,
    0.660597087825,0.668610880116,0.67491416391,0.693971150037,
    0.712022593147,0.748115745095,0.773641920907,0.802645519518,
    0.836679121801,0.879182373928,0.942061867084,1.),.UNSPECIFIED.);
#6227 = CARTESIAN_POINT('',(6.28318530718,1.183291357832E-30));
#6228 = CARTESIAN_POINT('',(6.228122476505,1.151927101081E-30));
#6229 = CARTESIAN_POINT('',(6.174751410014,1.075293520106E-18));
#6230 = CARTESIAN_POINT('',(6.122800165424,-1.70010355165E-18));
#6231 = CARTESIAN_POINT('',(6.072043677533,-3.729365808958E-19));
#6232 = CARTESIAN_POINT('',(6.022285350823,2.655704616864E-18));
#6233 = CARTESIAN_POINT('',(5.97334365803,-1.894601563496E-18));
#6234 = CARTESIAN_POINT('',(5.872624484355,2.056186142861E-18));
#6235 = CARTESIAN_POINT('',(5.820972357414,-9.195995392183E-18));
#6236 = CARTESIAN_POINT('',(5.769856729661,1.939751213662E-17));
#6237 = CARTESIAN_POINT('',(5.719079966378,-2.335383224132E-17));
#6238 = CARTESIAN_POINT('',(5.66845565815,1.625750231912E-17));
#6239 = CARTESIAN_POINT('',(5.617798264413,-5.58358032693E-18));
#6240 = CARTESIAN_POINT('',(5.532499089711,3.774208577378E-18));
#6241 = CARTESIAN_POINT('',(5.497992826377,-2.364458622383E-18));
#6242 = CARTESIAN_POINT('',(5.463321926514,-3.8299586721E-18));
#6243 = CARTESIAN_POINT('',(5.428429111653,2.338529537535E-18));
#6244 = CARTESIAN_POINT('',(5.393258626301,4.980115073787E-18));
#6245 = CARTESIAN_POINT('',(5.35775424565,-5.03451138229E-18));
#6246 = CARTESIAN_POINT('',(5.293114741143,4.031281125468E-18));
#6247 = CARTESIAN_POINT('',(5.264121952295,-5.341466898858E-18));
#6248 = CARTESIAN_POINT('',(5.234851591493,2.946524490108E-19));
#6249 = CARTESIAN_POINT('',(5.205278068671,3.518511903224E-18));
#6250 = CARTESIAN_POINT('',(5.175377544907,-1.503287790314E-18));
#6251 = CARTESIAN_POINT('',(5.145128402356,-5.734788199644E-19));
#6252 = CARTESIAN_POINT('',(5.098660310457,2.969434259876E-19));
#6253 = CARTESIAN_POINT('',(5.082709698696,-3.98823457992E-19));
#6254 = CARTESIAN_POINT('',(5.066658741841,-2.08524000905E-19));
#6255 = CARTESIAN_POINT('',(5.050505393291,4.188974780542E-19));
#6256 = CARTESIAN_POINT('',(5.034247905062,3.487453894254E-19));
#6257 = CARTESIAN_POINT('',(5.017884910089,-5.974574265561E-19));
#6258 = CARTESIAN_POINT('',(4.966924149156,1.251236197887E-18));
#6259 = CARTESIAN_POINT('',(4.9319595832,-1.760185229507E-18));
#6260 = CARTESIAN_POINT('',(4.896522306927,2.523882768888E-19));
#6261 = CARTESIAN_POINT('',(4.860611569868,1.128268112263E-18));
#6262 = CARTESIAN_POINT('',(4.824227935435,-7.17517206956E-19));
#6263 = CARTESIAN_POINT('',(4.787378975116,-1.589113336417E-22));
#6264 = CARTESIAN_POINT('',(4.713619057567,1.554091127555E-22));
#6265 = CARTESIAN_POINT('',(4.676717504205,5.860861466596E-19));
#6266 = CARTESIAN_POINT('',(4.639404683938,-9.087779590756E-19));
#6267 = CARTESIAN_POINT('',(4.601691076336,-2.147337101023E-19));
#6268 = CARTESIAN_POINT('',(4.563581696221,1.412294274651E-18));
#6269 = CARTESIAN_POINT('',(4.525080559784,-9.914414517787E-19));
#6270 = CARTESIAN_POINT('',(4.466745940313,4.958544210885E-19));
#6271 = CARTESIAN_POINT('',(4.447199564442,-2.369910695182E-19));
#6272 = CARTESIAN_POINT('',(4.427554811475,-3.466020038831E-19));
#6273 = CARTESIAN_POINT('',(4.407810695203,1.010478327455E-19));
#6274 = CARTESIAN_POINT('',(4.38796566905,2.954478153476E-19));
#6275 = CARTESIAN_POINT('',(4.368017681672,-1.450781074575E-19));
#6276 = CARTESIAN_POINT('',(4.329398558667,1.343146916731E-19));
#6277 = CARTESIAN_POINT('',(4.310742432984,-1.778036985795E-19));
#6278 = CARTESIAN_POINT('',(4.291993762943,-9.424634775244E-20));
#6279 = CARTESIAN_POINT('',(4.273150042411,1.859449257992E-19));
#6280 = CARTESIAN_POINT('',(4.254208353029,1.5597554432E-19));
#6281 = CARTESIAN_POINT('',(4.235165365539,-2.653039473863E-19));
#6282 = CARTESIAN_POINT('',(4.207013355085,1.247540207818E-19));
#6283 = CARTESIAN_POINT('',(4.198110114954,-1.101140699264E-16));
#6284 = CARTESIAN_POINT('',(4.18908986704,7.357853172283E-17));
#6285 = CARTESIAN_POINT('',(4.180082268631,1.838735087701E-16));
#6286 = CARTESIAN_POINT('',(4.171141862585,1.045445726453E-16));
#6287 = CARTESIAN_POINT('',(4.162170611011,1.07898138841E-16));
#6288 = CARTESIAN_POINT('',(4.143311910678,1.05816589848E-16));
#6289 = CARTESIAN_POINT('',(4.133438333578,1.055376416045E-16));
#6290 = CARTESIAN_POINT('',(4.123564756878,1.054479752828E-16));
#6291 = CARTESIAN_POINT('',(4.113691180507,1.051769949922E-16));
#6292 = CARTESIAN_POINT('',(4.103817604196,1.046050853296E-16));
#6293 = CARTESIAN_POINT('',(4.093944027473,1.038636113797E-16));
#6294 = CARTESIAN_POINT('',(4.038485702731,1.00894028308E-16));
#6295 = CARTESIAN_POINT('',(3.994592188011,9.638650951076E-17));
#6296 = CARTESIAN_POINT('',(3.952213781855,1.005682402232E-16));
#6297 = CARTESIAN_POINT('',(3.911198456296,9.535467574279E-17));
#6298 = CARTESIAN_POINT('',(3.87141173631,8.651665561223E-17));
#6299 = CARTESIAN_POINT('',(3.832731471974,9.532795440207E-17));
#6300 = CARTESIAN_POINT('',(3.765643951278,8.435653847214E-17));
#6301 = CARTESIAN_POINT('',(3.736849686534,9.151267230238E-17));
#6302 = CARTESIAN_POINT('',(3.708607827949,8.46606433226E-17));
#6303 = CARTESIAN_POINT('',(3.680870664823,8.104278160493E-17));
#6304 = CARTESIAN_POINT('',(3.653594583636,8.514880456121E-17));
#6305 = CARTESIAN_POINT('',(3.626738923278,8.221685943272E-17));
#6306 = CARTESIAN_POINT('',(3.580870748668,8.046005722511E-17));
#6307 = CARTESIAN_POINT('',(3.561681551497,7.988227021885E-17));
#6308 = CARTESIAN_POINT('',(3.542682602313,7.924905395297E-17));
#6309 = CARTESIAN_POINT('',(3.523859838142,7.858941145699E-17));
#6310 = CARTESIAN_POINT('',(3.505199948813,7.801700850329E-17));
#6311 = CARTESIAN_POINT('',(3.48669020555,7.756536269317E-17));
#6312 = CARTESIAN_POINT('',(3.419781064172,7.559023692393E-17));
#6313 = CARTESIAN_POINT('',(3.372211005976,7.489762950786E-17));
#6314 = CARTESIAN_POINT('',(3.325373912982,7.337731955117E-17));
#6315 = CARTESIAN_POINT('',(3.279073342936,7.328238200486E-17));
#6316 = CARTESIAN_POINT('',(3.233127997146,7.258543296445E-17));
#6317 = CARTESIAN_POINT('',(3.187362457845,7.2387193299E-17));
#6318 = CARTESIAN_POINT('',(3.095822849334,7.2387193299E-17));
#6319 = CARTESIAN_POINT('',(3.050057310035,7.208788245772E-17));
#6320 = CARTESIAN_POINT('',(3.004111964243,7.456268327349E-17));
#6321 = CARTESIAN_POINT('',(2.957811394198,7.132041500028E-17));
#6322 = CARTESIAN_POINT('',(2.910974301203,7.629191900424E-17));
#6323 = CARTESIAN_POINT('',(2.863404243008,7.488203810802E-17));
#6324 = CARTESIAN_POINT('',(2.79649510163,7.759970896705E-17));
#6325 = CARTESIAN_POINT('',(2.777985358366,7.777607059473E-17));
#6326 = CARTESIAN_POINT('',(2.759325469038,7.824741203548E-17));
#6327 = CARTESIAN_POINT('',(2.740502704867,7.902578700002E-17));
#6328 = CARTESIAN_POINT('',(2.721503755683,7.976793555366E-17));
#6329 = CARTESIAN_POINT('',(2.702314558512,8.027275317027E-17));
#6330 = CARTESIAN_POINT('',(2.656446383902,8.194247127083E-17));
#6331 = CARTESIAN_POINT('',(2.629590723544,8.298249650702E-17));
#6332 = CARTESIAN_POINT('',(2.602314642357,8.383926318506E-17));
#6333 = CARTESIAN_POINT('',(2.574577479231,8.509767248131E-17));
#6334 = CARTESIAN_POINT('',(2.546335620645,8.652187571961E-17));
#6335 = CARTESIAN_POINT('',(2.517541355902,8.739751204735E-17));
#6336 = CARTESIAN_POINT('',(2.450453835205,9.078359806658E-17));
#6337 = CARTESIAN_POINT('',(2.41177357087,9.495698350495E-17));
#6338 = CARTESIAN_POINT('',(2.371986850884,8.992979668334E-17));
#6339 = CARTESIAN_POINT('',(2.330971525325,9.540024807896E-17));
#6340 = CARTESIAN_POINT('',(2.288593119169,1.05122164808E-16));
#6341 = CARTESIAN_POINT('',(2.244699604449,9.594549856929E-17));
#6342 = CARTESIAN_POINT('',(2.190138877959,1.044030907597E-16));
#6343 = CARTESIAN_POINT('',(2.181162899056,1.044779016708E-16));
#6344 = CARTESIAN_POINT('',(2.172186920408,1.042588951696E-16));
#6345 = CARTESIAN_POINT('',(2.163210941733,1.04350418434E-16));
#6346 = CARTESIAN_POINT('',(2.154234962863,1.049384055118E-16));
#6347 = CARTESIAN_POINT('',(2.145258983746,1.057903773202E-16));
#6348 = CARTESIAN_POINT('',(2.129222908193,1.0662124005E-16));
#6349 = CARTESIAN_POINT('',(2.122134449684,1.067502018392E-16));
#6350 = CARTESIAN_POINT('',(2.114994249083,1.07080631504E-16));
#6351 = CARTESIAN_POINT('',(2.107795186354,1.07737295301E-16));
#6352 = CARTESIAN_POINT('',(2.100546401256,1.085314212526E-16));
#6353 = CARTESIAN_POINT('',(2.093273293349,1.089606991474E-16));
#6354 = CARTESIAN_POINT('',(2.064080839652,1.059374846887E-16));
#6355 = CARTESIAN_POINT('',(2.04228425438,7.866882281849E-17));
#6356 = CARTESIAN_POINT('',(2.020621880857,1.028347599391E-16));
#6357 = CARTESIAN_POINT('',(1.999088528419,1.414104783956E-16));
#6358 = CARTESIAN_POINT('',(1.977679699333,1.288266217102E-16));
#6359 = CARTESIAN_POINT('',(1.956391587076,5.588103842449E-17));
#6360 = CARTESIAN_POINT('',(1.915167625508,5.348494152324E-17));
#6361 = CARTESIAN_POINT('',(1.89521963813,5.284263966991E-17));
#6362 = CARTESIAN_POINT('',(1.875374611976,5.17238203858E-17));
#6363 = CARTESIAN_POINT('',(1.855630495705,5.039439442505E-17));
#6364 = CARTESIAN_POINT('',(1.835985742738,4.948072251143E-17));
#6365 = CARTESIAN_POINT('',(1.816439366866,4.906435455827E-17));
#6366 = CARTESIAN_POINT('',(1.758104747396,4.520229188148E-17));
#6367 = CARTESIAN_POINT('',(1.719603610959,4.50904066092E-17));
#6368 = CARTESIAN_POINT('',(1.681494230844,4.219728463249E-17));
#6369 = CARTESIAN_POINT('',(1.643780623242,4.005844643005E-17));
#6370 = CARTESIAN_POINT('',(1.606467802975,3.955879411073E-17));
#6371 = CARTESIAN_POINT('',(1.569566249613,3.76627801314E-17));
#6372 = CARTESIAN_POINT('',(1.507305203441,3.53442449098E-17));
#6373 = CARTESIAN_POINT('',(1.481726100469,3.412250017816E-17));
#6374 = CARTESIAN_POINT('',(1.456365999192,3.403213568038E-17));
#6375 = CARTESIAN_POINT('',(1.431228310334,3.28692770522E-17));
#6376 = CARTESIAN_POINT('',(1.406315028675,3.12814481081E-17));
#6377 = CARTESIAN_POINT('',(1.381627691119,3.183205966866E-17));
#6378 = CARTESIAN_POINT('',(1.329376229244,2.937410770583E-17));
#6379 = CARTESIAN_POINT('',(1.301876429991,2.983069806814E-17));
#6380 = CARTESIAN_POINT('',(1.274669982646,2.910092287375E-17));
#6381 = CARTESIAN_POINT('',(1.247753410936,2.781035978543E-17));
#6382 = CARTESIAN_POINT('',(1.221120444983,2.738852328163E-17));
#6383 = CARTESIAN_POINT('',(1.194763195739,2.799894336843E-17));
#6384 = CARTESIAN_POINT('',(1.138056904823,2.620005338749E-17));
#6385 = CARTESIAN_POINT('',(1.107807762273,2.915529355661E-17));
#6386 = CARTESIAN_POINT('',(1.077907238509,2.374705151519E-17));
#6387 = CARTESIAN_POINT('',(1.048333715687,2.524946868965E-17));
#6388 = CARTESIAN_POINT('',(1.019063354885,3.085416691472E-17));
#6389 = CARTESIAN_POINT('',(0.990070566037,2.373034263909E-17));
#6390 = CARTESIAN_POINT('',(0.92543106153,3.061458321226E-17));
#6391 = CARTESIAN_POINT('',(0.889926680879,2.277416285303E-17));
#6392 = CARTESIAN_POINT('',(0.854756195527,2.808362862451E-17));
#6393 = CARTESIAN_POINT('',(0.819863380665,3.168990115847E-17));
#6394 = CARTESIAN_POINT('',(0.785192480803,2.819039994929E-17));
#6395 = CARTESIAN_POINT('',(0.750686217469,2.944319092693E-17));
#6396 = CARTESIAN_POINT('',(0.665387042766,3.347762047386E-17));
#6397 = CARTESIAN_POINT('',(0.61472964903,3.128607038003E-17));
#6398 = CARTESIAN_POINT('',(0.564105340801,3.929180296067E-17));
#6399 = CARTESIAN_POINT('',(0.51332857752,3.545301724755E-17));
#6400 = CARTESIAN_POINT('',(0.462212949765,4.061268395509E-17));
#6401 = CARTESIAN_POINT('',(0.410560822825,4.217738529348E-17));
#6402 = CARTESIAN_POINT('',(0.30984164915,4.68495764409E-17));
#6403 = CARTESIAN_POINT('',(0.260899956357,3.404025014671E-17));
#6404 = CARTESIAN_POINT('',(0.211141629647,8.067421845743E-17));
#6405 = CARTESIAN_POINT('',(0.160385141755,7.069621999795E-17));
#6406 = CARTESIAN_POINT('',(0.108433897166,3.917966549021E-18));
#6407 = CARTESIAN_POINT('',(5.506283067441E-02,7.681213046182E-31));
#6408 = CARTESIAN_POINT('',(0.,7.88860905221E-31));
#6409 = ( GEOMETRIC_REPRESENTATION_CONTEXT(2) 
PARAMETRIC_REPRESENTATION_CONTEXT() REPRESENTATION_CONTEXT('2D SPACE',''
  ) );
#6410 = ORIENTED_EDGE('',*,*,#5809,.T.);
#6411 = ADVANCED_FACE('',(#6412),#827,.F.);
#6412 = FACE_BOUND('',#6413,.F.);
#6413 = EDGE_LOOP('',(#6414,#6415,#6416,#6417));
#6414 = ORIENTED_EDGE('',*,*,#4628,.F.);
#6415 = ORIENTED_EDGE('',*,*,#765,.T.);
#6416 = ORIENTED_EDGE('',*,*,#5832,.T.);
#6417 = ORIENTED_EDGE('',*,*,#6418,.F.);
#6418 = EDGE_CURVE('',#4069,#5833,#6419,.T.);
#6419 = SURFACE_CURVE('',#6420,(#6447,#6477),.PCURVE_S1.);
#6420 = B_SPLINE_CURVE_WITH_KNOTS('',5,(#6421,#6422,#6423,#6424,#6425,
    #6426,#6427,#6428,#6429,#6430,#6431,#6432,#6433,#6434,#6435,#6436,
    #6437,#6438,#6439,#6440,#6441,#6442,#6443,#6444,#6445,#6446),
  .UNSPECIFIED.,.F.,.F.,(6,4,4,4,4,4,6),(0.,0.169048687777,
    0.267104098281,0.512323186305,0.731776972576,0.830958254297,1.),
  .UNSPECIFIED.);
#6421 = CARTESIAN_POINT('',(-61.94922668671,-3.317888557593,
    8.385183718573E-04));
#6422 = CARTESIAN_POINT('',(-61.95529065032,-3.119913657074,
    -0.13055524827));
#6423 = CARTESIAN_POINT('',(-61.96065085217,-2.915403145553,
    -0.252169599522));
#6424 = CARTESIAN_POINT('',(-61.96536223816,-2.705009429885,
    -0.363563028985));
#6425 = CARTESIAN_POINT('',(-61.96947829,-2.489422392204,-0.464364921796
    ));
#6426 = CARTESIAN_POINT('',(-61.97511271072,-2.141726752997,
    -0.606426538856));
#6427 = CARTESIAN_POINT('',(-61.97699606527,-2.012582194865,
    -0.654913774941));
#6428 = CARTESIAN_POINT('',(-61.97870326757,-1.88207534455,
    -0.699678220561));
#6429 = CARTESIAN_POINT('',(-61.98024218151,-1.750350267955,
    -0.740669907605));
#6430 = CARTESIAN_POINT('',(-61.98506432795,-1.285453691611,
    -0.870821364587));
#6431 = CARTESIAN_POINT('',(-61.98749896792,-0.946646763964,
    -0.939941797092));
#6432 = CARTESIAN_POINT('',(-61.98902957228,-0.603444413451,
    -0.984556431597));
#6433 = CARTESIAN_POINT('',(-61.98971241086,-0.258207187709,
    -1.004355866602));
#6434 = CARTESIAN_POINT('',(-61.98938707018,0.395297656423,
    -0.994915757282));
#6435 = CARTESIAN_POINT('',(-61.98854906158,0.703649793163,
    -0.970610163957));
#6436 = CARTESIAN_POINT('',(-61.98702277859,1.01000037781,
    -0.926482757824));
#6437 = CARTESIAN_POINT('',(-61.98476428134,1.312660607869,
    -0.862778944839));
#6438 = CARTESIAN_POINT('',(-61.98031219362,1.744346476031,
    -0.74253530005));
#6439 = CARTESIAN_POINT('',(-61.97876142154,1.877626041203,
    -0.701203331803));
#6440 = CARTESIAN_POINT('',(-61.97703865791,2.009662598725,
    -0.656010308636));
#6441 = CARTESIAN_POINT('',(-61.97513577762,2.14030703139,
    -0.607007840361));
#6442 = CARTESIAN_POINT('',(-61.9694776107,2.489457971721,-0.46434828585
    ));
#6443 = CARTESIAN_POINT('',(-61.965361655,2.705035471331,-0.3635492411)
  );
#6444 = CARTESIAN_POINT('',(-61.96065040986,2.915420021866,
    -0.252159564061));
#6445 = CARTESIAN_POINT('',(-61.95529040008,3.119921827059,
    -0.130549825941));
#6446 = CARTESIAN_POINT('',(-61.94922668671,3.317888557593,
    8.385183718573E-04));
#6447 = PCURVE('',#827,#6448);
#6448 = DEFINITIONAL_REPRESENTATION('',(#6449),#6476);
#6449 = B_SPLINE_CURVE_WITH_KNOTS('',5,(#6450,#6451,#6452,#6453,#6454,
    #6455,#6456,#6457,#6458,#6459,#6460,#6461,#6462,#6463,#6464,#6465,
    #6466,#6467,#6468,#6469,#6470,#6471,#6472,#6473,#6474,#6475),
  .UNSPECIFIED.,.F.,.F.,(6,4,4,4,4,4,6),(0.,0.169048687777,
    0.267104098281,0.512323186305,0.731776972576,0.830958254297,1.),
  .UNSPECIFIED.);
#6450 = CARTESIAN_POINT('',(4.126450662286,-36.94922668671));
#6451 = CARTESIAN_POINT('',(4.166052283727,-36.95529065032));
#6452 = CARTESIAN_POINT('',(4.20566017076,-36.96065085217));
#6453 = CARTESIAN_POINT('',(4.245272426593,-36.96536223816));
#6454 = CARTESIAN_POINT('',(4.284888712199,-36.96947829));
#6455 = CARTESIAN_POINT('',(4.347488357336,-36.97511271072));
#6456 = CARTESIAN_POINT('',(4.370470008472,-36.97699606527));
#6457 = CARTESIAN_POINT('',(4.393452474469,-36.97870326757));
#6458 = CARTESIAN_POINT('',(4.416435622228,-36.98024218151));
#6459 = CARTESIAN_POINT('',(4.496897522883,-36.98506432795));
#6460 = CARTESIAN_POINT('',(4.554380325929,-36.98749896792));
#6461 = CARTESIAN_POINT('',(4.611863076083,-36.98902957228));
#6462 = CARTESIAN_POINT('',(4.669348954727,-36.98971241086));
#6463 = CARTESIAN_POINT('',(4.778277791967,-36.98938707018));
#6464 = CARTESIAN_POINT('',(4.829722967714,-36.98854906158));
#6465 = CARTESIAN_POINT('',(4.881165940169,-36.98702277859));
#6466 = CARTESIAN_POINT('',(4.932608350368,-36.98476428134));
#6467 = CARTESIAN_POINT('',(5.007294959104,-36.98031219362));
#6468 = CARTESIAN_POINT('',(5.030542018807,-36.97876142154));
#6469 = CARTESIAN_POINT('',(5.053788383931,-36.97703865791));
#6470 = CARTESIAN_POINT('',(5.077033917015,-36.97513577762));
#6471 = CARTESIAN_POINT('',(5.139895786669,-36.9694776107));
#6472 = CARTESIAN_POINT('',(5.179510437191,-36.965361655));
#6473 = CARTESIAN_POINT('',(5.219121058454,-36.96065040986));
#6474 = CARTESIAN_POINT('',(5.258727311313,-36.95529040008));
#6475 = CARTESIAN_POINT('',(5.298327298484,-36.94922668671));
#6476 = ( GEOMETRIC_REPRESENTATION_CONTEXT(2) 
PARAMETRIC_REPRESENTATION_CONTEXT() REPRESENTATION_CONTEXT('2D SPACE',''
  ) );
#6477 = PCURVE('',#3846,#6478);
#6478 = DEFINITIONAL_REPRESENTATION('',(#6479),#6506);
#6479 = B_SPLINE_CURVE_WITH_KNOTS('',5,(#6480,#6481,#6482,#6483,#6484,
    #6485,#6486,#6487,#6488,#6489,#6490,#6491,#6492,#6493,#6494,#6495,
    #6496,#6497,#6498,#6499,#6500,#6501,#6502,#6503,#6504,#6505),
  .UNSPECIFIED.,.F.,.F.,(6,4,4,4,4,4,6),(0.,0.169048687777,
    0.267104098281,0.512323186305,0.731776972576,0.830958254297,1.),
  .UNSPECIFIED.);
#6480 = CARTESIAN_POINT('',(3.178302710316,1.70891151234E-05));
#6481 = CARTESIAN_POINT('',(3.176110463418,-2.66072466377E-03));
#6482 = CARTESIAN_POINT('',(3.173846514872,-5.136008368642E-03));
#6483 = CARTESIAN_POINT('',(3.171517942094,-7.400530270789E-03));
#6484 = CARTESIAN_POINT('',(3.169132258602,-9.447949526197E-03));
#6485 = CARTESIAN_POINT('',(3.165285087233,-1.233125846637E-02));
#6486 = CARTESIAN_POINT('',(3.163856221204,-1.331486023251E-02));
#6487 = CARTESIAN_POINT('',(3.162412352766,-1.422254505652E-02));
#6488 = CARTESIAN_POINT('',(3.160955061665,-1.505342478231E-02));
#6489 = CARTESIAN_POINT('',(3.155812005575,-1.769072728945E-02));
#6490 = CARTESIAN_POINT('',(3.152064125303,-1.908976361922E-02));
#6491 = CARTESIAN_POINT('',(3.148267716978,-1.999229587858E-02));
#6492 = CARTESIAN_POINT('',(3.144448842667,-2.03928707181E-02));
#6493 = CARTESIAN_POINT('',(3.137220022554,-2.020188441037E-02));
#6494 = CARTESIAN_POINT('',(3.133809142979,-1.97101450939E-02));
#6495 = CARTESIAN_POINT('',(3.13042036093,-1.881731873563E-02));
#6496 = CARTESIAN_POINT('',(3.127072312564,-1.752773520541E-02));
#6497 = CARTESIAN_POINT('',(3.12229666618,-1.509123505947E-02));
#6498 = CARTESIAN_POINT('',(3.120822179463,-1.425346948227E-02));
#6499 = CARTESIAN_POINT('',(3.119361388633,-1.333710429407E-02));
#6500 = CARTESIAN_POINT('',(3.117915928861,-1.234305681464E-02));
#6501 = CARTESIAN_POINT('',(3.114052654855,-9.447611632678E-03));
#6502 = CARTESIAN_POINT('',(3.111667076867,-7.400249950612E-03));
#6503 = CARTESIAN_POINT('',(3.109338605486,-5.135804131732E-03));
#6504 = CARTESIAN_POINT('',(3.107074753292,-2.660614156331E-03));
#6505 = CARTESIAN_POINT('',(3.104882596863,1.70891151234E-05));
#6506 = ( GEOMETRIC_REPRESENTATION_CONTEXT(2) 
PARAMETRIC_REPRESENTATION_CONTEXT() REPRESENTATION_CONTEXT('2D SPACE',''
  ) );
#6507 = ADVANCED_FACE('',(#6508),#3846,.F.);
#6508 = FACE_BOUND('',#6509,.F.);
#6509 = EDGE_LOOP('',(#6510,#6539,#6540,#6541,#6542,#6543,#6544,#6545));
#6510 = ORIENTED_EDGE('',*,*,#6511,.F.);
#6511 = EDGE_CURVE('',#6512,#3473,#6514,.T.);
#6512 = VERTEX_POINT('',#6513);
#6513 = CARTESIAN_POINT('',(3.796405077357E-15,-1.229803021783E-30,-54.5
    ));
#6514 = SEAM_CURVE('',#6515,(#6521,#6530),.PCURVE_S1.);
#6515 = ( BOUNDED_CURVE() B_SPLINE_CURVE(2,(#6516,#6517,#6518,#6519,
#6520),.UNSPECIFIED.,.F.,.F.) B_SPLINE_CURVE_WITH_KNOTS((3,2,3),(
    4.712388980385,6.28318530718,7.853981633974),
.PIECEWISE_BEZIER_KNOTS.) CURVE() GEOMETRIC_REPRESENTATION_ITEM() 
RATIONAL_B_SPLINE_CURVE((1.,0.707106781187,1.,0.707106781187,1.)) 
REPRESENTATION_ITEM('') );
#6516 = CARTESIAN_POINT('',(-1.138921523207E-14,3.689409065348E-30,-54.5
    ));
#6517 = CARTESIAN_POINT('',(62.,-2.008420750602E-14,-54.5));
#6518 = CARTESIAN_POINT('',(62.,-2.008420750602E-14,-1.334865011071E-14)
  );
#6519 = CARTESIAN_POINT('',(62.,-2.008420750602E-14,54.5));
#6520 = CARTESIAN_POINT('',(1.898202538678E-14,-6.149015108914E-30,54.5)
  );
#6521 = PCURVE('',#3846,#6522);
#6522 = DEFINITIONAL_REPRESENTATION('',(#6523),#6529);
#6523 = B_SPLINE_CURVE_WITH_KNOTS('',2,(#6524,#6525,#6526,#6527,#6528),
  .UNSPECIFIED.,.F.,.F.,(3,2,3),(4.712388980385,6.28318530718,
    7.853981633974),.PIECEWISE_BEZIER_KNOTS.);
#6524 = CARTESIAN_POINT('',(0.,-1.570796326795));
#6525 = CARTESIAN_POINT('',(0.,-0.785398163397));
#6526 = CARTESIAN_POINT('',(0.,-2.720481184601E-16));
#6527 = CARTESIAN_POINT('',(0.,0.785398163397));
#6528 = CARTESIAN_POINT('',(0.,1.570796326795));
#6529 = ( GEOMETRIC_REPRESENTATION_CONTEXT(2) 
PARAMETRIC_REPRESENTATION_CONTEXT() REPRESENTATION_CONTEXT('2D SPACE',''
  ) );
#6530 = PCURVE('',#3846,#6531);
#6531 = DEFINITIONAL_REPRESENTATION('',(#6532),#6538);
#6532 = B_SPLINE_CURVE_WITH_KNOTS('',2,(#6533,#6534,#6535,#6536,#6537),
  .UNSPECIFIED.,.F.,.F.,(3,2,3),(4.712388980385,6.28318530718,
    7.853981633974),.PIECEWISE_BEZIER_KNOTS.);
#6533 = CARTESIAN_POINT('',(6.28318530718,-1.570796326795));
#6534 = CARTESIAN_POINT('',(6.28318530718,-0.785398163397));
#6535 = CARTESIAN_POINT('',(6.28318530718,-2.720481184601E-16));
#6536 = CARTESIAN_POINT('',(6.28318530718,0.785398163397));
#6537 = CARTESIAN_POINT('',(6.28318530718,1.570796326795));
#6538 = ( GEOMETRIC_REPRESENTATION_CONTEXT(2) 
PARAMETRIC_REPRESENTATION_CONTEXT() REPRESENTATION_CONTEXT('2D SPACE',''
  ) );
#6539 = ORIENTED_EDGE('',*,*,#6511,.T.);
#6540 = ORIENTED_EDGE('',*,*,#4068,.T.);
#6541 = ORIENTED_EDGE('',*,*,#6418,.T.);
#6542 = ORIENTED_EDGE('',*,*,#5853,.T.);
#6543 = ORIENTED_EDGE('',*,*,#5231,.T.);
#6544 = ORIENTED_EDGE('',*,*,#4653,.T.);
#6545 = ORIENTED_EDGE('',*,*,#3472,.T.);
#6546 = ( GEOMETRIC_REPRESENTATION_CONTEXT(3) 
GLOBAL_UNCERTAINTY_ASSIGNED_CONTEXT((#6550)) 
GLOBAL_UNIT_ASSIGNED_CONTEXT((#6547,#6548,#6549)) REPRESENTATION_CONTEXT
('Context #1','3D Context with UNIT and UNCERTAINTY') );
#6547 = ( LENGTH_UNIT() NAMED_UNIT(*) SI_UNIT(.MILLI.,.METRE.) );
#6548 = ( NAMED_UNIT(*) PLANE_ANGLE_UNIT() SI_UNIT($,.RADIAN.) );
#6549 = ( NAMED_UNIT(*) SI_UNIT($,.STERADIAN.) SOLID_ANGLE_UNIT() );
#6550 = UNCERTAINTY_MEASURE_WITH_UNIT(LENGTH_MEASURE(5.E-04),#6547,
  'distance_accuracy_value','confusion accuracy');
#6551 = PRODUCT_RELATED_PRODUCT_CATEGORY('part',$,(#7));
ENDSEC;
END-ISO-10303-21;
