ISO-10303-21;
HEADER;
FILE_DESCRIPTION(('Open CASCADE Model'),'2;1');
FILE_NAME('Open CASCADE Shape Model','2026-03-14T18:12:43',('Author'),(
    'Open CASCADE'),'Open CASCADE STEP processor 7.8','Open CASCADE 7.8'
  ,'Unknown');
FILE_SCHEMA(('AUTOMOTIVE_DESIGN { 1 0 10303 214 1 1 1 1 }'));
ENDSEC;
DATA;
#1 = APPLICATION_PROTOCOL_DEFINITION('international standard',
  'automotive_design',2000,#2);
#2 = APPLICATION_CONTEXT(
  'core data for automotive mechanical design processes');
#3 = SHAPE_DEFINITION_REPRESENTATION(#4,#10);
#4 = PRODUCT_DEFINITION_SHAPE('','',#5);
#5 = PRODUCT_DEFINITION('design','',#6,#9);
#6 = PRODUCT_DEFINITION_FORMATION('','',#7);
#7 = PRODUCT('Open CASCADE STEP translator 7.8 2',
  'Open CASCADE STEP translator 7.8 2','',(#8));
#8 = PRODUCT_CONTEXT('',#2,'mechanical');
#9 = PRODUCT_DEFINITION_CONTEXT('part definition',#2,'design');
#10 = ADVANCED_BREP_SHAPE_REPRESENTATION('',(#11,#15),#8001);
#11 = AXIS2_PLACEMENT_3D('',#12,#13,#14);
#12 = CARTESIAN_POINT('',(0.,0.,0.));
#13 = DIRECTION('',(0.,0.,1.));
#14 = DIRECTION('',(1.,0.,-0.));
#15 = MANIFOLD_SOLID_BREP('',#16);
#16 = CLOSED_SHELL('',(#17,#3798,#4438,#4502,#4566,#4628,#5212,#5814,
    #6398,#6462,#6547,#6654,#6885,#6970,#7179,#7221,#7526,#7590,#7654,
    #7915));
#17 = ADVANCED_FACE('',(#18,#3404),#248,.T.);
#18 = FACE_BOUND('',#19,.T.);
#19 = EDGE_LOOP('',(#20,#734,#777,#811,#840,#874,#992,#1026,#1055,#1056,
    #1085,#1203,#1230,#1231,#1260,#1303,#1979,#2601,#3277,#3320,#3363));
#20 = ORIENTED_EDGE('',*,*,#21,.F.);
#21 = EDGE_CURVE('',#22,#24,#26,.T.);
#22 = VERTEX_POINT('',#23);
#23 = CARTESIAN_POINT('',(64.927987786906,-4.,0.));
#24 = VERTEX_POINT('',#25);
#25 = CARTESIAN_POINT('',(-64.92798783168,-4.,0.));
#26 = SURFACE_CURVE('',#27,(#247,#506),.PCURVE_S1.);
#27 = B_SPLINE_CURVE_WITH_KNOTS('',8,(#28,#29,#30,#31,#32,#33,#34,#35,
    #36,#37,#38,#39,#40,#41,#42,#43,#44,#45,#46,#47,#48,#49,#50,#51,#52,
    #53,#54,#55,#56,#57,#58,#59,#60,#61,#62,#63,#64,#65,#66,#67,#68,#69,
    #70,#71,#72,#73,#74,#75,#76,#77,#78,#79,#80,#81,#82,#83,#84,#85,#86,
    #87,#88,#89,#90,#91,#92,#93,#94,#95,#96,#97,#98,#99,#100,#101,#102,
    #103,#104,#105,#106,#107,#108,#109,#110,#111,#112,#113,#114,#115,
    #116,#117,#118,#119,#120,#121,#122,#123,#124,#125,#126,#127,#128,
    #129,#130,#131,#132,#133,#134,#135,#136,#137,#138,#139,#140,#141,
    #142,#143,#144,#145,#146,#147,#148,#149,#150,#151,#152,#153,#154,
    #155,#156,#157,#158,#159,#160,#161,#162,#163,#164,#165,#166,#167,
    #168,#169,#170,#171,#172,#173,#174,#175,#176,#177,#178,#179,#180,
    #181,#182,#183,#184,#185,#186,#187,#188,#189,#190,#191,#192,#193,
    #194,#195,#196,#197,#198,#199,#200,#201,#202,#203,#204,#205,#206,
    #207,#208,#209,#210,#211,#212,#213,#214,#215,#216,#217,#218,#219,
    #220,#221,#222,#223,#224,#225,#226,#227,#228,#229,#230,#231,#232,
    #233,#234,#235,#236,#237,#238,#239,#240,#241,#242,#243,#244,#245,
    #246),.UNSPECIFIED.,.T.,.F.,(9,7,7,7,7,7,7,7,7,7,7,7,7,7,7,7,7,7,7,7
    ,7,7,7,7,7,7,7,7,7,7,7,9),(0.,5.676018709369E-02,0.119587635615,
    0.163308969933,0.197527395372,0.215281414349,0.252518073583,
    0.277913369662,0.307935720004,0.324725041941,0.333458194669,
    0.342363941372,0.383396681877,0.414209384573,0.43745023189,
    0.497505433644,0.557560635399,0.580801482716,0.611614185412,
    0.652646925917,0.660743059282,0.667219965976,0.676917799124,
    0.687529356048,0.705957339218,0.743761998395,0.781547229104,
    0.79956280077,0.834285332982,0.878650771184,0.941313240791,1.),
  .UNSPECIFIED.);
#28 = CARTESIAN_POINT('',(65.,0.,0.));
#29 = CARTESIAN_POINT('',(65.000000062687,-3.324606971792,0.));
#30 = CARTESIAN_POINT('',(64.886355438167,-6.649076377026,0.));
#31 = CARTESIAN_POINT('',(64.659083267842,-9.969097708321,0.));
#32 = CARTESIAN_POINT('',(64.31791216713,-13.28015398786,0.));
#33 = CARTESIAN_POINT('',(63.86234460178,-16.57752845422,0.));
#34 = CARTESIAN_POINT('',(63.291676901201,-19.85630603849,0.));
#35 = CARTESIAN_POINT('',(62.604976908809,-23.11136962979,0.));
#36 = CARTESIAN_POINT('',(60.911124364647,-29.90825006809,0.));
#37 = CARTESIAN_POINT('',(59.877723761117,-33.44288486853,0.));
#38 = CARTESIAN_POINT('',(58.699165975453,-36.93439034078,0.));
#39 = CARTESIAN_POINT('',(57.373520992108,-40.37462478772,0.));
#40 = CARTESIAN_POINT('',(55.898747739605,-43.75427514907,0.));
#41 = CARTESIAN_POINT('',(54.272812089571,-47.06290309387,0.));
#42 = CARTESIAN_POINT('',(52.493710927846,-50.28895169093,0.));
#43 = CARTESIAN_POINT('',(49.213250208856,-55.5983602579,0.));
#44 = CARTESIAN_POINT('',(47.792162683983,-57.73054359294,0.));
#45 = CARTESIAN_POINT('',(46.295467035532,-59.81191504217,0.));
#46 = CARTESIAN_POINT('',(44.722723548129,-61.83757193823,0.));
#47 = CARTESIAN_POINT('',(43.073744774957,-63.80208716065,0.));
#48 = CARTESIAN_POINT('',(41.348661947505,-65.69956264756,0.));
#49 = CARTESIAN_POINT('',(39.547994048013,-67.52368545454,0.));
#50 = CARTESIAN_POINT('',(36.205039356993,-70.63280373349,0.));
#51 = CARTESIAN_POINT('',(34.691737531747,-71.94873371466,0.));
#52 = CARTESIAN_POINT('',(33.133331958857,-73.21234927312,0.));
#53 = CARTESIAN_POINT('',(31.530604224443,-74.42022840853,0.));
#54 = CARTESIAN_POINT('',(29.884632628445,-75.56879963425,0.));
#55 = CARTESIAN_POINT('',(28.196833839046,-76.65439989389,0.));
#56 = CARTESIAN_POINT('',(26.469013183796,-77.67334491111,0.));
#57 = CARTESIAN_POINT('',(23.787358233566,-79.1142222059,0.));
#58 = CARTESIAN_POINT('',(22.861126101026,-79.58751336245,0.));
#59 = CARTESIAN_POINT('',(21.925045425054,-80.04137842329,0.));
#60 = CARTESIAN_POINT('',(20.979464458016,-80.47531631514,0.));
#61 = CARTESIAN_POINT('',(20.024763227671,-80.8888359013,0.));
#62 = CARTESIAN_POINT('',(19.061355305426,-81.28145997228,0.));
#63 = CARTESIAN_POINT('',(18.089689574581,-81.6527292364,0.));
#64 = CARTESIAN_POINT('',(15.056014133578,-82.73518712434,0.));
#65 = CARTESIAN_POINT('',(12.967322802446,-83.37240230492,0.));
#66 = CARTESIAN_POINT('',(10.848960400723,-83.90966244224,0.));
#67 = CARTESIAN_POINT('',(8.70609512523,-84.34343356116,0.));
#68 = CARTESIAN_POINT('',(6.544288904301,-84.67088785866,0.));
#69 = CARTESIAN_POINT('',(4.369512457504,-84.88999978517,0.));
#70 = CARTESIAN_POINT('',(2.188167484865,-84.99968746997,0.));
#71 = CARTESIAN_POINT('',(-1.480355225689,-85.00021245126,0.));
#72 = CARTESIAN_POINT('',(-2.96788027818,-84.94955306903,0.));
#73 = CARTESIAN_POINT('',(-4.453357052889,-84.84801528915,0.));
#74 = CARTESIAN_POINT('',(-5.934752349945,-84.6958247435,0.));
#75 = CARTESIAN_POINT('',(-7.410099719027,-84.49341888096,0.));
#76 = CARTESIAN_POINT('',(-8.877497804736,-84.24143164666,0.));
#77 = CARTESIAN_POINT('',(-10.3351092069,-83.94068271024,0.));
#78 = CARTESIAN_POINT('',(-13.49068271809,-83.18016062937,0.));
#79 = CARTESIAN_POINT('',(-15.18416244594,-82.70136908699,0.));
#80 = CARTESIAN_POINT('',(-16.85868484886,-82.15742795183,0.));
#81 = CARTESIAN_POINT('',(-18.51165589482,-81.55026370818,0.));
#82 = CARTESIAN_POINT('',(-20.14077339976,-80.88202304334,0.));
#83 = CARTESIAN_POINT('',(-21.74400322668,-80.15501010143,0.));
#84 = CARTESIAN_POINT('',(-23.31955999466,-79.3716359365,0.));
#85 = CARTESIAN_POINT('',(-25.73064373236,-78.06616376068,0.));
#86 = CARTESIAN_POINT('',(-26.58626678354,-77.58109038141,0.));
#87 = CARTESIAN_POINT('',(-27.43249740441,-77.07958881848,0.));
#88 = CARTESIAN_POINT('',(-28.26909737735,-76.5620911784,0.));
#89 = CARTESIAN_POINT('',(-29.09585289474,-76.02903062816,0.));
#90 = CARTESIAN_POINT('',(-29.9125731398,-75.48083914053,0.));
#91 = CARTESIAN_POINT('',(-30.71908886737,-74.91794523959,0.));
#92 = CARTESIAN_POINT('',(-31.92839491246,-74.04126528211,0.));
#93 = CARTESIAN_POINT('',(-32.33875252105,-73.73791239535,0.));
#94 = CARTESIAN_POINT('',(-32.74629695746,-73.4307767798,0.));
#95 = CARTESIAN_POINT('',(-33.15101750302,-73.11991067605,0.));
#96 = CARTESIAN_POINT('',(-33.55289402881,-72.80537388744,0.));
#97 = CARTESIAN_POINT('',(-33.9519056959,-72.48722728758,0.));
#98 = CARTESIAN_POINT('',(-34.34804227348,-72.16552431006,0.));
#99 = CARTESIAN_POINT('',(-35.14281610817,-71.5082716209,0.));
#100 = CARTESIAN_POINT('',(-35.54407212297,-71.17030577307,0.));
#101 = CARTESIAN_POINT('',(-35.94498614758,-70.82638374336,0.));
#102 = CARTESIAN_POINT('',(-36.34548822875,-70.47646467294,0.));
#103 = CARTESIAN_POINT('',(-36.7455068046,-70.12050946881,0.));
#104 = CARTESIAN_POINT('',(-37.14496870458,-69.75848080379,0.));
#105 = CARTESIAN_POINT('',(-37.54379914948,-69.39034311654,0.));
#106 = CARTESIAN_POINT('',(-39.77625004836,-67.29158598724,0.));
#107 = CARTESIAN_POINT('',(-41.5383768009,-65.49046074572,0.));
#108 = CARTESIAN_POINT('',(-43.22741490384,-63.61898882633,0.));
#109 = CARTESIAN_POINT('',(-44.84289898802,-61.68313598099,0.));
#110 = CARTESIAN_POINT('',(-46.38472040477,-59.68847899447,0.));
#111 = CARTESIAN_POINT('',(-47.85306445531,-57.64015503859,0.));
#112 = CARTESIAN_POINT('',(-49.24834986536,-55.54281316048,0.));
#113 = CARTESIAN_POINT('',(-51.56451578993,-51.79189182637,0.));
#114 = CARTESIAN_POINT('',(-52.51695084856,-50.15797294636,0.));
#115 = CARTESIAN_POINT('',(-53.42870871965,-48.50059448454,0.));
#116 = CARTESIAN_POINT('',(-54.3000409161,-46.82144402196,0.));
#117 = CARTESIAN_POINT('',(-55.13121360484,-45.12211161562,0.));
#118 = CARTESIAN_POINT('',(-55.92250378698,-43.40408791321,0.));
#119 = CARTESIAN_POINT('',(-56.67419547786,-41.66876226787,0.));
#120 = CARTESIAN_POINT('',(-57.92389855363,-38.59644751951,0.));
#121 = CARTESIAN_POINT('',(-58.43885013606,-37.2663765633,0.));
#122 = CARTESIAN_POINT('',(-58.93155166127,-35.92776656446,0.));
#123 = CARTESIAN_POINT('',(-59.40211997043,-34.5811552317,0.));
#124 = CARTESIAN_POINT('',(-59.85066771913,-33.22705940231,0.));
#125 = CARTESIAN_POINT('',(-60.27730337732,-31.8659750421,0.));
#126 = CARTESIAN_POINT('',(-60.68213122939,-30.49837724545,0.));
#127 = CARTESIAN_POINT('',(-62.05524551814,-25.5751459059,0.));
#128 = CARTESIAN_POINT('',(-62.90020790232,-21.98540939732,0.));
#129 = CARTESIAN_POINT('',(-63.60198119813,-18.36302764792,0.));
#130 = CARTESIAN_POINT('',(-64.1619508892,-14.71515666292,0.));
#131 = CARTESIAN_POINT('',(-64.58116530252,-11.04861006335,0.));
#132 = CARTESIAN_POINT('',(-64.86037623068,-7.369866686697,0.));
#133 = CARTESIAN_POINT('',(-65.00000014504,-3.685067239227,0.));
#134 = CARTESIAN_POINT('',(-65.00000014504,3.6850672392,0.));
#135 = CARTESIAN_POINT('',(-64.86037623068,7.369866686672,0.));
#136 = CARTESIAN_POINT('',(-64.58116530253,11.048610063329,0.));
#137 = CARTESIAN_POINT('',(-64.1619508892,14.7151566629,0.));
#138 = CARTESIAN_POINT('',(-63.60198119813,18.363027647901,0.));
#139 = CARTESIAN_POINT('',(-62.90020790233,21.985409397303,0.));
#140 = CARTESIAN_POINT('',(-62.05524551815,25.575145905881,0.));
#141 = CARTESIAN_POINT('',(-60.6821312294,30.498377245436,0.));
#142 = CARTESIAN_POINT('',(-60.27730337733,31.865975042086,0.));
#143 = CARTESIAN_POINT('',(-59.85066771914,33.227059402289,0.));
#144 = CARTESIAN_POINT('',(-59.40211997044,34.58115523168,0.));
#145 = CARTESIAN_POINT('',(-58.93155166128,35.927766564438,0.));
#146 = CARTESIAN_POINT('',(-58.43885013607,37.266376563286,0.));
#147 = CARTESIAN_POINT('',(-57.92389855364,38.596447519489,0.));
#148 = CARTESIAN_POINT('',(-56.67419547787,41.668762267854,0.));
#149 = CARTESIAN_POINT('',(-55.92250378699,43.404087913199,0.));
#150 = CARTESIAN_POINT('',(-55.13121360485,45.122111615603,0.));
#151 = CARTESIAN_POINT('',(-54.30004091611,46.821444021944,0.));
#152 = CARTESIAN_POINT('',(-53.42870871966,48.500594484526,0.));
#153 = CARTESIAN_POINT('',(-52.51695084857,50.157972946348,0.));
#154 = CARTESIAN_POINT('',(-51.56451578994,51.791891826356,0.));
#155 = CARTESIAN_POINT('',(-49.24834986537,55.542813160476,0.));
#156 = CARTESIAN_POINT('',(-47.85306445532,57.640155038573,0.));
#157 = CARTESIAN_POINT('',(-46.38472040478,59.688478994452,0.));
#158 = CARTESIAN_POINT('',(-44.84289898803,61.683135980986,0.));
#159 = CARTESIAN_POINT('',(-43.22741490385,63.618988826327,0.));
#160 = CARTESIAN_POINT('',(-41.53837680092,65.490460745711,0.));
#161 = CARTESIAN_POINT('',(-39.77625004837,67.29158598723,0.));
#162 = CARTESIAN_POINT('',(-37.57999211035,69.356317596922,0.));
#163 = CARTESIAN_POINT('',(-37.21747748053,69.691495908428,0.));
#164 = CARTESIAN_POINT('',(-36.85443524832,70.021622905126,0.));
#165 = CARTESIAN_POINT('',(-36.4909217035,70.346725166212,0.));
#166 = CARTESIAN_POINT('',(-36.12699203934,70.666830491013,0.));
#167 = CARTESIAN_POINT('',(-35.76270035259,70.981967898987,0.));
#168 = CARTESIAN_POINT('',(-35.39809964349,71.29216762972,0.));
#169 = CARTESIAN_POINT('',(-34.74135554896,71.84169593382,0.));
#170 = CARTESIAN_POINT('',(-34.44930471343,72.082790645466,0.));
#171 = CARTESIAN_POINT('',(-34.15711587528,72.320761355607,0.));
#172 = CARTESIAN_POINT('',(-33.86481514005,72.555624540744,0.));
#173 = CARTESIAN_POINT('',(-33.57242815269,72.787397076146,0.));
#174 = CARTESIAN_POINT('',(-33.27998009756,73.01609623584,0.));
#175 = CARTESIAN_POINT('',(-32.98749569842,73.241739692619,0.));
#176 = CARTESIAN_POINT('',(-32.2574741191,73.797326036881,0.));
#177 = CARTESIAN_POINT('',(-31.81592626148,74.126550733788,0.));
#178 = CARTESIAN_POINT('',(-31.37005301985,74.452154078778,0.));
#179 = CARTESIAN_POINT('',(-30.91965451821,74.774165780809,0.));
#180 = CARTESIAN_POINT('',(-30.46462536979,75.09253078298,0.));
#181 = CARTESIAN_POINT('',(-30.00497573725,75.407107420626,0.));
#182 = CARTESIAN_POINT('',(-29.54082667739,75.717686329314,0.));
#183 = CARTESIAN_POINT('',(-28.55979825052,76.35922548463,0.));
#184 = CARTESIAN_POINT('',(-28.04330329702,76.688540603437,0.));
#185 = CARTESIAN_POINT('',(-27.52298528053,77.01183666047,0.));
#186 = CARTESIAN_POINT('',(-26.99889324204,77.329009261197,0.));
#187 = CARTESIAN_POINT('',(-26.47107983996,77.639954095496,0.));
#188 = CARTESIAN_POINT('',(-25.93960135013,77.944566937657,0.));
#189 = CARTESIAN_POINT('',(-25.40451766582,78.242743646381,0.));
#190 = CARTESIAN_POINT('',(-23.9305179447,79.040835189542,0.));
#191 = CARTESIAN_POINT('',(-22.98446107862,79.527568546087,0.));
#192 = CARTESIAN_POINT('',(-22.02805844509,79.994036888149,0.));
#193 = CARTESIAN_POINT('',(-21.06167952511,80.439702970283,0.));
#194 = CARTESIAN_POINT('',(-20.08572851968,80.864040107403,0.));
#195 = CARTESIAN_POINT('',(-19.10064633438,81.266536634326,0.));
#196 = CARTESIAN_POINT('',(-18.10691256397,81.646700365314,0.));
#197 = CARTESIAN_POINT('',(-15.04974033148,82.73718573518,0.));
#198 = CARTESIAN_POINT('',(-12.95994838068,83.374444753445,0.));
#199 = CARTESIAN_POINT('',(-10.84045914461,83.911645229843,0.));
#200 = CARTESIAN_POINT('',(-8.69644754176,84.345248070048,0.));
#201 = CARTESIAN_POINT('',(-6.533483907328,84.672421258988,0.));
#202 = CARTESIAN_POINT('',(-4.357549161976,84.891136632256,0.));
#203 = CARTESIAN_POINT('',(-2.175057131065,85.000312123904,0.));
#204 = CARTESIAN_POINT('',(2.188167484851,84.999687469975,0.));
#205 = CARTESIAN_POINT('',(4.369512457489,84.889999785171,0.));
#206 = CARTESIAN_POINT('',(6.544288904287,84.670887858669,0.));
#207 = CARTESIAN_POINT('',(8.706095125217,84.343433561172,0.));
#208 = CARTESIAN_POINT('',(10.848960400709,83.909662442244,0.));
#209 = CARTESIAN_POINT('',(12.967322802432,83.372402304924,0.));
#210 = CARTESIAN_POINT('',(15.056014133565,82.735187124351,0.));
#211 = CARTESIAN_POINT('',(18.089689574566,81.652729236412,0.));
#212 = CARTESIAN_POINT('',(19.061355305414,81.281459972291,0.));
#213 = CARTESIAN_POINT('',(20.024763227659,80.888835901308,0.));
#214 = CARTESIAN_POINT('',(20.979464458003,80.475316315149,0.));
#215 = CARTESIAN_POINT('',(21.92504542504,80.041378423304,0.));
#216 = CARTESIAN_POINT('',(22.861126101013,79.587513362463,0.));
#217 = CARTESIAN_POINT('',(23.787358233554,79.11422220591,0.));
#218 = CARTESIAN_POINT('',(26.469013183779,77.673344911126,0.));
#219 = CARTESIAN_POINT('',(28.19683383904,76.654399893899,0.));
#220 = CARTESIAN_POINT('',(29.884632628434,75.568799634266,0.));
#221 = CARTESIAN_POINT('',(31.530604224426,74.420228408545,0.));
#222 = CARTESIAN_POINT('',(33.133331958846,73.212349273137,0.));
#223 = CARTESIAN_POINT('',(34.691737531741,71.948733714676,0.));
#224 = CARTESIAN_POINT('',(36.205039356979,70.632803733507,0.));
#225 = CARTESIAN_POINT('',(39.547994048001,67.52368545456,0.));
#226 = CARTESIAN_POINT('',(41.348661947499,65.699562647578,0.));
#227 = CARTESIAN_POINT('',(43.073744774948,63.802087160667,0.));
#228 = CARTESIAN_POINT('',(44.722723548118,61.837571938247,0.));
#229 = CARTESIAN_POINT('',(46.295467035524,59.81191504218,0.));
#230 = CARTESIAN_POINT('',(47.792162683979,57.730543592954,0.));
#231 = CARTESIAN_POINT('',(49.213250208846,55.598360257918,0.));
#232 = CARTESIAN_POINT('',(52.460622033592,50.342505921038,0.));
#233 = CARTESIAN_POINT('',(54.211912418691,47.173224627987,0.));
#234 = CARTESIAN_POINT('',(55.815195219404,43.923952120684,0.));
#235 = CARTESIAN_POINT('',(57.27236964426,40.605692409133,0.));
#236 = CARTESIAN_POINT('',(58.585368415089,37.228396833402,0.));
#237 = CARTESIAN_POINT('',(59.756134194401,33.800957185399,0.));
#238 = CARTESIAN_POINT('',(60.786511309876,30.33116304326,0.));
#239 = CARTESIAN_POINT('',(62.513105525384,23.542531289518,0.));
#240 = CARTESIAN_POINT('',(63.226239669691,20.228620857396,0.));
#241 = CARTESIAN_POINT('',(63.818815083306,16.889580010274,0.));
#242 = CARTESIAN_POINT('',(64.2918342834,13.53084617929,0.));
#243 = CARTESIAN_POINT('',(64.646054308175,10.157634583675,0.));
#244 = CARTESIAN_POINT('',(64.882011712528,6.774942492341,0.));
#245 = CARTESIAN_POINT('',(65.000000072711,3.387547526029,0.));
#246 = CARTESIAN_POINT('',(65.,1.42108547152E-14,0.));
#247 = PCURVE('',#248,#284);
#248 = ( BOUNDED_SURFACE() B_SPLINE_SURFACE(2,2,(
    (#249,#250,#251,#252,#253)
    ,(#254,#255,#256,#257,#258)
    ,(#259,#260,#261,#262,#263)
    ,(#264,#265,#266,#267,#268)
    ,(#269,#270,#271,#272,#273)
    ,(#274,#275,#276,#277,#278)
    ,(#279,#280,#281,#282,#283
)),.UNSPECIFIED.,.T.,.F.,.F.) B_SPLINE_SURFACE_WITH_KNOTS((1,2,2,2,2,1),
  (3,2,3),(-2.094395102393,0.,2.094395102393,4.188790204786,
    6.28318530718,8.377580409573),(-1.570796326795,0.,1.570796326795),
.UNSPECIFIED.) GEOMETRIC_REPRESENTATION_ITEM() RATIONAL_B_SPLINE_SURFACE
((
    (1.,0.707106781187,1.,0.707106781187,1.)
    ,(0.5,0.353553390593,0.5,0.353553390593,0.5)
    ,(1.,0.707106781187,1.,0.707106781187,1.)
    ,(0.5,0.353553390593,0.5,0.353553390593,0.5)
    ,(1.,0.707106781187,1.,0.707106781187,1.)
    ,(0.5,0.353553390593,0.5,0.353553390593,0.5)
,(1.,0.707106781187,1.,0.707106781187,1.
))) REPRESENTATION_ITEM('') SURFACE() );
#249 = CARTESIAN_POINT('',(3.980102097229E-15,0.,-57.5));
#250 = CARTESIAN_POINT('',(65.,0.,-57.5));
#251 = CARTESIAN_POINT('',(65.,0.,0.));
#252 = CARTESIAN_POINT('',(65.,0.,57.5));
#253 = CARTESIAN_POINT('',(3.980102097229E-15,0.,57.5));
#254 = CARTESIAN_POINT('',(3.980102097229E-15,9.014889529162E-15,-57.5)
  );
#255 = CARTESIAN_POINT('',(65.,147.22431864335,-57.5));
#256 = CARTESIAN_POINT('',(65.,147.22431864335,0.));
#257 = CARTESIAN_POINT('',(65.,147.22431864335,57.5));
#258 = CARTESIAN_POINT('',(3.980102097229E-15,9.014889529162E-15,57.5));
#259 = CARTESIAN_POINT('',(-1.990051048614E-15,4.507444764581E-15,-57.5)
  );
#260 = CARTESIAN_POINT('',(-32.5,73.612159321677,-57.5));
#261 = CARTESIAN_POINT('',(-32.5,73.612159321677,0.));
#262 = CARTESIAN_POINT('',(-32.5,73.612159321677,57.5));
#263 = CARTESIAN_POINT('',(-1.990051048614E-15,4.507444764581E-15,57.5)
  );
#264 = CARTESIAN_POINT('',(-7.960204194458E-15,1.274795815263E-30,-57.5)
  );
#265 = CARTESIAN_POINT('',(-130.,2.081899558551E-14,-57.5));
#266 = CARTESIAN_POINT('',(-130.,2.081899558551E-14,0.));
#267 = CARTESIAN_POINT('',(-130.,2.081899558551E-14,57.5));
#268 = CARTESIAN_POINT('',(-7.960204194458E-15,1.274795815263E-30,57.5)
  );
#269 = CARTESIAN_POINT('',(-1.990051048614E-15,-4.507444764581E-15,-57.5
    ));
#270 = CARTESIAN_POINT('',(-32.5,-73.61215932167,-57.5));
#271 = CARTESIAN_POINT('',(-32.5,-73.61215932167,0.));
#272 = CARTESIAN_POINT('',(-32.5,-73.61215932167,57.5));
#273 = CARTESIAN_POINT('',(-1.990051048614E-15,-4.507444764581E-15,57.5)
  );
#274 = CARTESIAN_POINT('',(3.980102097229E-15,-9.014889529162E-15,-57.5)
  );
#275 = CARTESIAN_POINT('',(65.,-147.2243186433,-57.5));
#276 = CARTESIAN_POINT('',(65.,-147.2243186433,0.));
#277 = CARTESIAN_POINT('',(65.,-147.2243186433,57.5));
#278 = CARTESIAN_POINT('',(3.980102097229E-15,-9.014889529162E-15,57.5)
  );
#279 = CARTESIAN_POINT('',(3.980102097229E-15,0.,-57.5));
#280 = CARTESIAN_POINT('',(65.,0.,-57.5));
#281 = CARTESIAN_POINT('',(65.,0.,0.));
#282 = CARTESIAN_POINT('',(65.,0.,57.5));
#283 = CARTESIAN_POINT('',(3.980102097229E-15,0.,57.5));
#284 = DEFINITIONAL_REPRESENTATION('',(#285),#505);
#285 = B_SPLINE_CURVE_WITH_KNOTS('',8,(#286,#287,#288,#289,#290,#291,
    #292,#293,#294,#295,#296,#297,#298,#299,#300,#301,#302,#303,#304,
    #305,#306,#307,#308,#309,#310,#311,#312,#313,#314,#315,#316,#317,
    #318,#319,#320,#321,#322,#323,#324,#325,#326,#327,#328,#329,#330,
    #331,#332,#333,#334,#335,#336,#337,#338,#339,#340,#341,#342,#343,
    #344,#345,#346,#347,#348,#349,#350,#351,#352,#353,#354,#355,#356,
    #357,#358,#359,#360,#361,#362,#363,#364,#365,#366,#367,#368,#369,
    #370,#371,#372,#373,#374,#375,#376,#377,#378,#379,#380,#381,#382,
    #383,#384,#385,#386,#387,#388,#389,#390,#391,#392,#393,#394,#395,
    #396,#397,#398,#399,#400,#401,#402,#403,#404,#405,#406,#407,#408,
    #409,#410,#411,#412,#413,#414,#415,#416,#417,#418,#419,#420,#421,
    #422,#423,#424,#425,#426,#427,#428,#429,#430,#431,#432,#433,#434,
    #435,#436,#437,#438,#439,#440,#441,#442,#443,#444,#445,#446,#447,
    #448,#449,#450,#451,#452,#453,#454,#455,#456,#457,#458,#459,#460,
    #461,#462,#463,#464,#465,#466,#467,#468,#469,#470,#471,#472,#473,
    #474,#475,#476,#477,#478,#479,#480,#481,#482,#483,#484,#485,#486,
    #487,#488,#489,#490,#491,#492,#493,#494,#495,#496,#497,#498,#499,
    #500,#501,#502,#503,#504),.UNSPECIFIED.,.F.,.F.,(9,7,7,7,7,7,7,7,7,7
    ,7,7,7,7,7,7,7,7,7,7,7,7,7,7,7,7,7,7,7,7,7,9),(0.,5.676018709369E-02
    ,0.119587635615,0.163308969933,0.197527395372,0.215281414349,
    0.252518073583,0.277913369662,0.307935720004,0.324725041941,
    0.333458194669,0.342363941372,0.383396681877,0.414209384573,
    0.43745023189,0.497505433644,0.557560635399,0.580801482716,
    0.611614185412,0.652646925917,0.660743059282,0.667219965976,
    0.676917799124,0.687529356048,0.705957339218,0.743761998395,
    0.781547229104,0.79956280077,0.834285332982,0.878650771184,
    0.941313240791,1.),.UNSPECIFIED.);
#286 = CARTESIAN_POINT('',(6.28318530718,7.88860905221E-31));
#287 = CARTESIAN_POINT('',(6.235889872011,-7.297600740945E-16));
#288 = CARTESIAN_POINT('',(6.189816908291,7.120373689545E-18));
#289 = CARTESIAN_POINT('',(6.144807310559,-1.159462373073E-16));
#290 = CARTESIAN_POINT('',(6.100723394022,-4.757057292734E-16));
#291 = CARTESIAN_POINT('',(6.057442733803,-3.464939255788E-16));
#292 = CARTESIAN_POINT('',(6.014853124358,-4.136003769159E-17));
#293 = CARTESIAN_POINT('',(5.972848659064,-3.468816793591E-16));
#294 = CARTESIAN_POINT('',(5.885366822546,-2.48962896813E-16));
#295 = CARTESIAN_POINT('',(5.840006334727,-2.463880892427E-16));
#296 = CARTESIAN_POINT('',(5.795102042625,-2.439546803335E-16));
#297 = CARTESIAN_POINT('',(5.750527271803,-2.416716210427E-16));
#298 = CARTESIAN_POINT('',(5.706164064321,-2.395490418783E-16));
#299 = CARTESIAN_POINT('',(5.661897990544,-2.37598128942E-16));
#300 = CARTESIAN_POINT('',(5.617613232736,-2.358311024614E-16));
#301 = CARTESIAN_POINT('',(5.542268219054,-2.331689629871E-16));
#302 = CARTESIAN_POINT('',(5.511286446202,-2.321722762304E-16));
#303 = CARTESIAN_POINT('',(5.480199016574,-2.312757813546E-16));
#304 = CARTESIAN_POINT('',(5.448967369736,-2.304843805068E-16));
#305 = CARTESIAN_POINT('',(5.417554303572,-2.298032925031E-16));
#306 = CARTESIAN_POINT('',(5.385923089183,-2.292379567058E-16));
#307 = CARTESIAN_POINT('',(5.354036814299,-2.287939324681E-16));
#308 = CARTESIAN_POINT('',(5.296673227664,-2.282285864533E-16));
#309 = CARTESIAN_POINT('',(5.271310610962,-2.280581130692E-16));
#310 = CARTESIAN_POINT('',(5.245752824536,-2.279680400423E-16));
#311 = CARTESIAN_POINT('',(5.219983825781,-2.279610323998E-16));
#312 = CARTESIAN_POINT('',(5.193988572989,-2.28039688566E-16));
#313 = CARTESIAN_POINT('',(5.16775307156,-2.282064569717E-16));
#314 = CARTESIAN_POINT('',(5.141264703476,-2.284635348587E-16));
#315 = CARTESIAN_POINT('',(5.100632800711,-2.289939369022E-16));
#316 = CARTESIAN_POINT('',(5.086681835715,-2.29199927488E-16));
#317 = CARTESIAN_POINT('',(5.072658521503,-2.294309746753E-16));
#318 = CARTESIAN_POINT('',(5.058561533852,-2.296873055941E-16));
#319 = CARTESIAN_POINT('',(5.044389677579,-2.299691158751E-16));
#320 = CARTESIAN_POINT('',(5.030141916241,-2.302765646617E-16));
#321 = CARTESIAN_POINT('',(5.015817401837,-2.306097696223E-16));
#322 = CARTESIAN_POINT('',(4.971209468147,-2.317218238235E-16));
#323 = CARTESIAN_POINT('',(4.940659165225,-2.325885541299E-16));
#324 = CARTESIAN_POINT('',(4.909763222519,-2.335695846158E-16));
#325 = CARTESIAN_POINT('',(4.878519783518,-2.346646236756E-16));
#326 = CARTESIAN_POINT('',(4.846927396401,-2.358724423775E-16));
#327 = CARTESIAN_POINT('',(4.81498666438,-2.371907730835E-16));
#328 = CARTESIAN_POINT('',(4.782702658404,-2.386161606759E-16));
#329 = CARTESIAN_POINT('',(4.727845050516,-2.411855891934E-16));
#330 = CARTESIAN_POINT('',(4.705445429021,-2.42275088596E-16));
#331 = CARTESIAN_POINT('',(4.682892103468,-2.434108020411E-16));
#332 = CARTESIAN_POINT('',(4.660187072982,-2.44591097741E-16));
#333 = CARTESIAN_POINT('',(4.637331759924,-2.458141916738E-16));
#334 = CARTESIAN_POINT('',(4.614327299888,-2.470781607178E-16));
#335 = CARTESIAN_POINT('',(4.591174821825,-2.483809519201E-16));
#336 = CARTESIAN_POINT('',(4.540331489424,-2.513038707053E-16));
#337 = CARTESIAN_POINT('',(4.512580501104,-2.529386744734E-16));
#338 = CARTESIAN_POINT('',(4.484624673594,-2.546212318669E-16));
#339 = CARTESIAN_POINT('',(4.456463254563,-2.56347922067E-16));
#340 = CARTESIAN_POINT('',(4.428093408759,-2.581151212031E-16));
#341 = CARTESIAN_POINT('',(4.399510627311,-2.599192445573E-16));
#342 = CARTESIAN_POINT('',(4.370708956679,-2.617567805431E-16));
#343 = CARTESIAN_POINT('',(4.325447843969,-2.646686937794E-16));
#344 = CARTESIAN_POINT('',(4.309143680119,-2.657224668339E-16));
#345 = CARTESIAN_POINT('',(4.292767120667,-2.66785048436E-16));
#346 = CARTESIAN_POINT('',(4.276316530303,-2.678558663066E-16));
#347 = CARTESIAN_POINT('',(4.259790073657,-2.689343642031E-16));
#348 = CARTESIAN_POINT('',(4.243185715509,-2.700200030453E-16));
#349 = CARTESIAN_POINT('',(4.226501220993,-2.711122620419E-16));
#350 = CARTESIAN_POINT('',(4.201012580182,-2.728599462214E-16));
#351 = CARTESIAN_POINT('',(4.192394985341,-2.729325121076E-16));
#352 = CARTESIAN_POINT('',(4.183434368308,-2.747916531575E-16));
#353 = CARTESIAN_POINT('',(4.174768103656,-2.74263135005E-16));
#354 = CARTESIAN_POINT('',(4.166242990808,-2.73697358099E-16));
#355 = CARTESIAN_POINT('',(4.157556469888,-2.753222317017E-16));
#356 = CARTESIAN_POINT('',(4.149091065458,-2.74849585834E-16));
#357 = CARTESIAN_POINT('',(4.131979737638,-2.755806546718E-16));
#358 = CARTESIAN_POINT('',(4.123340357838,-2.758631598435E-16));
#359 = CARTESIAN_POINT('',(4.114700978037,-2.761454376502E-16));
#360 = CARTESIAN_POINT('',(4.106061598238,-2.764274391147E-16));
#361 = CARTESIAN_POINT('',(4.097422218442,-2.767091141254E-16));
#362 = CARTESIAN_POINT('',(4.088782838649,-2.769904114361E-16));
#363 = CARTESIAN_POINT('',(4.080143458854,-2.77271278666E-16));
#364 = CARTESIAN_POINT('',(4.03169860947,5.957565167786E-16));
#365 = CARTESIAN_POINT('',(3.993133853396,-3.617425111314E-16));
#366 = CARTESIAN_POINT('',(3.955702644787,-1.576043890349E-16));
#367 = CARTESIAN_POINT('',(3.919309211358,3.285620217207E-16));
#368 = CARTESIAN_POINT('',(3.883866912601,1.379634092557E-16));
#369 = CARTESIAN_POINT('',(3.8492962514,-2.726206722801E-16));
#370 = CARTESIAN_POINT('',(3.815523159226,1.658080626069E-16));
#371 = CARTESIAN_POINT('',(3.757662629857,3.405267407276E-17));
#372 = CARTESIAN_POINT('',(3.733259101124,3.506129851184E-17));
#373 = CARTESIAN_POINT('',(3.709237859939,3.602715600214E-17));
#374 = CARTESIAN_POINT('',(3.685571999312,3.695050369709E-17));
#375 = CARTESIAN_POINT('',(3.66223646959,3.783161407815E-17));
#376 = CARTESIAN_POINT('',(3.639207733995,3.867077099291E-17));
#377 = CARTESIAN_POINT('',(3.616463424168,3.946826569321E-17));
#378 = CARTESIAN_POINT('',(3.577025111026,4.079471213464E-17));
#379 = CARTESIAN_POINT('',(3.560217884446,4.134149011412E-17));
#380 = CARTESIAN_POINT('',(3.543551310928,4.186485088807E-17));
#381 = CARTESIAN_POINT('',(3.527016700309,4.23649141206E-17));
#382 = CARTESIAN_POINT('',(3.510605677303,4.284179506355E-17));
#383 = CARTESIAN_POINT('',(3.494310181502,4.329560455645E-17));
#384 = CARTESIAN_POINT('',(3.478122467371,4.372644902657E-17));
#385 = CARTESIAN_POINT('',(3.420464768011,4.518866705692E-17));
#386 = CARTESIAN_POINT('',(3.379567274501,4.609015226881E-17));
#387 = CARTESIAN_POINT('',(3.339208545132,4.684076936185E-17));
#388 = CARTESIAN_POINT('',(3.299270204481,4.744191853448E-17));
#389 = CARTESIAN_POINT('',(3.259643631101,4.789464406643E-17));
#390 = CARTESIAN_POINT('',(3.220224828936,4.819967755889E-17));
#391 = CARTESIAN_POINT('',(3.180910119322,4.835739729456E-17));
#392 = CARTESIAN_POINT('',(3.102275187858,4.837801044712E-17));
#393 = CARTESIAN_POINT('',(3.062960478244,4.824090235048E-17));
#394 = CARTESIAN_POINT('',(3.023541676078,4.795635809698E-17));
#395 = CARTESIAN_POINT('',(2.983915102699,4.752387649066E-17));
#396 = CARTESIAN_POINT('',(2.943976762047,4.694260153067E-17));
#397 = CARTESIAN_POINT('',(2.903618032679,4.621136367312E-17));
#398 = CARTESIAN_POINT('',(2.862720539169,4.532863729437E-17));
#399 = CARTESIAN_POINT('',(2.805062839809,4.389140401398E-17));
#400 = CARTESIAN_POINT('',(2.788875125678,4.346741885692E-17));
#401 = CARTESIAN_POINT('',(2.772579629877,4.302034951408E-17));
#402 = CARTESIAN_POINT('',(2.756168606871,4.255008218759E-17));
#403 = CARTESIAN_POINT('',(2.739633996252,4.205649865225E-17));
#404 = CARTESIAN_POINT('',(2.722967422734,4.153947625558E-17));
#405 = CARTESIAN_POINT('',(2.706160196154,4.099888791782E-17));
#406 = CARTESIAN_POINT('',(2.666721883012,3.96864741249E-17));
#407 = CARTESIAN_POINT('',(2.643977573185,3.889670402543E-17));
#408 = CARTESIAN_POINT('',(2.62094883759,3.806498000154E-17));
#409 = CARTESIAN_POINT('',(2.597613307868,3.71909935202E-17));
#410 = CARTESIAN_POINT('',(2.573947447241,3.627444345174E-17));
#411 = CARTESIAN_POINT('',(2.549926206056,3.531504017449E-17));
#412 = CARTESIAN_POINT('',(2.525522677323,3.431250967924E-17));
#413 = CARTESIAN_POINT('',(2.467662147953,3.187377484733E-17));
#414 = CARTESIAN_POINT('',(2.43388905578,3.040410920282E-17));
#415 = CARTESIAN_POINT('',(2.399318394578,2.885695449662E-17));
#416 = CARTESIAN_POINT('',(2.363876095822,2.723184961206E-17));
#417 = CARTESIAN_POINT('',(2.327482662393,2.552858073275E-17));
#418 = CARTESIAN_POINT('',(2.290051453784,2.374724593073E-17));
#419 = CARTESIAN_POINT('',(2.25148669771,2.18883221699E-17));
#420 = CARTESIAN_POINT('',(2.203827246491,1.957082573361E-17));
#421 = CARTESIAN_POINT('',(2.195973264859,1.918828091185E-17));
#422 = CARTESIAN_POINT('',(2.188119283227,1.880516113087E-17));
#423 = CARTESIAN_POINT('',(2.180265301594,1.84215261071E-17));
#424 = CARTESIAN_POINT('',(2.172411319959,1.80374344018E-17));
#425 = CARTESIAN_POINT('',(2.164557338323,1.765294342108E-17));
#426 = CARTESIAN_POINT('',(2.156703356687,1.726810941589E-17));
#427 = CARTESIAN_POINT('',(2.142566189748,1.657488992992E-17));
#428 = CARTESIAN_POINT('',(2.136283004441,1.626660808922E-17));
#429 = CARTESIAN_POINT('',(2.129999819134,1.595817015966E-17));
#430 = CARTESIAN_POINT('',(2.123716633827,1.564960385504E-17));
#431 = CARTESIAN_POINT('',(2.11743344852,1.53409364032E-17));
#432 = CARTESIAN_POINT('',(2.111150263212,1.5032194546E-17));
#433 = CARTESIAN_POINT('',(2.104867077905,1.472340453936E-17));
#434 = CARTESIAN_POINT('',(2.089176117311,1.277919459881E-17));
#435 = CARTESIAN_POINT('',(2.07969635998,1.723870488077E-17));
#436 = CARTESIAN_POINT('',(2.070350441809,1.213115666838E-17));
#437 = CARTESIAN_POINT('',(2.060851090376,1.828806924021E-17));
#438 = CARTESIAN_POINT('',(2.051483694863,1.453678279395E-17));
#439 = CARTESIAN_POINT('',(2.042027011217,1.718372703602E-17));
#440 = CARTESIAN_POINT('',(2.032609900639,1.69132040849E-17));
#441 = CARTESIAN_POINT('',(2.012873491963,1.800436293205E-17));
#442 = CARTESIAN_POINT('',(2.002591377358,1.850747477302E-17));
#443 = CARTESIAN_POINT('',(1.992338827881,1.900842520518E-17));
#444 = CARTESIAN_POINT('',(1.982115376386,1.950711570535E-17));
#445 = CARTESIAN_POINT('',(1.971920585804,2.000344588287E-17));
#446 = CARTESIAN_POINT('',(1.961754049136,2.049731347957E-17));
#447 = CARTESIAN_POINT('',(1.951615389458,2.098861436976E-17));
#448 = CARTESIAN_POINT('',(1.923945316748,2.232579230664E-17));
#449 = CARTESIAN_POINT('',(1.906469355228,2.316628407659E-17));
#450 = CARTESIAN_POINT('',(1.889074617248,2.39981616947E-17));
#451 = CARTESIAN_POINT('',(1.871759564164,2.482085578712E-17));
#452 = CARTESIAN_POINT('',(1.854522895976,2.563378582333E-17));
#453 = CARTESIAN_POINT('',(1.837363570507,2.643636215786E-17));
#454 = CARTESIAN_POINT('',(1.820280822572,2.72279880721E-17));
#455 = CARTESIAN_POINT('',(1.768385383839,2.960836819748E-17));
#456 = CARTESIAN_POINT('',(1.733812446121,3.116026316626E-17));
#457 = CARTESIAN_POINT('',(1.699556728699,3.265828866417E-17));
#458 = CARTESIAN_POINT('',(1.665618591908,3.40972354969E-17));
#459 = CARTESIAN_POINT('',(1.631998752397,3.547217446901E-17));
#460 = CARTESIAN_POINT('',(1.598699896304,3.677851562757E-17));
#461 = CARTESIAN_POINT('',(1.565728550936,3.801209561442E-17));
#462 = CARTESIAN_POINT('',(1.500482648776,4.03258961671E-17));
#463 = CARTESIAN_POINT('',(1.4681986428,4.140651982497E-17));
#464 = CARTESIAN_POINT('',(1.436257910779,4.24074805337E-17));
#465 = CARTESIAN_POINT('',(1.404665523661,4.332612380705E-17));
#466 = CARTESIAN_POINT('',(1.37342208466,4.416067921996E-17));
#467 = CARTESIAN_POINT('',(1.342526141955,4.491015078289E-17));
#468 = CARTESIAN_POINT('',(1.311975839033,4.557424271048E-17));
#469 = CARTESIAN_POINT('',(1.267367905343,4.642941839018E-17));
#470 = CARTESIAN_POINT('',(1.253043390939,4.668620684525E-17));
#471 = CARTESIAN_POINT('',(1.2387956296,4.692373111955E-17));
#472 = CARTESIAN_POINT('',(1.224623773328,4.714207132077E-17));
#473 = CARTESIAN_POINT('',(1.210526785677,4.73413387876E-17));
#474 = CARTESIAN_POINT('',(1.196503471465,4.752167238333E-17));
#475 = CARTESIAN_POINT('',(1.182552506469,4.768323478934E-17));
#476 = CARTESIAN_POINT('',(1.141920603704,4.810177167458E-17));
#477 = CARTESIAN_POINT('',(1.11543223562,4.830828348175E-17));
#478 = CARTESIAN_POINT('',(1.08919673419,4.844706138963E-17));
#479 = CARTESIAN_POINT('',(1.063201481399,4.851970355896E-17));
#480 = CARTESIAN_POINT('',(1.037432482644,4.852800041408E-17));
#481 = CARTESIAN_POINT('',(1.011874696217,4.847385906676E-17));
#482 = CARTESIAN_POINT('',(0.986512079516,4.835924089151E-17));
#483 = CARTESIAN_POINT('',(0.929148492881,4.796490345364E-17));
#484 = CARTESIAN_POINT('',(0.897262217997,4.764818671244E-17));
#485 = CARTESIAN_POINT('',(0.865631003608,4.724007444333E-17));
#486 = CARTESIAN_POINT('',(0.834217937444,4.674467719395E-17));
#487 = CARTESIAN_POINT('',(0.802986290606,4.616602469843E-17));
#488 = CARTESIAN_POINT('',(0.771898860977,4.550798997962E-17));
#489 = CARTESIAN_POINT('',(0.740917088125,4.477421650016E-17));
#490 = CARTESIAN_POINT('',(0.666332054273,4.282940310025E-17));
#491 = CARTESIAN_POINT('',(0.622802143404,4.15465721227E-17));
#492 = CARTESIAN_POINT('',(0.579292333127,4.012902016139E-17));
#493 = CARTESIAN_POINT('',(0.535692636662,3.858541762407E-17));
#494 = CARTESIAN_POINT('',(0.491894370331,3.692372581208E-17));
#495 = CARTESIAN_POINT('',(0.447785613286,3.515117850572E-17));
#496 = CARTESIAN_POINT('',(0.403246428501,3.327419354913E-17));
#497 = CARTESIAN_POINT('',(0.315898439533,3.585925067879E-17));
#498 = CARTESIAN_POINT('',(0.273165970094,1.298171414704E-17));
#499 = CARTESIAN_POINT('',(0.229836279987,3.080205081598E-17));
#500 = CARTESIAN_POINT('',(0.185797938129,3.789089005537E-17));
#501 = CARTESIAN_POINT('',(0.140932915815,1.236549892362E-17));
#502 = CARTESIAN_POINT('',(9.511230814094E-02,4.365952188646E-19));
#503 = CARTESIAN_POINT('',(4.819081762406E-02,4.438955291746E-17));
#504 = CARTESIAN_POINT('',(0.,1.183291357832E-30));
#505 = ( GEOMETRIC_REPRESENTATION_CONTEXT(2) 
PARAMETRIC_REPRESENTATION_CONTEXT() REPRESENTATION_CONTEXT('2D SPACE',''
  ) );
#506 = PCURVE('',#507,#512);
#507 = PLANE('',#508);
#508 = AXIS2_PLACEMENT_3D('',#509,#510,#511);
#509 = CARTESIAN_POINT('',(0.,0.,0.));
#510 = DIRECTION('',(0.,0.,1.));
#511 = DIRECTION('',(1.,0.,-0.));
#512 = DEFINITIONAL_REPRESENTATION('',(#513),#733);
#513 = B_SPLINE_CURVE_WITH_KNOTS('',8,(#514,#515,#516,#517,#518,#519,
    #520,#521,#522,#523,#524,#525,#526,#527,#528,#529,#530,#531,#532,
    #533,#534,#535,#536,#537,#538,#539,#540,#541,#542,#543,#544,#545,
    #546,#547,#548,#549,#550,#551,#552,#553,#554,#555,#556,#557,#558,
    #559,#560,#561,#562,#563,#564,#565,#566,#567,#568,#569,#570,#571,
    #572,#573,#574,#575,#576,#577,#578,#579,#580,#581,#582,#583,#584,
    #585,#586,#587,#588,#589,#590,#591,#592,#593,#594,#595,#596,#597,
    #598,#599,#600,#601,#602,#603,#604,#605,#606,#607,#608,#609,#610,
    #611,#612,#613,#614,#615,#616,#617,#618,#619,#620,#621,#622,#623,
    #624,#625,#626,#627,#628,#629,#630,#631,#632,#633,#634,#635,#636,
    #637,#638,#639,#640,#641,#642,#643,#644,#645,#646,#647,#648,#649,
    #650,#651,#652,#653,#654,#655,#656,#657,#658,#659,#660,#661,#662,
    #663,#664,#665,#666,#667,#668,#669,#670,#671,#672,#673,#674,#675,
    #676,#677,#678,#679,#680,#681,#682,#683,#684,#685,#686,#687,#688,
    #689,#690,#691,#692,#693,#694,#695,#696,#697,#698,#699,#700,#701,
    #702,#703,#704,#705,#706,#707,#708,#709,#710,#711,#712,#713,#714,
    #715,#716,#717,#718,#719,#720,#721,#722,#723,#724,#725,#726,#727,
    #728,#729,#730,#731,#732),.UNSPECIFIED.,.F.,.F.,(9,7,7,7,7,7,7,7,7,7
    ,7,7,7,7,7,7,7,7,7,7,7,7,7,7,7,7,7,7,7,7,7,9),(0.,5.676018709369E-02
    ,0.119587635615,0.163308969933,0.197527395372,0.215281414349,
    0.252518073583,0.277913369662,0.307935720004,0.324725041941,
    0.333458194669,0.342363941372,0.383396681877,0.414209384573,
    0.43745023189,0.497505433644,0.557560635399,0.580801482716,
    0.611614185412,0.652646925917,0.660743059282,0.667219965976,
    0.676917799124,0.687529356048,0.705957339218,0.743761998395,
    0.781547229104,0.79956280077,0.834285332982,0.878650771184,
    0.941313240791,1.),.UNSPECIFIED.);
#514 = CARTESIAN_POINT('',(65.,0.));
#515 = CARTESIAN_POINT('',(65.000000062687,-3.324606971792));
#516 = CARTESIAN_POINT('',(64.886355438167,-6.649076377026));
#517 = CARTESIAN_POINT('',(64.659083267842,-9.969097708321));
#518 = CARTESIAN_POINT('',(64.31791216713,-13.28015398786));
#519 = CARTESIAN_POINT('',(63.86234460178,-16.57752845422));
#520 = CARTESIAN_POINT('',(63.291676901201,-19.85630603849));
#521 = CARTESIAN_POINT('',(62.604976908809,-23.11136962979));
#522 = CARTESIAN_POINT('',(60.911124364647,-29.90825006809));
#523 = CARTESIAN_POINT('',(59.877723761117,-33.44288486853));
#524 = CARTESIAN_POINT('',(58.699165975453,-36.93439034078));
#525 = CARTESIAN_POINT('',(57.373520992108,-40.37462478772));
#526 = CARTESIAN_POINT('',(55.898747739605,-43.75427514907));
#527 = CARTESIAN_POINT('',(54.272812089571,-47.06290309387));
#528 = CARTESIAN_POINT('',(52.493710927846,-50.28895169093));
#529 = CARTESIAN_POINT('',(49.213250208856,-55.5983602579));
#530 = CARTESIAN_POINT('',(47.792162683983,-57.73054359294));
#531 = CARTESIAN_POINT('',(46.295467035532,-59.81191504217));
#532 = CARTESIAN_POINT('',(44.722723548129,-61.83757193823));
#533 = CARTESIAN_POINT('',(43.073744774957,-63.80208716065));
#534 = CARTESIAN_POINT('',(41.348661947505,-65.69956264756));
#535 = CARTESIAN_POINT('',(39.547994048013,-67.52368545454));
#536 = CARTESIAN_POINT('',(36.205039356993,-70.63280373349));
#537 = CARTESIAN_POINT('',(34.691737531747,-71.94873371466));
#538 = CARTESIAN_POINT('',(33.133331958857,-73.21234927312));
#539 = CARTESIAN_POINT('',(31.530604224443,-74.42022840853));
#540 = CARTESIAN_POINT('',(29.884632628445,-75.56879963425));
#541 = CARTESIAN_POINT('',(28.196833839046,-76.65439989389));
#542 = CARTESIAN_POINT('',(26.469013183796,-77.67334491111));
#543 = CARTESIAN_POINT('',(23.787358233566,-79.1142222059));
#544 = CARTESIAN_POINT('',(22.861126101026,-79.58751336245));
#545 = CARTESIAN_POINT('',(21.925045425054,-80.04137842329));
#546 = CARTESIAN_POINT('',(20.979464458016,-80.47531631514));
#547 = CARTESIAN_POINT('',(20.024763227671,-80.8888359013));
#548 = CARTESIAN_POINT('',(19.061355305426,-81.28145997228));
#549 = CARTESIAN_POINT('',(18.089689574581,-81.6527292364));
#550 = CARTESIAN_POINT('',(15.056014133578,-82.73518712434));
#551 = CARTESIAN_POINT('',(12.967322802446,-83.37240230492));
#552 = CARTESIAN_POINT('',(10.848960400723,-83.90966244224));
#553 = CARTESIAN_POINT('',(8.70609512523,-84.34343356116));
#554 = CARTESIAN_POINT('',(6.544288904301,-84.67088785866));
#555 = CARTESIAN_POINT('',(4.369512457504,-84.88999978517));
#556 = CARTESIAN_POINT('',(2.188167484865,-84.99968746997));
#557 = CARTESIAN_POINT('',(-1.480355225689,-85.00021245126));
#558 = CARTESIAN_POINT('',(-2.96788027818,-84.94955306903));
#559 = CARTESIAN_POINT('',(-4.453357052889,-84.84801528915));
#560 = CARTESIAN_POINT('',(-5.934752349945,-84.6958247435));
#561 = CARTESIAN_POINT('',(-7.410099719027,-84.49341888096));
#562 = CARTESIAN_POINT('',(-8.877497804736,-84.24143164666));
#563 = CARTESIAN_POINT('',(-10.3351092069,-83.94068271024));
#564 = CARTESIAN_POINT('',(-13.49068271809,-83.18016062937));
#565 = CARTESIAN_POINT('',(-15.18416244594,-82.70136908699));
#566 = CARTESIAN_POINT('',(-16.85868484886,-82.15742795183));
#567 = CARTESIAN_POINT('',(-18.51165589482,-81.55026370818));
#568 = CARTESIAN_POINT('',(-20.14077339976,-80.88202304334));
#569 = CARTESIAN_POINT('',(-21.74400322668,-80.15501010143));
#570 = CARTESIAN_POINT('',(-23.31955999466,-79.3716359365));
#571 = CARTESIAN_POINT('',(-25.73064373236,-78.06616376068));
#572 = CARTESIAN_POINT('',(-26.58626678354,-77.58109038141));
#573 = CARTESIAN_POINT('',(-27.43249740441,-77.07958881848));
#574 = CARTESIAN_POINT('',(-28.26909737735,-76.5620911784));
#575 = CARTESIAN_POINT('',(-29.09585289474,-76.02903062816));
#576 = CARTESIAN_POINT('',(-29.9125731398,-75.48083914053));
#577 = CARTESIAN_POINT('',(-30.71908886737,-74.91794523959));
#578 = CARTESIAN_POINT('',(-31.92839491246,-74.04126528211));
#579 = CARTESIAN_POINT('',(-32.33875252105,-73.73791239535));
#580 = CARTESIAN_POINT('',(-32.74629695746,-73.4307767798));
#581 = CARTESIAN_POINT('',(-33.15101750302,-73.11991067605));
#582 = CARTESIAN_POINT('',(-33.55289402881,-72.80537388744));
#583 = CARTESIAN_POINT('',(-33.9519056959,-72.48722728758));
#584 = CARTESIAN_POINT('',(-34.34804227348,-72.16552431006));
#585 = CARTESIAN_POINT('',(-35.14281610817,-71.5082716209));
#586 = CARTESIAN_POINT('',(-35.54407212297,-71.17030577307));
#587 = CARTESIAN_POINT('',(-35.94498614758,-70.82638374336));
#588 = CARTESIAN_POINT('',(-36.34548822875,-70.47646467294));
#589 = CARTESIAN_POINT('',(-36.7455068046,-70.12050946881));
#590 = CARTESIAN_POINT('',(-37.14496870458,-69.75848080379));
#591 = CARTESIAN_POINT('',(-37.54379914948,-69.39034311654));
#592 = CARTESIAN_POINT('',(-39.77625004836,-67.29158598724));
#593 = CARTESIAN_POINT('',(-41.5383768009,-65.49046074572));
#594 = CARTESIAN_POINT('',(-43.22741490384,-63.61898882633));
#595 = CARTESIAN_POINT('',(-44.84289898802,-61.68313598099));
#596 = CARTESIAN_POINT('',(-46.38472040477,-59.68847899447));
#597 = CARTESIAN_POINT('',(-47.85306445531,-57.64015503859));
#598 = CARTESIAN_POINT('',(-49.24834986536,-55.54281316048));
#599 = CARTESIAN_POINT('',(-51.56451578993,-51.79189182637));
#600 = CARTESIAN_POINT('',(-52.51695084856,-50.15797294636));
#601 = CARTESIAN_POINT('',(-53.42870871965,-48.50059448454));
#602 = CARTESIAN_POINT('',(-54.3000409161,-46.82144402196));
#603 = CARTESIAN_POINT('',(-55.13121360484,-45.12211161562));
#604 = CARTESIAN_POINT('',(-55.92250378698,-43.40408791321));
#605 = CARTESIAN_POINT('',(-56.67419547786,-41.66876226787));
#606 = CARTESIAN_POINT('',(-57.92389855363,-38.59644751951));
#607 = CARTESIAN_POINT('',(-58.43885013606,-37.2663765633));
#608 = CARTESIAN_POINT('',(-58.93155166127,-35.92776656446));
#609 = CARTESIAN_POINT('',(-59.40211997043,-34.5811552317));
#610 = CARTESIAN_POINT('',(-59.85066771913,-33.22705940231));
#611 = CARTESIAN_POINT('',(-60.27730337732,-31.8659750421));
#612 = CARTESIAN_POINT('',(-60.68213122939,-30.49837724545));
#613 = CARTESIAN_POINT('',(-62.05524551814,-25.5751459059));
#614 = CARTESIAN_POINT('',(-62.90020790232,-21.98540939732));
#615 = CARTESIAN_POINT('',(-63.60198119813,-18.36302764792));
#616 = CARTESIAN_POINT('',(-64.1619508892,-14.71515666292));
#617 = CARTESIAN_POINT('',(-64.58116530252,-11.04861006335));
#618 = CARTESIAN_POINT('',(-64.86037623068,-7.369866686697));
#619 = CARTESIAN_POINT('',(-65.00000014504,-3.685067239227));
#620 = CARTESIAN_POINT('',(-65.00000014504,3.6850672392));
#621 = CARTESIAN_POINT('',(-64.86037623068,7.369866686672));
#622 = CARTESIAN_POINT('',(-64.58116530253,11.048610063329));
#623 = CARTESIAN_POINT('',(-64.1619508892,14.7151566629));
#624 = CARTESIAN_POINT('',(-63.60198119813,18.363027647901));
#625 = CARTESIAN_POINT('',(-62.90020790233,21.985409397303));
#626 = CARTESIAN_POINT('',(-62.05524551815,25.575145905881));
#627 = CARTESIAN_POINT('',(-60.6821312294,30.498377245436));
#628 = CARTESIAN_POINT('',(-60.27730337733,31.865975042086));
#629 = CARTESIAN_POINT('',(-59.85066771914,33.227059402289));
#630 = CARTESIAN_POINT('',(-59.40211997044,34.58115523168));
#631 = CARTESIAN_POINT('',(-58.93155166128,35.927766564438));
#632 = CARTESIAN_POINT('',(-58.43885013607,37.266376563286));
#633 = CARTESIAN_POINT('',(-57.92389855364,38.596447519489));
#634 = CARTESIAN_POINT('',(-56.67419547787,41.668762267854));
#635 = CARTESIAN_POINT('',(-55.92250378699,43.404087913199));
#636 = CARTESIAN_POINT('',(-55.13121360485,45.122111615603));
#637 = CARTESIAN_POINT('',(-54.30004091611,46.821444021944));
#638 = CARTESIAN_POINT('',(-53.42870871966,48.500594484526));
#639 = CARTESIAN_POINT('',(-52.51695084857,50.157972946348));
#640 = CARTESIAN_POINT('',(-51.56451578994,51.791891826356));
#641 = CARTESIAN_POINT('',(-49.24834986537,55.542813160476));
#642 = CARTESIAN_POINT('',(-47.85306445532,57.640155038573));
#643 = CARTESIAN_POINT('',(-46.38472040478,59.688478994452));
#644 = CARTESIAN_POINT('',(-44.84289898803,61.683135980986));
#645 = CARTESIAN_POINT('',(-43.22741490385,63.618988826327));
#646 = CARTESIAN_POINT('',(-41.53837680092,65.490460745711));
#647 = CARTESIAN_POINT('',(-39.77625004837,67.29158598723));
#648 = CARTESIAN_POINT('',(-37.57999211035,69.356317596922));
#649 = CARTESIAN_POINT('',(-37.21747748053,69.691495908428));
#650 = CARTESIAN_POINT('',(-36.85443524832,70.021622905126));
#651 = CARTESIAN_POINT('',(-36.4909217035,70.346725166212));
#652 = CARTESIAN_POINT('',(-36.12699203934,70.666830491013));
#653 = CARTESIAN_POINT('',(-35.76270035259,70.981967898987));
#654 = CARTESIAN_POINT('',(-35.39809964349,71.29216762972));
#655 = CARTESIAN_POINT('',(-34.74135554896,71.84169593382));
#656 = CARTESIAN_POINT('',(-34.44930471343,72.082790645466));
#657 = CARTESIAN_POINT('',(-34.15711587528,72.320761355607));
#658 = CARTESIAN_POINT('',(-33.86481514005,72.555624540744));
#659 = CARTESIAN_POINT('',(-33.57242815269,72.787397076146));
#660 = CARTESIAN_POINT('',(-33.27998009756,73.01609623584));
#661 = CARTESIAN_POINT('',(-32.98749569842,73.241739692619));
#662 = CARTESIAN_POINT('',(-32.2574741191,73.797326036881));
#663 = CARTESIAN_POINT('',(-31.81592626148,74.126550733788));
#664 = CARTESIAN_POINT('',(-31.37005301985,74.452154078778));
#665 = CARTESIAN_POINT('',(-30.91965451821,74.774165780809));
#666 = CARTESIAN_POINT('',(-30.46462536979,75.09253078298));
#667 = CARTESIAN_POINT('',(-30.00497573725,75.407107420626));
#668 = CARTESIAN_POINT('',(-29.54082667739,75.717686329314));
#669 = CARTESIAN_POINT('',(-28.55979825052,76.35922548463));
#670 = CARTESIAN_POINT('',(-28.04330329702,76.688540603437));
#671 = CARTESIAN_POINT('',(-27.52298528053,77.01183666047));
#672 = CARTESIAN_POINT('',(-26.99889324204,77.329009261197));
#673 = CARTESIAN_POINT('',(-26.47107983996,77.639954095496));
#674 = CARTESIAN_POINT('',(-25.93960135013,77.944566937657));
#675 = CARTESIAN_POINT('',(-25.40451766582,78.242743646381));
#676 = CARTESIAN_POINT('',(-23.9305179447,79.040835189542));
#677 = CARTESIAN_POINT('',(-22.98446107862,79.527568546087));
#678 = CARTESIAN_POINT('',(-22.02805844509,79.994036888149));
#679 = CARTESIAN_POINT('',(-21.06167952511,80.439702970283));
#680 = CARTESIAN_POINT('',(-20.08572851968,80.864040107403));
#681 = CARTESIAN_POINT('',(-19.10064633438,81.266536634326));
#682 = CARTESIAN_POINT('',(-18.10691256397,81.646700365314));
#683 = CARTESIAN_POINT('',(-15.04974033148,82.73718573518));
#684 = CARTESIAN_POINT('',(-12.95994838068,83.374444753445));
#685 = CARTESIAN_POINT('',(-10.84045914461,83.911645229843));
#686 = CARTESIAN_POINT('',(-8.69644754176,84.345248070048));
#687 = CARTESIAN_POINT('',(-6.533483907328,84.672421258988));
#688 = CARTESIAN_POINT('',(-4.357549161976,84.891136632256));
#689 = CARTESIAN_POINT('',(-2.175057131065,85.000312123904));
#690 = CARTESIAN_POINT('',(2.188167484851,84.999687469975));
#691 = CARTESIAN_POINT('',(4.369512457489,84.889999785171));
#692 = CARTESIAN_POINT('',(6.544288904287,84.670887858669));
#693 = CARTESIAN_POINT('',(8.706095125217,84.343433561172));
#694 = CARTESIAN_POINT('',(10.848960400709,83.909662442244));
#695 = CARTESIAN_POINT('',(12.967322802432,83.372402304924));
#696 = CARTESIAN_POINT('',(15.056014133565,82.735187124351));
#697 = CARTESIAN_POINT('',(18.089689574566,81.652729236412));
#698 = CARTESIAN_POINT('',(19.061355305414,81.281459972291));
#699 = CARTESIAN_POINT('',(20.024763227659,80.888835901308));
#700 = CARTESIAN_POINT('',(20.979464458003,80.475316315149));
#701 = CARTESIAN_POINT('',(21.92504542504,80.041378423304));
#702 = CARTESIAN_POINT('',(22.861126101013,79.587513362463));
#703 = CARTESIAN_POINT('',(23.787358233554,79.11422220591));
#704 = CARTESIAN_POINT('',(26.469013183779,77.673344911126));
#705 = CARTESIAN_POINT('',(28.19683383904,76.654399893899));
#706 = CARTESIAN_POINT('',(29.884632628434,75.568799634266));
#707 = CARTESIAN_POINT('',(31.530604224426,74.420228408545));
#708 = CARTESIAN_POINT('',(33.133331958846,73.212349273137));
#709 = CARTESIAN_POINT('',(34.691737531741,71.948733714676));
#710 = CARTESIAN_POINT('',(36.205039356979,70.632803733507));
#711 = CARTESIAN_POINT('',(39.547994048001,67.52368545456));
#712 = CARTESIAN_POINT('',(41.348661947499,65.699562647578));
#713 = CARTESIAN_POINT('',(43.073744774948,63.802087160667));
#714 = CARTESIAN_POINT('',(44.722723548118,61.837571938247));
#715 = CARTESIAN_POINT('',(46.295467035524,59.81191504218));
#716 = CARTESIAN_POINT('',(47.792162683979,57.730543592954));
#717 = CARTESIAN_POINT('',(49.213250208846,55.598360257918));
#718 = CARTESIAN_POINT('',(52.460622033592,50.342505921038));
#719 = CARTESIAN_POINT('',(54.211912418691,47.173224627987));
#720 = CARTESIAN_POINT('',(55.815195219404,43.923952120684));
#721 = CARTESIAN_POINT('',(57.27236964426,40.605692409133));
#722 = CARTESIAN_POINT('',(58.585368415089,37.228396833402));
#723 = CARTESIAN_POINT('',(59.756134194401,33.800957185399));
#724 = CARTESIAN_POINT('',(60.786511309876,30.33116304326));
#725 = CARTESIAN_POINT('',(62.513105525384,23.542531289518));
#726 = CARTESIAN_POINT('',(63.226239669691,20.228620857396));
#727 = CARTESIAN_POINT('',(63.818815083306,16.889580010274));
#728 = CARTESIAN_POINT('',(64.2918342834,13.53084617929));
#729 = CARTESIAN_POINT('',(64.646054308175,10.157634583675));
#730 = CARTESIAN_POINT('',(64.882011712528,6.774942492341));
#731 = CARTESIAN_POINT('',(65.000000072711,3.387547526029));
#732 = CARTESIAN_POINT('',(65.,1.42108547152E-14));
#733 = ( GEOMETRIC_REPRESENTATION_CONTEXT(2) 
PARAMETRIC_REPRESENTATION_CONTEXT() REPRESENTATION_CONTEXT('2D SPACE',''
  ) );
#734 = ORIENTED_EDGE('',*,*,#735,.F.);
#735 = EDGE_CURVE('',#736,#22,#738,.T.);
#736 = VERTEX_POINT('',#737);
#737 = CARTESIAN_POINT('',(64.770344092433,-4.,4.));
#738 = SURFACE_CURVE('',#739,(#748,#760),.PCURVE_S1.);
#739 = B_SPLINE_CURVE_WITH_KNOTS('',4,(#740,#741,#742,#743,#744,#745,
    #746,#747),.UNSPECIFIED.,.F.,.F.,(5,3,5),(0.,0.503655502819,1.),
  .UNSPECIFIED.);
#740 = CARTESIAN_POINT('',(64.770344092433,-4.,4.));
#741 = CARTESIAN_POINT('',(64.810019560041,-4.,3.497255596023));
#742 = CARTESIAN_POINT('',(64.843055042861,-4.,2.99398798013));
#743 = CARTESIAN_POINT('',(64.869433448795,-4.,2.490328270329));
#744 = CARTESIAN_POINT('',(64.908572943916,-4.,1.489803952428));
#745 = CARTESIAN_POINT('',(64.921526145774,-4.,0.992946796202));
#746 = CARTESIAN_POINT('',(64.927997740457,-4.,0.495963783149));
#747 = CARTESIAN_POINT('',(64.927987781011,-4.,-1.018205567462E-03));
#748 = PCURVE('',#248,#749);
#749 = DEFINITIONAL_REPRESENTATION('',(#750),#759);
#750 = B_SPLINE_CURVE_WITH_KNOTS('',4,(#751,#752,#753,#754,#755,#756,
    #757,#758),.UNSPECIFIED.,.F.,.F.,(5,3,5),(0.,0.503655502819,1.),
  .UNSPECIFIED.);
#751 = CARTESIAN_POINT('',(6.226879028838,7.626117648872E-02));
#752 = CARTESIAN_POINT('',(6.22691301808,6.678955680386E-02));
#753 = CARTESIAN_POINT('',(6.226941264435,5.727440335298E-02));
#754 = CARTESIAN_POINT('',(6.226963794251,4.771483166851E-02));
#755 = CARTESIAN_POINT('',(6.226997203517,2.864445093701E-02));
#756 = CARTESIAN_POINT('',(6.227008247264,1.913506479835E-02));
#757 = CARTESIAN_POINT('',(6.227013764876,9.580403702959E-03));
#758 = CARTESIAN_POINT('',(6.227013756384,-1.96684850133E-05));
#759 = ( GEOMETRIC_REPRESENTATION_CONTEXT(2) 
PARAMETRIC_REPRESENTATION_CONTEXT() REPRESENTATION_CONTEXT('2D SPACE',''
  ) );
#760 = PCURVE('',#761,#766);
#761 = PLANE('',#762);
#762 = AXIS2_PLACEMENT_3D('',#763,#764,#765);
#763 = CARTESIAN_POINT('',(0.,-4.,4.));
#764 = DIRECTION('',(-0.,1.,0.));
#765 = DIRECTION('',(0.,0.,-1.));
#766 = DEFINITIONAL_REPRESENTATION('',(#767),#776);
#767 = B_SPLINE_CURVE_WITH_KNOTS('',4,(#768,#769,#770,#771,#772,#773,
    #774,#775),.UNSPECIFIED.,.F.,.F.,(5,3,5),(0.,0.503655502819,1.),
  .UNSPECIFIED.);
#768 = CARTESIAN_POINT('',(0.,-64.77034409243));
#769 = CARTESIAN_POINT('',(0.502744403977,-64.81001956004));
#770 = CARTESIAN_POINT('',(1.00601201987,-64.84305504286));
#771 = CARTESIAN_POINT('',(1.509671729671,-64.86943344879));
#772 = CARTESIAN_POINT('',(2.510196047572,-64.90857294391));
#773 = CARTESIAN_POINT('',(3.007053203798,-64.92152614577));
#774 = CARTESIAN_POINT('',(3.504036216851,-64.92799774045));
#775 = CARTESIAN_POINT('',(4.001018205567,-64.92798778101));
#776 = ( GEOMETRIC_REPRESENTATION_CONTEXT(2) 
PARAMETRIC_REPRESENTATION_CONTEXT() REPRESENTATION_CONTEXT('2D SPACE',''
  ) );
#777 = ORIENTED_EDGE('',*,*,#778,.F.);
#778 = EDGE_CURVE('',#779,#736,#781,.T.);
#779 = VERTEX_POINT('',#780);
#780 = CARTESIAN_POINT('',(64.842531375913,-2.07685596072E-14,4.));
#781 = SURFACE_CURVE('',#782,(#788,#797),.PCURVE_S1.);
#782 = B_SPLINE_CURVE_WITH_KNOTS('',4,(#783,#784,#785,#786,#787),
  .UNSPECIFIED.,.F.,.F.,(5,5),(0.,1.),.PIECEWISE_BEZIER_KNOTS.);
#783 = CARTESIAN_POINT('',(64.842531375913,9.769962616701E-15,4.));
#784 = CARTESIAN_POINT('',(64.842531375913,-1.000214496592,4.));
#785 = CARTESIAN_POINT('',(64.830501711022,-2.000430789313,4.));
#786 = CARTESIAN_POINT('',(64.806442235413,-3.000431947574,4.));
#787 = CARTESIAN_POINT('',(64.770344092433,-4.,4.));
#788 = PCURVE('',#248,#789);
#789 = DEFINITIONAL_REPRESENTATION('',(#790),#796);
#790 = B_SPLINE_CURVE_WITH_KNOTS('',4,(#791,#792,#793,#794,#795),
  .UNSPECIFIED.,.F.,.F.,(5,5),(0.,1.),.PIECEWISE_BEZIER_KNOTS.);
#791 = CARTESIAN_POINT('',(6.28318530718,7.626117686782E-02));
#792 = CARTESIAN_POINT('',(6.268921823778,7.626117686782E-02));
#793 = CARTESIAN_POINT('',(6.254787806156,7.626117686782E-02));
#794 = CARTESIAN_POINT('',(6.2407758716,7.626117686782E-02));
#795 = CARTESIAN_POINT('',(6.226879048729,7.626117686782E-02));
#796 = ( GEOMETRIC_REPRESENTATION_CONTEXT(2) 
PARAMETRIC_REPRESENTATION_CONTEXT() REPRESENTATION_CONTEXT('2D SPACE',''
  ) );
#797 = PCURVE('',#798,#803);
#798 = PLANE('',#799);
#799 = AXIS2_PLACEMENT_3D('',#800,#801,#802);
#800 = CARTESIAN_POINT('',(0.,4.,4.));
#801 = DIRECTION('',(0.,0.,-1.));
#802 = DIRECTION('',(0.,-1.,0.));
#803 = DEFINITIONAL_REPRESENTATION('',(#804),#810);
#804 = B_SPLINE_CURVE_WITH_KNOTS('',4,(#805,#806,#807,#808,#809),
  .UNSPECIFIED.,.F.,.F.,(5,5),(0.,1.),.PIECEWISE_BEZIER_KNOTS.);
#805 = CARTESIAN_POINT('',(4.,-64.84253137591));
#806 = CARTESIAN_POINT('',(5.000214496592,-64.84253137591));
#807 = CARTESIAN_POINT('',(6.000430789313,-64.83050171102));
#808 = CARTESIAN_POINT('',(7.000431947574,-64.80644223541));
#809 = CARTESIAN_POINT('',(8.,-64.77034409243));
#810 = ( GEOMETRIC_REPRESENTATION_CONTEXT(2) 
PARAMETRIC_REPRESENTATION_CONTEXT() REPRESENTATION_CONTEXT('2D SPACE',''
  ) );
#811 = ORIENTED_EDGE('',*,*,#812,.T.);
#812 = EDGE_CURVE('',#779,#813,#815,.T.);
#813 = VERTEX_POINT('',#814);
#814 = CARTESIAN_POINT('',(64.36781416939,-2.061651136986E-14,8.));
#815 = SEAM_CURVE('',#816,(#822,#831),.PCURVE_S1.);
#816 = ( BOUNDED_CURVE() B_SPLINE_CURVE(2,(#817,#818,#819,#820,#821),
.UNSPECIFIED.,.F.,.F.) B_SPLINE_CURVE_WITH_KNOTS((3,2,3),(4.712388980385
,6.28318530718,7.853981633974),.PIECEWISE_BEZIER_KNOTS.) CURVE() 
GEOMETRIC_REPRESENTATION_ITEM() RATIONAL_B_SPLINE_CURVE((1.,
0.707106781187,1.,0.707106781187,1.)) REPRESENTATION_ITEM('') );
#817 = CARTESIAN_POINT('',(-1.194030629169E-14,3.824387445788E-30,-57.5)
  );
#818 = CARTESIAN_POINT('',(65.,-2.08189955855E-14,-57.5));
#819 = CARTESIAN_POINT('',(65.,-2.081899558551E-14,-1.408343819019E-14)
  );
#820 = CARTESIAN_POINT('',(65.,-2.081899558551E-14,57.5));
#821 = CARTESIAN_POINT('',(1.990051048614E-14,-6.373979076313E-30,57.5)
  );
#822 = PCURVE('',#248,#823);
#823 = DEFINITIONAL_REPRESENTATION('',(#824),#830);
#824 = B_SPLINE_CURVE_WITH_KNOTS('',2,(#825,#826,#827,#828,#829),
  .UNSPECIFIED.,.F.,.F.,(3,2,3),(4.712388980385,6.28318530718,
    7.853981633974),.PIECEWISE_BEZIER_KNOTS.);
#825 = CARTESIAN_POINT('',(0.,-1.570796326795));
#826 = CARTESIAN_POINT('',(0.,-0.785398163397));
#827 = CARTESIAN_POINT('',(0.,-2.720481184601E-16));
#828 = CARTESIAN_POINT('',(0.,0.785398163397));
#829 = CARTESIAN_POINT('',(0.,1.570796326795));
#830 = ( GEOMETRIC_REPRESENTATION_CONTEXT(2) 
PARAMETRIC_REPRESENTATION_CONTEXT() REPRESENTATION_CONTEXT('2D SPACE',''
  ) );
#831 = PCURVE('',#248,#832);
#832 = DEFINITIONAL_REPRESENTATION('',(#833),#839);
#833 = B_SPLINE_CURVE_WITH_KNOTS('',2,(#834,#835,#836,#837,#838),
  .UNSPECIFIED.,.F.,.F.,(3,2,3),(4.712388980385,6.28318530718,
    7.853981633974),.PIECEWISE_BEZIER_KNOTS.);
#834 = CARTESIAN_POINT('',(6.28318530718,-1.570796326795));
#835 = CARTESIAN_POINT('',(6.28318530718,-0.785398163397));
#836 = CARTESIAN_POINT('',(6.28318530718,-2.720481184601E-16));
#837 = CARTESIAN_POINT('',(6.28318530718,0.785398163397));
#838 = CARTESIAN_POINT('',(6.28318530718,1.570796326795));
#839 = ( GEOMETRIC_REPRESENTATION_CONTEXT(2) 
PARAMETRIC_REPRESENTATION_CONTEXT() REPRESENTATION_CONTEXT('2D SPACE',''
  ) );
#840 = ORIENTED_EDGE('',*,*,#841,.T.);
#841 = EDGE_CURVE('',#813,#842,#844,.T.);
#842 = VERTEX_POINT('',#843);
#843 = CARTESIAN_POINT('',(64.076437911364,-8.,8.));
#844 = SURFACE_CURVE('',#845,(#851,#860),.PCURVE_S1.);
#845 = B_SPLINE_CURVE_WITH_KNOTS('',4,(#846,#847,#848,#849,#850),
  .UNSPECIFIED.,.F.,.F.,(5,5),(0.,1.),.PIECEWISE_BEZIER_KNOTS.);
#846 = CARTESIAN_POINT('',(64.36781416939,1.7763568394E-15,8.));
#847 = CARTESIAN_POINT('',(64.36781416939,-2.001758915901,8.));
#848 = CARTESIAN_POINT('',(64.319276156581,-4.003523640887,8.));
#849 = CARTESIAN_POINT('',(64.222199151223,-6.003535298997,8.));
#850 = CARTESIAN_POINT('',(64.076437911364,-8.,8.));
#851 = PCURVE('',#248,#852);
#852 = DEFINITIONAL_REPRESENTATION('',(#853),#859);
#853 = B_SPLINE_CURVE_WITH_KNOTS('',4,(#854,#855,#856,#857,#858),
  .UNSPECIFIED.,.F.,.F.,(5,5),(0.,1.),.PIECEWISE_BEZIER_KNOTS.);
#854 = CARTESIAN_POINT('',(6.28318530718,0.150920234086));
#855 = CARTESIAN_POINT('',(6.254428846836,0.150920234086));
#856 = CARTESIAN_POINT('',(6.226198654734,0.150920234086));
#857 = CARTESIAN_POINT('',(6.198433770297,0.150920234086));
#858 = CARTESIAN_POINT('',(6.171082507714,0.150920234086));
#859 = ( GEOMETRIC_REPRESENTATION_CONTEXT(2) 
PARAMETRIC_REPRESENTATION_CONTEXT() REPRESENTATION_CONTEXT('2D SPACE',''
  ) );
#860 = PCURVE('',#861,#866);
#861 = PLANE('',#862);
#862 = AXIS2_PLACEMENT_3D('',#863,#864,#865);
#863 = CARTESIAN_POINT('',(17.,-8.,8.));
#864 = DIRECTION('',(0.,0.,1.));
#865 = DIRECTION('',(0.,1.,0.));
#866 = DEFINITIONAL_REPRESENTATION('',(#867),#873);
#867 = B_SPLINE_CURVE_WITH_KNOTS('',4,(#868,#869,#870,#871,#872),
  .UNSPECIFIED.,.F.,.F.,(5,5),(0.,1.),.PIECEWISE_BEZIER_KNOTS.);
#868 = CARTESIAN_POINT('',(8.,-47.36781416939));
#869 = CARTESIAN_POINT('',(5.998241084099,-47.36781416939));
#870 = CARTESIAN_POINT('',(3.996476359113,-47.31927615658));
#871 = CARTESIAN_POINT('',(1.996464701003,-47.22219915122));
#872 = CARTESIAN_POINT('',(0.,-47.07643791136));
#873 = ( GEOMETRIC_REPRESENTATION_CONTEXT(2) 
PARAMETRIC_REPRESENTATION_CONTEXT() REPRESENTATION_CONTEXT('2D SPACE',''
  ) );
#874 = ORIENTED_EDGE('',*,*,#875,.T.);
#875 = EDGE_CURVE('',#842,#876,#878,.T.);
#876 = VERTEX_POINT('',#877);
#877 = CARTESIAN_POINT('',(50.313400686135,-8.,36.));
#878 = SURFACE_CURVE('',#879,(#906,#957),.PCURVE_S1.);
#879 = B_SPLINE_CURVE_WITH_KNOTS('',4,(#880,#881,#882,#883,#884,#885,
    #886,#887,#888,#889,#890,#891,#892,#893,#894,#895,#896,#897,#898,
    #899,#900,#901,#902,#903,#904,#905),.UNSPECIFIED.,.F.,.F.,(5,3,3,3,3
    ,3,3,3,5),(0.414996980312,0.530739925184,0.649614138879,
    0.770852378826,0.894967347597,1.021280665981,1.150265239082,
    1.281462015903,1.414996980312),.UNSPECIFIED.);
#880 = CARTESIAN_POINT('',(64.076437911364,-8.,8.));
#881 = CARTESIAN_POINT('',(63.932166575294,-8.,8.904268505516));
#882 = CARTESIAN_POINT('',(63.766268730445,-8.,9.805089366335));
#883 = CARTESIAN_POINT('',(63.578947929676,-8.,10.701698015906));
#884 = CARTESIAN_POINT('',(63.156393628588,-8.,12.509159208885));
#885 = CARTESIAN_POINT('',(62.920000603185,-8.,13.419741463528));
#886 = CARTESIAN_POINT('',(62.661621890463,-8.,14.324326302279));
#887 = CARTESIAN_POINT('',(62.09610803013,-8.,16.137887634008));
#888 = CARTESIAN_POINT('',(61.788104924157,-8.,17.046594223491));
#889 = CARTESIAN_POINT('',(61.458054768133,-8.,17.947520316885));
#890 = CARTESIAN_POINT('',(60.746493995156,-8.,19.753563610246));
#891 = CARTESIAN_POINT('',(60.36394752013,-8.,20.658273412361));
#892 = CARTESIAN_POINT('',(59.959330289081,-8.,21.553320495927));
#893 = CARTESIAN_POINT('',(59.099580619761,-8.,23.338393030076));
#894 = CARTESIAN_POINT('',(58.643679699922,-8.,24.22804897818));
#895 = CARTESIAN_POINT('',(58.16614461218,-8.,25.106270144082));
#896 = CARTESIAN_POINT('',(57.158597871676,-8.,26.856898126892));
#897 = CARTESIAN_POINT('',(56.627689329804,-8.,27.728789286265));
#898 = CARTESIAN_POINT('',(56.075626700474,-8.,28.587427607995));
#899 = CARTESIAN_POINT('',(54.920862078142,-8.,30.291534537042));
#900 = CARTESIAN_POINT('',(54.317453314031,-8.,31.136524609735));
#901 = CARTESIAN_POINT('',(53.693709475791,-8.,31.966600398186));
#902 = CARTESIAN_POINT('',(52.395686862628,-8.,33.61042173728));
#903 = CARTESIAN_POINT('',(51.720705000199,-8.,34.423612363558));
#904 = CARTESIAN_POINT('',(51.02632777374,-8.,35.220286123507));
#905 = CARTESIAN_POINT('',(50.313400686135,-8.,36.));
#906 = PCURVE('',#248,#907);
#907 = DEFINITIONAL_REPRESENTATION('',(#908),#956);
#908 = B_SPLINE_CURVE_WITH_KNOTS('',3,(#909,#910,#911,#912,#913,#914,
    #915,#916,#917,#918,#919,#920,#921,#922,#923,#924,#925,#926,#927,
    #928,#929,#930,#931,#932,#933,#934,#935,#936,#937,#938,#939,#940,
    #941,#942,#943,#944,#945,#946,#947,#948,#949,#950,#951,#952,#953,
    #954,#955),.UNSPECIFIED.,.F.,.F.,(4,1,1,1,1,1,1,1,1,1,1,1,1,1,1,1,1,
    1,1,1,1,1,1,1,1,1,1,1,1,1,1,1,1,1,1,1,1,1,1,1,1,1,1,1,4),(
    0.414996980312,0.43772425304,0.460451525767,0.483178798494,
    0.505906071221,0.528633343949,0.551360616676,0.574087889403,
    0.59681516213,0.619542434858,0.642269707585,0.664996980312,
    0.68772425304,0.710451525767,0.733178798494,0.755906071221,
    0.778633343949,0.801360616676,0.824087889403,0.84681516213,
    0.869542434858,0.892269707585,0.914996980312,0.93772425304,
    0.960451525767,0.983178798494,1.005906071221,1.028633343949,
    1.051360616676,1.074087889403,1.09681516213,1.119542434858,
    1.142269707585,1.164996980312,1.18772425304,1.210451525767,
    1.233178798494,1.255906071221,1.278633343949,1.301360616676,
    1.324087889403,1.34681516213,1.369542434858,1.392269707585,
    1.414996980312),.QUASI_UNIFORM_KNOTS.);
#909 = CARTESIAN_POINT('',(6.171082490153,0.150920234086));
#910 = CARTESIAN_POINT('',(6.171018465887,0.15530346462));
#911 = CARTESIAN_POINT('',(6.170884548584,0.164049469264));
#912 = CARTESIAN_POINT('',(6.170665933453,0.177107987121));
#913 = CARTESIAN_POINT('',(6.170429450804,0.190106898132));
#914 = CARTESIAN_POINT('',(6.170174956467,0.203047077212));
#915 = CARTESIAN_POINT('',(6.169902295682,0.215929392211));
#916 = CARTESIAN_POINT('',(6.16961130132,0.22875470513));
#917 = CARTESIAN_POINT('',(6.169301793895,0.241523874718));
#918 = CARTESIAN_POINT('',(6.168973581227,0.254237752466));
#919 = CARTESIAN_POINT('',(6.168626457919,0.266897187636));
#920 = CARTESIAN_POINT('',(6.168260205122,0.279503024591));
#921 = CARTESIAN_POINT('',(6.167874590196,0.292056102115));
#922 = CARTESIAN_POINT('',(6.167469365953,0.304557259452));
#923 = CARTESIAN_POINT('',(6.167044270543,0.317007329177));
#924 = CARTESIAN_POINT('',(6.166599026584,0.329407143153));
#925 = CARTESIAN_POINT('',(6.166133340784,0.341757530516));
#926 = CARTESIAN_POINT('',(6.165646903563,0.35405931561));
#927 = CARTESIAN_POINT('',(6.165139388002,0.366313324011));
#928 = CARTESIAN_POINT('',(6.164610449613,0.378520376966));
#929 = CARTESIAN_POINT('',(6.164059725291,0.390681294808));
#930 = CARTESIAN_POINT('',(6.163486832659,0.402796896574));
#931 = CARTESIAN_POINT('',(6.162891369432,0.4148679987));
#932 = CARTESIAN_POINT('',(6.162272912529,0.426895415819));
#933 = CARTESIAN_POINT('',(6.161631016951,0.438879963332));
#934 = CARTESIAN_POINT('',(6.160965215146,0.450822453345));
#935 = CARTESIAN_POINT('',(6.160275015652,0.462723697996));
#936 = CARTESIAN_POINT('',(6.15955990221,0.474584508083));
#937 = CARTESIAN_POINT('',(6.158819332844,0.486405691675));
#938 = CARTESIAN_POINT('',(6.15805273814,0.498188057941));
#939 = CARTESIAN_POINT('',(6.157259520401,0.509932413914));
#940 = CARTESIAN_POINT('',(6.156439051942,0.521639565798));
#941 = CARTESIAN_POINT('',(6.155590673687,0.533310318887));
#942 = CARTESIAN_POINT('',(6.154713693705,0.544945477055));
#943 = CARTESIAN_POINT('',(6.153807385687,0.556545842018));
#944 = CARTESIAN_POINT('',(6.152870986654,0.568112216323));
#945 = CARTESIAN_POINT('',(6.151903695596,0.579645400003));
#946 = CARTESIAN_POINT('',(6.150904671006,0.591146192266));
#947 = CARTESIAN_POINT('',(6.149873028895,0.602615390826));
#948 = CARTESIAN_POINT('',(6.148807840565,0.614053791562));
#949 = CARTESIAN_POINT('',(6.147708130139,0.625462188433));
#950 = CARTESIAN_POINT('',(6.146572871467,0.636841374963));
#951 = CARTESIAN_POINT('',(6.145400986223,0.648192142166));
#952 = CARTESIAN_POINT('',(6.144191338316,0.659515279266));
#953 = CARTESIAN_POINT('',(6.142942739087,0.670811573553));
#954 = CARTESIAN_POINT('',(6.142083521629,0.678325063805));
#955 = CARTESIAN_POINT('',(6.141646999942,0.68207759659));
#956 = ( GEOMETRIC_REPRESENTATION_CONTEXT(2) 
PARAMETRIC_REPRESENTATION_CONTEXT() REPRESENTATION_CONTEXT('2D SPACE',''
  ) );
#957 = PCURVE('',#958,#963);
#958 = PLANE('',#959);
#959 = AXIS2_PLACEMENT_3D('',#960,#961,#962);
#960 = CARTESIAN_POINT('',(17.,-8.,36.));
#961 = DIRECTION('',(-0.,1.,0.));
#962 = DIRECTION('',(0.,0.,-1.));
#963 = DEFINITIONAL_REPRESENTATION('',(#964),#991);
#964 = B_SPLINE_CURVE_WITH_KNOTS('',4,(#965,#966,#967,#968,#969,#970,
    #971,#972,#973,#974,#975,#976,#977,#978,#979,#980,#981,#982,#983,
    #984,#985,#986,#987,#988,#989,#990),.UNSPECIFIED.,.F.,.F.,(5,3,3,3,3
    ,3,3,3,5),(0.414996980312,0.530739925184,0.649614138879,
    0.770852378826,0.894967347597,1.021280665981,1.150265239082,
    1.281462015903,1.414996980312),.UNSPECIFIED.);
#965 = CARTESIAN_POINT('',(28.,-47.07643791136));
#966 = CARTESIAN_POINT('',(27.095731494484,-46.93216657529));
#967 = CARTESIAN_POINT('',(26.194910633665,-46.76626873044));
#968 = CARTESIAN_POINT('',(25.298301984094,-46.57894792967));
#969 = CARTESIAN_POINT('',(23.490840791115,-46.15639362858));
#970 = CARTESIAN_POINT('',(22.580258536472,-45.92000060318));
#971 = CARTESIAN_POINT('',(21.675673697721,-45.66162189046));
#972 = CARTESIAN_POINT('',(19.862112365992,-45.09610803013));
#973 = CARTESIAN_POINT('',(18.953405776509,-44.78810492415));
#974 = CARTESIAN_POINT('',(18.052479683115,-44.45805476813));
#975 = CARTESIAN_POINT('',(16.246436389754,-43.74649399515));
#976 = CARTESIAN_POINT('',(15.341726587639,-43.36394752013));
#977 = CARTESIAN_POINT('',(14.446679504073,-42.95933028908));
#978 = CARTESIAN_POINT('',(12.661606969924,-42.09958061976));
#979 = CARTESIAN_POINT('',(11.77195102182,-41.64367969992));
#980 = CARTESIAN_POINT('',(10.893729855918,-41.16614461218));
#981 = CARTESIAN_POINT('',(9.143101873108,-40.15859787167));
#982 = CARTESIAN_POINT('',(8.271210713735,-39.6276893298));
#983 = CARTESIAN_POINT('',(7.412572392005,-39.07562670047));
#984 = CARTESIAN_POINT('',(5.708465462958,-37.92086207814));
#985 = CARTESIAN_POINT('',(4.863475390265,-37.31745331403));
#986 = CARTESIAN_POINT('',(4.033399601814,-36.69370947579));
#987 = CARTESIAN_POINT('',(2.38957826272,-35.39568686262));
#988 = CARTESIAN_POINT('',(1.576387636442,-34.72070500019));
#989 = CARTESIAN_POINT('',(0.779713876493,-34.02632777374));
#990 = CARTESIAN_POINT('',(0.,-33.31340068613));
#991 = ( GEOMETRIC_REPRESENTATION_CONTEXT(2) 
PARAMETRIC_REPRESENTATION_CONTEXT() REPRESENTATION_CONTEXT('2D SPACE',''
  ) );
#992 = ORIENTED_EDGE('',*,*,#993,.F.);
#993 = EDGE_CURVE('',#994,#876,#996,.T.);
#994 = VERTEX_POINT('',#995);
#995 = CARTESIAN_POINT('',(50.683960916052,-1.623367936257E-14,36.));
#996 = SURFACE_CURVE('',#997,(#1003,#1012),.PCURVE_S1.);
#997 = B_SPLINE_CURVE_WITH_KNOTS('',4,(#998,#999,#1000,#1001,#1002),
  .UNSPECIFIED.,.F.,.F.,(5,5),(0.,1.),.PIECEWISE_BEZIER_KNOTS.);
#998 = CARTESIAN_POINT('',(50.683960916052,1.06581410364E-14,36.));
#999 = CARTESIAN_POINT('',(50.683960916052,-2.002841359877,36.));
#1000 = CARTESIAN_POINT('',(50.622251776353,-4.00569361465,36.));
#1001 = CARTESIAN_POINT('',(50.49883104792,-6.005721945883,36.));
#1002 = CARTESIAN_POINT('',(50.313400686135,-8.,36.));
#1003 = PCURVE('',#248,#1004);
#1004 = DEFINITIONAL_REPRESENTATION('',(#1005),#1011);
#1005 = B_SPLINE_CURVE_WITH_KNOTS('',4,(#1006,#1007,#1008,#1009,#1010),
  .UNSPECIFIED.,.F.,.F.,(5,5),(0.,1.),.PIECEWISE_BEZIER_KNOTS.);
#1006 = CARTESIAN_POINT('',(6.28318530718,0.68207759659));
#1007 = CARTESIAN_POINT('',(6.246645317435,0.68207759659));
#1008 = CARTESIAN_POINT('',(6.210954886453,0.68207759659));
#1009 = CARTESIAN_POINT('',(6.175989221477,0.68207759659));
#1010 = CARTESIAN_POINT('',(6.141647012762,0.68207759659));
#1011 = ( GEOMETRIC_REPRESENTATION_CONTEXT(2) 
PARAMETRIC_REPRESENTATION_CONTEXT() REPRESENTATION_CONTEXT('2D SPACE',''
  ) );
#1012 = PCURVE('',#1013,#1018);
#1013 = PLANE('',#1014);
#1014 = AXIS2_PLACEMENT_3D('',#1015,#1016,#1017);
#1015 = CARTESIAN_POINT('',(17.,8.,36.));
#1016 = DIRECTION('',(0.,0.,-1.));
#1017 = DIRECTION('',(0.,-1.,0.));
#1018 = DEFINITIONAL_REPRESENTATION('',(#1019),#1025);
#1019 = B_SPLINE_CURVE_WITH_KNOTS('',4,(#1020,#1021,#1022,#1023,#1024),
  .UNSPECIFIED.,.F.,.F.,(5,5),(0.,1.),.PIECEWISE_BEZIER_KNOTS.);
#1020 = CARTESIAN_POINT('',(8.,-33.68396091605));
#1021 = CARTESIAN_POINT('',(10.002841359877,-33.68396091605));
#1022 = CARTESIAN_POINT('',(12.00569361465,-33.62225177635));
#1023 = CARTESIAN_POINT('',(14.005721945883,-33.49883104792));
#1024 = CARTESIAN_POINT('',(16.,-33.31340068613));
#1025 = ( GEOMETRIC_REPRESENTATION_CONTEXT(2) 
PARAMETRIC_REPRESENTATION_CONTEXT() REPRESENTATION_CONTEXT('2D SPACE',''
  ) );
#1026 = ORIENTED_EDGE('',*,*,#1027,.T.);
#1027 = EDGE_CURVE('',#994,#1028,#1030,.T.);
#1028 = VERTEX_POINT('',#1029);
#1029 = CARTESIAN_POINT('',(3.980102097229E-15,-1.274795815263E-30,57.5)
  );
#1030 = SEAM_CURVE('',#1031,(#1037,#1046),.PCURVE_S1.);
#1031 = ( BOUNDED_CURVE() B_SPLINE_CURVE(2,(#1032,#1033,#1034,#1035,
#1036),.UNSPECIFIED.,.F.,.F.) B_SPLINE_CURVE_WITH_KNOTS((3,2,3),(
    4.712388980385,6.28318530718,7.853981633974),
.PIECEWISE_BEZIER_KNOTS.) CURVE() GEOMETRIC_REPRESENTATION_ITEM() 
RATIONAL_B_SPLINE_CURVE((1.,0.707106781187,1.,0.707106781187,1.)) 
REPRESENTATION_ITEM('') );
#1032 = CARTESIAN_POINT('',(-1.194030629169E-14,3.824387445788E-30,-57.5
    ));
#1033 = CARTESIAN_POINT('',(65.,-2.08189955855E-14,-57.5));
#1034 = CARTESIAN_POINT('',(65.,-2.081899558551E-14,-1.408343819019E-14)
  );
#1035 = CARTESIAN_POINT('',(65.,-2.081899558551E-14,57.5));
#1036 = CARTESIAN_POINT('',(1.990051048614E-14,-6.373979076313E-30,57.5)
  );
#1037 = PCURVE('',#248,#1038);
#1038 = DEFINITIONAL_REPRESENTATION('',(#1039),#1045);
#1039 = B_SPLINE_CURVE_WITH_KNOTS('',2,(#1040,#1041,#1042,#1043,#1044),
  .UNSPECIFIED.,.F.,.F.,(3,2,3),(4.712388980385,6.28318530718,
    7.853981633974),.PIECEWISE_BEZIER_KNOTS.);
#1040 = CARTESIAN_POINT('',(0.,-1.570796326795));
#1041 = CARTESIAN_POINT('',(0.,-0.785398163397));
#1042 = CARTESIAN_POINT('',(0.,-2.720481184601E-16));
#1043 = CARTESIAN_POINT('',(0.,0.785398163397));
#1044 = CARTESIAN_POINT('',(0.,1.570796326795));
#1045 = ( GEOMETRIC_REPRESENTATION_CONTEXT(2) 
PARAMETRIC_REPRESENTATION_CONTEXT() REPRESENTATION_CONTEXT('2D SPACE',''
  ) );
#1046 = PCURVE('',#248,#1047);
#1047 = DEFINITIONAL_REPRESENTATION('',(#1048),#1054);
#1048 = B_SPLINE_CURVE_WITH_KNOTS('',2,(#1049,#1050,#1051,#1052,#1053),
  .UNSPECIFIED.,.F.,.F.,(3,2,3),(4.712388980385,6.28318530718,
    7.853981633974),.PIECEWISE_BEZIER_KNOTS.);
#1049 = CARTESIAN_POINT('',(6.28318530718,-1.570796326795));
#1050 = CARTESIAN_POINT('',(6.28318530718,-0.785398163397));
#1051 = CARTESIAN_POINT('',(6.28318530718,-2.720481184601E-16));
#1052 = CARTESIAN_POINT('',(6.28318530718,0.785398163397));
#1053 = CARTESIAN_POINT('',(6.28318530718,1.570796326795));
#1054 = ( GEOMETRIC_REPRESENTATION_CONTEXT(2) 
PARAMETRIC_REPRESENTATION_CONTEXT() REPRESENTATION_CONTEXT('2D SPACE',''
  ) );
#1055 = ORIENTED_EDGE('',*,*,#1027,.F.);
#1056 = ORIENTED_EDGE('',*,*,#1057,.F.);
#1057 = EDGE_CURVE('',#1058,#994,#1060,.T.);
#1058 = VERTEX_POINT('',#1059);
#1059 = CARTESIAN_POINT('',(50.313400686135,8.,36.));
#1060 = SURFACE_CURVE('',#1061,(#1067,#1076),.PCURVE_S1.);
#1061 = B_SPLINE_CURVE_WITH_KNOTS('',4,(#1062,#1063,#1064,#1065,#1066),
  .UNSPECIFIED.,.F.,.F.,(5,5),(0.,1.),.PIECEWISE_BEZIER_KNOTS.);
#1062 = CARTESIAN_POINT('',(50.313400686135,8.,36.));
#1063 = CARTESIAN_POINT('',(50.49883104792,6.005721945883,36.));
#1064 = CARTESIAN_POINT('',(50.622251776353,4.00569361465,36.));
#1065 = CARTESIAN_POINT('',(50.683960916052,2.002841359877,36.));
#1066 = CARTESIAN_POINT('',(50.683960916052,7.993605777301E-15,36.));
#1067 = PCURVE('',#248,#1068);
#1068 = DEFINITIONAL_REPRESENTATION('',(#1069),#1075);
#1069 = B_SPLINE_CURVE_WITH_KNOTS('',4,(#1070,#1071,#1072,#1073,#1074),
  .UNSPECIFIED.,.F.,.F.,(5,5),(0.,1.),.PIECEWISE_BEZIER_KNOTS.);
#1070 = CARTESIAN_POINT('',(0.141538294418,0.68207759659));
#1071 = CARTESIAN_POINT('',(0.107196085703,0.68207759659));
#1072 = CARTESIAN_POINT('',(7.223042072676E-02,0.68207759659));
#1073 = CARTESIAN_POINT('',(3.653998974417E-02,0.68207759659));
#1074 = CARTESIAN_POINT('',(0.,0.68207759659));
#1075 = ( GEOMETRIC_REPRESENTATION_CONTEXT(2) 
PARAMETRIC_REPRESENTATION_CONTEXT() REPRESENTATION_CONTEXT('2D SPACE',''
  ) );
#1076 = PCURVE('',#1013,#1077);
#1077 = DEFINITIONAL_REPRESENTATION('',(#1078),#1084);
#1078 = B_SPLINE_CURVE_WITH_KNOTS('',4,(#1079,#1080,#1081,#1082,#1083),
  .UNSPECIFIED.,.F.,.F.,(5,5),(0.,1.),.PIECEWISE_BEZIER_KNOTS.);
#1079 = CARTESIAN_POINT('',(0.,-33.31340068613));
#1080 = CARTESIAN_POINT('',(1.994278054117,-33.49883104792));
#1081 = CARTESIAN_POINT('',(3.99430638535,-33.62225177635));
#1082 = CARTESIAN_POINT('',(5.997158640123,-33.68396091605));
#1083 = CARTESIAN_POINT('',(8.,-33.68396091605));
#1084 = ( GEOMETRIC_REPRESENTATION_CONTEXT(2) 
PARAMETRIC_REPRESENTATION_CONTEXT() REPRESENTATION_CONTEXT('2D SPACE',''
  ) );
#1085 = ORIENTED_EDGE('',*,*,#1086,.T.);
#1086 = EDGE_CURVE('',#1058,#1087,#1089,.T.);
#1087 = VERTEX_POINT('',#1088);
#1088 = CARTESIAN_POINT('',(64.076437911364,8.,8.));
#1089 = SURFACE_CURVE('',#1090,(#1117,#1168),.PCURVE_S1.);
#1090 = B_SPLINE_CURVE_WITH_KNOTS('',4,(#1091,#1092,#1093,#1094,#1095,
    #1096,#1097,#1098,#1099,#1100,#1101,#1102,#1103,#1104,#1105,#1106,
    #1107,#1108,#1109,#1110,#1111,#1112,#1113,#1114,#1115,#1116),
  .UNSPECIFIED.,.F.,.F.,(5,3,3,3,3,3,3,3,5),(0.585003019709,
    0.718204173219,0.84940583575,0.978093713534,1.10471518828,
    1.228546072481,1.350081263604,1.468962198158,1.585003019709),
  .UNSPECIFIED.);
#1091 = CARTESIAN_POINT('',(50.313400686135,8.,36.));
#1092 = CARTESIAN_POINT('',(51.024545597856,8.,35.222235253206));
#1093 = CARTESIAN_POINT('',(51.717233271882,8.,34.427595308876));
#1094 = CARTESIAN_POINT('',(52.390624538871,8.,33.616519874247));
#1095 = CARTESIAN_POINT('',(53.687334862929,8.,31.974978253921));
#1096 = CARTESIAN_POINT('',(54.311254369068,8.,31.144986131492));
#1097 = CARTESIAN_POINT('',(54.91484129505,8.,30.300075798082));
#1098 = CARTESIAN_POINT('',(56.068625371988,8.,28.59809332898));
#1099 = CARTESIAN_POINT('',(56.619624505248,8.,27.741564459024));
#1100 = CARTESIAN_POINT('',(57.149572171231,8.,26.871839167169));
#1101 = CARTESIAN_POINT('',(58.157793764665,8.,25.121495059565));
#1102 = CARTESIAN_POINT('',(58.636761465971,8.,24.241275348799));
#1103 = CARTESIAN_POINT('',(59.093994095238,8.,23.349559821652));
#1104 = CARTESIAN_POINT('',(59.954159053879,8.,21.564475924196));
#1105 = CARTESIAN_POINT('',(60.358066672454,8.,20.671576869744));
#1106 = CARTESIAN_POINT('',(60.740008638912,8.,19.769054037512));
#1107 = CARTESIAN_POINT('',(61.452256121449,8.,17.96317196115));
#1108 = CARTESIAN_POINT('',(61.783388258446,8.,17.060138039252));
#1109 = CARTESIAN_POINT('',(62.092368533629,8.,16.149279774422));
#1110 = CARTESIAN_POINT('',(62.658933310929,8.,14.333529500573));
#1111 = CARTESIAN_POINT('',(62.917493410832,8.,13.428941143849));
#1112 = CARTESIAN_POINT('',(63.154067123453,8.,12.518350827066));
#1113 = CARTESIAN_POINT('',(63.577501235265,8.,10.708620483392));
#1114 = CARTESIAN_POINT('',(63.765414674704,8.,9.809726060752));
#1115 = CARTESIAN_POINT('',(63.931795277806,8.,8.906595735989));
#1116 = CARTESIAN_POINT('',(64.076437911364,8.,8.));
#1117 = PCURVE('',#248,#1118);
#1118 = DEFINITIONAL_REPRESENTATION('',(#1119),#1167);
#1119 = B_SPLINE_CURVE_WITH_KNOTS('',3,(#1120,#1121,#1122,#1123,#1124,
    #1125,#1126,#1127,#1128,#1129,#1130,#1131,#1132,#1133,#1134,#1135,
    #1136,#1137,#1138,#1139,#1140,#1141,#1142,#1143,#1144,#1145,#1146,
    #1147,#1148,#1149,#1150,#1151,#1152,#1153,#1154,#1155,#1156,#1157,
    #1158,#1159,#1160,#1161,#1162,#1163,#1164,#1165,#1166),
  .UNSPECIFIED.,.F.,.F.,(4,1,1,1,1,1,1,1,1,1,1,1,1,1,1,1,1,1,1,1,1,1,1,1
    ,1,1,1,1,1,1,1,1,1,1,1,1,1,1,1,1,1,1,1,1,4),(0.585003019709,
    0.607730292436,0.630457565164,0.653184837891,0.675912110618,
    0.698639383346,0.721366656073,0.7440939288,0.766821201527,
    0.789548474255,0.812275746982,0.835003019709,0.857730292436,
    0.880457565164,0.903184837891,0.925912110618,0.948639383346,
    0.971366656073,0.9940939288,1.016821201527,1.039548474255,
    1.062275746982,1.085003019709,1.107730292436,1.130457565164,
    1.153184837891,1.175912110618,1.198639383346,1.221366656073,
    1.2440939288,1.266821201527,1.289548474255,1.312275746982,
    1.335003019709,1.357730292436,1.380457565164,1.403184837891,
    1.425912110618,1.448639383346,1.471366656073,1.4940939288,
    1.516821201527,1.539548474255,1.562275746982,1.585003019709),
  .QUASI_UNIFORM_KNOTS.);
#1120 = CARTESIAN_POINT('',(0.141538307238,0.68207759659));
#1121 = CARTESIAN_POINT('',(0.141101785551,0.678325063804));
#1122 = CARTESIAN_POINT('',(0.140242568092,0.670811573552));
#1123 = CARTESIAN_POINT('',(0.138993968864,0.659515279265));
#1124 = CARTESIAN_POINT('',(0.137784320957,0.648192142166));
#1125 = CARTESIAN_POINT('',(0.136612435712,0.636841374962));
#1126 = CARTESIAN_POINT('',(0.13547717704,0.625462188431));
#1127 = CARTESIAN_POINT('',(0.134377466614,0.614053791558));
#1128 = CARTESIAN_POINT('',(0.133312278282,0.602615390815));
#1129 = CARTESIAN_POINT('',(0.132280636173,0.59114619226));
#1130 = CARTESIAN_POINT('',(0.131281611584,0.5796454));
#1131 = CARTESIAN_POINT('',(0.130314320525,0.56811221632));
#1132 = CARTESIAN_POINT('',(0.129377921492,0.556545842018));
#1133 = CARTESIAN_POINT('',(0.128471613473,0.544945477048));
#1134 = CARTESIAN_POINT('',(0.127594633493,0.533310318883));
#1135 = CARTESIAN_POINT('',(0.126746255239,0.521639565809));
#1136 = CARTESIAN_POINT('',(0.12592578678,0.509932413934));
#1137 = CARTESIAN_POINT('',(0.12513256904,0.498188057959));
#1138 = CARTESIAN_POINT('',(0.124365974337,0.486405691712));
#1139 = CARTESIAN_POINT('',(0.123625404969,0.474584508095));
#1140 = CARTESIAN_POINT('',(0.122910291529,0.462723698009));
#1141 = CARTESIAN_POINT('',(0.122220092036,0.450822453365));
#1142 = CARTESIAN_POINT('',(0.121554290231,0.438879963353));
#1143 = CARTESIAN_POINT('',(0.120912394651,0.426895415833));
#1144 = CARTESIAN_POINT('',(0.120293937748,0.41486799872));
#1145 = CARTESIAN_POINT('',(0.119698474521,0.402796896584));
#1146 = CARTESIAN_POINT('',(0.119125581891,0.390681294842));
#1147 = CARTESIAN_POINT('',(0.11857485757,0.37852037701));
#1148 = CARTESIAN_POINT('',(0.118045919179,0.366313324051));
#1149 = CARTESIAN_POINT('',(0.117538403619,0.354059315679));
#1150 = CARTESIAN_POINT('',(0.117051966396,0.341757530557));
#1151 = CARTESIAN_POINT('',(0.116586280597,0.329407143193));
#1152 = CARTESIAN_POINT('',(0.116141036639,0.317007329226));
#1153 = CARTESIAN_POINT('',(0.115715941229,0.304557259494));
#1154 = CARTESIAN_POINT('',(0.115310716985,0.292056102149));
#1155 = CARTESIAN_POINT('',(0.114925102058,0.279503024628));
#1156 = CARTESIAN_POINT('',(0.114558849261,0.266897187665));
#1157 = CARTESIAN_POINT('',(0.114211725954,0.254237752506));
#1158 = CARTESIAN_POINT('',(0.113883513286,0.241523874759));
#1159 = CARTESIAN_POINT('',(0.11357400586,0.228754705161));
#1160 = CARTESIAN_POINT('',(0.113283011499,0.215929392268));
#1161 = CARTESIAN_POINT('',(0.113010350713,0.203047077234));
#1162 = CARTESIAN_POINT('',(0.112755856376,0.190106898156));
#1163 = CARTESIAN_POINT('',(0.112519373727,0.177107987139));
#1164 = CARTESIAN_POINT('',(0.112300758595,0.164049469271));
#1165 = CARTESIAN_POINT('',(0.112166841292,0.155303464622));
#1166 = CARTESIAN_POINT('',(0.112102817027,0.150920234086));
#1167 = ( GEOMETRIC_REPRESENTATION_CONTEXT(2) 
PARAMETRIC_REPRESENTATION_CONTEXT() REPRESENTATION_CONTEXT('2D SPACE',''
  ) );
#1168 = PCURVE('',#1169,#1174);
#1169 = PLANE('',#1170);
#1170 = AXIS2_PLACEMENT_3D('',#1171,#1172,#1173);
#1171 = CARTESIAN_POINT('',(17.,8.,8.));
#1172 = DIRECTION('',(0.,-1.,0.));
#1173 = DIRECTION('',(0.,0.,1.));
#1174 = DEFINITIONAL_REPRESENTATION('',(#1175),#1202);
#1175 = B_SPLINE_CURVE_WITH_KNOTS('',4,(#1176,#1177,#1178,#1179,#1180,
    #1181,#1182,#1183,#1184,#1185,#1186,#1187,#1188,#1189,#1190,#1191,
    #1192,#1193,#1194,#1195,#1196,#1197,#1198,#1199,#1200,#1201),
  .UNSPECIFIED.,.F.,.F.,(5,3,3,3,3,3,3,3,5),(0.585003019709,
    0.718204173219,0.84940583575,0.978093713534,1.10471518828,
    1.228546072481,1.350081263604,1.468962198158,1.585003019709),
  .UNSPECIFIED.);
#1176 = CARTESIAN_POINT('',(28.,-33.31340068613));
#1177 = CARTESIAN_POINT('',(27.222235253206,-34.02454559785));
#1178 = CARTESIAN_POINT('',(26.427595308876,-34.71723327188));
#1179 = CARTESIAN_POINT('',(25.616519874247,-35.39062453887));
#1180 = CARTESIAN_POINT('',(23.974978253921,-36.68733486292));
#1181 = CARTESIAN_POINT('',(23.144986131492,-37.31125436906));
#1182 = CARTESIAN_POINT('',(22.300075798082,-37.91484129505));
#1183 = CARTESIAN_POINT('',(20.59809332898,-39.06862537198));
#1184 = CARTESIAN_POINT('',(19.741564459024,-39.61962450524));
#1185 = CARTESIAN_POINT('',(18.871839167169,-40.14957217123));
#1186 = CARTESIAN_POINT('',(17.121495059565,-41.15779376466));
#1187 = CARTESIAN_POINT('',(16.241275348799,-41.63676146597));
#1188 = CARTESIAN_POINT('',(15.349559821652,-42.09399409523));
#1189 = CARTESIAN_POINT('',(13.564475924196,-42.95415905387));
#1190 = CARTESIAN_POINT('',(12.671576869744,-43.35806667245));
#1191 = CARTESIAN_POINT('',(11.769054037512,-43.74000863891));
#1192 = CARTESIAN_POINT('',(9.96317196115,-44.45225612144));
#1193 = CARTESIAN_POINT('',(9.060138039252,-44.78338825844));
#1194 = CARTESIAN_POINT('',(8.149279774422,-45.09236853362));
#1195 = CARTESIAN_POINT('',(6.333529500573,-45.65893331092));
#1196 = CARTESIAN_POINT('',(5.428941143849,-45.91749341083));
#1197 = CARTESIAN_POINT('',(4.518350827066,-46.15406712345));
#1198 = CARTESIAN_POINT('',(2.708620483392,-46.57750123526));
#1199 = CARTESIAN_POINT('',(1.809726060752,-46.7654146747));
#1200 = CARTESIAN_POINT('',(0.906595735989,-46.9317952778));
#1201 = CARTESIAN_POINT('',(0.,-47.07643791136));
#1202 = ( GEOMETRIC_REPRESENTATION_CONTEXT(2) 
PARAMETRIC_REPRESENTATION_CONTEXT() REPRESENTATION_CONTEXT('2D SPACE',''
  ) );
#1203 = ORIENTED_EDGE('',*,*,#1204,.T.);
#1204 = EDGE_CURVE('',#1087,#813,#1205,.T.);
#1205 = SURFACE_CURVE('',#1206,(#1212,#1221),.PCURVE_S1.);
#1206 = B_SPLINE_CURVE_WITH_KNOTS('',4,(#1207,#1208,#1209,#1210,#1211),
  .UNSPECIFIED.,.F.,.F.,(5,5),(0.,1.),.PIECEWISE_BEZIER_KNOTS.);
#1207 = CARTESIAN_POINT('',(64.076437911364,8.,8.));
#1208 = CARTESIAN_POINT('',(64.222199151223,6.003535298997,8.));
#1209 = CARTESIAN_POINT('',(64.319276156581,4.003523640887,8.));
#1210 = CARTESIAN_POINT('',(64.36781416939,2.001758915901,8.));
#1211 = CARTESIAN_POINT('',(64.36781416939,7.105427357601E-15,8.));
#1212 = PCURVE('',#248,#1213);
#1213 = DEFINITIONAL_REPRESENTATION('',(#1214),#1220);
#1214 = B_SPLINE_CURVE_WITH_KNOTS('',4,(#1215,#1216,#1217,#1218,#1219),
  .UNSPECIFIED.,.F.,.F.,(5,5),(0.,1.),.PIECEWISE_BEZIER_KNOTS.);
#1215 = CARTESIAN_POINT('',(0.112102799466,0.150920234086));
#1216 = CARTESIAN_POINT('',(8.475153688275E-02,0.150920234086));
#1217 = CARTESIAN_POINT('',(5.698665244562E-02,0.150920234086));
#1218 = CARTESIAN_POINT('',(2.875646034372E-02,0.150920234086));
#1219 = CARTESIAN_POINT('',(0.,0.150920234086));
#1220 = ( GEOMETRIC_REPRESENTATION_CONTEXT(2) 
PARAMETRIC_REPRESENTATION_CONTEXT() REPRESENTATION_CONTEXT('2D SPACE',''
  ) );
#1221 = PCURVE('',#861,#1222);
#1222 = DEFINITIONAL_REPRESENTATION('',(#1223),#1229);
#1223 = B_SPLINE_CURVE_WITH_KNOTS('',4,(#1224,#1225,#1226,#1227,#1228),
  .UNSPECIFIED.,.F.,.F.,(5,5),(0.,1.),.PIECEWISE_BEZIER_KNOTS.);
#1224 = CARTESIAN_POINT('',(16.,-47.07643791136));
#1225 = CARTESIAN_POINT('',(14.003535298997,-47.22219915122));
#1226 = CARTESIAN_POINT('',(12.003523640887,-47.31927615658));
#1227 = CARTESIAN_POINT('',(10.001758915901,-47.36781416939));
#1228 = CARTESIAN_POINT('',(8.,-47.36781416939));
#1229 = ( GEOMETRIC_REPRESENTATION_CONTEXT(2) 
PARAMETRIC_REPRESENTATION_CONTEXT() REPRESENTATION_CONTEXT('2D SPACE',''
  ) );
#1230 = ORIENTED_EDGE('',*,*,#812,.F.);
#1231 = ORIENTED_EDGE('',*,*,#1232,.F.);
#1232 = EDGE_CURVE('',#1233,#779,#1235,.T.);
#1233 = VERTEX_POINT('',#1234);
#1234 = CARTESIAN_POINT('',(64.770344092433,4.,4.));
#1235 = SURFACE_CURVE('',#1236,(#1242,#1251),.PCURVE_S1.);
#1236 = B_SPLINE_CURVE_WITH_KNOTS('',4,(#1237,#1238,#1239,#1240,#1241),
  .UNSPECIFIED.,.F.,.F.,(5,5),(0.,1.),.PIECEWISE_BEZIER_KNOTS.);
#1237 = CARTESIAN_POINT('',(64.770344092433,4.,4.));
#1238 = CARTESIAN_POINT('',(64.806442235413,3.000431947574,4.));
#1239 = CARTESIAN_POINT('',(64.830501711022,2.000430789313,4.));
#1240 = CARTESIAN_POINT('',(64.842531375913,1.000214496592,4.));
#1241 = CARTESIAN_POINT('',(64.842531375913,7.105427357601E-15,4.));
#1242 = PCURVE('',#248,#1243);
#1243 = DEFINITIONAL_REPRESENTATION('',(#1244),#1250);
#1244 = B_SPLINE_CURVE_WITH_KNOTS('',4,(#1245,#1246,#1247,#1248,#1249),
  .UNSPECIFIED.,.F.,.F.,(5,5),(0.,1.),.PIECEWISE_BEZIER_KNOTS.);
#1245 = CARTESIAN_POINT('',(5.630625845099E-02,7.626117686782E-02));
#1246 = CARTESIAN_POINT('',(4.240943557942E-02,7.626117686782E-02));
#1247 = CARTESIAN_POINT('',(2.839750102314E-02,7.626117686782E-02));
#1248 = CARTESIAN_POINT('',(1.426348340115E-02,7.626117686782E-02));
#1249 = CARTESIAN_POINT('',(0.,7.626117686782E-02));
#1250 = ( GEOMETRIC_REPRESENTATION_CONTEXT(2) 
PARAMETRIC_REPRESENTATION_CONTEXT() REPRESENTATION_CONTEXT('2D SPACE',''
  ) );
#1251 = PCURVE('',#798,#1252);
#1252 = DEFINITIONAL_REPRESENTATION('',(#1253),#1259);
#1253 = B_SPLINE_CURVE_WITH_KNOTS('',4,(#1254,#1255,#1256,#1257,#1258),
  .UNSPECIFIED.,.F.,.F.,(5,5),(0.,1.),.PIECEWISE_BEZIER_KNOTS.);
#1254 = CARTESIAN_POINT('',(0.,-64.77034409243));
#1255 = CARTESIAN_POINT('',(0.999568052426,-64.80644223541));
#1256 = CARTESIAN_POINT('',(1.999569210687,-64.83050171102));
#1257 = CARTESIAN_POINT('',(2.999785503408,-64.84253137591));
#1258 = CARTESIAN_POINT('',(4.,-64.84253137591));
#1259 = ( GEOMETRIC_REPRESENTATION_CONTEXT(2) 
PARAMETRIC_REPRESENTATION_CONTEXT() REPRESENTATION_CONTEXT('2D SPACE',''
  ) );
#1260 = ORIENTED_EDGE('',*,*,#1261,.F.);
#1261 = EDGE_CURVE('',#1262,#1233,#1264,.T.);
#1262 = VERTEX_POINT('',#1263);
#1263 = CARTESIAN_POINT('',(64.927987786629,4.,0.));
#1264 = SURFACE_CURVE('',#1265,(#1274,#1286),.PCURVE_S1.);
#1265 = B_SPLINE_CURVE_WITH_KNOTS('',4,(#1266,#1267,#1268,#1269,#1270,
    #1271,#1272,#1273),.UNSPECIFIED.,.F.,.F.,(5,3,5),(0.,0.495550624825,
    1.),.UNSPECIFIED.);
#1266 = CARTESIAN_POINT('',(64.927987781011,4.,-1.018205567469E-03));
#1267 = CARTESIAN_POINT('',(64.927997724528,4.,0.495168891147));
#1268 = CARTESIAN_POINT('',(64.921546831029,4.,0.991357008852));
#1269 = CARTESIAN_POINT('',(64.908635047709,4.,1.487419874471));
#1270 = CARTESIAN_POINT('',(64.86955813376,4.,2.487946630404));
#1271 = CARTESIAN_POINT('',(64.843159168945,4.,2.992401456824));
#1272 = CARTESIAN_POINT('',(64.810082097193,4.,3.496463159736));
#1273 = CARTESIAN_POINT('',(64.770344092433,4.,4.));
#1274 = PCURVE('',#248,#1275);
#1275 = DEFINITIONAL_REPRESENTATION('',(#1276),#1285);
#1276 = B_SPLINE_CURVE_WITH_KNOTS('',4,(#1277,#1278,#1279,#1280,#1281,
    #1282,#1283,#1284),.UNSPECIFIED.,.F.,.F.,(5,3,5),(0.,0.495550624825,
    1.),.UNSPECIFIED.);
#1277 = CARTESIAN_POINT('',(5.617155079533E-02,-1.96684850133E-05));
#1278 = CARTESIAN_POINT('',(5.61715423176E-02,9.565048980302E-03));
#1279 = CARTESIAN_POINT('',(5.617704227984E-02,1.910450113681E-02));
#1280 = CARTESIAN_POINT('',(5.618805071331E-02,2.859882100153E-02));
#1281 = CARTESIAN_POINT('',(5.622140643484E-02,4.766962734668E-02));
#1282 = CARTESIAN_POINT('',(5.62439536515E-02,5.724440763594E-02));
#1283 = CARTESIAN_POINT('',(5.627223557523E-02,6.677462714665E-02));
#1284 = CARTESIAN_POINT('',(5.630627839171E-02,7.626117619814E-02));
#1285 = ( GEOMETRIC_REPRESENTATION_CONTEXT(2) 
PARAMETRIC_REPRESENTATION_CONTEXT() REPRESENTATION_CONTEXT('2D SPACE',''
  ) );
#1286 = PCURVE('',#1287,#1292);
#1287 = PLANE('',#1288);
#1288 = AXIS2_PLACEMENT_3D('',#1289,#1290,#1291);
#1289 = CARTESIAN_POINT('',(0.,4.,-44.));
#1290 = DIRECTION('',(0.,-1.,0.));
#1291 = DIRECTION('',(0.,0.,1.));
#1292 = DEFINITIONAL_REPRESENTATION('',(#1293),#1302);
#1293 = B_SPLINE_CURVE_WITH_KNOTS('',4,(#1294,#1295,#1296,#1297,#1298,
    #1299,#1300,#1301),.UNSPECIFIED.,.F.,.F.,(5,3,5),(0.,0.495550624825,
    1.),.UNSPECIFIED.);
#1294 = CARTESIAN_POINT('',(43.998981794433,-64.92798778101));
#1295 = CARTESIAN_POINT('',(44.495168891147,-64.92799772452));
#1296 = CARTESIAN_POINT('',(44.991357008852,-64.92154683102));
#1297 = CARTESIAN_POINT('',(45.487419874471,-64.9086350477));
#1298 = CARTESIAN_POINT('',(46.487946630404,-64.86955813376));
#1299 = CARTESIAN_POINT('',(46.992401456824,-64.84315916894));
#1300 = CARTESIAN_POINT('',(47.496463159736,-64.81008209719));
#1301 = CARTESIAN_POINT('',(48.,-64.77034409243));
#1302 = ( GEOMETRIC_REPRESENTATION_CONTEXT(2) 
PARAMETRIC_REPRESENTATION_CONTEXT() REPRESENTATION_CONTEXT('2D SPACE',''
  ) );
#1303 = ORIENTED_EDGE('',*,*,#1304,.F.);
#1304 = EDGE_CURVE('',#1305,#1262,#1307,.T.);
#1305 = VERTEX_POINT('',#1306);
#1306 = CARTESIAN_POINT('',(55.143725274851,45.,1.083743587422E-15));
#1307 = SURFACE_CURVE('',#1308,(#1528,#1751),.PCURVE_S1.);
#1308 = B_SPLINE_CURVE_WITH_KNOTS('',8,(#1309,#1310,#1311,#1312,#1313,
    #1314,#1315,#1316,#1317,#1318,#1319,#1320,#1321,#1322,#1323,#1324,
    #1325,#1326,#1327,#1328,#1329,#1330,#1331,#1332,#1333,#1334,#1335,
    #1336,#1337,#1338,#1339,#1340,#1341,#1342,#1343,#1344,#1345,#1346,
    #1347,#1348,#1349,#1350,#1351,#1352,#1353,#1354,#1355,#1356,#1357,
    #1358,#1359,#1360,#1361,#1362,#1363,#1364,#1365,#1366,#1367,#1368,
    #1369,#1370,#1371,#1372,#1373,#1374,#1375,#1376,#1377,#1378,#1379,
    #1380,#1381,#1382,#1383,#1384,#1385,#1386,#1387,#1388,#1389,#1390,
    #1391,#1392,#1393,#1394,#1395,#1396,#1397,#1398,#1399,#1400,#1401,
    #1402,#1403,#1404,#1405,#1406,#1407,#1408,#1409,#1410,#1411,#1412,
    #1413,#1414,#1415,#1416,#1417,#1418,#1419,#1420,#1421,#1422,#1423,
    #1424,#1425,#1426,#1427,#1428,#1429,#1430,#1431,#1432,#1433,#1434,
    #1435,#1436,#1437,#1438,#1439,#1440,#1441,#1442,#1443,#1444,#1445,
    #1446,#1447,#1448,#1449,#1450,#1451,#1452,#1453,#1454,#1455,#1456,
    #1457,#1458,#1459,#1460,#1461,#1462,#1463,#1464,#1465,#1466,#1467,
    #1468,#1469,#1470,#1471,#1472,#1473,#1474,#1475,#1476,#1477,#1478,
    #1479,#1480,#1481,#1482,#1483,#1484,#1485,#1486,#1487,#1488,#1489,
    #1490,#1491,#1492,#1493,#1494,#1495,#1496,#1497,#1498,#1499,#1500,
    #1501,#1502,#1503,#1504,#1505,#1506,#1507,#1508,#1509,#1510,#1511,
    #1512,#1513,#1514,#1515,#1516,#1517,#1518,#1519,#1520,#1521,#1522,
    #1523,#1524,#1525,#1526,#1527),.UNSPECIFIED.,.T.,.F.,(9,7,7,7,7,7,7,
    7,7,7,7,7,7,7,7,7,7,7,7,7,7,7,7,7,7,7,7,7,7,7,7,9),(0.,
    5.676018709369E-02,0.119587635615,0.163308969933,0.197527395372,
    0.215281414349,0.252518073583,0.277913369662,0.307935720004,
    0.324725041941,0.333458194669,0.342363941372,0.383396681877,
    0.414209384573,0.43745023189,0.497505433644,0.557560635399,
    0.580801482716,0.611614185412,0.652646925917,0.660743059282,
    0.667219965976,0.676917799124,0.687529356048,0.705957339218,
    0.743761998395,0.781547229104,0.79956280077,0.834285332982,
    0.878650771184,0.941313240791,1.),.UNSPECIFIED.);
#1309 = CARTESIAN_POINT('',(65.,0.,0.));
#1310 = CARTESIAN_POINT('',(65.000000062687,-3.324606971792,0.));
#1311 = CARTESIAN_POINT('',(64.886355438167,-6.649076377026,0.));
#1312 = CARTESIAN_POINT('',(64.659083267842,-9.969097708321,0.));
#1313 = CARTESIAN_POINT('',(64.31791216713,-13.28015398786,0.));
#1314 = CARTESIAN_POINT('',(63.86234460178,-16.57752845422,0.));
#1315 = CARTESIAN_POINT('',(63.291676901201,-19.85630603849,0.));
#1316 = CARTESIAN_POINT('',(62.604976908809,-23.11136962979,0.));
#1317 = CARTESIAN_POINT('',(60.911124364647,-29.90825006809,0.));
#1318 = CARTESIAN_POINT('',(59.877723761117,-33.44288486853,0.));
#1319 = CARTESIAN_POINT('',(58.699165975453,-36.93439034078,0.));
#1320 = CARTESIAN_POINT('',(57.373520992108,-40.37462478772,0.));
#1321 = CARTESIAN_POINT('',(55.898747739605,-43.75427514907,0.));
#1322 = CARTESIAN_POINT('',(54.272812089571,-47.06290309387,0.));
#1323 = CARTESIAN_POINT('',(52.493710927846,-50.28895169093,0.));
#1324 = CARTESIAN_POINT('',(49.213250208856,-55.5983602579,0.));
#1325 = CARTESIAN_POINT('',(47.792162683983,-57.73054359294,0.));
#1326 = CARTESIAN_POINT('',(46.295467035532,-59.81191504217,0.));
#1327 = CARTESIAN_POINT('',(44.722723548129,-61.83757193823,0.));
#1328 = CARTESIAN_POINT('',(43.073744774957,-63.80208716065,0.));
#1329 = CARTESIAN_POINT('',(41.348661947505,-65.69956264756,0.));
#1330 = CARTESIAN_POINT('',(39.547994048013,-67.52368545454,0.));
#1331 = CARTESIAN_POINT('',(36.205039356993,-70.63280373349,0.));
#1332 = CARTESIAN_POINT('',(34.691737531747,-71.94873371466,0.));
#1333 = CARTESIAN_POINT('',(33.133331958857,-73.21234927312,0.));
#1334 = CARTESIAN_POINT('',(31.530604224443,-74.42022840853,0.));
#1335 = CARTESIAN_POINT('',(29.884632628445,-75.56879963425,0.));
#1336 = CARTESIAN_POINT('',(28.196833839046,-76.65439989389,0.));
#1337 = CARTESIAN_POINT('',(26.469013183796,-77.67334491111,0.));
#1338 = CARTESIAN_POINT('',(23.787358233566,-79.1142222059,0.));
#1339 = CARTESIAN_POINT('',(22.861126101026,-79.58751336245,0.));
#1340 = CARTESIAN_POINT('',(21.925045425054,-80.04137842329,0.));
#1341 = CARTESIAN_POINT('',(20.979464458016,-80.47531631514,0.));
#1342 = CARTESIAN_POINT('',(20.024763227671,-80.8888359013,0.));
#1343 = CARTESIAN_POINT('',(19.061355305426,-81.28145997228,0.));
#1344 = CARTESIAN_POINT('',(18.089689574581,-81.6527292364,0.));
#1345 = CARTESIAN_POINT('',(15.056014133578,-82.73518712434,0.));
#1346 = CARTESIAN_POINT('',(12.967322802446,-83.37240230492,0.));
#1347 = CARTESIAN_POINT('',(10.848960400723,-83.90966244224,0.));
#1348 = CARTESIAN_POINT('',(8.70609512523,-84.34343356116,0.));
#1349 = CARTESIAN_POINT('',(6.544288904301,-84.67088785866,0.));
#1350 = CARTESIAN_POINT('',(4.369512457504,-84.88999978517,0.));
#1351 = CARTESIAN_POINT('',(2.188167484865,-84.99968746997,0.));
#1352 = CARTESIAN_POINT('',(-1.480355225689,-85.00021245126,0.));
#1353 = CARTESIAN_POINT('',(-2.96788027818,-84.94955306903,0.));
#1354 = CARTESIAN_POINT('',(-4.453357052889,-84.84801528915,0.));
#1355 = CARTESIAN_POINT('',(-5.934752349945,-84.6958247435,0.));
#1356 = CARTESIAN_POINT('',(-7.410099719027,-84.49341888096,0.));
#1357 = CARTESIAN_POINT('',(-8.877497804736,-84.24143164666,0.));
#1358 = CARTESIAN_POINT('',(-10.3351092069,-83.94068271024,0.));
#1359 = CARTESIAN_POINT('',(-13.49068271809,-83.18016062937,0.));
#1360 = CARTESIAN_POINT('',(-15.18416244594,-82.70136908699,0.));
#1361 = CARTESIAN_POINT('',(-16.85868484886,-82.15742795183,0.));
#1362 = CARTESIAN_POINT('',(-18.51165589482,-81.55026370818,0.));
#1363 = CARTESIAN_POINT('',(-20.14077339976,-80.88202304334,0.));
#1364 = CARTESIAN_POINT('',(-21.74400322668,-80.15501010143,0.));
#1365 = CARTESIAN_POINT('',(-23.31955999466,-79.3716359365,0.));
#1366 = CARTESIAN_POINT('',(-25.73064373236,-78.06616376068,0.));
#1367 = CARTESIAN_POINT('',(-26.58626678354,-77.58109038141,0.));
#1368 = CARTESIAN_POINT('',(-27.43249740441,-77.07958881848,0.));
#1369 = CARTESIAN_POINT('',(-28.26909737735,-76.5620911784,0.));
#1370 = CARTESIAN_POINT('',(-29.09585289474,-76.02903062816,0.));
#1371 = CARTESIAN_POINT('',(-29.9125731398,-75.48083914053,0.));
#1372 = CARTESIAN_POINT('',(-30.71908886737,-74.91794523959,0.));
#1373 = CARTESIAN_POINT('',(-31.92839491246,-74.04126528211,0.));
#1374 = CARTESIAN_POINT('',(-32.33875252105,-73.73791239535,0.));
#1375 = CARTESIAN_POINT('',(-32.74629695746,-73.4307767798,0.));
#1376 = CARTESIAN_POINT('',(-33.15101750302,-73.11991067605,0.));
#1377 = CARTESIAN_POINT('',(-33.55289402881,-72.80537388744,0.));
#1378 = CARTESIAN_POINT('',(-33.9519056959,-72.48722728758,0.));
#1379 = CARTESIAN_POINT('',(-34.34804227348,-72.16552431006,0.));
#1380 = CARTESIAN_POINT('',(-35.14281610817,-71.5082716209,0.));
#1381 = CARTESIAN_POINT('',(-35.54407212297,-71.17030577307,0.));
#1382 = CARTESIAN_POINT('',(-35.94498614758,-70.82638374336,0.));
#1383 = CARTESIAN_POINT('',(-36.34548822875,-70.47646467294,0.));
#1384 = CARTESIAN_POINT('',(-36.7455068046,-70.12050946881,0.));
#1385 = CARTESIAN_POINT('',(-37.14496870458,-69.75848080379,0.));
#1386 = CARTESIAN_POINT('',(-37.54379914948,-69.39034311654,0.));
#1387 = CARTESIAN_POINT('',(-39.77625004836,-67.29158598724,0.));
#1388 = CARTESIAN_POINT('',(-41.5383768009,-65.49046074572,0.));
#1389 = CARTESIAN_POINT('',(-43.22741490384,-63.61898882633,0.));
#1390 = CARTESIAN_POINT('',(-44.84289898802,-61.68313598099,0.));
#1391 = CARTESIAN_POINT('',(-46.38472040477,-59.68847899447,0.));
#1392 = CARTESIAN_POINT('',(-47.85306445531,-57.64015503859,0.));
#1393 = CARTESIAN_POINT('',(-49.24834986536,-55.54281316048,0.));
#1394 = CARTESIAN_POINT('',(-51.56451578993,-51.79189182637,0.));
#1395 = CARTESIAN_POINT('',(-52.51695084856,-50.15797294636,0.));
#1396 = CARTESIAN_POINT('',(-53.42870871965,-48.50059448454,0.));
#1397 = CARTESIAN_POINT('',(-54.3000409161,-46.82144402196,0.));
#1398 = CARTESIAN_POINT('',(-55.13121360484,-45.12211161562,0.));
#1399 = CARTESIAN_POINT('',(-55.92250378698,-43.40408791321,0.));
#1400 = CARTESIAN_POINT('',(-56.67419547786,-41.66876226787,0.));
#1401 = CARTESIAN_POINT('',(-57.92389855363,-38.59644751951,0.));
#1402 = CARTESIAN_POINT('',(-58.43885013606,-37.2663765633,0.));
#1403 = CARTESIAN_POINT('',(-58.93155166127,-35.92776656446,0.));
#1404 = CARTESIAN_POINT('',(-59.40211997043,-34.5811552317,0.));
#1405 = CARTESIAN_POINT('',(-59.85066771913,-33.22705940231,0.));
#1406 = CARTESIAN_POINT('',(-60.27730337732,-31.8659750421,0.));
#1407 = CARTESIAN_POINT('',(-60.68213122939,-30.49837724545,0.));
#1408 = CARTESIAN_POINT('',(-62.05524551814,-25.5751459059,0.));
#1409 = CARTESIAN_POINT('',(-62.90020790232,-21.98540939732,0.));
#1410 = CARTESIAN_POINT('',(-63.60198119813,-18.36302764792,0.));
#1411 = CARTESIAN_POINT('',(-64.1619508892,-14.71515666292,0.));
#1412 = CARTESIAN_POINT('',(-64.58116530252,-11.04861006335,0.));
#1413 = CARTESIAN_POINT('',(-64.86037623068,-7.369866686697,0.));
#1414 = CARTESIAN_POINT('',(-65.00000014504,-3.685067239227,0.));
#1415 = CARTESIAN_POINT('',(-65.00000014504,3.6850672392,0.));
#1416 = CARTESIAN_POINT('',(-64.86037623068,7.369866686672,0.));
#1417 = CARTESIAN_POINT('',(-64.58116530253,11.048610063329,0.));
#1418 = CARTESIAN_POINT('',(-64.1619508892,14.7151566629,0.));
#1419 = CARTESIAN_POINT('',(-63.60198119813,18.363027647901,0.));
#1420 = CARTESIAN_POINT('',(-62.90020790233,21.985409397303,0.));
#1421 = CARTESIAN_POINT('',(-62.05524551815,25.575145905881,0.));
#1422 = CARTESIAN_POINT('',(-60.6821312294,30.498377245436,0.));
#1423 = CARTESIAN_POINT('',(-60.27730337733,31.865975042086,0.));
#1424 = CARTESIAN_POINT('',(-59.85066771914,33.227059402289,0.));
#1425 = CARTESIAN_POINT('',(-59.40211997044,34.58115523168,0.));
#1426 = CARTESIAN_POINT('',(-58.93155166128,35.927766564438,0.));
#1427 = CARTESIAN_POINT('',(-58.43885013607,37.266376563286,0.));
#1428 = CARTESIAN_POINT('',(-57.92389855364,38.596447519489,0.));
#1429 = CARTESIAN_POINT('',(-56.67419547787,41.668762267854,0.));
#1430 = CARTESIAN_POINT('',(-55.92250378699,43.404087913199,0.));
#1431 = CARTESIAN_POINT('',(-55.13121360485,45.122111615603,0.));
#1432 = CARTESIAN_POINT('',(-54.30004091611,46.821444021944,0.));
#1433 = CARTESIAN_POINT('',(-53.42870871966,48.500594484526,0.));
#1434 = CARTESIAN_POINT('',(-52.51695084857,50.157972946348,0.));
#1435 = CARTESIAN_POINT('',(-51.56451578994,51.791891826356,0.));
#1436 = CARTESIAN_POINT('',(-49.24834986537,55.542813160476,0.));
#1437 = CARTESIAN_POINT('',(-47.85306445532,57.640155038573,0.));
#1438 = CARTESIAN_POINT('',(-46.38472040478,59.688478994452,0.));
#1439 = CARTESIAN_POINT('',(-44.84289898803,61.683135980986,0.));
#1440 = CARTESIAN_POINT('',(-43.22741490385,63.618988826327,0.));
#1441 = CARTESIAN_POINT('',(-41.53837680092,65.490460745711,0.));
#1442 = CARTESIAN_POINT('',(-39.77625004837,67.29158598723,0.));
#1443 = CARTESIAN_POINT('',(-37.57999211035,69.356317596922,0.));
#1444 = CARTESIAN_POINT('',(-37.21747748053,69.691495908428,0.));
#1445 = CARTESIAN_POINT('',(-36.85443524832,70.021622905126,0.));
#1446 = CARTESIAN_POINT('',(-36.4909217035,70.346725166212,0.));
#1447 = CARTESIAN_POINT('',(-36.12699203934,70.666830491013,0.));
#1448 = CARTESIAN_POINT('',(-35.76270035259,70.981967898987,0.));
#1449 = CARTESIAN_POINT('',(-35.39809964349,71.29216762972,0.));
#1450 = CARTESIAN_POINT('',(-34.74135554896,71.84169593382,0.));
#1451 = CARTESIAN_POINT('',(-34.44930471343,72.082790645466,0.));
#1452 = CARTESIAN_POINT('',(-34.15711587528,72.320761355607,0.));
#1453 = CARTESIAN_POINT('',(-33.86481514005,72.555624540744,0.));
#1454 = CARTESIAN_POINT('',(-33.57242815269,72.787397076146,0.));
#1455 = CARTESIAN_POINT('',(-33.27998009756,73.01609623584,0.));
#1456 = CARTESIAN_POINT('',(-32.98749569842,73.241739692619,0.));
#1457 = CARTESIAN_POINT('',(-32.2574741191,73.797326036881,0.));
#1458 = CARTESIAN_POINT('',(-31.81592626148,74.126550733788,0.));
#1459 = CARTESIAN_POINT('',(-31.37005301985,74.452154078778,0.));
#1460 = CARTESIAN_POINT('',(-30.91965451821,74.774165780809,0.));
#1461 = CARTESIAN_POINT('',(-30.46462536979,75.09253078298,0.));
#1462 = CARTESIAN_POINT('',(-30.00497573725,75.407107420626,0.));
#1463 = CARTESIAN_POINT('',(-29.54082667739,75.717686329314,0.));
#1464 = CARTESIAN_POINT('',(-28.55979825052,76.35922548463,0.));
#1465 = CARTESIAN_POINT('',(-28.04330329702,76.688540603437,0.));
#1466 = CARTESIAN_POINT('',(-27.52298528053,77.01183666047,0.));
#1467 = CARTESIAN_POINT('',(-26.99889324204,77.329009261197,0.));
#1468 = CARTESIAN_POINT('',(-26.47107983996,77.639954095496,0.));
#1469 = CARTESIAN_POINT('',(-25.93960135013,77.944566937657,0.));
#1470 = CARTESIAN_POINT('',(-25.40451766582,78.242743646381,0.));
#1471 = CARTESIAN_POINT('',(-23.9305179447,79.040835189542,0.));
#1472 = CARTESIAN_POINT('',(-22.98446107862,79.527568546087,0.));
#1473 = CARTESIAN_POINT('',(-22.02805844509,79.994036888149,0.));
#1474 = CARTESIAN_POINT('',(-21.06167952511,80.439702970283,0.));
#1475 = CARTESIAN_POINT('',(-20.08572851968,80.864040107403,0.));
#1476 = CARTESIAN_POINT('',(-19.10064633438,81.266536634326,0.));
#1477 = CARTESIAN_POINT('',(-18.10691256397,81.646700365314,0.));
#1478 = CARTESIAN_POINT('',(-15.04974033148,82.73718573518,0.));
#1479 = CARTESIAN_POINT('',(-12.95994838068,83.374444753445,0.));
#1480 = CARTESIAN_POINT('',(-10.84045914461,83.911645229843,0.));
#1481 = CARTESIAN_POINT('',(-8.69644754176,84.345248070048,0.));
#1482 = CARTESIAN_POINT('',(-6.533483907328,84.672421258988,0.));
#1483 = CARTESIAN_POINT('',(-4.357549161976,84.891136632256,0.));
#1484 = CARTESIAN_POINT('',(-2.175057131065,85.000312123904,0.));
#1485 = CARTESIAN_POINT('',(2.188167484851,84.999687469975,0.));
#1486 = CARTESIAN_POINT('',(4.369512457489,84.889999785171,0.));
#1487 = CARTESIAN_POINT('',(6.544288904287,84.670887858669,0.));
#1488 = CARTESIAN_POINT('',(8.706095125217,84.343433561172,0.));
#1489 = CARTESIAN_POINT('',(10.848960400709,83.909662442244,0.));
#1490 = CARTESIAN_POINT('',(12.967322802432,83.372402304924,0.));
#1491 = CARTESIAN_POINT('',(15.056014133565,82.735187124351,0.));
#1492 = CARTESIAN_POINT('',(18.089689574566,81.652729236412,0.));
#1493 = CARTESIAN_POINT('',(19.061355305414,81.281459972291,0.));
#1494 = CARTESIAN_POINT('',(20.024763227659,80.888835901308,0.));
#1495 = CARTESIAN_POINT('',(20.979464458003,80.475316315149,0.));
#1496 = CARTESIAN_POINT('',(21.92504542504,80.041378423304,0.));
#1497 = CARTESIAN_POINT('',(22.861126101013,79.587513362463,0.));
#1498 = CARTESIAN_POINT('',(23.787358233554,79.11422220591,0.));
#1499 = CARTESIAN_POINT('',(26.469013183779,77.673344911126,0.));
#1500 = CARTESIAN_POINT('',(28.19683383904,76.654399893899,0.));
#1501 = CARTESIAN_POINT('',(29.884632628434,75.568799634266,0.));
#1502 = CARTESIAN_POINT('',(31.530604224426,74.420228408545,0.));
#1503 = CARTESIAN_POINT('',(33.133331958846,73.212349273137,0.));
#1504 = CARTESIAN_POINT('',(34.691737531741,71.948733714676,0.));
#1505 = CARTESIAN_POINT('',(36.205039356979,70.632803733507,0.));
#1506 = CARTESIAN_POINT('',(39.547994048001,67.52368545456,0.));
#1507 = CARTESIAN_POINT('',(41.348661947499,65.699562647578,0.));
#1508 = CARTESIAN_POINT('',(43.073744774948,63.802087160667,0.));
#1509 = CARTESIAN_POINT('',(44.722723548118,61.837571938247,0.));
#1510 = CARTESIAN_POINT('',(46.295467035524,59.81191504218,0.));
#1511 = CARTESIAN_POINT('',(47.792162683979,57.730543592954,0.));
#1512 = CARTESIAN_POINT('',(49.213250208846,55.598360257918,0.));
#1513 = CARTESIAN_POINT('',(52.460622033592,50.342505921038,0.));
#1514 = CARTESIAN_POINT('',(54.211912418691,47.173224627987,0.));
#1515 = CARTESIAN_POINT('',(55.815195219404,43.923952120684,0.));
#1516 = CARTESIAN_POINT('',(57.27236964426,40.605692409133,0.));
#1517 = CARTESIAN_POINT('',(58.585368415089,37.228396833402,0.));
#1518 = CARTESIAN_POINT('',(59.756134194401,33.800957185399,0.));
#1519 = CARTESIAN_POINT('',(60.786511309876,30.33116304326,0.));
#1520 = CARTESIAN_POINT('',(62.513105525384,23.542531289518,0.));
#1521 = CARTESIAN_POINT('',(63.226239669691,20.228620857396,0.));
#1522 = CARTESIAN_POINT('',(63.818815083306,16.889580010274,0.));
#1523 = CARTESIAN_POINT('',(64.2918342834,13.53084617929,0.));
#1524 = CARTESIAN_POINT('',(64.646054308175,10.157634583675,0.));
#1525 = CARTESIAN_POINT('',(64.882011712528,6.774942492341,0.));
#1526 = CARTESIAN_POINT('',(65.000000072711,3.387547526029,0.));
#1527 = CARTESIAN_POINT('',(65.,1.42108547152E-14,0.));
#1528 = PCURVE('',#248,#1529);
#1529 = DEFINITIONAL_REPRESENTATION('',(#1530),#1750);
#1530 = B_SPLINE_CURVE_WITH_KNOTS('',8,(#1531,#1532,#1533,#1534,#1535,
    #1536,#1537,#1538,#1539,#1540,#1541,#1542,#1543,#1544,#1545,#1546,
    #1547,#1548,#1549,#1550,#1551,#1552,#1553,#1554,#1555,#1556,#1557,
    #1558,#1559,#1560,#1561,#1562,#1563,#1564,#1565,#1566,#1567,#1568,
    #1569,#1570,#1571,#1572,#1573,#1574,#1575,#1576,#1577,#1578,#1579,
    #1580,#1581,#1582,#1583,#1584,#1585,#1586,#1587,#1588,#1589,#1590,
    #1591,#1592,#1593,#1594,#1595,#1596,#1597,#1598,#1599,#1600,#1601,
    #1602,#1603,#1604,#1605,#1606,#1607,#1608,#1609,#1610,#1611,#1612,
    #1613,#1614,#1615,#1616,#1617,#1618,#1619,#1620,#1621,#1622,#1623,
    #1624,#1625,#1626,#1627,#1628,#1629,#1630,#1631,#1632,#1633,#1634,
    #1635,#1636,#1637,#1638,#1639,#1640,#1641,#1642,#1643,#1644,#1645,
    #1646,#1647,#1648,#1649,#1650,#1651,#1652,#1653,#1654,#1655,#1656,
    #1657,#1658,#1659,#1660,#1661,#1662,#1663,#1664,#1665,#1666,#1667,
    #1668,#1669,#1670,#1671,#1672,#1673,#1674,#1675,#1676,#1677,#1678,
    #1679,#1680,#1681,#1682,#1683,#1684,#1685,#1686,#1687,#1688,#1689,
    #1690,#1691,#1692,#1693,#1694,#1695,#1696,#1697,#1698,#1699,#1700,
    #1701,#1702,#1703,#1704,#1705,#1706,#1707,#1708,#1709,#1710,#1711,
    #1712,#1713,#1714,#1715,#1716,#1717,#1718,#1719,#1720,#1721,#1722,
    #1723,#1724,#1725,#1726,#1727,#1728,#1729,#1730,#1731,#1732,#1733,
    #1734,#1735,#1736,#1737,#1738,#1739,#1740,#1741,#1742,#1743,#1744,
    #1745,#1746,#1747,#1748,#1749),.UNSPECIFIED.,.F.,.F.,(9,7,7,7,7,7,7,
    7,7,7,7,7,7,7,7,7,7,7,7,7,7,7,7,7,7,7,7,7,7,7,7,9),(0.,
    5.676018709369E-02,0.119587635615,0.163308969933,0.197527395372,
    0.215281414349,0.252518073583,0.277913369662,0.307935720004,
    0.324725041941,0.333458194669,0.342363941372,0.383396681877,
    0.414209384573,0.43745023189,0.497505433644,0.557560635399,
    0.580801482716,0.611614185412,0.652646925917,0.660743059282,
    0.667219965976,0.676917799124,0.687529356048,0.705957339218,
    0.743761998395,0.781547229104,0.79956280077,0.834285332982,
    0.878650771184,0.941313240791,1.),.UNSPECIFIED.);
#1531 = CARTESIAN_POINT('',(6.28318530718,7.88860905221E-31));
#1532 = CARTESIAN_POINT('',(6.235889872011,-7.297600740945E-16));
#1533 = CARTESIAN_POINT('',(6.189816908291,7.120373689545E-18));
#1534 = CARTESIAN_POINT('',(6.144807310559,-1.159462373073E-16));
#1535 = CARTESIAN_POINT('',(6.100723394022,-4.757057292734E-16));
#1536 = CARTESIAN_POINT('',(6.057442733803,-3.464939255788E-16));
#1537 = CARTESIAN_POINT('',(6.014853124358,-4.136003769159E-17));
#1538 = CARTESIAN_POINT('',(5.972848659064,-3.468816793591E-16));
#1539 = CARTESIAN_POINT('',(5.885366822546,-2.48962896813E-16));
#1540 = CARTESIAN_POINT('',(5.840006334727,-2.463880892427E-16));
#1541 = CARTESIAN_POINT('',(5.795102042625,-2.439546803335E-16));
#1542 = CARTESIAN_POINT('',(5.750527271803,-2.416716210427E-16));
#1543 = CARTESIAN_POINT('',(5.706164064321,-2.395490418783E-16));
#1544 = CARTESIAN_POINT('',(5.661897990544,-2.37598128942E-16));
#1545 = CARTESIAN_POINT('',(5.617613232736,-2.358311024614E-16));
#1546 = CARTESIAN_POINT('',(5.542268219054,-2.331689629871E-16));
#1547 = CARTESIAN_POINT('',(5.511286446202,-2.321722762304E-16));
#1548 = CARTESIAN_POINT('',(5.480199016574,-2.312757813546E-16));
#1549 = CARTESIAN_POINT('',(5.448967369736,-2.304843805068E-16));
#1550 = CARTESIAN_POINT('',(5.417554303572,-2.298032925031E-16));
#1551 = CARTESIAN_POINT('',(5.385923089183,-2.292379567058E-16));
#1552 = CARTESIAN_POINT('',(5.354036814299,-2.287939324681E-16));
#1553 = CARTESIAN_POINT('',(5.296673227664,-2.282285864533E-16));
#1554 = CARTESIAN_POINT('',(5.271310610962,-2.280581130692E-16));
#1555 = CARTESIAN_POINT('',(5.245752824536,-2.279680400423E-16));
#1556 = CARTESIAN_POINT('',(5.219983825781,-2.279610323998E-16));
#1557 = CARTESIAN_POINT('',(5.193988572989,-2.28039688566E-16));
#1558 = CARTESIAN_POINT('',(5.16775307156,-2.282064569717E-16));
#1559 = CARTESIAN_POINT('',(5.141264703476,-2.284635348587E-16));
#1560 = CARTESIAN_POINT('',(5.100632800711,-2.289939369022E-16));
#1561 = CARTESIAN_POINT('',(5.086681835715,-2.29199927488E-16));
#1562 = CARTESIAN_POINT('',(5.072658521503,-2.294309746753E-16));
#1563 = CARTESIAN_POINT('',(5.058561533852,-2.296873055941E-16));
#1564 = CARTESIAN_POINT('',(5.044389677579,-2.299691158751E-16));
#1565 = CARTESIAN_POINT('',(5.030141916241,-2.302765646617E-16));
#1566 = CARTESIAN_POINT('',(5.015817401837,-2.306097696223E-16));
#1567 = CARTESIAN_POINT('',(4.971209468147,-2.317218238235E-16));
#1568 = CARTESIAN_POINT('',(4.940659165225,-2.325885541299E-16));
#1569 = CARTESIAN_POINT('',(4.909763222519,-2.335695846158E-16));
#1570 = CARTESIAN_POINT('',(4.878519783518,-2.346646236756E-16));
#1571 = CARTESIAN_POINT('',(4.846927396401,-2.358724423775E-16));
#1572 = CARTESIAN_POINT('',(4.81498666438,-2.371907730835E-16));
#1573 = CARTESIAN_POINT('',(4.782702658404,-2.386161606759E-16));
#1574 = CARTESIAN_POINT('',(4.727845050516,-2.411855891934E-16));
#1575 = CARTESIAN_POINT('',(4.705445429021,-2.42275088596E-16));
#1576 = CARTESIAN_POINT('',(4.682892103468,-2.434108020411E-16));
#1577 = CARTESIAN_POINT('',(4.660187072982,-2.44591097741E-16));
#1578 = CARTESIAN_POINT('',(4.637331759924,-2.458141916738E-16));
#1579 = CARTESIAN_POINT('',(4.614327299888,-2.470781607178E-16));
#1580 = CARTESIAN_POINT('',(4.591174821825,-2.483809519201E-16));
#1581 = CARTESIAN_POINT('',(4.540331489424,-2.513038707053E-16));
#1582 = CARTESIAN_POINT('',(4.512580501104,-2.529386744734E-16));
#1583 = CARTESIAN_POINT('',(4.484624673594,-2.546212318669E-16));
#1584 = CARTESIAN_POINT('',(4.456463254563,-2.56347922067E-16));
#1585 = CARTESIAN_POINT('',(4.428093408759,-2.581151212031E-16));
#1586 = CARTESIAN_POINT('',(4.399510627311,-2.599192445573E-16));
#1587 = CARTESIAN_POINT('',(4.370708956679,-2.617567805431E-16));
#1588 = CARTESIAN_POINT('',(4.325447843969,-2.646686937794E-16));
#1589 = CARTESIAN_POINT('',(4.309143680119,-2.657224668339E-16));
#1590 = CARTESIAN_POINT('',(4.292767120667,-2.66785048436E-16));
#1591 = CARTESIAN_POINT('',(4.276316530303,-2.678558663066E-16));
#1592 = CARTESIAN_POINT('',(4.259790073657,-2.689343642031E-16));
#1593 = CARTESIAN_POINT('',(4.243185715509,-2.700200030453E-16));
#1594 = CARTESIAN_POINT('',(4.226501220993,-2.711122620419E-16));
#1595 = CARTESIAN_POINT('',(4.201012580182,-2.728599462214E-16));
#1596 = CARTESIAN_POINT('',(4.192394985341,-2.729325121076E-16));
#1597 = CARTESIAN_POINT('',(4.183434368308,-2.747916531575E-16));
#1598 = CARTESIAN_POINT('',(4.174768103656,-2.74263135005E-16));
#1599 = CARTESIAN_POINT('',(4.166242990808,-2.73697358099E-16));
#1600 = CARTESIAN_POINT('',(4.157556469888,-2.753222317017E-16));
#1601 = CARTESIAN_POINT('',(4.149091065458,-2.74849585834E-16));
#1602 = CARTESIAN_POINT('',(4.131979737638,-2.755806546718E-16));
#1603 = CARTESIAN_POINT('',(4.123340357838,-2.758631598435E-16));
#1604 = CARTESIAN_POINT('',(4.114700978037,-2.761454376502E-16));
#1605 = CARTESIAN_POINT('',(4.106061598238,-2.764274391147E-16));
#1606 = CARTESIAN_POINT('',(4.097422218442,-2.767091141254E-16));
#1607 = CARTESIAN_POINT('',(4.088782838649,-2.769904114361E-16));
#1608 = CARTESIAN_POINT('',(4.080143458854,-2.77271278666E-16));
#1609 = CARTESIAN_POINT('',(4.03169860947,5.957565167786E-16));
#1610 = CARTESIAN_POINT('',(3.993133853396,-3.617425111314E-16));
#1611 = CARTESIAN_POINT('',(3.955702644787,-1.576043890349E-16));
#1612 = CARTESIAN_POINT('',(3.919309211358,3.285620217207E-16));
#1613 = CARTESIAN_POINT('',(3.883866912601,1.379634092557E-16));
#1614 = CARTESIAN_POINT('',(3.8492962514,-2.726206722801E-16));
#1615 = CARTESIAN_POINT('',(3.815523159226,1.658080626069E-16));
#1616 = CARTESIAN_POINT('',(3.757662629857,3.405267407276E-17));
#1617 = CARTESIAN_POINT('',(3.733259101124,3.506129851184E-17));
#1618 = CARTESIAN_POINT('',(3.709237859939,3.602715600214E-17));
#1619 = CARTESIAN_POINT('',(3.685571999312,3.695050369709E-17));
#1620 = CARTESIAN_POINT('',(3.66223646959,3.783161407815E-17));
#1621 = CARTESIAN_POINT('',(3.639207733995,3.867077099291E-17));
#1622 = CARTESIAN_POINT('',(3.616463424168,3.946826569321E-17));
#1623 = CARTESIAN_POINT('',(3.577025111026,4.079471213464E-17));
#1624 = CARTESIAN_POINT('',(3.560217884446,4.134149011412E-17));
#1625 = CARTESIAN_POINT('',(3.543551310928,4.186485088807E-17));
#1626 = CARTESIAN_POINT('',(3.527016700309,4.23649141206E-17));
#1627 = CARTESIAN_POINT('',(3.510605677303,4.284179506355E-17));
#1628 = CARTESIAN_POINT('',(3.494310181502,4.329560455645E-17));
#1629 = CARTESIAN_POINT('',(3.478122467371,4.372644902657E-17));
#1630 = CARTESIAN_POINT('',(3.420464768011,4.518866705692E-17));
#1631 = CARTESIAN_POINT('',(3.379567274501,4.609015226881E-17));
#1632 = CARTESIAN_POINT('',(3.339208545132,4.684076936185E-17));
#1633 = CARTESIAN_POINT('',(3.299270204481,4.744191853448E-17));
#1634 = CARTESIAN_POINT('',(3.259643631101,4.789464406643E-17));
#1635 = CARTESIAN_POINT('',(3.220224828936,4.819967755889E-17));
#1636 = CARTESIAN_POINT('',(3.180910119322,4.835739729456E-17));
#1637 = CARTESIAN_POINT('',(3.102275187858,4.837801044712E-17));
#1638 = CARTESIAN_POINT('',(3.062960478244,4.824090235048E-17));
#1639 = CARTESIAN_POINT('',(3.023541676078,4.795635809698E-17));
#1640 = CARTESIAN_POINT('',(2.983915102699,4.752387649066E-17));
#1641 = CARTESIAN_POINT('',(2.943976762047,4.694260153067E-17));
#1642 = CARTESIAN_POINT('',(2.903618032679,4.621136367312E-17));
#1643 = CARTESIAN_POINT('',(2.862720539169,4.532863729437E-17));
#1644 = CARTESIAN_POINT('',(2.805062839809,4.389140401398E-17));
#1645 = CARTESIAN_POINT('',(2.788875125678,4.346741885692E-17));
#1646 = CARTESIAN_POINT('',(2.772579629877,4.302034951408E-17));
#1647 = CARTESIAN_POINT('',(2.756168606871,4.255008218759E-17));
#1648 = CARTESIAN_POINT('',(2.739633996252,4.205649865225E-17));
#1649 = CARTESIAN_POINT('',(2.722967422734,4.153947625558E-17));
#1650 = CARTESIAN_POINT('',(2.706160196154,4.099888791782E-17));
#1651 = CARTESIAN_POINT('',(2.666721883012,3.96864741249E-17));
#1652 = CARTESIAN_POINT('',(2.643977573185,3.889670402543E-17));
#1653 = CARTESIAN_POINT('',(2.62094883759,3.806498000154E-17));
#1654 = CARTESIAN_POINT('',(2.597613307868,3.71909935202E-17));
#1655 = CARTESIAN_POINT('',(2.573947447241,3.627444345174E-17));
#1656 = CARTESIAN_POINT('',(2.549926206056,3.531504017449E-17));
#1657 = CARTESIAN_POINT('',(2.525522677323,3.431250967924E-17));
#1658 = CARTESIAN_POINT('',(2.467662147953,3.187377484733E-17));
#1659 = CARTESIAN_POINT('',(2.43388905578,3.040410920282E-17));
#1660 = CARTESIAN_POINT('',(2.399318394578,2.885695449662E-17));
#1661 = CARTESIAN_POINT('',(2.363876095822,2.723184961206E-17));
#1662 = CARTESIAN_POINT('',(2.327482662393,2.552858073275E-17));
#1663 = CARTESIAN_POINT('',(2.290051453784,2.374724593073E-17));
#1664 = CARTESIAN_POINT('',(2.25148669771,2.18883221699E-17));
#1665 = CARTESIAN_POINT('',(2.203827246491,1.957082573361E-17));
#1666 = CARTESIAN_POINT('',(2.195973264859,1.918828091185E-17));
#1667 = CARTESIAN_POINT('',(2.188119283227,1.880516113087E-17));
#1668 = CARTESIAN_POINT('',(2.180265301594,1.84215261071E-17));
#1669 = CARTESIAN_POINT('',(2.172411319959,1.80374344018E-17));
#1670 = CARTESIAN_POINT('',(2.164557338323,1.765294342108E-17));
#1671 = CARTESIAN_POINT('',(2.156703356687,1.726810941589E-17));
#1672 = CARTESIAN_POINT('',(2.142566189748,1.657488992992E-17));
#1673 = CARTESIAN_POINT('',(2.136283004441,1.626660808922E-17));
#1674 = CARTESIAN_POINT('',(2.129999819134,1.595817015966E-17));
#1675 = CARTESIAN_POINT('',(2.123716633827,1.564960385504E-17));
#1676 = CARTESIAN_POINT('',(2.11743344852,1.53409364032E-17));
#1677 = CARTESIAN_POINT('',(2.111150263212,1.5032194546E-17));
#1678 = CARTESIAN_POINT('',(2.104867077905,1.472340453936E-17));
#1679 = CARTESIAN_POINT('',(2.089176117311,1.277919459881E-17));
#1680 = CARTESIAN_POINT('',(2.07969635998,1.723870488077E-17));
#1681 = CARTESIAN_POINT('',(2.070350441809,1.213115666838E-17));
#1682 = CARTESIAN_POINT('',(2.060851090376,1.828806924021E-17));
#1683 = CARTESIAN_POINT('',(2.051483694863,1.453678279395E-17));
#1684 = CARTESIAN_POINT('',(2.042027011217,1.718372703602E-17));
#1685 = CARTESIAN_POINT('',(2.032609900639,1.69132040849E-17));
#1686 = CARTESIAN_POINT('',(2.012873491963,1.800436293205E-17));
#1687 = CARTESIAN_POINT('',(2.002591377358,1.850747477302E-17));
#1688 = CARTESIAN_POINT('',(1.992338827881,1.900842520518E-17));
#1689 = CARTESIAN_POINT('',(1.982115376386,1.950711570535E-17));
#1690 = CARTESIAN_POINT('',(1.971920585804,2.000344588287E-17));
#1691 = CARTESIAN_POINT('',(1.961754049136,2.049731347957E-17));
#1692 = CARTESIAN_POINT('',(1.951615389458,2.098861436976E-17));
#1693 = CARTESIAN_POINT('',(1.923945316748,2.232579230664E-17));
#1694 = CARTESIAN_POINT('',(1.906469355228,2.316628407659E-17));
#1695 = CARTESIAN_POINT('',(1.889074617248,2.39981616947E-17));
#1696 = CARTESIAN_POINT('',(1.871759564164,2.482085578712E-17));
#1697 = CARTESIAN_POINT('',(1.854522895976,2.563378582333E-17));
#1698 = CARTESIAN_POINT('',(1.837363570507,2.643636215786E-17));
#1699 = CARTESIAN_POINT('',(1.820280822572,2.72279880721E-17));
#1700 = CARTESIAN_POINT('',(1.768385383839,2.960836819748E-17));
#1701 = CARTESIAN_POINT('',(1.733812446121,3.116026316626E-17));
#1702 = CARTESIAN_POINT('',(1.699556728699,3.265828866417E-17));
#1703 = CARTESIAN_POINT('',(1.665618591908,3.40972354969E-17));
#1704 = CARTESIAN_POINT('',(1.631998752397,3.547217446901E-17));
#1705 = CARTESIAN_POINT('',(1.598699896304,3.677851562757E-17));
#1706 = CARTESIAN_POINT('',(1.565728550936,3.801209561442E-17));
#1707 = CARTESIAN_POINT('',(1.500482648776,4.03258961671E-17));
#1708 = CARTESIAN_POINT('',(1.4681986428,4.140651982497E-17));
#1709 = CARTESIAN_POINT('',(1.436257910779,4.24074805337E-17));
#1710 = CARTESIAN_POINT('',(1.404665523661,4.332612380705E-17));
#1711 = CARTESIAN_POINT('',(1.37342208466,4.416067921996E-17));
#1712 = CARTESIAN_POINT('',(1.342526141955,4.491015078289E-17));
#1713 = CARTESIAN_POINT('',(1.311975839033,4.557424271048E-17));
#1714 = CARTESIAN_POINT('',(1.267367905343,4.642941839018E-17));
#1715 = CARTESIAN_POINT('',(1.253043390939,4.668620684525E-17));
#1716 = CARTESIAN_POINT('',(1.2387956296,4.692373111955E-17));
#1717 = CARTESIAN_POINT('',(1.224623773328,4.714207132077E-17));
#1718 = CARTESIAN_POINT('',(1.210526785677,4.73413387876E-17));
#1719 = CARTESIAN_POINT('',(1.196503471465,4.752167238333E-17));
#1720 = CARTESIAN_POINT('',(1.182552506469,4.768323478934E-17));
#1721 = CARTESIAN_POINT('',(1.141920603704,4.810177167458E-17));
#1722 = CARTESIAN_POINT('',(1.11543223562,4.830828348175E-17));
#1723 = CARTESIAN_POINT('',(1.08919673419,4.844706138963E-17));
#1724 = CARTESIAN_POINT('',(1.063201481399,4.851970355896E-17));
#1725 = CARTESIAN_POINT('',(1.037432482644,4.852800041408E-17));
#1726 = CARTESIAN_POINT('',(1.011874696217,4.847385906676E-17));
#1727 = CARTESIAN_POINT('',(0.986512079516,4.835924089151E-17));
#1728 = CARTESIAN_POINT('',(0.929148492881,4.796490345364E-17));
#1729 = CARTESIAN_POINT('',(0.897262217997,4.764818671244E-17));
#1730 = CARTESIAN_POINT('',(0.865631003608,4.724007444333E-17));
#1731 = CARTESIAN_POINT('',(0.834217937444,4.674467719395E-17));
#1732 = CARTESIAN_POINT('',(0.802986290606,4.616602469843E-17));
#1733 = CARTESIAN_POINT('',(0.771898860977,4.550798997962E-17));
#1734 = CARTESIAN_POINT('',(0.740917088125,4.477421650016E-17));
#1735 = CARTESIAN_POINT('',(0.666332054273,4.282940310025E-17));
#1736 = CARTESIAN_POINT('',(0.622802143404,4.15465721227E-17));
#1737 = CARTESIAN_POINT('',(0.579292333127,4.012902016139E-17));
#1738 = CARTESIAN_POINT('',(0.535692636662,3.858541762407E-17));
#1739 = CARTESIAN_POINT('',(0.491894370331,3.692372581208E-17));
#1740 = CARTESIAN_POINT('',(0.447785613286,3.515117850572E-17));
#1741 = CARTESIAN_POINT('',(0.403246428501,3.327419354913E-17));
#1742 = CARTESIAN_POINT('',(0.315898439533,3.585925067879E-17));
#1743 = CARTESIAN_POINT('',(0.273165970094,1.298171414704E-17));
#1744 = CARTESIAN_POINT('',(0.229836279987,3.080205081598E-17));
#1745 = CARTESIAN_POINT('',(0.185797938129,3.789089005537E-17));
#1746 = CARTESIAN_POINT('',(0.140932915815,1.236549892362E-17));
#1747 = CARTESIAN_POINT('',(9.511230814094E-02,4.365952188646E-19));
#1748 = CARTESIAN_POINT('',(4.819081762406E-02,4.438955291746E-17));
#1749 = CARTESIAN_POINT('',(0.,1.183291357832E-30));
#1750 = ( GEOMETRIC_REPRESENTATION_CONTEXT(2) 
PARAMETRIC_REPRESENTATION_CONTEXT() REPRESENTATION_CONTEXT('2D SPACE',''
  ) );
#1751 = PCURVE('',#1752,#1757);
#1752 = PLANE('',#1753);
#1753 = AXIS2_PLACEMENT_3D('',#1754,#1755,#1756);
#1754 = CARTESIAN_POINT('',(0.,0.,0.));
#1755 = DIRECTION('',(0.,0.,1.));
#1756 = DIRECTION('',(1.,0.,-0.));
#1757 = DEFINITIONAL_REPRESENTATION('',(#1758),#1978);
#1758 = B_SPLINE_CURVE_WITH_KNOTS('',8,(#1759,#1760,#1761,#1762,#1763,
    #1764,#1765,#1766,#1767,#1768,#1769,#1770,#1771,#1772,#1773,#1774,
    #1775,#1776,#1777,#1778,#1779,#1780,#1781,#1782,#1783,#1784,#1785,
    #1786,#1787,#1788,#1789,#1790,#1791,#1792,#1793,#1794,#1795,#1796,
    #1797,#1798,#1799,#1800,#1801,#1802,#1803,#1804,#1805,#1806,#1807,
    #1808,#1809,#1810,#1811,#1812,#1813,#1814,#1815,#1816,#1817,#1818,
    #1819,#1820,#1821,#1822,#1823,#1824,#1825,#1826,#1827,#1828,#1829,
    #1830,#1831,#1832,#1833,#1834,#1835,#1836,#1837,#1838,#1839,#1840,
    #1841,#1842,#1843,#1844,#1845,#1846,#1847,#1848,#1849,#1850,#1851,
    #1852,#1853,#1854,#1855,#1856,#1857,#1858,#1859,#1860,#1861,#1862,
    #1863,#1864,#1865,#1866,#1867,#1868,#1869,#1870,#1871,#1872,#1873,
    #1874,#1875,#1876,#1877,#1878,#1879,#1880,#1881,#1882,#1883,#1884,
    #1885,#1886,#1887,#1888,#1889,#1890,#1891,#1892,#1893,#1894,#1895,
    #1896,#1897,#1898,#1899,#1900,#1901,#1902,#1903,#1904,#1905,#1906,
    #1907,#1908,#1909,#1910,#1911,#1912,#1913,#1914,#1915,#1916,#1917,
    #1918,#1919,#1920,#1921,#1922,#1923,#1924,#1925,#1926,#1927,#1928,
    #1929,#1930,#1931,#1932,#1933,#1934,#1935,#1936,#1937,#1938,#1939,
    #1940,#1941,#1942,#1943,#1944,#1945,#1946,#1947,#1948,#1949,#1950,
    #1951,#1952,#1953,#1954,#1955,#1956,#1957,#1958,#1959,#1960,#1961,
    #1962,#1963,#1964,#1965,#1966,#1967,#1968,#1969,#1970,#1971,#1972,
    #1973,#1974,#1975,#1976,#1977),.UNSPECIFIED.,.F.,.F.,(9,7,7,7,7,7,7,
    7,7,7,7,7,7,7,7,7,7,7,7,7,7,7,7,7,7,7,7,7,7,7,7,9),(0.,
    5.676018709369E-02,0.119587635615,0.163308969933,0.197527395372,
    0.215281414349,0.252518073583,0.277913369662,0.307935720004,
    0.324725041941,0.333458194669,0.342363941372,0.383396681877,
    0.414209384573,0.43745023189,0.497505433644,0.557560635399,
    0.580801482716,0.611614185412,0.652646925917,0.660743059282,
    0.667219965976,0.676917799124,0.687529356048,0.705957339218,
    0.743761998395,0.781547229104,0.79956280077,0.834285332982,
    0.878650771184,0.941313240791,1.),.UNSPECIFIED.);
#1759 = CARTESIAN_POINT('',(65.,0.));
#1760 = CARTESIAN_POINT('',(65.000000062687,-3.324606971792));
#1761 = CARTESIAN_POINT('',(64.886355438167,-6.649076377026));
#1762 = CARTESIAN_POINT('',(64.659083267842,-9.969097708321));
#1763 = CARTESIAN_POINT('',(64.31791216713,-13.28015398786));
#1764 = CARTESIAN_POINT('',(63.86234460178,-16.57752845422));
#1765 = CARTESIAN_POINT('',(63.291676901201,-19.85630603849));
#1766 = CARTESIAN_POINT('',(62.604976908809,-23.11136962979));
#1767 = CARTESIAN_POINT('',(60.911124364647,-29.90825006809));
#1768 = CARTESIAN_POINT('',(59.877723761117,-33.44288486853));
#1769 = CARTESIAN_POINT('',(58.699165975453,-36.93439034078));
#1770 = CARTESIAN_POINT('',(57.373520992108,-40.37462478772));
#1771 = CARTESIAN_POINT('',(55.898747739605,-43.75427514907));
#1772 = CARTESIAN_POINT('',(54.272812089571,-47.06290309387));
#1773 = CARTESIAN_POINT('',(52.493710927846,-50.28895169093));
#1774 = CARTESIAN_POINT('',(49.213250208856,-55.5983602579));
#1775 = CARTESIAN_POINT('',(47.792162683983,-57.73054359294));
#1776 = CARTESIAN_POINT('',(46.295467035532,-59.81191504217));
#1777 = CARTESIAN_POINT('',(44.722723548129,-61.83757193823));
#1778 = CARTESIAN_POINT('',(43.073744774957,-63.80208716065));
#1779 = CARTESIAN_POINT('',(41.348661947505,-65.69956264756));
#1780 = CARTESIAN_POINT('',(39.547994048013,-67.52368545454));
#1781 = CARTESIAN_POINT('',(36.205039356993,-70.63280373349));
#1782 = CARTESIAN_POINT('',(34.691737531747,-71.94873371466));
#1783 = CARTESIAN_POINT('',(33.133331958857,-73.21234927312));
#1784 = CARTESIAN_POINT('',(31.530604224443,-74.42022840853));
#1785 = CARTESIAN_POINT('',(29.884632628445,-75.56879963425));
#1786 = CARTESIAN_POINT('',(28.196833839046,-76.65439989389));
#1787 = CARTESIAN_POINT('',(26.469013183796,-77.67334491111));
#1788 = CARTESIAN_POINT('',(23.787358233566,-79.1142222059));
#1789 = CARTESIAN_POINT('',(22.861126101026,-79.58751336245));
#1790 = CARTESIAN_POINT('',(21.925045425054,-80.04137842329));
#1791 = CARTESIAN_POINT('',(20.979464458016,-80.47531631514));
#1792 = CARTESIAN_POINT('',(20.024763227671,-80.8888359013));
#1793 = CARTESIAN_POINT('',(19.061355305426,-81.28145997228));
#1794 = CARTESIAN_POINT('',(18.089689574581,-81.6527292364));
#1795 = CARTESIAN_POINT('',(15.056014133578,-82.73518712434));
#1796 = CARTESIAN_POINT('',(12.967322802446,-83.37240230492));
#1797 = CARTESIAN_POINT('',(10.848960400723,-83.90966244224));
#1798 = CARTESIAN_POINT('',(8.70609512523,-84.34343356116));
#1799 = CARTESIAN_POINT('',(6.544288904301,-84.67088785866));
#1800 = CARTESIAN_POINT('',(4.369512457504,-84.88999978517));
#1801 = CARTESIAN_POINT('',(2.188167484865,-84.99968746997));
#1802 = CARTESIAN_POINT('',(-1.480355225689,-85.00021245126));
#1803 = CARTESIAN_POINT('',(-2.96788027818,-84.94955306903));
#1804 = CARTESIAN_POINT('',(-4.453357052889,-84.84801528915));
#1805 = CARTESIAN_POINT('',(-5.934752349945,-84.6958247435));
#1806 = CARTESIAN_POINT('',(-7.410099719027,-84.49341888096));
#1807 = CARTESIAN_POINT('',(-8.877497804736,-84.24143164666));
#1808 = CARTESIAN_POINT('',(-10.3351092069,-83.94068271024));
#1809 = CARTESIAN_POINT('',(-13.49068271809,-83.18016062937));
#1810 = CARTESIAN_POINT('',(-15.18416244594,-82.70136908699));
#1811 = CARTESIAN_POINT('',(-16.85868484886,-82.15742795183));
#1812 = CARTESIAN_POINT('',(-18.51165589482,-81.55026370818));
#1813 = CARTESIAN_POINT('',(-20.14077339976,-80.88202304334));
#1814 = CARTESIAN_POINT('',(-21.74400322668,-80.15501010143));
#1815 = CARTESIAN_POINT('',(-23.31955999466,-79.3716359365));
#1816 = CARTESIAN_POINT('',(-25.73064373236,-78.06616376068));
#1817 = CARTESIAN_POINT('',(-26.58626678354,-77.58109038141));
#1818 = CARTESIAN_POINT('',(-27.43249740441,-77.07958881848));
#1819 = CARTESIAN_POINT('',(-28.26909737735,-76.5620911784));
#1820 = CARTESIAN_POINT('',(-29.09585289474,-76.02903062816));
#1821 = CARTESIAN_POINT('',(-29.9125731398,-75.48083914053));
#1822 = CARTESIAN_POINT('',(-30.71908886737,-74.91794523959));
#1823 = CARTESIAN_POINT('',(-31.92839491246,-74.04126528211));
#1824 = CARTESIAN_POINT('',(-32.33875252105,-73.73791239535));
#1825 = CARTESIAN_POINT('',(-32.74629695746,-73.4307767798));
#1826 = CARTESIAN_POINT('',(-33.15101750302,-73.11991067605));
#1827 = CARTESIAN_POINT('',(-33.55289402881,-72.80537388744));
#1828 = CARTESIAN_POINT('',(-33.9519056959,-72.48722728758));
#1829 = CARTESIAN_POINT('',(-34.34804227348,-72.16552431006));
#1830 = CARTESIAN_POINT('',(-35.14281610817,-71.5082716209));
#1831 = CARTESIAN_POINT('',(-35.54407212297,-71.17030577307));
#1832 = CARTESIAN_POINT('',(-35.94498614758,-70.82638374336));
#1833 = CARTESIAN_POINT('',(-36.34548822875,-70.47646467294));
#1834 = CARTESIAN_POINT('',(-36.7455068046,-70.12050946881));
#1835 = CARTESIAN_POINT('',(-37.14496870458,-69.75848080379));
#1836 = CARTESIAN_POINT('',(-37.54379914948,-69.39034311654));
#1837 = CARTESIAN_POINT('',(-39.77625004836,-67.29158598724));
#1838 = CARTESIAN_POINT('',(-41.5383768009,-65.49046074572));
#1839 = CARTESIAN_POINT('',(-43.22741490384,-63.61898882633));
#1840 = CARTESIAN_POINT('',(-44.84289898802,-61.68313598099));
#1841 = CARTESIAN_POINT('',(-46.38472040477,-59.68847899447));
#1842 = CARTESIAN_POINT('',(-47.85306445531,-57.64015503859));
#1843 = CARTESIAN_POINT('',(-49.24834986536,-55.54281316048));
#1844 = CARTESIAN_POINT('',(-51.56451578993,-51.79189182637));
#1845 = CARTESIAN_POINT('',(-52.51695084856,-50.15797294636));
#1846 = CARTESIAN_POINT('',(-53.42870871965,-48.50059448454));
#1847 = CARTESIAN_POINT('',(-54.3000409161,-46.82144402196));
#1848 = CARTESIAN_POINT('',(-55.13121360484,-45.12211161562));
#1849 = CARTESIAN_POINT('',(-55.92250378698,-43.40408791321));
#1850 = CARTESIAN_POINT('',(-56.67419547786,-41.66876226787));
#1851 = CARTESIAN_POINT('',(-57.92389855363,-38.59644751951));
#1852 = CARTESIAN_POINT('',(-58.43885013606,-37.2663765633));
#1853 = CARTESIAN_POINT('',(-58.93155166127,-35.92776656446));
#1854 = CARTESIAN_POINT('',(-59.40211997043,-34.5811552317));
#1855 = CARTESIAN_POINT('',(-59.85066771913,-33.22705940231));
#1856 = CARTESIAN_POINT('',(-60.27730337732,-31.8659750421));
#1857 = CARTESIAN_POINT('',(-60.68213122939,-30.49837724545));
#1858 = CARTESIAN_POINT('',(-62.05524551814,-25.5751459059));
#1859 = CARTESIAN_POINT('',(-62.90020790232,-21.98540939732));
#1860 = CARTESIAN_POINT('',(-63.60198119813,-18.36302764792));
#1861 = CARTESIAN_POINT('',(-64.1619508892,-14.71515666292));
#1862 = CARTESIAN_POINT('',(-64.58116530252,-11.04861006335));
#1863 = CARTESIAN_POINT('',(-64.86037623068,-7.369866686697));
#1864 = CARTESIAN_POINT('',(-65.00000014504,-3.685067239227));
#1865 = CARTESIAN_POINT('',(-65.00000014504,3.6850672392));
#1866 = CARTESIAN_POINT('',(-64.86037623068,7.369866686672));
#1867 = CARTESIAN_POINT('',(-64.58116530253,11.048610063329));
#1868 = CARTESIAN_POINT('',(-64.1619508892,14.7151566629));
#1869 = CARTESIAN_POINT('',(-63.60198119813,18.363027647901));
#1870 = CARTESIAN_POINT('',(-62.90020790233,21.985409397303));
#1871 = CARTESIAN_POINT('',(-62.05524551815,25.575145905881));
#1872 = CARTESIAN_POINT('',(-60.6821312294,30.498377245436));
#1873 = CARTESIAN_POINT('',(-60.27730337733,31.865975042086));
#1874 = CARTESIAN_POINT('',(-59.85066771914,33.227059402289));
#1875 = CARTESIAN_POINT('',(-59.40211997044,34.58115523168));
#1876 = CARTESIAN_POINT('',(-58.93155166128,35.927766564438));
#1877 = CARTESIAN_POINT('',(-58.43885013607,37.266376563286));
#1878 = CARTESIAN_POINT('',(-57.92389855364,38.596447519489));
#1879 = CARTESIAN_POINT('',(-56.67419547787,41.668762267854));
#1880 = CARTESIAN_POINT('',(-55.92250378699,43.404087913199));
#1881 = CARTESIAN_POINT('',(-55.13121360485,45.122111615603));
#1882 = CARTESIAN_POINT('',(-54.30004091611,46.821444021944));
#1883 = CARTESIAN_POINT('',(-53.42870871966,48.500594484526));
#1884 = CARTESIAN_POINT('',(-52.51695084857,50.157972946348));
#1885 = CARTESIAN_POINT('',(-51.56451578994,51.791891826356));
#1886 = CARTESIAN_POINT('',(-49.24834986537,55.542813160476));
#1887 = CARTESIAN_POINT('',(-47.85306445532,57.640155038573));
#1888 = CARTESIAN_POINT('',(-46.38472040478,59.688478994452));
#1889 = CARTESIAN_POINT('',(-44.84289898803,61.683135980986));
#1890 = CARTESIAN_POINT('',(-43.22741490385,63.618988826327));
#1891 = CARTESIAN_POINT('',(-41.53837680092,65.490460745711));
#1892 = CARTESIAN_POINT('',(-39.77625004837,67.29158598723));
#1893 = CARTESIAN_POINT('',(-37.57999211035,69.356317596922));
#1894 = CARTESIAN_POINT('',(-37.21747748053,69.691495908428));
#1895 = CARTESIAN_POINT('',(-36.85443524832,70.021622905126));
#1896 = CARTESIAN_POINT('',(-36.4909217035,70.346725166212));
#1897 = CARTESIAN_POINT('',(-36.12699203934,70.666830491013));
#1898 = CARTESIAN_POINT('',(-35.76270035259,70.981967898987));
#1899 = CARTESIAN_POINT('',(-35.39809964349,71.29216762972));
#1900 = CARTESIAN_POINT('',(-34.74135554896,71.84169593382));
#1901 = CARTESIAN_POINT('',(-34.44930471343,72.082790645466));
#1902 = CARTESIAN_POINT('',(-34.15711587528,72.320761355607));
#1903 = CARTESIAN_POINT('',(-33.86481514005,72.555624540744));
#1904 = CARTESIAN_POINT('',(-33.57242815269,72.787397076146));
#1905 = CARTESIAN_POINT('',(-33.27998009756,73.01609623584));
#1906 = CARTESIAN_POINT('',(-32.98749569842,73.241739692619));
#1907 = CARTESIAN_POINT('',(-32.2574741191,73.797326036881));
#1908 = CARTESIAN_POINT('',(-31.81592626148,74.126550733788));
#1909 = CARTESIAN_POINT('',(-31.37005301985,74.452154078778));
#1910 = CARTESIAN_POINT('',(-30.91965451821,74.774165780809));
#1911 = CARTESIAN_POINT('',(-30.46462536979,75.09253078298));
#1912 = CARTESIAN_POINT('',(-30.00497573725,75.407107420626));
#1913 = CARTESIAN_POINT('',(-29.54082667739,75.717686329314));
#1914 = CARTESIAN_POINT('',(-28.55979825052,76.35922548463));
#1915 = CARTESIAN_POINT('',(-28.04330329702,76.688540603437));
#1916 = CARTESIAN_POINT('',(-27.52298528053,77.01183666047));
#1917 = CARTESIAN_POINT('',(-26.99889324204,77.329009261197));
#1918 = CARTESIAN_POINT('',(-26.47107983996,77.639954095496));
#1919 = CARTESIAN_POINT('',(-25.93960135013,77.944566937657));
#1920 = CARTESIAN_POINT('',(-25.40451766582,78.242743646381));
#1921 = CARTESIAN_POINT('',(-23.9305179447,79.040835189542));
#1922 = CARTESIAN_POINT('',(-22.98446107862,79.527568546087));
#1923 = CARTESIAN_POINT('',(-22.02805844509,79.994036888149));
#1924 = CARTESIAN_POINT('',(-21.06167952511,80.439702970283));
#1925 = CARTESIAN_POINT('',(-20.08572851968,80.864040107403));
#1926 = CARTESIAN_POINT('',(-19.10064633438,81.266536634326));
#1927 = CARTESIAN_POINT('',(-18.10691256397,81.646700365314));
#1928 = CARTESIAN_POINT('',(-15.04974033148,82.73718573518));
#1929 = CARTESIAN_POINT('',(-12.95994838068,83.374444753445));
#1930 = CARTESIAN_POINT('',(-10.84045914461,83.911645229843));
#1931 = CARTESIAN_POINT('',(-8.69644754176,84.345248070048));
#1932 = CARTESIAN_POINT('',(-6.533483907328,84.672421258988));
#1933 = CARTESIAN_POINT('',(-4.357549161976,84.891136632256));
#1934 = CARTESIAN_POINT('',(-2.175057131065,85.000312123904));
#1935 = CARTESIAN_POINT('',(2.188167484851,84.999687469975));
#1936 = CARTESIAN_POINT('',(4.369512457489,84.889999785171));
#1937 = CARTESIAN_POINT('',(6.544288904287,84.670887858669));
#1938 = CARTESIAN_POINT('',(8.706095125217,84.343433561172));
#1939 = CARTESIAN_POINT('',(10.848960400709,83.909662442244));
#1940 = CARTESIAN_POINT('',(12.967322802432,83.372402304924));
#1941 = CARTESIAN_POINT('',(15.056014133565,82.735187124351));
#1942 = CARTESIAN_POINT('',(18.089689574566,81.652729236412));
#1943 = CARTESIAN_POINT('',(19.061355305414,81.281459972291));
#1944 = CARTESIAN_POINT('',(20.024763227659,80.888835901308));
#1945 = CARTESIAN_POINT('',(20.979464458003,80.475316315149));
#1946 = CARTESIAN_POINT('',(21.92504542504,80.041378423304));
#1947 = CARTESIAN_POINT('',(22.861126101013,79.587513362463));
#1948 = CARTESIAN_POINT('',(23.787358233554,79.11422220591));
#1949 = CARTESIAN_POINT('',(26.469013183779,77.673344911126));
#1950 = CARTESIAN_POINT('',(28.19683383904,76.654399893899));
#1951 = CARTESIAN_POINT('',(29.884632628434,75.568799634266));
#1952 = CARTESIAN_POINT('',(31.530604224426,74.420228408545));
#1953 = CARTESIAN_POINT('',(33.133331958846,73.212349273137));
#1954 = CARTESIAN_POINT('',(34.691737531741,71.948733714676));
#1955 = CARTESIAN_POINT('',(36.205039356979,70.632803733507));
#1956 = CARTESIAN_POINT('',(39.547994048001,67.52368545456));
#1957 = CARTESIAN_POINT('',(41.348661947499,65.699562647578));
#1958 = CARTESIAN_POINT('',(43.073744774948,63.802087160667));
#1959 = CARTESIAN_POINT('',(44.722723548118,61.837571938247));
#1960 = CARTESIAN_POINT('',(46.295467035524,59.81191504218));
#1961 = CARTESIAN_POINT('',(47.792162683979,57.730543592954));
#1962 = CARTESIAN_POINT('',(49.213250208846,55.598360257918));
#1963 = CARTESIAN_POINT('',(52.460622033592,50.342505921038));
#1964 = CARTESIAN_POINT('',(54.211912418691,47.173224627987));
#1965 = CARTESIAN_POINT('',(55.815195219404,43.923952120684));
#1966 = CARTESIAN_POINT('',(57.27236964426,40.605692409133));
#1967 = CARTESIAN_POINT('',(58.585368415089,37.228396833402));
#1968 = CARTESIAN_POINT('',(59.756134194401,33.800957185399));
#1969 = CARTESIAN_POINT('',(60.786511309876,30.33116304326));
#1970 = CARTESIAN_POINT('',(62.513105525384,23.542531289518));
#1971 = CARTESIAN_POINT('',(63.226239669691,20.228620857396));
#1972 = CARTESIAN_POINT('',(63.818815083306,16.889580010274));
#1973 = CARTESIAN_POINT('',(64.2918342834,13.53084617929));
#1974 = CARTESIAN_POINT('',(64.646054308175,10.157634583675));
#1975 = CARTESIAN_POINT('',(64.882011712528,6.774942492341));
#1976 = CARTESIAN_POINT('',(65.000000072711,3.387547526029));
#1977 = CARTESIAN_POINT('',(65.,1.42108547152E-14));
#1978 = ( GEOMETRIC_REPRESENTATION_CONTEXT(2) 
PARAMETRIC_REPRESENTATION_CONTEXT() REPRESENTATION_CONTEXT('2D SPACE',''
  ) );
#1979 = ORIENTED_EDGE('',*,*,#1980,.T.);
#1980 = EDGE_CURVE('',#1305,#1981,#1983,.T.);
#1981 = VERTEX_POINT('',#1982);
#1982 = CARTESIAN_POINT('',(-55.14372517654,45.,2.103664463864E-15));
#1983 = SURFACE_CURVE('',#1984,(#2186,#2391),.PCURVE_S1.);
#1984 = B_SPLINE_CURVE_WITH_KNOTS('',8,(#1985,#1986,#1987,#1988,#1989,
    #1990,#1991,#1992,#1993,#1994,#1995,#1996,#1997,#1998,#1999,#2000,
    #2001,#2002,#2003,#2004,#2005,#2006,#2007,#2008,#2009,#2010,#2011,
    #2012,#2013,#2014,#2015,#2016,#2017,#2018,#2019,#2020,#2021,#2022,
    #2023,#2024,#2025,#2026,#2027,#2028,#2029,#2030,#2031,#2032,#2033,
    #2034,#2035,#2036,#2037,#2038,#2039,#2040,#2041,#2042,#2043,#2044,
    #2045,#2046,#2047,#2048,#2049,#2050,#2051,#2052,#2053,#2054,#2055,
    #2056,#2057,#2058,#2059,#2060,#2061,#2062,#2063,#2064,#2065,#2066,
    #2067,#2068,#2069,#2070,#2071,#2072,#2073,#2074,#2075,#2076,#2077,
    #2078,#2079,#2080,#2081,#2082,#2083,#2084,#2085,#2086,#2087,#2088,
    #2089,#2090,#2091,#2092,#2093,#2094,#2095,#2096,#2097,#2098,#2099,
    #2100,#2101,#2102,#2103,#2104,#2105,#2106,#2107,#2108,#2109,#2110,
    #2111,#2112,#2113,#2114,#2115,#2116,#2117,#2118,#2119,#2120,#2121,
    #2122,#2123,#2124,#2125,#2126,#2127,#2128,#2129,#2130,#2131,#2132,
    #2133,#2134,#2135,#2136,#2137,#2138,#2139,#2140,#2141,#2142,#2143,
    #2144,#2145,#2146,#2147,#2148,#2149,#2150,#2151,#2152,#2153,#2154,
    #2155,#2156,#2157,#2158,#2159,#2160,#2161,#2162,#2163,#2164,#2165,
    #2166,#2167,#2168,#2169,#2170,#2171,#2172,#2173,#2174,#2175,#2176,
    #2177,#2178,#2179,#2180,#2181,#2182,#2183,#2184,#2185),
  .UNSPECIFIED.,.T.,.F.,(9,7,7,7,7,7,7,7,7,7,7,7,7,7,8,7,7,7,7,7,7,7,7,7
    ,7,8,8,7,9),(0.,1.152342379798E-02,2.056568228421E-02,
    2.77471398526E-02,4.081184681537E-02,4.154096983426E-02,
    5.447257247425E-02,6.195193914027E-02,7.031364874403E-02,
    7.601290409122E-02,8.006948837562E-02,8.97479520051E-02,
    9.598642310628E-02,9.925714942984E-02,0.100946822589,0.112470246387,
    0.12619079008,0.195650421246,0.296021915003,0.385401550657,
    0.54665769633,0.563149895905,0.707881676708,0.798500656365,
    0.90009635193,0.969059073192,0.98058249699,0.992105920788,1.),
  .UNSPECIFIED.);
#1985 = CARTESIAN_POINT('',(12.926944958049,45.,-47.42169321881));
#1986 = CARTESIAN_POINT('',(15.291101855583,45.,-46.91737549842));
#1987 = CARTESIAN_POINT('',(17.632473684054,45.,-46.30638075613));
#1988 = CARTESIAN_POINT('',(19.945378170828,45.,-45.58893668245));
#1989 = CARTESIAN_POINT('',(22.223824365408,45.,-44.76538437401));
#1990 = CARTESIAN_POINT('',(24.461540619983,45.,-43.83624944009));
#1991 = CARTESIAN_POINT('',(26.651999205244,45.,-42.80230417045));
#1992 = CARTESIAN_POINT('',(28.788437561477,45.,-41.66462076471));
#1993 = CARTESIAN_POINT('',(32.492432542834,45.,-39.45160768142));
#1994 = CARTESIAN_POINT('',(34.083363727914,45.,-38.41563831888));
#1995 = CARTESIAN_POINT('',(35.633272872425,45.,-37.31741827356));
#1996 = CARTESIAN_POINT('',(37.138618859511,45.,-36.15784024516));
#1997 = CARTESIAN_POINT('',(38.595740527702,45.,-34.93800920199));
#1998 = CARTESIAN_POINT('',(40.000884876433,45.,-33.65927734491));
#1999 = CARTESIAN_POINT('',(41.35023927256,45.,-32.32328372802));
#2000 = CARTESIAN_POINT('',(43.664283785265,45.,-29.82702495931));
#2001 = CARTESIAN_POINT('',(44.650989793224,45.,-28.68717554865));
#2002 = CARTESIAN_POINT('',(45.598152339309,45.,-27.51345019049));
#2003 = CARTESIAN_POINT('',(46.503835450991,45.,-26.30698198601));
#2004 = CARTESIAN_POINT('',(47.366114571549,45.,-25.06904739062));
#2005 = CARTESIAN_POINT('',(48.183094636757,45.,-23.80107917017));
#2006 = CARTESIAN_POINT('',(48.952932182401,45.,-22.50468217418));
#2007 = CARTESIAN_POINT('',(50.985396581092,45.,-18.77475829078));
#2008 = CARTESIAN_POINT('',(52.135488252353,45.,-16.27894163943));
#2009 = CARTESIAN_POINT('',(53.112838286564,45.,-13.70582134122));
#2010 = CARTESIAN_POINT('',(53.907889262787,45.,-11.068254902));
#2011 = CARTESIAN_POINT('',(54.512895916921,45.,-8.380344349269));
#2012 = CARTESIAN_POINT('',(54.922103364174,45.,-5.657473675633));
#2013 = CARTESIAN_POINT('',(55.132219434773,45.,-2.916413832894));
#2014 = CARTESIAN_POINT('',(55.143990171101,45.,-2.267298980613E-02));
#2015 = CARTESIAN_POINT('',(55.143993135523,45.,0.130188223206));
#2016 = CARTESIAN_POINT('',(55.143377254216,45.,0.283049050513));
#2017 = CARTESIAN_POINT('',(55.142142533903,45.,0.435906636727));
#2018 = CARTESIAN_POINT('',(55.140289008659,45.,0.588758090979));
#2019 = CARTESIAN_POINT('',(55.137816739911,45.,0.741600486913));
#2020 = CARTESIAN_POINT('',(55.134725816439,45.,0.894430862688));
#2021 = CARTESIAN_POINT('',(55.065204004986,45.,3.758468573639));
#2022 = CARTESIAN_POINT('',(54.804669872653,45.,6.465876412899));
#2023 = CARTESIAN_POINT('',(54.349879675913,45.,9.151754342592));
#2024 = CARTESIAN_POINT('',(53.704513833846,45.,11.800005991472));
#2025 = CARTESIAN_POINT('',(52.87455436778,45.,14.395936001679));
#2026 = CARTESIAN_POINT('',(51.867825782861,45.,16.92613873573));
#2027 = CARTESIAN_POINT('',(50.693808369846,45.,19.37845422263));
#2028 = CARTESIAN_POINT('',(48.594144814425,45.,23.1089489722));
#2029 = CARTESIAN_POINT('',(47.772345816974,45.,24.446471019708));
#2030 = CARTESIAN_POINT('',(46.900162886897,45.,25.75254339457));
#2031 = CARTESIAN_POINT('',(45.979697252411,45.,27.025413888914));
#2032 = CARTESIAN_POINT('',(45.013102892896,45.,28.263529836156));
#2033 = CARTESIAN_POINT('',(44.002560386229,45.,29.465518733193));
#2034 = CARTESIAN_POINT('',(42.950255568671,45.,30.630172347285));
#2035 = CARTESIAN_POINT('',(40.637659657859,45.,33.015561621819));
#2036 = CARTESIAN_POINT('',(39.367476607999,45.,34.226704742049));
#2037 = CARTESIAN_POINT('',(38.050834737387,45.,35.388405564926));
#2038 = CARTESIAN_POINT('',(36.690729463594,45.,36.499437150804));
#2039 = CARTESIAN_POINT('',(35.290107733425,45.,37.558774881465));
#2040 = CARTESIAN_POINT('',(33.851847288535,45.,38.565570346975));
#2041 = CARTESIAN_POINT('',(32.378738205318,45.,39.519127961766));
#2042 = CARTESIAN_POINT('',(29.847487890108,45.,41.032149683957));
#2043 = CARTESIAN_POINT('',(28.806575146434,45.,41.620416156893));
#2044 = CARTESIAN_POINT('',(27.75158179116,45.,42.183504272481));
#2045 = CARTESIAN_POINT('',(26.683345981917,45.,42.721258798015));
#2046 = CARTESIAN_POINT('',(25.602689622809,45.,43.233546511352));
#2047 = CARTESIAN_POINT('',(24.510417266366,45.,43.720253987957));
#2048 = CARTESIAN_POINT('',(23.40731501548,45.,44.181285387944));
#2049 = CARTESIAN_POINT('',(21.501833347253,45.,44.926375290744));
#2050 = CARTESIAN_POINT('',(20.704420685637,45.,45.223140609184));
#2051 = CARTESIAN_POINT('',(19.902188906354,45.,45.506827482171));
#2052 = CARTESIAN_POINT('',(19.095411865907,45.,45.777410085043));
#2053 = CARTESIAN_POINT('',(18.284359811459,45.,46.034865484741));
#2054 = CARTESIAN_POINT('',(17.469299380836,45.,46.279173639808));
#2055 = CARTESIAN_POINT('',(16.650493602524,45.,46.510317400393));
#2056 = CARTESIAN_POINT('',(13.866297951673,45.,47.248324574549));
#2057 = CARTESIAN_POINT('',(11.884590843637,45.,47.693333903648));
#2058 = CARTESIAN_POINT('',(9.886558734475,45.,48.063126049509));
#2059 = CARTESIAN_POINT('',(7.875627746228,45.,48.357563701053));
#2060 = CARTESIAN_POINT('',(5.855171044694,45.,48.57655777775));
#2061 = CARTESIAN_POINT('',(3.828508126683,45.,48.720062372577));
#2062 = CARTESIAN_POINT('',(1.798904309879,45.,48.78806354235));
#2063 = CARTESIAN_POINT('',(-1.538484317567,45.,48.775726569417));
#2064 = CARTESIAN_POINT('',(-2.846406900854,45.,48.739521915152));
#2065 = CARTESIAN_POINT('',(-4.153329024793,45.,48.671949488812));
#2066 = CARTESIAN_POINT('',(-5.458376624657,45.,48.573015022953));
#2067 = CARTESIAN_POINT('',(-6.760669725174,45.,48.442729032709));
#2068 = CARTESIAN_POINT('',(-8.05932229497,45.,48.281107372008));
#2069 = CARTESIAN_POINT('',(-9.353442100999,45.,48.088171789785));
#2070 = CARTESIAN_POINT('',(-11.31777264557,45.,47.746394203158));
#2071 = CARTESIAN_POINT('',(-11.99192038896,45.,47.620238505211));
#2072 = CARTESIAN_POINT('',(-12.66444360517,45.,47.485487448158));
#2073 = CARTESIAN_POINT('',(-13.33521097235,45.,47.342145831539));
#2074 = CARTESIAN_POINT('',(-14.00409003476,45.,47.190219198626));
#2075 = CARTESIAN_POINT('',(-14.6709472028,45.,47.029713836425));
#2076 = CARTESIAN_POINT('',(-15.335647753,45.,46.860636775677));
#2077 = CARTESIAN_POINT('',(-16.34025852024,45.,46.591225948853));
#2078 = CARTESIAN_POINT('',(-16.68376619354,45.,46.496656072214));
#2079 = CARTESIAN_POINT('',(-17.0286394539,45.,46.399218639548));
#2080 = CARTESIAN_POINT('',(-17.3749395263,45.,46.298841168043));
#2081 = CARTESIAN_POINT('',(-17.7227282547,45.,46.195446213462));
#2082 = CARTESIAN_POINT('',(-18.07206810209,45.,46.088951370149));
#2083 = CARTESIAN_POINT('',(-18.42302215045,45.,45.979269271024));
#2084 = CARTESIAN_POINT('',(-18.77565410077,45.,45.866307587586));
#2085 = CARTESIAN_POINT('',(-18.95439057396,45.,45.809051267634));
#2086 = CARTESIAN_POINT('',(-19.1329228997,45.,45.751155728707));
#2087 = CARTESIAN_POINT('',(-19.31124793764,45.,45.692621286337));
#2088 = CARTESIAN_POINT('',(-19.48936268238,45.,45.633448212816));
#2089 = CARTESIAN_POINT('',(-19.66726426339,45.,45.573636737195));
#2090 = CARTESIAN_POINT('',(-19.84494994508,45.,45.513187045285));
#2091 = CARTESIAN_POINT('',(-20.02241712675,45.,45.452099279653));
#2092 = CARTESIAN_POINT('',(-20.41066398736,45.,45.316892993537));
#2093 = CARTESIAN_POINT('',(-20.62357645878,45.,45.241733172016));
#2094 = CARTESIAN_POINT('',(-20.83844052725,45.,45.164841993425));
#2095 = CARTESIAN_POINT('',(-21.05529741869,45.,45.086164287394));
#2096 = CARTESIAN_POINT('',(-21.27418981462,45.,45.005641794819));
#2097 = CARTESIAN_POINT('',(-21.49516185212,45.,44.923213167867));
#2098 = CARTESIAN_POINT('',(-21.71825912387,45.,44.838813969972));
#2099 = CARTESIAN_POINT('',(-23.08394367182,45.,44.314791838283));
#2100 = CARTESIAN_POINT('',(-24.21405751364,45.,43.850279488576));
#2101 = CARTESIAN_POINT('',(-25.33305133031,45.,43.35892225124));
#2102 = CARTESIAN_POINT('',(-26.44008568357,45.,42.840819342353));
#2103 = CARTESIAN_POINT('',(-27.53430170704,45.,42.296088914331));
#2104 = CARTESIAN_POINT('',(-28.61482224309,45.,41.724870400707));
#2105 = CARTESIAN_POINT('',(-29.68075297968,45.,41.12732686092));
#2106 = CARTESIAN_POINT('',(-32.24908845468,45.,39.602410947151));
#2107 = CARTESIAN_POINT('',(-33.73460927543,45.,38.646610557135));
#2108 = CARTESIAN_POINT('',(-35.18500761198,45.,37.636813629059));
#2109 = CARTESIAN_POINT('',(-36.59743892456,45.,36.573722373639));
#2110 = CARTESIAN_POINT('',(-37.96896898744,45.,35.458194895417));
#2111 = CARTESIAN_POINT('',(-39.29659265927,45.,34.291269166799));
#2112 = CARTESIAN_POINT('',(-40.5772550077,45.,33.074189819013));
#2113 = CARTESIAN_POINT('',(-42.90372731547,45.,30.681300331834));
#2114 = CARTESIAN_POINT('',(-43.95989780972,45.,29.515567376743));
#2115 = CARTESIAN_POINT('',(-44.97419763497,45.,28.31229775572));
#2116 = CARTESIAN_POINT('',(-45.94442640155,45.,27.072703207673));
#2117 = CARTESIAN_POINT('',(-46.86838860615,45.,25.798160875376));
#2118 = CARTESIAN_POINT('',(-47.74391513007,45.,24.490229365222));
#2119 = CARTESIAN_POINT('',(-48.56888959571,45.,23.150668330789));
#2120 = CARTESIAN_POINT('',(-50.73480382001,45.,19.31117816828));
#2121 = CARTESIAN_POINT('',(-51.95766687671,45.,16.743502739137));
#2122 = CARTESIAN_POINT('',(-52.99713560925,45.,14.091018069184));
#2123 = CARTESIAN_POINT('',(-53.84241171165,45.,11.367743837413));
#2124 = CARTESIAN_POINT('',(-54.4847220225,45.,8.589145725925));
#2125 = CARTESIAN_POINT('',(-54.91752634369,45.,5.772180477639));
#2126 = CARTESIAN_POINT('',(-55.13708283589,45.,2.935424646042));
#2127 = CARTESIAN_POINT('',(-55.1442783872,45.,-0.190562092231));
#2128 = CARTESIAN_POINT('',(-55.14271997914,45.,-0.480464085594));
#2129 = CARTESIAN_POINT('',(-55.13893575114,45.,-0.770352033258));
#2130 = CARTESIAN_POINT('',(-55.13292597179,45.,-1.060204890206));
#2131 = CARTESIAN_POINT('',(-55.12469126892,45.,-1.350003900629));
#2132 = CARTESIAN_POINT('',(-55.11423261903,45.,-1.639728214085));
#2133 = CARTESIAN_POINT('',(-55.10155135554,45.,-1.929358471715));
#2134 = CARTESIAN_POINT('',(-54.95586232455,45.,-4.759771849082));
#2135 = CARTESIAN_POINT('',(-54.65397596023,45.,-7.292515367691));
#2136 = CARTESIAN_POINT('',(-54.18203373742,45.,-9.802688015123));
#2137 = CARTESIAN_POINT('',(-53.54346971775,45.,-12.27716172246));
#2138 = CARTESIAN_POINT('',(-52.74346404261,45.,-14.70393240381));
#2139 = CARTESIAN_POINT('',(-51.7886040292,45.,-17.07203207498));
#2140 = CARTESIAN_POINT('',(-50.68673027186,45.,-19.37148941148));
#2141 = CARTESIAN_POINT('',(-48.67053619577,45.,-22.98442881374));
#2142 = CARTESIAN_POINT('',(-47.84001059727,45.,-24.34531281166));
#2143 = CARTESIAN_POINT('',(-46.95737752621,45.,-25.67387852006));
#2144 = CARTESIAN_POINT('',(-46.02483497593,45.,-26.96827997479));
#2145 = CARTESIAN_POINT('',(-45.04463828097,45.,-28.22688396363));
#2146 = CARTESIAN_POINT('',(-44.01907175847,45.,-29.44824908305));
#2147 = CARTESIAN_POINT('',(-42.95042566332,45.,-30.63110862405));
#2148 = CARTESIAN_POINT('',(-40.59714352489,45.,-33.05608805923));
#2149 = CARTESIAN_POINT('',(-39.30202381109,45.,-34.28803024203));
#2150 = CARTESIAN_POINT('',(-37.95881039705,45.,-35.46864635049));
#2151 = CARTESIAN_POINT('',(-36.57066714743,45.,-36.59664673801));
#2152 = CARTESIAN_POINT('',(-35.14070585119,45.,-37.67095821667));
#2153 = CARTESIAN_POINT('',(-33.671963876,45.,-38.69069568474));
#2154 = CARTESIAN_POINT('',(-32.16738433642,45.,-39.65513676127));
#2155 = CARTESIAN_POINT('',(-29.5860905725,45.,-41.18042883449));
#2156 = CARTESIAN_POINT('',(-28.52718300505,45.,-41.77140617016));
#2157 = CARTESIAN_POINT('',(-27.45396462852,45.,-42.33644833381));
#2158 = CARTESIAN_POINT('',(-26.36730845147,45.,-42.87539725152));
#2159 = CARTESIAN_POINT('',(-25.26807085024,45.,-43.38811762962));
#2160 = CARTESIAN_POINT('',(-24.15709048316,45.,-43.87449470776));
#2161 = CARTESIAN_POINT('',(-23.0351872048,45.,-44.33443201211));
#2162 = CARTESIAN_POINT('',(-21.9031609802,45.,-44.76784910849));
#2163 = CARTESIAN_POINT('',(-21.51691543758,45.,-44.91573033498));
#2164 = CARTESIAN_POINT('',(-21.13592456971,45.,-45.05806107449));
#2165 = CARTESIAN_POINT('',(-20.76148805923,45.,-45.19455916605));
#2166 = CARTESIAN_POINT('',(-20.3939794018,45.,-45.32535195561));
#2167 = CARTESIAN_POINT('',(-20.03286255813,45.,-45.45089154186));
#2168 = CARTESIAN_POINT('',(-19.67663227882,45.,-45.57190763308));
#2169 = CARTESIAN_POINT('',(-19.32280176756,45.,-45.68935806933));
#2170 = CARTESIAN_POINT('',(-18.96791528062,45.,-45.80436160498));
#2171 = CARTESIAN_POINT('',(-16.68841002756,45.,-46.54305179536));
#2172 = CARTESIAN_POINT('',(-14.37529900059,45.,-47.17756209231));
#2173 = CARTESIAN_POINT('',(-12.03443484336,45.,-47.70748100024));
#2174 = CARTESIAN_POINT('',(-9.671549464455,45.,-48.13250352693));
#2175 = CARTESIAN_POINT('',(-7.292252638264,45.,-48.45243225825));
#2176 = CARTESIAN_POINT('',(-4.902031662443,45.,-48.66716324259));
#2177 = CARTESIAN_POINT('',(-2.506251183457,45.,-48.77665644377));
#2178 = CARTESIAN_POINT('',(1.531292394634,45.,-48.78379106291));
#2179 = CARTESIAN_POINT('',(3.172830998772,45.,-48.73729421746));
#2180 = CARTESIAN_POINT('',(4.812753556742,45.,-48.64139881495));
#2181 = CARTESIAN_POINT('',(6.449331167063,45.,-48.49611172844));
#2182 = CARTESIAN_POINT('',(8.080815810642,45.,-48.30145280443));
#2183 = CARTESIAN_POINT('',(9.705440307323,45.,-48.05745806489));
#2184 = CARTESIAN_POINT('',(11.321418398824,45.,-47.76418118106));
#2185 = CARTESIAN_POINT('',(12.926944958049,45.,-47.42169321881));
#2186 = PCURVE('',#248,#2187);
#2187 = DEFINITIONAL_REPRESENTATION('',(#2188),#2390);
#2188 = B_SPLINE_CURVE_WITH_KNOTS('',8,(#2189,#2190,#2191,#2192,#2193,
    #2194,#2195,#2196,#2197,#2198,#2199,#2200,#2201,#2202,#2203,#2204,
    #2205,#2206,#2207,#2208,#2209,#2210,#2211,#2212,#2213,#2214,#2215,
    #2216,#2217,#2218,#2219,#2220,#2221,#2222,#2223,#2224,#2225,#2226,
    #2227,#2228,#2229,#2230,#2231,#2232,#2233,#2234,#2235,#2236,#2237,
    #2238,#2239,#2240,#2241,#2242,#2243,#2244,#2245,#2246,#2247,#2248,
    #2249,#2250,#2251,#2252,#2253,#2254,#2255,#2256,#2257,#2258,#2259,
    #2260,#2261,#2262,#2263,#2264,#2265,#2266,#2267,#2268,#2269,#2270,
    #2271,#2272,#2273,#2274,#2275,#2276,#2277,#2278,#2279,#2280,#2281,
    #2282,#2283,#2284,#2285,#2286,#2287,#2288,#2289,#2290,#2291,#2292,
    #2293,#2294,#2295,#2296,#2297,#2298,#2299,#2300,#2301,#2302,#2303,
    #2304,#2305,#2306,#2307,#2308,#2309,#2310,#2311,#2312,#2313,#2314,
    #2315,#2316,#2317,#2318,#2319,#2320,#2321,#2322,#2323,#2324,#2325,
    #2326,#2327,#2328,#2329,#2330,#2331,#2332,#2333,#2334,#2335,#2336,
    #2337,#2338,#2339,#2340,#2341,#2342,#2343,#2344,#2345,#2346,#2347,
    #2348,#2349,#2350,#2351,#2352,#2353,#2354,#2355,#2356,#2357,#2358,
    #2359,#2360,#2361,#2362,#2363,#2364,#2365,#2366,#2367,#2368,#2369,
    #2370,#2371,#2372,#2373,#2374,#2375,#2376,#2377,#2378,#2379,#2380,
    #2381,#2382,#2383,#2384,#2385,#2386,#2387,#2388,#2389),
  .UNSPECIFIED.,.T.,.F.,(9,7,7,7,7,7,7,7,7,7,7,7,7,7,8,7,7,7,7,7,7,7,7,7
    ,7,8,8,7,9),(0.,1.152342379798E-02,2.056568228421E-02,
    2.77471398526E-02,4.081184681537E-02,4.154096983426E-02,
    5.447257247425E-02,6.195193914027E-02,7.031364874403E-02,
    7.601290409122E-02,8.006948837562E-02,8.97479520051E-02,
    9.598642310628E-02,9.925714942984E-02,0.100946822589,0.112470246387,
    0.12619079008,0.195650421246,0.296021915003,0.385401550657,
    0.54665769633,0.563149895905,0.707881676708,0.798500656365,
    0.90009635193,0.969059073192,0.98058249699,0.992105920788,1.),
  .UNSPECIFIED.);
#2189 = CARTESIAN_POINT('',(1.196495401287,-0.960638772924));
#2190 = CARTESIAN_POINT('',(1.14152504396,-0.945810067468));
#2191 = CARTESIAN_POINT('',(1.090235719859,-0.928251582762));
#2192 = CARTESIAN_POINT('',(1.042798356994,-0.908228536505));
#2193 = CARTESIAN_POINT('',(0.999160797318,-0.886023105072));
#2194 = CARTESIAN_POINT('',(0.959141277359,-0.861896149311));
#2195 = CARTESIAN_POINT('',(0.92249851759,-0.836066283526));
#2196 = CARTESIAN_POINT('',(0.888978420514,-0.808706287648));
#2197 = CARTESIAN_POINT('',(0.834293794158,-0.757397633958));
#2198 = CARTESIAN_POINT('',(0.812023536259,-0.733983332629));
#2199 = CARTESIAN_POINT('',(0.791407816653,-0.709781388564));
#2200 = CARTESIAN_POINT('',(0.772332255219,-0.684845842457));
#2201 = CARTESIAN_POINT('',(0.754690788411,-0.659219058043));
#2202 = CARTESIAN_POINT('',(0.738387805259,-0.632933476512));
#2203 = CARTESIAN_POINT('',(0.723338509852,-0.60601341303));
#2204 = CARTESIAN_POINT('',(0.698451026958,-0.556607095222));
#2205 = CARTESIAN_POINT('',(0.688177836777,-0.53434845461));
#2206 = CARTESIAN_POINT('',(0.678610418148,-0.511710226945));
#2207 = CARTESIAN_POINT('',(0.669715170095,-0.488699148155));
#2208 = CARTESIAN_POINT('',(0.66146222748,-0.465319871043));
#2209 = CARTESIAN_POINT('',(0.653825244436,-0.441575454961));
#2210 = CARTESIAN_POINT('',(0.646781145985,-0.417467910799));
#2211 = CARTESIAN_POINT('',(0.62853707385,-0.34848392037));
#2212 = CARTESIAN_POINT('',(0.618656285626,-0.302757988801));
#2213 = CARTESIAN_POINT('',(0.610552957722,-0.255846085432));
#2214 = CARTESIAN_POINT('',(0.604136525886,-0.207750978002));
#2215 = CARTESIAN_POINT('',(0.599341961465,-0.158463497842));
#2216 = CARTESIAN_POINT('',(0.596129291509,-0.107970268736));
#2217 = CARTESIAN_POINT('',(0.594480467834,-5.626737977275E-02));
#2218 = CARTESIAN_POINT('',(0.594388109105,-4.375008357672E-04));
#2219 = CARTESIAN_POINT('',(0.594388085927,2.514768377157E-03));
#2220 = CARTESIAN_POINT('',(0.594392918581,5.465197882296E-03));
#2221 = CARTESIAN_POINT('',(0.594402607129,8.411784919351E-03));
#2222 = CARTESIAN_POINT('',(0.594417151822,1.135354171265E-02));
#2223 = CARTESIAN_POINT('',(0.594436553104,1.429049547113E-02));
#2224 = CARTESIAN_POINT('',(0.594460811607,1.722368838838E-02));
#2225 = CARTESIAN_POINT('',(0.595006501824,7.214757396437E-02));
#2226 = CARTESIAN_POINT('',(0.597052465628,0.122986894956));
#2227 = CARTESIAN_POINT('',(0.60063371987,0.172642554523));
#2228 = CARTESIAN_POINT('',(0.605771506764,0.221118763063));
#2229 = CARTESIAN_POINT('',(0.612508372506,0.268428209071));
#2230 = CARTESIAN_POINT('',(0.620911203367,0.314579255676));
#2231 = CARTESIAN_POINT('',(0.631071900115,0.359568685612));
#2232 = CARTESIAN_POINT('',(0.650066668103,0.428706960298));
#2233 = CARTESIAN_POINT('',(0.657655047368,0.453649511632));
#2234 = CARTESIAN_POINT('',(0.665894951574,0.478197681243));
#2235 = CARTESIAN_POINT('',(0.674813516,0.502348834536));
#2236 = CARTESIAN_POINT('',(0.684441805677,0.526098981938));
#2237 = CARTESIAN_POINT('',(0.694815119383,0.549442117129));
#2238 = CARTESIAN_POINT('',(0.705973244463,0.572369614773));
#2239 = CARTESIAN_POINT('',(0.731362248263,0.620024095795));
#2240 = CARTESIAN_POINT('',(0.745800275988,0.644644290034));
#2241 = CARTESIAN_POINT('',(0.761337232913,0.668714112412));
#2242 = CARTESIAN_POINT('',(0.778042617016,0.692212421726));
#2243 = CARTESIAN_POINT('',(0.795993749632,0.715111836038));
#2244 = CARTESIAN_POINT('',(0.815275392966,0.737377515161));
#2245 = CARTESIAN_POINT('',(0.835978172471,0.758965983178));
#2246 = CARTESIAN_POINT('',(0.873339083719,0.794040626576));
#2247 = CARTESIAN_POINT('',(0.88918611348,0.80791776663));
#2248 = CARTESIAN_POINT('',(0.905766132873,0.821438640776));
#2249 = CARTESIAN_POINT('',(0.923109311568,0.834584147216));
#2250 = CARTESIAN_POINT('',(0.941245639684,0.847332878526));
#2251 = CARTESIAN_POINT('',(0.960203818049,0.859661147426));
#2252 = CARTESIAN_POINT('',(0.980010148474,0.871543012551));
#2253 = CARTESIAN_POINT('',(1.015405047796,0.891069600426));
#2254 = CARTESIAN_POINT('',(1.030563224064,0.898948646836));
#2255 = CARTESIAN_POINT('',(1.046170831645,0.906577106444));
#2256 = CARTESIAN_POINT('',(1.062234957792,0.913944297896));
#2257 = CARTESIAN_POINT('',(1.078760898198,0.921039195486));
#2258 = CARTESIAN_POINT('',(1.095752156998,0.927850429156));
#2259 = CARTESIAN_POINT('',(1.11321044676,0.9343662845));
#2260 = CARTESIAN_POINT('',(1.17390269789,0.955387737401));
#2261 = CARTESIAN_POINT('',(1.219324999541,0.968450429386));
#2262 = CARTESIAN_POINT('',(1.267386585115,0.979606506394));
#2263 = CARTESIAN_POINT('',(1.317997459139,0.988690582424));
#2264 = CARTESIAN_POINT('',(1.370941665471,0.995554213522));
#2265 = CARTESIAN_POINT('',(1.425864041098,1.000086793312));
#2266 = CARTESIAN_POINT('',(1.482295697284,1.002231288314));
#2267 = CARTESIAN_POINT('',(1.576731208994,1.001842167351));
#2268 = CARTESIAN_POINT('',(1.614155978212,1.000700229112));
#2269 = CARTESIAN_POINT('',(1.65185284431,0.998569321147));
#2270 = CARTESIAN_POINT('',(1.689674340193,0.995461040851));
#2271 = CARTESIAN_POINT('',(1.72747152468,0.991396520895));
#2272 = CARTESIAN_POINT('',(1.765100284111,0.986404689925));
#2273 = CARTESIAN_POINT('',(1.802427633953,0.980520533257));
#2274 = CARTESIAN_POINT('',(1.858689517614,0.970251148077));
#2275 = CARTESIAN_POINT('',(1.877926245871,0.966484281571));
#2276 = CARTESIAN_POINT('',(1.897031171715,0.962488523807));
#2277 = CARTESIAN_POINT('',(1.915988501662,0.958269755068));
#2278 = CARTESIAN_POINT('',(1.934783682221,0.953833966174));
#2279 = CARTESIAN_POINT('',(1.953403399886,0.949187258477));
#2280 = CARTESIAN_POINT('',(1.971835581145,0.944335843863));
#2281 = CARTESIAN_POINT('',(1.999489063692,0.936677277389));
#2282 = CARTESIAN_POINT('',(2.008908564476,0.934000915324));
#2283 = CARTESIAN_POINT('',(2.018327888341,0.931256082545));
#2284 = CARTESIAN_POINT('',(2.027747028153,0.928441825163));
#2285 = CARTESIAN_POINT('',(2.037165976132,0.925557111407));
#2286 = CARTESIAN_POINT('',(2.046584723847,0.922600831627));
#2287 = CARTESIAN_POINT('',(2.056003262221,0.91957179829));
#2288 = CARTESIAN_POINT('',(2.065421581527,0.916468745983));
#2289 = CARTESIAN_POINT('',(2.070200461726,0.914895918884));
#2290 = CARTESIAN_POINT('',(2.074951481411,0.913309663088));
#2291 = CARTESIAN_POINT('',(2.079686200034,0.911710102799));
#2292 = CARTESIAN_POINT('',(2.084410046381,0.910097359972));
#2293 = CARTESIAN_POINT('',(2.089122318571,0.908471554307));
#2294 = CARTESIAN_POINT('',(2.093816184055,0.906832803254));
#2295 = CARTESIAN_POINT('',(2.098478679619,0.905181222013));
#2296 = CARTESIAN_POINT('',(2.108582235925,0.901535680978));
#2297 = CARTESIAN_POINT('',(2.114073527472,0.899515519419));
#2298 = CARTESIAN_POINT('',(2.119564575363,0.897455449263));
#2299 = CARTESIAN_POINT('',(2.125055368186,0.895354429815));
#2300 = CARTESIAN_POINT('',(2.130545893782,0.893211369269));
#2301 = CARTESIAN_POINT('',(2.136036139239,0.891025124714));
#2302 = CARTESIAN_POINT('',(2.141526090897,0.88879450213));
#2303 = CARTESIAN_POINT('',(2.174806817592,0.874994894018));
#2304 = CARTESIAN_POINT('',(2.200981966915,0.862968715819));
#2305 = CARTESIAN_POINT('',(2.225646936953,0.850470229201));
#2306 = CARTESIAN_POINT('',(2.248901745331,0.8375275506));
#2307 = CARTESIAN_POINT('',(2.270840321994,0.824166359152));
#2308 = CARTESIAN_POINT('',(2.29155015852,0.810409850365));
#2309 = CARTESIAN_POINT('',(2.311111957444,0.796278689802));
#2310 = CARTESIAN_POINT('',(2.356314131751,0.760855782272));
#2311 = CARTESIAN_POINT('',(2.380785394702,0.739176412262));
#2312 = CARTESIAN_POINT('',(2.403236751364,0.71680778745));
#2313 = CARTESIAN_POINT('',(2.423862268294,0.693794752523));
#2314 = CARTESIAN_POINT('',(2.442829605787,0.670173230494));
#2315 = CARTESIAN_POINT('',(2.460283229048,0.645971433966));
#2316 = CARTESIAN_POINT('',(2.476347622443,0.621211123319));
#2317 = CARTESIAN_POINT('',(2.504294483946,0.573377585303));
#2318 = CARTESIAN_POINT('',(2.516442230366,0.550416549676));
#2319 = CARTESIAN_POINT('',(2.527649557373,0.527037763556));
#2320 = CARTESIAN_POINT('',(2.53798164822,0.50324998215));
#2321 = CARTESIAN_POINT('',(2.54749459605,0.479059306766));
#2322 = CARTESIAN_POINT('',(2.556236692027,0.454469793894));
#2323 = CARTESIAN_POINT('',(2.564249463654,0.429484123836));
#2324 = CARTESIAN_POINT('',(2.584773203653,0.358314843031));
#2325 = CARTESIAN_POINT('',(2.595724419671,0.311225850462));
#2326 = CARTESIAN_POINT('',(2.604622756678,0.262867498766));
#2327 = CARTESIAN_POINT('',(2.611617486838,0.213243511477));
#2328 = CARTESIAN_POINT('',(2.616812922625,0.162343533261));
#2329 = CARTESIAN_POINT('',(2.620273295782,0.110151877856));
#2330 = CARTESIAN_POINT('',(2.622028153483,5.66635175828E-02));
#2331 = CARTESIAN_POINT('',(2.622085657056,-3.680836316276E-03));
#2332 = CARTESIAN_POINT('',(2.622073201348,-9.281584526288E-03));
#2333 = CARTESIAN_POINT('',(2.622042956993,-1.484351039429E-02));
#2334 = CARTESIAN_POINT('',(2.621994921169,-2.042385545349E-02));
#2335 = CARTESIAN_POINT('',(2.621929087653,-2.596165293255E-02));
#2336 = CARTESIAN_POINT('',(2.621845446665,-3.150542107258E-02));
#2337 = CARTESIAN_POINT('',(2.621743985005,-3.702690856599E-02));
#2338 = CARTESIAN_POINT('',(2.62057767856,-9.089833637829E-02));
#2339 = CARTESIAN_POINT('',(2.618156468018,-0.13824066032));
#2340 = CARTESIAN_POINT('',(2.614349064534,-0.18454344891));
#2341 = CARTESIAN_POINT('',(2.609124894574,-0.22980994314));
#2342 = CARTESIAN_POINT('',(2.602430245479,-0.274049517888));
#2343 = CARTESIAN_POINT('',(2.594184862135,-0.317268353696));
#2344 = CARTESIAN_POINT('',(2.584278620783,-0.359463899403));
#2345 = CARTESIAN_POINT('',(2.565234496665,-0.426385265469));
#2346 = CARTESIAN_POINT('',(2.557193068935,-0.451747981777));
#2347 = CARTESIAN_POINT('',(2.548406449369,-0.476704104897));
#2348 = CARTESIAN_POINT('',(2.538831923504,-0.50125095549));
#2349 = CARTESIAN_POINT('',(2.528419704129,-0.525384434474));
#2350 = CARTESIAN_POINT('',(2.517111831769,-0.549098307131));
#2351 = CARTESIAN_POINT('',(2.504840806458,-0.57238355342));
#2352 = CARTESIAN_POINT('',(2.476602493794,-0.620839141546));
#2353 = CARTESIAN_POINT('',(2.460367568461,-0.64589617454));
#2354 = CARTESIAN_POINT('',(2.442711913764,-0.670381771592));
#2355 = CARTESIAN_POINT('',(2.423506757527,-0.69427344671));
#2356 = CARTESIAN_POINT('',(2.402602398004,-0.717541953887));
#2357 = CARTESIAN_POINT('',(2.379824796348,-0.740149953231));
#2358 = CARTESIAN_POINT('',(2.354972179984,-0.762050729122));
#2359 = CARTESIAN_POINT('',(2.309375242593,-0.797534184391));
#2360 = CARTESIAN_POINT('',(2.289875416058,-0.811528963628));
#2361 = CARTESIAN_POINT('',(2.269239895877,-0.825153479754));
#2362 = CARTESIAN_POINT('',(2.247389465605,-0.838387409145));
#2363 = CARTESIAN_POINT('',(2.224238324977,-0.851207971448));
#2364 = CARTESIAN_POINT('',(2.199694441132,-0.863589978144));
#2365 = CARTESIAN_POINT('',(2.173659899844,-0.87550588111));
#2366 = CARTESIAN_POINT('',(2.146031256747,-0.88692582118));
#2367 = CARTESIAN_POINT('',(2.136593839184,-0.890822292923));
#2368 = CARTESIAN_POINT('',(2.127194250324,-0.894596135489));
#2369 = CARTESIAN_POINT('',(2.117612362897,-0.898237441206));
#2370 = CARTESIAN_POINT('',(2.108353069399,-0.901746836171));
#2371 = CARTESIAN_POINT('',(2.098906093534,-0.90513384504));
#2372 = CARTESIAN_POINT('',(2.089302451664,-0.90841602835));
#2373 = CARTESIAN_POINT('',(2.08002997549,-0.911617882956));
#2374 = CARTESIAN_POINT('',(2.070550741096,-0.914769203139));
#2375 = CARTESIAN_POINT('',(2.009807991482,-0.935010698529));
#2376 = CARTESIAN_POINT('',(1.946270015364,-0.953079173153));
#2377 = CARTESIAN_POINT('',(1.880255210439,-0.968722924215));
#2378 = CARTESIAN_POINT('',(1.812236061497,-0.981671564126));
#2379 = CARTESIAN_POINT('',(1.742918649148,-0.991645367846));
#2380 = CARTESIAN_POINT('',(1.673203324662,-0.998417204867));
#2381 = CARTESIAN_POINT('',(1.604055608582,-1.001871564053));
#2382 = CARTESIAN_POINT('',(1.489911854235,-1.002096659486));
#2383 = CARTESIAN_POINT('',(1.444170683137,-1.000629845129));
#2384 = CARTESIAN_POINT('',(1.399365761919,-0.997603069754));
#2385 = CARTESIAN_POINT('',(1.35574900344,-0.993040645321));
#2386 = CARTESIAN_POINT('',(1.313528126891,-0.986990688289));
#2387 = CARTESIAN_POINT('',(1.272855154619,-0.979520466028));
#2388 = CARTESIAN_POINT('',(1.233826607844,-0.970709263889));
#2389 = CARTESIAN_POINT('',(1.196495401287,-0.960638772924));
#2390 = ( GEOMETRIC_REPRESENTATION_CONTEXT(2) 
PARAMETRIC_REPRESENTATION_CONTEXT() REPRESENTATION_CONTEXT('2D SPACE',''
  ) );
#2391 = PCURVE('',#2392,#2397);
#2392 = PLANE('',#2393);
#2393 = AXIS2_PLACEMENT_3D('',#2394,#2395,#2396);
#2394 = CARTESIAN_POINT('',(0.,45.,0.));
#2395 = DIRECTION('',(-0.,-1.,-0.));
#2396 = DIRECTION('',(0.,0.,-1.));
#2397 = DEFINITIONAL_REPRESENTATION('',(#2398),#2600);
#2398 = B_SPLINE_CURVE_WITH_KNOTS('',8,(#2399,#2400,#2401,#2402,#2403,
    #2404,#2405,#2406,#2407,#2408,#2409,#2410,#2411,#2412,#2413,#2414,
    #2415,#2416,#2417,#2418,#2419,#2420,#2421,#2422,#2423,#2424,#2425,
    #2426,#2427,#2428,#2429,#2430,#2431,#2432,#2433,#2434,#2435,#2436,
    #2437,#2438,#2439,#2440,#2441,#2442,#2443,#2444,#2445,#2446,#2447,
    #2448,#2449,#2450,#2451,#2452,#2453,#2454,#2455,#2456,#2457,#2458,
    #2459,#2460,#2461,#2462,#2463,#2464,#2465,#2466,#2467,#2468,#2469,
    #2470,#2471,#2472,#2473,#2474,#2475,#2476,#2477,#2478,#2479,#2480,
    #2481,#2482,#2483,#2484,#2485,#2486,#2487,#2488,#2489,#2490,#2491,
    #2492,#2493,#2494,#2495,#2496,#2497,#2498,#2499,#2500,#2501,#2502,
    #2503,#2504,#2505,#2506,#2507,#2508,#2509,#2510,#2511,#2512,#2513,
    #2514,#2515,#2516,#2517,#2518,#2519,#2520,#2521,#2522,#2523,#2524,
    #2525,#2526,#2527,#2528,#2529,#2530,#2531,#2532,#2533,#2534,#2535,
    #2536,#2537,#2538,#2539,#2540,#2541,#2542,#2543,#2544,#2545,#2546,
    #2547,#2548,#2549,#2550,#2551,#2552,#2553,#2554,#2555,#2556,#2557,
    #2558,#2559,#2560,#2561,#2562,#2563,#2564,#2565,#2566,#2567,#2568,
    #2569,#2570,#2571,#2572,#2573,#2574,#2575,#2576,#2577,#2578,#2579,
    #2580,#2581,#2582,#2583,#2584,#2585,#2586,#2587,#2588,#2589,#2590,
    #2591,#2592,#2593,#2594,#2595,#2596,#2597,#2598,#2599),
  .UNSPECIFIED.,.T.,.F.,(9,7,7,7,7,7,7,7,7,7,7,7,7,7,8,7,7,7,7,7,7,7,7,7
    ,7,8,8,7,9),(0.,1.152342379798E-02,2.056568228421E-02,
    2.77471398526E-02,4.081184681537E-02,4.154096983426E-02,
    5.447257247425E-02,6.195193914027E-02,7.031364874403E-02,
    7.601290409122E-02,8.006948837562E-02,8.97479520051E-02,
    9.598642310628E-02,9.925714942984E-02,0.100946822589,0.112470246387,
    0.12619079008,0.195650421246,0.296021915003,0.385401550657,
    0.54665769633,0.563149895905,0.707881676708,0.798500656365,
    0.90009635193,0.969059073192,0.98058249699,0.992105920788,1.),
  .UNSPECIFIED.);
#2399 = CARTESIAN_POINT('',(47.421693218814,12.926944958049));
#2400 = CARTESIAN_POINT('',(46.917375498421,15.291101855583));
#2401 = CARTESIAN_POINT('',(46.306380756137,17.632473684054));
#2402 = CARTESIAN_POINT('',(45.58893668245,19.945378170828));
#2403 = CARTESIAN_POINT('',(44.765384374013,22.223824365408));
#2404 = CARTESIAN_POINT('',(43.836249440091,24.461540619983));
#2405 = CARTESIAN_POINT('',(42.802304170452,26.651999205244));
#2406 = CARTESIAN_POINT('',(41.664620764719,28.788437561477));
#2407 = CARTESIAN_POINT('',(39.451607681428,32.492432542834));
#2408 = CARTESIAN_POINT('',(38.415638318881,34.083363727914));
#2409 = CARTESIAN_POINT('',(37.317418273566,35.633272872425));
#2410 = CARTESIAN_POINT('',(36.15784024516,37.138618859511));
#2411 = CARTESIAN_POINT('',(34.938009201993,38.595740527702));
#2412 = CARTESIAN_POINT('',(33.659277344915,40.000884876433));
#2413 = CARTESIAN_POINT('',(32.323283728027,41.35023927256));
#2414 = CARTESIAN_POINT('',(29.827024959314,43.664283785265));
#2415 = CARTESIAN_POINT('',(28.687175548651,44.650989793224));
#2416 = CARTESIAN_POINT('',(27.513450190492,45.598152339309));
#2417 = CARTESIAN_POINT('',(26.306981986013,46.503835450991));
#2418 = CARTESIAN_POINT('',(25.069047390621,47.366114571549));
#2419 = CARTESIAN_POINT('',(23.801079170179,48.183094636757));
#2420 = CARTESIAN_POINT('',(22.504682174186,48.952932182401));
#2421 = CARTESIAN_POINT('',(18.774758290783,50.985396581092));
#2422 = CARTESIAN_POINT('',(16.278941639432,52.135488252353));
#2423 = CARTESIAN_POINT('',(13.705821341221,53.112838286564));
#2424 = CARTESIAN_POINT('',(11.068254902006,53.907889262787));
#2425 = CARTESIAN_POINT('',(8.380344349269,54.512895916921));
#2426 = CARTESIAN_POINT('',(5.657473675633,54.922103364174));
#2427 = CARTESIAN_POINT('',(2.916413832894,55.132219434773));
#2428 = CARTESIAN_POINT('',(2.267298980613E-02,55.143990171101));
#2429 = CARTESIAN_POINT('',(-0.130188223206,55.143993135523));
#2430 = CARTESIAN_POINT('',(-0.283049050513,55.143377254216));
#2431 = CARTESIAN_POINT('',(-0.435906636727,55.142142533903));
#2432 = CARTESIAN_POINT('',(-0.588758090979,55.140289008659));
#2433 = CARTESIAN_POINT('',(-0.741600486913,55.137816739911));
#2434 = CARTESIAN_POINT('',(-0.894430862688,55.134725816439));
#2435 = CARTESIAN_POINT('',(-3.758468573639,55.065204004986));
#2436 = CARTESIAN_POINT('',(-6.465876412899,54.804669872653));
#2437 = CARTESIAN_POINT('',(-9.151754342592,54.349879675913));
#2438 = CARTESIAN_POINT('',(-11.80000599147,53.704513833846));
#2439 = CARTESIAN_POINT('',(-14.39593600167,52.87455436778));
#2440 = CARTESIAN_POINT('',(-16.92613873573,51.867825782861));
#2441 = CARTESIAN_POINT('',(-19.37845422263,50.693808369846));
#2442 = CARTESIAN_POINT('',(-23.1089489722,48.594144814425));
#2443 = CARTESIAN_POINT('',(-24.4464710197,47.772345816974));
#2444 = CARTESIAN_POINT('',(-25.75254339457,46.900162886897));
#2445 = CARTESIAN_POINT('',(-27.02541388891,45.979697252411));
#2446 = CARTESIAN_POINT('',(-28.26352983615,45.013102892896));
#2447 = CARTESIAN_POINT('',(-29.46551873319,44.002560386229));
#2448 = CARTESIAN_POINT('',(-30.63017234728,42.950255568671));
#2449 = CARTESIAN_POINT('',(-33.01556162181,40.637659657859));
#2450 = CARTESIAN_POINT('',(-34.22670474204,39.367476607999));
#2451 = CARTESIAN_POINT('',(-35.38840556492,38.050834737387));
#2452 = CARTESIAN_POINT('',(-36.4994371508,36.690729463594));
#2453 = CARTESIAN_POINT('',(-37.55877488146,35.290107733425));
#2454 = CARTESIAN_POINT('',(-38.56557034697,33.851847288535));
#2455 = CARTESIAN_POINT('',(-39.51912796176,32.378738205318));
#2456 = CARTESIAN_POINT('',(-41.03214968395,29.847487890108));
#2457 = CARTESIAN_POINT('',(-41.62041615689,28.806575146434));
#2458 = CARTESIAN_POINT('',(-42.18350427248,27.75158179116));
#2459 = CARTESIAN_POINT('',(-42.72125879801,26.683345981917));
#2460 = CARTESIAN_POINT('',(-43.23354651135,25.602689622809));
#2461 = CARTESIAN_POINT('',(-43.72025398795,24.510417266366));
#2462 = CARTESIAN_POINT('',(-44.18128538794,23.40731501548));
#2463 = CARTESIAN_POINT('',(-44.92637529074,21.501833347253));
#2464 = CARTESIAN_POINT('',(-45.22314060918,20.704420685637));
#2465 = CARTESIAN_POINT('',(-45.50682748217,19.902188906354));
#2466 = CARTESIAN_POINT('',(-45.77741008504,19.095411865907));
#2467 = CARTESIAN_POINT('',(-46.03486548474,18.284359811459));
#2468 = CARTESIAN_POINT('',(-46.2791736398,17.469299380836));
#2469 = CARTESIAN_POINT('',(-46.51031740039,16.650493602524));
#2470 = CARTESIAN_POINT('',(-47.24832457454,13.866297951673));
#2471 = CARTESIAN_POINT('',(-47.69333390364,11.884590843637));
#2472 = CARTESIAN_POINT('',(-48.0631260495,9.886558734475));
#2473 = CARTESIAN_POINT('',(-48.35756370105,7.875627746228));
#2474 = CARTESIAN_POINT('',(-48.57655777775,5.855171044694));
#2475 = CARTESIAN_POINT('',(-48.72006237257,3.828508126683));
#2476 = CARTESIAN_POINT('',(-48.78806354235,1.798904309879));
#2477 = CARTESIAN_POINT('',(-48.77572656941,-1.538484317567));
#2478 = CARTESIAN_POINT('',(-48.73952191515,-2.846406900854));
#2479 = CARTESIAN_POINT('',(-48.67194948881,-4.153329024793));
#2480 = CARTESIAN_POINT('',(-48.57301502295,-5.458376624657));
#2481 = CARTESIAN_POINT('',(-48.4427290327,-6.760669725174));
#2482 = CARTESIAN_POINT('',(-48.281107372,-8.05932229497));
#2483 = CARTESIAN_POINT('',(-48.08817178978,-9.353442100999));
#2484 = CARTESIAN_POINT('',(-47.74639420315,-11.31777264557));
#2485 = CARTESIAN_POINT('',(-47.62023850521,-11.99192038896));
#2486 = CARTESIAN_POINT('',(-47.48548744815,-12.66444360517));
#2487 = CARTESIAN_POINT('',(-47.34214583153,-13.33521097235));
#2488 = CARTESIAN_POINT('',(-47.19021919862,-14.00409003476));
#2489 = CARTESIAN_POINT('',(-47.02971383642,-14.6709472028));
#2490 = CARTESIAN_POINT('',(-46.86063677567,-15.335647753));
#2491 = CARTESIAN_POINT('',(-46.59122594885,-16.34025852024));
#2492 = CARTESIAN_POINT('',(-46.49665607221,-16.68376619354));
#2493 = CARTESIAN_POINT('',(-46.39921863954,-17.0286394539));
#2494 = CARTESIAN_POINT('',(-46.29884116804,-17.3749395263));
#2495 = CARTESIAN_POINT('',(-46.19544621346,-17.7227282547));
#2496 = CARTESIAN_POINT('',(-46.08895137014,-18.07206810209));
#2497 = CARTESIAN_POINT('',(-45.97926927102,-18.42302215045));
#2498 = CARTESIAN_POINT('',(-45.86630758758,-18.77565410077));
#2499 = CARTESIAN_POINT('',(-45.80905126763,-18.95439057396));
#2500 = CARTESIAN_POINT('',(-45.7511557287,-19.1329228997));
#2501 = CARTESIAN_POINT('',(-45.69262128633,-19.31124793764));
#2502 = CARTESIAN_POINT('',(-45.63344821281,-19.48936268238));
#2503 = CARTESIAN_POINT('',(-45.57363673719,-19.66726426339));
#2504 = CARTESIAN_POINT('',(-45.51318704528,-19.84494994508));
#2505 = CARTESIAN_POINT('',(-45.45209927965,-20.02241712675));
#2506 = CARTESIAN_POINT('',(-45.31689299353,-20.41066398736));
#2507 = CARTESIAN_POINT('',(-45.24173317201,-20.62357645878));
#2508 = CARTESIAN_POINT('',(-45.16484199342,-20.83844052725));
#2509 = CARTESIAN_POINT('',(-45.08616428739,-21.05529741869));
#2510 = CARTESIAN_POINT('',(-45.00564179481,-21.27418981462));
#2511 = CARTESIAN_POINT('',(-44.92321316786,-21.49516185212));
#2512 = CARTESIAN_POINT('',(-44.83881396997,-21.71825912387));
#2513 = CARTESIAN_POINT('',(-44.31479183828,-23.08394367182));
#2514 = CARTESIAN_POINT('',(-43.85027948857,-24.21405751364));
#2515 = CARTESIAN_POINT('',(-43.35892225124,-25.33305133031));
#2516 = CARTESIAN_POINT('',(-42.84081934235,-26.44008568357));
#2517 = CARTESIAN_POINT('',(-42.29608891433,-27.53430170704));
#2518 = CARTESIAN_POINT('',(-41.7248704007,-28.61482224309));
#2519 = CARTESIAN_POINT('',(-41.12732686092,-29.68075297968));
#2520 = CARTESIAN_POINT('',(-39.60241094715,-32.24908845468));
#2521 = CARTESIAN_POINT('',(-38.64661055713,-33.73460927543));
#2522 = CARTESIAN_POINT('',(-37.63681362905,-35.18500761198));
#2523 = CARTESIAN_POINT('',(-36.57372237363,-36.59743892456));
#2524 = CARTESIAN_POINT('',(-35.45819489541,-37.96896898744));
#2525 = CARTESIAN_POINT('',(-34.29126916679,-39.29659265927));
#2526 = CARTESIAN_POINT('',(-33.07418981901,-40.5772550077));
#2527 = CARTESIAN_POINT('',(-30.68130033183,-42.90372731547));
#2528 = CARTESIAN_POINT('',(-29.51556737674,-43.95989780972));
#2529 = CARTESIAN_POINT('',(-28.31229775572,-44.97419763497));
#2530 = CARTESIAN_POINT('',(-27.07270320767,-45.94442640155));
#2531 = CARTESIAN_POINT('',(-25.79816087537,-46.86838860615));
#2532 = CARTESIAN_POINT('',(-24.49022936522,-47.74391513007));
#2533 = CARTESIAN_POINT('',(-23.15066833078,-48.56888959571));
#2534 = CARTESIAN_POINT('',(-19.31117816828,-50.73480382001));
#2535 = CARTESIAN_POINT('',(-16.74350273913,-51.95766687671));
#2536 = CARTESIAN_POINT('',(-14.09101806918,-52.99713560925));
#2537 = CARTESIAN_POINT('',(-11.36774383741,-53.84241171165));
#2538 = CARTESIAN_POINT('',(-8.589145725925,-54.4847220225));
#2539 = CARTESIAN_POINT('',(-5.772180477639,-54.91752634369));
#2540 = CARTESIAN_POINT('',(-2.935424646042,-55.13708283589));
#2541 = CARTESIAN_POINT('',(0.190562092231,-55.1442783872));
#2542 = CARTESIAN_POINT('',(0.480464085594,-55.14271997914));
#2543 = CARTESIAN_POINT('',(0.770352033258,-55.13893575114));
#2544 = CARTESIAN_POINT('',(1.060204890206,-55.13292597179));
#2545 = CARTESIAN_POINT('',(1.350003900629,-55.12469126892));
#2546 = CARTESIAN_POINT('',(1.639728214085,-55.11423261903));
#2547 = CARTESIAN_POINT('',(1.929358471715,-55.10155135554));
#2548 = CARTESIAN_POINT('',(4.759771849082,-54.95586232455));
#2549 = CARTESIAN_POINT('',(7.292515367691,-54.65397596023));
#2550 = CARTESIAN_POINT('',(9.802688015123,-54.18203373742));
#2551 = CARTESIAN_POINT('',(12.277161722468,-53.54346971775));
#2552 = CARTESIAN_POINT('',(14.70393240381,-52.74346404261));
#2553 = CARTESIAN_POINT('',(17.072032074988,-51.7886040292));
#2554 = CARTESIAN_POINT('',(19.371489411485,-50.68673027186));
#2555 = CARTESIAN_POINT('',(22.984428813748,-48.67053619577));
#2556 = CARTESIAN_POINT('',(24.345312811668,-47.84001059727));
#2557 = CARTESIAN_POINT('',(25.673878520061,-46.95737752621));
#2558 = CARTESIAN_POINT('',(26.968279974795,-46.02483497593));
#2559 = CARTESIAN_POINT('',(28.226883963635,-45.04463828097));
#2560 = CARTESIAN_POINT('',(29.448249083053,-44.01907175847));
#2561 = CARTESIAN_POINT('',(30.631108624054,-42.95042566332));
#2562 = CARTESIAN_POINT('',(33.056088059233,-40.59714352489));
#2563 = CARTESIAN_POINT('',(34.288030242031,-39.30202381109));
#2564 = CARTESIAN_POINT('',(35.468646350492,-37.95881039705));
#2565 = CARTESIAN_POINT('',(36.59664673801,-36.57066714743));
#2566 = CARTESIAN_POINT('',(37.670958216673,-35.14070585119));
#2567 = CARTESIAN_POINT('',(38.690695684747,-33.671963876));
#2568 = CARTESIAN_POINT('',(39.655136761275,-32.16738433642));
#2569 = CARTESIAN_POINT('',(41.180428834494,-29.5860905725));
#2570 = CARTESIAN_POINT('',(41.771406170164,-28.52718300505));
#2571 = CARTESIAN_POINT('',(42.336448333812,-27.45396462852));
#2572 = CARTESIAN_POINT('',(42.875397251528,-26.36730845147));
#2573 = CARTESIAN_POINT('',(43.388117629622,-25.26807085024));
#2574 = CARTESIAN_POINT('',(43.874494707763,-24.15709048316));
#2575 = CARTESIAN_POINT('',(44.334432012117,-23.0351872048));
#2576 = CARTESIAN_POINT('',(44.767849108491,-21.9031609802));
#2577 = CARTESIAN_POINT('',(44.915730334984,-21.51691543758));
#2578 = CARTESIAN_POINT('',(45.058061074497,-21.13592456971));
#2579 = CARTESIAN_POINT('',(45.19455916605,-20.76148805923));
#2580 = CARTESIAN_POINT('',(45.325351955611,-20.3939794018));
#2581 = CARTESIAN_POINT('',(45.450891541869,-20.03286255813));
#2582 = CARTESIAN_POINT('',(45.57190763308,-19.67663227882));
#2583 = CARTESIAN_POINT('',(45.689358069335,-19.32280176756));
#2584 = CARTESIAN_POINT('',(45.804361604987,-18.96791528062));
#2585 = CARTESIAN_POINT('',(46.543051795366,-16.68841002756));
#2586 = CARTESIAN_POINT('',(47.177562092313,-14.37529900059));
#2587 = CARTESIAN_POINT('',(47.707481000244,-12.03443484336));
#2588 = CARTESIAN_POINT('',(48.132503526931,-9.671549464455));
#2589 = CARTESIAN_POINT('',(48.452432258252,-7.292252638264));
#2590 = CARTESIAN_POINT('',(48.66716324259,-4.902031662443));
#2591 = CARTESIAN_POINT('',(48.776656443771,-2.506251183457));
#2592 = CARTESIAN_POINT('',(48.783791062916,1.531292394634));
#2593 = CARTESIAN_POINT('',(48.737294217461,3.172830998772));
#2594 = CARTESIAN_POINT('',(48.641398814955,4.812753556742));
#2595 = CARTESIAN_POINT('',(48.496111728445,6.449331167063));
#2596 = CARTESIAN_POINT('',(48.301452804431,8.080815810642));
#2597 = CARTESIAN_POINT('',(48.057458064899,9.705440307323));
#2598 = CARTESIAN_POINT('',(47.764181181062,11.321418398824));
#2599 = CARTESIAN_POINT('',(47.421693218814,12.926944958049));
#2600 = ( GEOMETRIC_REPRESENTATION_CONTEXT(2) 
PARAMETRIC_REPRESENTATION_CONTEXT() REPRESENTATION_CONTEXT('2D SPACE',''
  ) );
#2601 = ORIENTED_EDGE('',*,*,#2602,.F.);
#2602 = EDGE_CURVE('',#2603,#1981,#2605,.T.);
#2603 = VERTEX_POINT('',#2604);
#2604 = CARTESIAN_POINT('',(-64.92798783168,4.,0.));
#2605 = SURFACE_CURVE('',#2606,(#2826,#3049),.PCURVE_S1.);
#2606 = B_SPLINE_CURVE_WITH_KNOTS('',8,(#2607,#2608,#2609,#2610,#2611,
    #2612,#2613,#2614,#2615,#2616,#2617,#2618,#2619,#2620,#2621,#2622,
    #2623,#2624,#2625,#2626,#2627,#2628,#2629,#2630,#2631,#2632,#2633,
    #2634,#2635,#2636,#2637,#2638,#2639,#2640,#2641,#2642,#2643,#2644,
    #2645,#2646,#2647,#2648,#2649,#2650,#2651,#2652,#2653,#2654,#2655,
    #2656,#2657,#2658,#2659,#2660,#2661,#2662,#2663,#2664,#2665,#2666,
    #2667,#2668,#2669,#2670,#2671,#2672,#2673,#2674,#2675,#2676,#2677,
    #2678,#2679,#2680,#2681,#2682,#2683,#2684,#2685,#2686,#2687,#2688,
    #2689,#2690,#2691,#2692,#2693,#2694,#2695,#2696,#2697,#2698,#2699,
    #2700,#2701,#2702,#2703,#2704,#2705,#2706,#2707,#2708,#2709,#2710,
    #2711,#2712,#2713,#2714,#2715,#2716,#2717,#2718,#2719,#2720,#2721,
    #2722,#2723,#2724,#2725,#2726,#2727,#2728,#2729,#2730,#2731,#2732,
    #2733,#2734,#2735,#2736,#2737,#2738,#2739,#2740,#2741,#2742,#2743,
    #2744,#2745,#2746,#2747,#2748,#2749,#2750,#2751,#2752,#2753,#2754,
    #2755,#2756,#2757,#2758,#2759,#2760,#2761,#2762,#2763,#2764,#2765,
    #2766,#2767,#2768,#2769,#2770,#2771,#2772,#2773,#2774,#2775,#2776,
    #2777,#2778,#2779,#2780,#2781,#2782,#2783,#2784,#2785,#2786,#2787,
    #2788,#2789,#2790,#2791,#2792,#2793,#2794,#2795,#2796,#2797,#2798,
    #2799,#2800,#2801,#2802,#2803,#2804,#2805,#2806,#2807,#2808,#2809,
    #2810,#2811,#2812,#2813,#2814,#2815,#2816,#2817,#2818,#2819,#2820,
    #2821,#2822,#2823,#2824,#2825),.UNSPECIFIED.,.T.,.F.,(9,7,7,7,7,7,7,
    7,7,7,7,7,7,7,7,7,7,7,7,7,7,7,7,7,7,7,7,7,7,7,7,9),(0.,
    5.676018709369E-02,0.119587635615,0.163308969933,0.197527395372,
    0.215281414349,0.252518073583,0.277913369662,0.307935720004,
    0.324725041941,0.333458194669,0.342363941372,0.383396681877,
    0.414209384573,0.43745023189,0.497505433644,0.557560635399,
    0.580801482716,0.611614185412,0.652646925917,0.660743059282,
    0.667219965976,0.676917799124,0.687529356048,0.705957339218,
    0.743761998395,0.781547229104,0.79956280077,0.834285332982,
    0.878650771184,0.941313240791,1.),.UNSPECIFIED.);
#2607 = CARTESIAN_POINT('',(65.,0.,0.));
#2608 = CARTESIAN_POINT('',(65.000000062687,-3.324606971792,0.));
#2609 = CARTESIAN_POINT('',(64.886355438167,-6.649076377026,0.));
#2610 = CARTESIAN_POINT('',(64.659083267842,-9.969097708321,0.));
#2611 = CARTESIAN_POINT('',(64.31791216713,-13.28015398786,0.));
#2612 = CARTESIAN_POINT('',(63.86234460178,-16.57752845422,0.));
#2613 = CARTESIAN_POINT('',(63.291676901201,-19.85630603849,0.));
#2614 = CARTESIAN_POINT('',(62.604976908809,-23.11136962979,0.));
#2615 = CARTESIAN_POINT('',(60.911124364647,-29.90825006809,0.));
#2616 = CARTESIAN_POINT('',(59.877723761117,-33.44288486853,0.));
#2617 = CARTESIAN_POINT('',(58.699165975453,-36.93439034078,0.));
#2618 = CARTESIAN_POINT('',(57.373520992108,-40.37462478772,0.));
#2619 = CARTESIAN_POINT('',(55.898747739605,-43.75427514907,0.));
#2620 = CARTESIAN_POINT('',(54.272812089571,-47.06290309387,0.));
#2621 = CARTESIAN_POINT('',(52.493710927846,-50.28895169093,0.));
#2622 = CARTESIAN_POINT('',(49.213250208856,-55.5983602579,0.));
#2623 = CARTESIAN_POINT('',(47.792162683983,-57.73054359294,0.));
#2624 = CARTESIAN_POINT('',(46.295467035532,-59.81191504217,0.));
#2625 = CARTESIAN_POINT('',(44.722723548129,-61.83757193823,0.));
#2626 = CARTESIAN_POINT('',(43.073744774957,-63.80208716065,0.));
#2627 = CARTESIAN_POINT('',(41.348661947505,-65.69956264756,0.));
#2628 = CARTESIAN_POINT('',(39.547994048013,-67.52368545454,0.));
#2629 = CARTESIAN_POINT('',(36.205039356993,-70.63280373349,0.));
#2630 = CARTESIAN_POINT('',(34.691737531747,-71.94873371466,0.));
#2631 = CARTESIAN_POINT('',(33.133331958857,-73.21234927312,0.));
#2632 = CARTESIAN_POINT('',(31.530604224443,-74.42022840853,0.));
#2633 = CARTESIAN_POINT('',(29.884632628445,-75.56879963425,0.));
#2634 = CARTESIAN_POINT('',(28.196833839046,-76.65439989389,0.));
#2635 = CARTESIAN_POINT('',(26.469013183796,-77.67334491111,0.));
#2636 = CARTESIAN_POINT('',(23.787358233566,-79.1142222059,0.));
#2637 = CARTESIAN_POINT('',(22.861126101026,-79.58751336245,0.));
#2638 = CARTESIAN_POINT('',(21.925045425054,-80.04137842329,0.));
#2639 = CARTESIAN_POINT('',(20.979464458016,-80.47531631514,0.));
#2640 = CARTESIAN_POINT('',(20.024763227671,-80.8888359013,0.));
#2641 = CARTESIAN_POINT('',(19.061355305426,-81.28145997228,0.));
#2642 = CARTESIAN_POINT('',(18.089689574581,-81.6527292364,0.));
#2643 = CARTESIAN_POINT('',(15.056014133578,-82.73518712434,0.));
#2644 = CARTESIAN_POINT('',(12.967322802446,-83.37240230492,0.));
#2645 = CARTESIAN_POINT('',(10.848960400723,-83.90966244224,0.));
#2646 = CARTESIAN_POINT('',(8.70609512523,-84.34343356116,0.));
#2647 = CARTESIAN_POINT('',(6.544288904301,-84.67088785866,0.));
#2648 = CARTESIAN_POINT('',(4.369512457504,-84.88999978517,0.));
#2649 = CARTESIAN_POINT('',(2.188167484865,-84.99968746997,0.));
#2650 = CARTESIAN_POINT('',(-1.480355225689,-85.00021245126,0.));
#2651 = CARTESIAN_POINT('',(-2.96788027818,-84.94955306903,0.));
#2652 = CARTESIAN_POINT('',(-4.453357052889,-84.84801528915,0.));
#2653 = CARTESIAN_POINT('',(-5.934752349945,-84.6958247435,0.));
#2654 = CARTESIAN_POINT('',(-7.410099719027,-84.49341888096,0.));
#2655 = CARTESIAN_POINT('',(-8.877497804736,-84.24143164666,0.));
#2656 = CARTESIAN_POINT('',(-10.3351092069,-83.94068271024,0.));
#2657 = CARTESIAN_POINT('',(-13.49068271809,-83.18016062937,0.));
#2658 = CARTESIAN_POINT('',(-15.18416244594,-82.70136908699,0.));
#2659 = CARTESIAN_POINT('',(-16.85868484886,-82.15742795183,0.));
#2660 = CARTESIAN_POINT('',(-18.51165589482,-81.55026370818,0.));
#2661 = CARTESIAN_POINT('',(-20.14077339976,-80.88202304334,0.));
#2662 = CARTESIAN_POINT('',(-21.74400322668,-80.15501010143,0.));
#2663 = CARTESIAN_POINT('',(-23.31955999466,-79.3716359365,0.));
#2664 = CARTESIAN_POINT('',(-25.73064373236,-78.06616376068,0.));
#2665 = CARTESIAN_POINT('',(-26.58626678354,-77.58109038141,0.));
#2666 = CARTESIAN_POINT('',(-27.43249740441,-77.07958881848,0.));
#2667 = CARTESIAN_POINT('',(-28.26909737735,-76.5620911784,0.));
#2668 = CARTESIAN_POINT('',(-29.09585289474,-76.02903062816,0.));
#2669 = CARTESIAN_POINT('',(-29.9125731398,-75.48083914053,0.));
#2670 = CARTESIAN_POINT('',(-30.71908886737,-74.91794523959,0.));
#2671 = CARTESIAN_POINT('',(-31.92839491246,-74.04126528211,0.));
#2672 = CARTESIAN_POINT('',(-32.33875252105,-73.73791239535,0.));
#2673 = CARTESIAN_POINT('',(-32.74629695746,-73.4307767798,0.));
#2674 = CARTESIAN_POINT('',(-33.15101750302,-73.11991067605,0.));
#2675 = CARTESIAN_POINT('',(-33.55289402881,-72.80537388744,0.));
#2676 = CARTESIAN_POINT('',(-33.9519056959,-72.48722728758,0.));
#2677 = CARTESIAN_POINT('',(-34.34804227348,-72.16552431006,0.));
#2678 = CARTESIAN_POINT('',(-35.14281610817,-71.5082716209,0.));
#2679 = CARTESIAN_POINT('',(-35.54407212297,-71.17030577307,0.));
#2680 = CARTESIAN_POINT('',(-35.94498614758,-70.82638374336,0.));
#2681 = CARTESIAN_POINT('',(-36.34548822875,-70.47646467294,0.));
#2682 = CARTESIAN_POINT('',(-36.7455068046,-70.12050946881,0.));
#2683 = CARTESIAN_POINT('',(-37.14496870458,-69.75848080379,0.));
#2684 = CARTESIAN_POINT('',(-37.54379914948,-69.39034311654,0.));
#2685 = CARTESIAN_POINT('',(-39.77625004836,-67.29158598724,0.));
#2686 = CARTESIAN_POINT('',(-41.5383768009,-65.49046074572,0.));
#2687 = CARTESIAN_POINT('',(-43.22741490384,-63.61898882633,0.));
#2688 = CARTESIAN_POINT('',(-44.84289898802,-61.68313598099,0.));
#2689 = CARTESIAN_POINT('',(-46.38472040477,-59.68847899447,0.));
#2690 = CARTESIAN_POINT('',(-47.85306445531,-57.64015503859,0.));
#2691 = CARTESIAN_POINT('',(-49.24834986536,-55.54281316048,0.));
#2692 = CARTESIAN_POINT('',(-51.56451578993,-51.79189182637,0.));
#2693 = CARTESIAN_POINT('',(-52.51695084856,-50.15797294636,0.));
#2694 = CARTESIAN_POINT('',(-53.42870871965,-48.50059448454,0.));
#2695 = CARTESIAN_POINT('',(-54.3000409161,-46.82144402196,0.));
#2696 = CARTESIAN_POINT('',(-55.13121360484,-45.12211161562,0.));
#2697 = CARTESIAN_POINT('',(-55.92250378698,-43.40408791321,0.));
#2698 = CARTESIAN_POINT('',(-56.67419547786,-41.66876226787,0.));
#2699 = CARTESIAN_POINT('',(-57.92389855363,-38.59644751951,0.));
#2700 = CARTESIAN_POINT('',(-58.43885013606,-37.2663765633,0.));
#2701 = CARTESIAN_POINT('',(-58.93155166127,-35.92776656446,0.));
#2702 = CARTESIAN_POINT('',(-59.40211997043,-34.5811552317,0.));
#2703 = CARTESIAN_POINT('',(-59.85066771913,-33.22705940231,0.));
#2704 = CARTESIAN_POINT('',(-60.27730337732,-31.8659750421,0.));
#2705 = CARTESIAN_POINT('',(-60.68213122939,-30.49837724545,0.));
#2706 = CARTESIAN_POINT('',(-62.05524551814,-25.5751459059,0.));
#2707 = CARTESIAN_POINT('',(-62.90020790232,-21.98540939732,0.));
#2708 = CARTESIAN_POINT('',(-63.60198119813,-18.36302764792,0.));
#2709 = CARTESIAN_POINT('',(-64.1619508892,-14.71515666292,0.));
#2710 = CARTESIAN_POINT('',(-64.58116530252,-11.04861006335,0.));
#2711 = CARTESIAN_POINT('',(-64.86037623068,-7.369866686697,0.));
#2712 = CARTESIAN_POINT('',(-65.00000014504,-3.685067239227,0.));
#2713 = CARTESIAN_POINT('',(-65.00000014504,3.6850672392,0.));
#2714 = CARTESIAN_POINT('',(-64.86037623068,7.369866686672,0.));
#2715 = CARTESIAN_POINT('',(-64.58116530253,11.048610063329,0.));
#2716 = CARTESIAN_POINT('',(-64.1619508892,14.7151566629,0.));
#2717 = CARTESIAN_POINT('',(-63.60198119813,18.363027647901,0.));
#2718 = CARTESIAN_POINT('',(-62.90020790233,21.985409397303,0.));
#2719 = CARTESIAN_POINT('',(-62.05524551815,25.575145905881,0.));
#2720 = CARTESIAN_POINT('',(-60.6821312294,30.498377245436,0.));
#2721 = CARTESIAN_POINT('',(-60.27730337733,31.865975042086,0.));
#2722 = CARTESIAN_POINT('',(-59.85066771914,33.227059402289,0.));
#2723 = CARTESIAN_POINT('',(-59.40211997044,34.58115523168,0.));
#2724 = CARTESIAN_POINT('',(-58.93155166128,35.927766564438,0.));
#2725 = CARTESIAN_POINT('',(-58.43885013607,37.266376563286,0.));
#2726 = CARTESIAN_POINT('',(-57.92389855364,38.596447519489,0.));
#2727 = CARTESIAN_POINT('',(-56.67419547787,41.668762267854,0.));
#2728 = CARTESIAN_POINT('',(-55.92250378699,43.404087913199,0.));
#2729 = CARTESIAN_POINT('',(-55.13121360485,45.122111615603,0.));
#2730 = CARTESIAN_POINT('',(-54.30004091611,46.821444021944,0.));
#2731 = CARTESIAN_POINT('',(-53.42870871966,48.500594484526,0.));
#2732 = CARTESIAN_POINT('',(-52.51695084857,50.157972946348,0.));
#2733 = CARTESIAN_POINT('',(-51.56451578994,51.791891826356,0.));
#2734 = CARTESIAN_POINT('',(-49.24834986537,55.542813160476,0.));
#2735 = CARTESIAN_POINT('',(-47.85306445532,57.640155038573,0.));
#2736 = CARTESIAN_POINT('',(-46.38472040478,59.688478994452,0.));
#2737 = CARTESIAN_POINT('',(-44.84289898803,61.683135980986,0.));
#2738 = CARTESIAN_POINT('',(-43.22741490385,63.618988826327,0.));
#2739 = CARTESIAN_POINT('',(-41.53837680092,65.490460745711,0.));
#2740 = CARTESIAN_POINT('',(-39.77625004837,67.29158598723,0.));
#2741 = CARTESIAN_POINT('',(-37.57999211035,69.356317596922,0.));
#2742 = CARTESIAN_POINT('',(-37.21747748053,69.691495908428,0.));
#2743 = CARTESIAN_POINT('',(-36.85443524832,70.021622905126,0.));
#2744 = CARTESIAN_POINT('',(-36.4909217035,70.346725166212,0.));
#2745 = CARTESIAN_POINT('',(-36.12699203934,70.666830491013,0.));
#2746 = CARTESIAN_POINT('',(-35.76270035259,70.981967898987,0.));
#2747 = CARTESIAN_POINT('',(-35.39809964349,71.29216762972,0.));
#2748 = CARTESIAN_POINT('',(-34.74135554896,71.84169593382,0.));
#2749 = CARTESIAN_POINT('',(-34.44930471343,72.082790645466,0.));
#2750 = CARTESIAN_POINT('',(-34.15711587528,72.320761355607,0.));
#2751 = CARTESIAN_POINT('',(-33.86481514005,72.555624540744,0.));
#2752 = CARTESIAN_POINT('',(-33.57242815269,72.787397076146,0.));
#2753 = CARTESIAN_POINT('',(-33.27998009756,73.01609623584,0.));
#2754 = CARTESIAN_POINT('',(-32.98749569842,73.241739692619,0.));
#2755 = CARTESIAN_POINT('',(-32.2574741191,73.797326036881,0.));
#2756 = CARTESIAN_POINT('',(-31.81592626148,74.126550733788,0.));
#2757 = CARTESIAN_POINT('',(-31.37005301985,74.452154078778,0.));
#2758 = CARTESIAN_POINT('',(-30.91965451821,74.774165780809,0.));
#2759 = CARTESIAN_POINT('',(-30.46462536979,75.09253078298,0.));
#2760 = CARTESIAN_POINT('',(-30.00497573725,75.407107420626,0.));
#2761 = CARTESIAN_POINT('',(-29.54082667739,75.717686329314,0.));
#2762 = CARTESIAN_POINT('',(-28.55979825052,76.35922548463,0.));
#2763 = CARTESIAN_POINT('',(-28.04330329702,76.688540603437,0.));
#2764 = CARTESIAN_POINT('',(-27.52298528053,77.01183666047,0.));
#2765 = CARTESIAN_POINT('',(-26.99889324204,77.329009261197,0.));
#2766 = CARTESIAN_POINT('',(-26.47107983996,77.639954095496,0.));
#2767 = CARTESIAN_POINT('',(-25.93960135013,77.944566937657,0.));
#2768 = CARTESIAN_POINT('',(-25.40451766582,78.242743646381,0.));
#2769 = CARTESIAN_POINT('',(-23.9305179447,79.040835189542,0.));
#2770 = CARTESIAN_POINT('',(-22.98446107862,79.527568546087,0.));
#2771 = CARTESIAN_POINT('',(-22.02805844509,79.994036888149,0.));
#2772 = CARTESIAN_POINT('',(-21.06167952511,80.439702970283,0.));
#2773 = CARTESIAN_POINT('',(-20.08572851968,80.864040107403,0.));
#2774 = CARTESIAN_POINT('',(-19.10064633438,81.266536634326,0.));
#2775 = CARTESIAN_POINT('',(-18.10691256397,81.646700365314,0.));
#2776 = CARTESIAN_POINT('',(-15.04974033148,82.73718573518,0.));
#2777 = CARTESIAN_POINT('',(-12.95994838068,83.374444753445,0.));
#2778 = CARTESIAN_POINT('',(-10.84045914461,83.911645229843,0.));
#2779 = CARTESIAN_POINT('',(-8.69644754176,84.345248070048,0.));
#2780 = CARTESIAN_POINT('',(-6.533483907328,84.672421258988,0.));
#2781 = CARTESIAN_POINT('',(-4.357549161976,84.891136632256,0.));
#2782 = CARTESIAN_POINT('',(-2.175057131065,85.000312123904,0.));
#2783 = CARTESIAN_POINT('',(2.188167484851,84.999687469975,0.));
#2784 = CARTESIAN_POINT('',(4.369512457489,84.889999785171,0.));
#2785 = CARTESIAN_POINT('',(6.544288904287,84.670887858669,0.));
#2786 = CARTESIAN_POINT('',(8.706095125217,84.343433561172,0.));
#2787 = CARTESIAN_POINT('',(10.848960400709,83.909662442244,0.));
#2788 = CARTESIAN_POINT('',(12.967322802432,83.372402304924,0.));
#2789 = CARTESIAN_POINT('',(15.056014133565,82.735187124351,0.));
#2790 = CARTESIAN_POINT('',(18.089689574566,81.652729236412,0.));
#2791 = CARTESIAN_POINT('',(19.061355305414,81.281459972291,0.));
#2792 = CARTESIAN_POINT('',(20.024763227659,80.888835901308,0.));
#2793 = CARTESIAN_POINT('',(20.979464458003,80.475316315149,0.));
#2794 = CARTESIAN_POINT('',(21.92504542504,80.041378423304,0.));
#2795 = CARTESIAN_POINT('',(22.861126101013,79.587513362463,0.));
#2796 = CARTESIAN_POINT('',(23.787358233554,79.11422220591,0.));
#2797 = CARTESIAN_POINT('',(26.469013183779,77.673344911126,0.));
#2798 = CARTESIAN_POINT('',(28.19683383904,76.654399893899,0.));
#2799 = CARTESIAN_POINT('',(29.884632628434,75.568799634266,0.));
#2800 = CARTESIAN_POINT('',(31.530604224426,74.420228408545,0.));
#2801 = CARTESIAN_POINT('',(33.133331958846,73.212349273137,0.));
#2802 = CARTESIAN_POINT('',(34.691737531741,71.948733714676,0.));
#2803 = CARTESIAN_POINT('',(36.205039356979,70.632803733507,0.));
#2804 = CARTESIAN_POINT('',(39.547994048001,67.52368545456,0.));
#2805 = CARTESIAN_POINT('',(41.348661947499,65.699562647578,0.));
#2806 = CARTESIAN_POINT('',(43.073744774948,63.802087160667,0.));
#2807 = CARTESIAN_POINT('',(44.722723548118,61.837571938247,0.));
#2808 = CARTESIAN_POINT('',(46.295467035524,59.81191504218,0.));
#2809 = CARTESIAN_POINT('',(47.792162683979,57.730543592954,0.));
#2810 = CARTESIAN_POINT('',(49.213250208846,55.598360257918,0.));
#2811 = CARTESIAN_POINT('',(52.460622033592,50.342505921038,0.));
#2812 = CARTESIAN_POINT('',(54.211912418691,47.173224627987,0.));
#2813 = CARTESIAN_POINT('',(55.815195219404,43.923952120684,0.));
#2814 = CARTESIAN_POINT('',(57.27236964426,40.605692409133,0.));
#2815 = CARTESIAN_POINT('',(58.585368415089,37.228396833402,0.));
#2816 = CARTESIAN_POINT('',(59.756134194401,33.800957185399,0.));
#2817 = CARTESIAN_POINT('',(60.786511309876,30.33116304326,0.));
#2818 = CARTESIAN_POINT('',(62.513105525384,23.542531289518,0.));
#2819 = CARTESIAN_POINT('',(63.226239669691,20.228620857396,0.));
#2820 = CARTESIAN_POINT('',(63.818815083306,16.889580010274,0.));
#2821 = CARTESIAN_POINT('',(64.2918342834,13.53084617929,0.));
#2822 = CARTESIAN_POINT('',(64.646054308175,10.157634583675,0.));
#2823 = CARTESIAN_POINT('',(64.882011712528,6.774942492341,0.));
#2824 = CARTESIAN_POINT('',(65.000000072711,3.387547526029,0.));
#2825 = CARTESIAN_POINT('',(65.,1.42108547152E-14,0.));
#2826 = PCURVE('',#248,#2827);
#2827 = DEFINITIONAL_REPRESENTATION('',(#2828),#3048);
#2828 = B_SPLINE_CURVE_WITH_KNOTS('',8,(#2829,#2830,#2831,#2832,#2833,
    #2834,#2835,#2836,#2837,#2838,#2839,#2840,#2841,#2842,#2843,#2844,
    #2845,#2846,#2847,#2848,#2849,#2850,#2851,#2852,#2853,#2854,#2855,
    #2856,#2857,#2858,#2859,#2860,#2861,#2862,#2863,#2864,#2865,#2866,
    #2867,#2868,#2869,#2870,#2871,#2872,#2873,#2874,#2875,#2876,#2877,
    #2878,#2879,#2880,#2881,#2882,#2883,#2884,#2885,#2886,#2887,#2888,
    #2889,#2890,#2891,#2892,#2893,#2894,#2895,#2896,#2897,#2898,#2899,
    #2900,#2901,#2902,#2903,#2904,#2905,#2906,#2907,#2908,#2909,#2910,
    #2911,#2912,#2913,#2914,#2915,#2916,#2917,#2918,#2919,#2920,#2921,
    #2922,#2923,#2924,#2925,#2926,#2927,#2928,#2929,#2930,#2931,#2932,
    #2933,#2934,#2935,#2936,#2937,#2938,#2939,#2940,#2941,#2942,#2943,
    #2944,#2945,#2946,#2947,#2948,#2949,#2950,#2951,#2952,#2953,#2954,
    #2955,#2956,#2957,#2958,#2959,#2960,#2961,#2962,#2963,#2964,#2965,
    #2966,#2967,#2968,#2969,#2970,#2971,#2972,#2973,#2974,#2975,#2976,
    #2977,#2978,#2979,#2980,#2981,#2982,#2983,#2984,#2985,#2986,#2987,
    #2988,#2989,#2990,#2991,#2992,#2993,#2994,#2995,#2996,#2997,#2998,
    #2999,#3000,#3001,#3002,#3003,#3004,#3005,#3006,#3007,#3008,#3009,
    #3010,#3011,#3012,#3013,#3014,#3015,#3016,#3017,#3018,#3019,#3020,
    #3021,#3022,#3023,#3024,#3025,#3026,#3027,#3028,#3029,#3030,#3031,
    #3032,#3033,#3034,#3035,#3036,#3037,#3038,#3039,#3040,#3041,#3042,
    #3043,#3044,#3045,#3046,#3047),.UNSPECIFIED.,.F.,.F.,(9,7,7,7,7,7,7,
    7,7,7,7,7,7,7,7,7,7,7,7,7,7,7,7,7,7,7,7,7,7,7,7,9),(0.,
    5.676018709369E-02,0.119587635615,0.163308969933,0.197527395372,
    0.215281414349,0.252518073583,0.277913369662,0.307935720004,
    0.324725041941,0.333458194669,0.342363941372,0.383396681877,
    0.414209384573,0.43745023189,0.497505433644,0.557560635399,
    0.580801482716,0.611614185412,0.652646925917,0.660743059282,
    0.667219965976,0.676917799124,0.687529356048,0.705957339218,
    0.743761998395,0.781547229104,0.79956280077,0.834285332982,
    0.878650771184,0.941313240791,1.),.UNSPECIFIED.);
#2829 = CARTESIAN_POINT('',(6.28318530718,7.88860905221E-31));
#2830 = CARTESIAN_POINT('',(6.235889872011,-7.297600740945E-16));
#2831 = CARTESIAN_POINT('',(6.189816908291,7.120373689545E-18));
#2832 = CARTESIAN_POINT('',(6.144807310559,-1.159462373073E-16));
#2833 = CARTESIAN_POINT('',(6.100723394022,-4.757057292734E-16));
#2834 = CARTESIAN_POINT('',(6.057442733803,-3.464939255788E-16));
#2835 = CARTESIAN_POINT('',(6.014853124358,-4.136003769159E-17));
#2836 = CARTESIAN_POINT('',(5.972848659064,-3.468816793591E-16));
#2837 = CARTESIAN_POINT('',(5.885366822546,-2.48962896813E-16));
#2838 = CARTESIAN_POINT('',(5.840006334727,-2.463880892427E-16));
#2839 = CARTESIAN_POINT('',(5.795102042625,-2.439546803335E-16));
#2840 = CARTESIAN_POINT('',(5.750527271803,-2.416716210427E-16));
#2841 = CARTESIAN_POINT('',(5.706164064321,-2.395490418783E-16));
#2842 = CARTESIAN_POINT('',(5.661897990544,-2.37598128942E-16));
#2843 = CARTESIAN_POINT('',(5.617613232736,-2.358311024614E-16));
#2844 = CARTESIAN_POINT('',(5.542268219054,-2.331689629871E-16));
#2845 = CARTESIAN_POINT('',(5.511286446202,-2.321722762304E-16));
#2846 = CARTESIAN_POINT('',(5.480199016574,-2.312757813546E-16));
#2847 = CARTESIAN_POINT('',(5.448967369736,-2.304843805068E-16));
#2848 = CARTESIAN_POINT('',(5.417554303572,-2.298032925031E-16));
#2849 = CARTESIAN_POINT('',(5.385923089183,-2.292379567058E-16));
#2850 = CARTESIAN_POINT('',(5.354036814299,-2.287939324681E-16));
#2851 = CARTESIAN_POINT('',(5.296673227664,-2.282285864533E-16));
#2852 = CARTESIAN_POINT('',(5.271310610962,-2.280581130692E-16));
#2853 = CARTESIAN_POINT('',(5.245752824536,-2.279680400423E-16));
#2854 = CARTESIAN_POINT('',(5.219983825781,-2.279610323998E-16));
#2855 = CARTESIAN_POINT('',(5.193988572989,-2.28039688566E-16));
#2856 = CARTESIAN_POINT('',(5.16775307156,-2.282064569717E-16));
#2857 = CARTESIAN_POINT('',(5.141264703476,-2.284635348587E-16));
#2858 = CARTESIAN_POINT('',(5.100632800711,-2.289939369022E-16));
#2859 = CARTESIAN_POINT('',(5.086681835715,-2.29199927488E-16));
#2860 = CARTESIAN_POINT('',(5.072658521503,-2.294309746753E-16));
#2861 = CARTESIAN_POINT('',(5.058561533852,-2.296873055941E-16));
#2862 = CARTESIAN_POINT('',(5.044389677579,-2.299691158751E-16));
#2863 = CARTESIAN_POINT('',(5.030141916241,-2.302765646617E-16));
#2864 = CARTESIAN_POINT('',(5.015817401837,-2.306097696223E-16));
#2865 = CARTESIAN_POINT('',(4.971209468147,-2.317218238235E-16));
#2866 = CARTESIAN_POINT('',(4.940659165225,-2.325885541299E-16));
#2867 = CARTESIAN_POINT('',(4.909763222519,-2.335695846158E-16));
#2868 = CARTESIAN_POINT('',(4.878519783518,-2.346646236756E-16));
#2869 = CARTESIAN_POINT('',(4.846927396401,-2.358724423775E-16));
#2870 = CARTESIAN_POINT('',(4.81498666438,-2.371907730835E-16));
#2871 = CARTESIAN_POINT('',(4.782702658404,-2.386161606759E-16));
#2872 = CARTESIAN_POINT('',(4.727845050516,-2.411855891934E-16));
#2873 = CARTESIAN_POINT('',(4.705445429021,-2.42275088596E-16));
#2874 = CARTESIAN_POINT('',(4.682892103468,-2.434108020411E-16));
#2875 = CARTESIAN_POINT('',(4.660187072982,-2.44591097741E-16));
#2876 = CARTESIAN_POINT('',(4.637331759924,-2.458141916738E-16));
#2877 = CARTESIAN_POINT('',(4.614327299888,-2.470781607178E-16));
#2878 = CARTESIAN_POINT('',(4.591174821825,-2.483809519201E-16));
#2879 = CARTESIAN_POINT('',(4.540331489424,-2.513038707053E-16));
#2880 = CARTESIAN_POINT('',(4.512580501104,-2.529386744734E-16));
#2881 = CARTESIAN_POINT('',(4.484624673594,-2.546212318669E-16));
#2882 = CARTESIAN_POINT('',(4.456463254563,-2.56347922067E-16));
#2883 = CARTESIAN_POINT('',(4.428093408759,-2.581151212031E-16));
#2884 = CARTESIAN_POINT('',(4.399510627311,-2.599192445573E-16));
#2885 = CARTESIAN_POINT('',(4.370708956679,-2.617567805431E-16));
#2886 = CARTESIAN_POINT('',(4.325447843969,-2.646686937794E-16));
#2887 = CARTESIAN_POINT('',(4.309143680119,-2.657224668339E-16));
#2888 = CARTESIAN_POINT('',(4.292767120667,-2.66785048436E-16));
#2889 = CARTESIAN_POINT('',(4.276316530303,-2.678558663066E-16));
#2890 = CARTESIAN_POINT('',(4.259790073657,-2.689343642031E-16));
#2891 = CARTESIAN_POINT('',(4.243185715509,-2.700200030453E-16));
#2892 = CARTESIAN_POINT('',(4.226501220993,-2.711122620419E-16));
#2893 = CARTESIAN_POINT('',(4.201012580182,-2.728599462214E-16));
#2894 = CARTESIAN_POINT('',(4.192394985341,-2.729325121076E-16));
#2895 = CARTESIAN_POINT('',(4.183434368308,-2.747916531575E-16));
#2896 = CARTESIAN_POINT('',(4.174768103656,-2.74263135005E-16));
#2897 = CARTESIAN_POINT('',(4.166242990808,-2.73697358099E-16));
#2898 = CARTESIAN_POINT('',(4.157556469888,-2.753222317017E-16));
#2899 = CARTESIAN_POINT('',(4.149091065458,-2.74849585834E-16));
#2900 = CARTESIAN_POINT('',(4.131979737638,-2.755806546718E-16));
#2901 = CARTESIAN_POINT('',(4.123340357838,-2.758631598435E-16));
#2902 = CARTESIAN_POINT('',(4.114700978037,-2.761454376502E-16));
#2903 = CARTESIAN_POINT('',(4.106061598238,-2.764274391147E-16));
#2904 = CARTESIAN_POINT('',(4.097422218442,-2.767091141254E-16));
#2905 = CARTESIAN_POINT('',(4.088782838649,-2.769904114361E-16));
#2906 = CARTESIAN_POINT('',(4.080143458854,-2.77271278666E-16));
#2907 = CARTESIAN_POINT('',(4.03169860947,5.957565167786E-16));
#2908 = CARTESIAN_POINT('',(3.993133853396,-3.617425111314E-16));
#2909 = CARTESIAN_POINT('',(3.955702644787,-1.576043890349E-16));
#2910 = CARTESIAN_POINT('',(3.919309211358,3.285620217207E-16));
#2911 = CARTESIAN_POINT('',(3.883866912601,1.379634092557E-16));
#2912 = CARTESIAN_POINT('',(3.8492962514,-2.726206722801E-16));
#2913 = CARTESIAN_POINT('',(3.815523159226,1.658080626069E-16));
#2914 = CARTESIAN_POINT('',(3.757662629857,3.405267407276E-17));
#2915 = CARTESIAN_POINT('',(3.733259101124,3.506129851184E-17));
#2916 = CARTESIAN_POINT('',(3.709237859939,3.602715600214E-17));
#2917 = CARTESIAN_POINT('',(3.685571999312,3.695050369709E-17));
#2918 = CARTESIAN_POINT('',(3.66223646959,3.783161407815E-17));
#2919 = CARTESIAN_POINT('',(3.639207733995,3.867077099291E-17));
#2920 = CARTESIAN_POINT('',(3.616463424168,3.946826569321E-17));
#2921 = CARTESIAN_POINT('',(3.577025111026,4.079471213464E-17));
#2922 = CARTESIAN_POINT('',(3.560217884446,4.134149011412E-17));
#2923 = CARTESIAN_POINT('',(3.543551310928,4.186485088807E-17));
#2924 = CARTESIAN_POINT('',(3.527016700309,4.23649141206E-17));
#2925 = CARTESIAN_POINT('',(3.510605677303,4.284179506355E-17));
#2926 = CARTESIAN_POINT('',(3.494310181502,4.329560455645E-17));
#2927 = CARTESIAN_POINT('',(3.478122467371,4.372644902657E-17));
#2928 = CARTESIAN_POINT('',(3.420464768011,4.518866705692E-17));
#2929 = CARTESIAN_POINT('',(3.379567274501,4.609015226881E-17));
#2930 = CARTESIAN_POINT('',(3.339208545132,4.684076936185E-17));
#2931 = CARTESIAN_POINT('',(3.299270204481,4.744191853448E-17));
#2932 = CARTESIAN_POINT('',(3.259643631101,4.789464406643E-17));
#2933 = CARTESIAN_POINT('',(3.220224828936,4.819967755889E-17));
#2934 = CARTESIAN_POINT('',(3.180910119322,4.835739729456E-17));
#2935 = CARTESIAN_POINT('',(3.102275187858,4.837801044712E-17));
#2936 = CARTESIAN_POINT('',(3.062960478244,4.824090235048E-17));
#2937 = CARTESIAN_POINT('',(3.023541676078,4.795635809698E-17));
#2938 = CARTESIAN_POINT('',(2.983915102699,4.752387649066E-17));
#2939 = CARTESIAN_POINT('',(2.943976762047,4.694260153067E-17));
#2940 = CARTESIAN_POINT('',(2.903618032679,4.621136367312E-17));
#2941 = CARTESIAN_POINT('',(2.862720539169,4.532863729437E-17));
#2942 = CARTESIAN_POINT('',(2.805062839809,4.389140401398E-17));
#2943 = CARTESIAN_POINT('',(2.788875125678,4.346741885692E-17));
#2944 = CARTESIAN_POINT('',(2.772579629877,4.302034951408E-17));
#2945 = CARTESIAN_POINT('',(2.756168606871,4.255008218759E-17));
#2946 = CARTESIAN_POINT('',(2.739633996252,4.205649865225E-17));
#2947 = CARTESIAN_POINT('',(2.722967422734,4.153947625558E-17));
#2948 = CARTESIAN_POINT('',(2.706160196154,4.099888791782E-17));
#2949 = CARTESIAN_POINT('',(2.666721883012,3.96864741249E-17));
#2950 = CARTESIAN_POINT('',(2.643977573185,3.889670402543E-17));
#2951 = CARTESIAN_POINT('',(2.62094883759,3.806498000154E-17));
#2952 = CARTESIAN_POINT('',(2.597613307868,3.71909935202E-17));
#2953 = CARTESIAN_POINT('',(2.573947447241,3.627444345174E-17));
#2954 = CARTESIAN_POINT('',(2.549926206056,3.531504017449E-17));
#2955 = CARTESIAN_POINT('',(2.525522677323,3.431250967924E-17));
#2956 = CARTESIAN_POINT('',(2.467662147953,3.187377484733E-17));
#2957 = CARTESIAN_POINT('',(2.43388905578,3.040410920282E-17));
#2958 = CARTESIAN_POINT('',(2.399318394578,2.885695449662E-17));
#2959 = CARTESIAN_POINT('',(2.363876095822,2.723184961206E-17));
#2960 = CARTESIAN_POINT('',(2.327482662393,2.552858073275E-17));
#2961 = CARTESIAN_POINT('',(2.290051453784,2.374724593073E-17));
#2962 = CARTESIAN_POINT('',(2.25148669771,2.18883221699E-17));
#2963 = CARTESIAN_POINT('',(2.203827246491,1.957082573361E-17));
#2964 = CARTESIAN_POINT('',(2.195973264859,1.918828091185E-17));
#2965 = CARTESIAN_POINT('',(2.188119283227,1.880516113087E-17));
#2966 = CARTESIAN_POINT('',(2.180265301594,1.84215261071E-17));
#2967 = CARTESIAN_POINT('',(2.172411319959,1.80374344018E-17));
#2968 = CARTESIAN_POINT('',(2.164557338323,1.765294342108E-17));
#2969 = CARTESIAN_POINT('',(2.156703356687,1.726810941589E-17));
#2970 = CARTESIAN_POINT('',(2.142566189748,1.657488992992E-17));
#2971 = CARTESIAN_POINT('',(2.136283004441,1.626660808922E-17));
#2972 = CARTESIAN_POINT('',(2.129999819134,1.595817015966E-17));
#2973 = CARTESIAN_POINT('',(2.123716633827,1.564960385504E-17));
#2974 = CARTESIAN_POINT('',(2.11743344852,1.53409364032E-17));
#2975 = CARTESIAN_POINT('',(2.111150263212,1.5032194546E-17));
#2976 = CARTESIAN_POINT('',(2.104867077905,1.472340453936E-17));
#2977 = CARTESIAN_POINT('',(2.089176117311,1.277919459881E-17));
#2978 = CARTESIAN_POINT('',(2.07969635998,1.723870488077E-17));
#2979 = CARTESIAN_POINT('',(2.070350441809,1.213115666838E-17));
#2980 = CARTESIAN_POINT('',(2.060851090376,1.828806924021E-17));
#2981 = CARTESIAN_POINT('',(2.051483694863,1.453678279395E-17));
#2982 = CARTESIAN_POINT('',(2.042027011217,1.718372703602E-17));
#2983 = CARTESIAN_POINT('',(2.032609900639,1.69132040849E-17));
#2984 = CARTESIAN_POINT('',(2.012873491963,1.800436293205E-17));
#2985 = CARTESIAN_POINT('',(2.002591377358,1.850747477302E-17));
#2986 = CARTESIAN_POINT('',(1.992338827881,1.900842520518E-17));
#2987 = CARTESIAN_POINT('',(1.982115376386,1.950711570535E-17));
#2988 = CARTESIAN_POINT('',(1.971920585804,2.000344588287E-17));
#2989 = CARTESIAN_POINT('',(1.961754049136,2.049731347957E-17));
#2990 = CARTESIAN_POINT('',(1.951615389458,2.098861436976E-17));
#2991 = CARTESIAN_POINT('',(1.923945316748,2.232579230664E-17));
#2992 = CARTESIAN_POINT('',(1.906469355228,2.316628407659E-17));
#2993 = CARTESIAN_POINT('',(1.889074617248,2.39981616947E-17));
#2994 = CARTESIAN_POINT('',(1.871759564164,2.482085578712E-17));
#2995 = CARTESIAN_POINT('',(1.854522895976,2.563378582333E-17));
#2996 = CARTESIAN_POINT('',(1.837363570507,2.643636215786E-17));
#2997 = CARTESIAN_POINT('',(1.820280822572,2.72279880721E-17));
#2998 = CARTESIAN_POINT('',(1.768385383839,2.960836819748E-17));
#2999 = CARTESIAN_POINT('',(1.733812446121,3.116026316626E-17));
#3000 = CARTESIAN_POINT('',(1.699556728699,3.265828866417E-17));
#3001 = CARTESIAN_POINT('',(1.665618591908,3.40972354969E-17));
#3002 = CARTESIAN_POINT('',(1.631998752397,3.547217446901E-17));
#3003 = CARTESIAN_POINT('',(1.598699896304,3.677851562757E-17));
#3004 = CARTESIAN_POINT('',(1.565728550936,3.801209561442E-17));
#3005 = CARTESIAN_POINT('',(1.500482648776,4.03258961671E-17));
#3006 = CARTESIAN_POINT('',(1.4681986428,4.140651982497E-17));
#3007 = CARTESIAN_POINT('',(1.436257910779,4.24074805337E-17));
#3008 = CARTESIAN_POINT('',(1.404665523661,4.332612380705E-17));
#3009 = CARTESIAN_POINT('',(1.37342208466,4.416067921996E-17));
#3010 = CARTESIAN_POINT('',(1.342526141955,4.491015078289E-17));
#3011 = CARTESIAN_POINT('',(1.311975839033,4.557424271048E-17));
#3012 = CARTESIAN_POINT('',(1.267367905343,4.642941839018E-17));
#3013 = CARTESIAN_POINT('',(1.253043390939,4.668620684525E-17));
#3014 = CARTESIAN_POINT('',(1.2387956296,4.692373111955E-17));
#3015 = CARTESIAN_POINT('',(1.224623773328,4.714207132077E-17));
#3016 = CARTESIAN_POINT('',(1.210526785677,4.73413387876E-17));
#3017 = CARTESIAN_POINT('',(1.196503471465,4.752167238333E-17));
#3018 = CARTESIAN_POINT('',(1.182552506469,4.768323478934E-17));
#3019 = CARTESIAN_POINT('',(1.141920603704,4.810177167458E-17));
#3020 = CARTESIAN_POINT('',(1.11543223562,4.830828348175E-17));
#3021 = CARTESIAN_POINT('',(1.08919673419,4.844706138963E-17));
#3022 = CARTESIAN_POINT('',(1.063201481399,4.851970355896E-17));
#3023 = CARTESIAN_POINT('',(1.037432482644,4.852800041408E-17));
#3024 = CARTESIAN_POINT('',(1.011874696217,4.847385906676E-17));
#3025 = CARTESIAN_POINT('',(0.986512079516,4.835924089151E-17));
#3026 = CARTESIAN_POINT('',(0.929148492881,4.796490345364E-17));
#3027 = CARTESIAN_POINT('',(0.897262217997,4.764818671244E-17));
#3028 = CARTESIAN_POINT('',(0.865631003608,4.724007444333E-17));
#3029 = CARTESIAN_POINT('',(0.834217937444,4.674467719395E-17));
#3030 = CARTESIAN_POINT('',(0.802986290606,4.616602469843E-17));
#3031 = CARTESIAN_POINT('',(0.771898860977,4.550798997962E-17));
#3032 = CARTESIAN_POINT('',(0.740917088125,4.477421650016E-17));
#3033 = CARTESIAN_POINT('',(0.666332054273,4.282940310025E-17));
#3034 = CARTESIAN_POINT('',(0.622802143404,4.15465721227E-17));
#3035 = CARTESIAN_POINT('',(0.579292333127,4.012902016139E-17));
#3036 = CARTESIAN_POINT('',(0.535692636662,3.858541762407E-17));
#3037 = CARTESIAN_POINT('',(0.491894370331,3.692372581208E-17));
#3038 = CARTESIAN_POINT('',(0.447785613286,3.515117850572E-17));
#3039 = CARTESIAN_POINT('',(0.403246428501,3.327419354913E-17));
#3040 = CARTESIAN_POINT('',(0.315898439533,3.585925067879E-17));
#3041 = CARTESIAN_POINT('',(0.273165970094,1.298171414704E-17));
#3042 = CARTESIAN_POINT('',(0.229836279987,3.080205081598E-17));
#3043 = CARTESIAN_POINT('',(0.185797938129,3.789089005537E-17));
#3044 = CARTESIAN_POINT('',(0.140932915815,1.236549892362E-17));
#3045 = CARTESIAN_POINT('',(9.511230814094E-02,4.365952188646E-19));
#3046 = CARTESIAN_POINT('',(4.819081762406E-02,4.438955291746E-17));
#3047 = CARTESIAN_POINT('',(0.,1.183291357832E-30));
#3048 = ( GEOMETRIC_REPRESENTATION_CONTEXT(2) 
PARAMETRIC_REPRESENTATION_CONTEXT() REPRESENTATION_CONTEXT('2D SPACE',''
  ) );
#3049 = PCURVE('',#3050,#3055);
#3050 = PLANE('',#3051);
#3051 = AXIS2_PLACEMENT_3D('',#3052,#3053,#3054);
#3052 = CARTESIAN_POINT('',(0.,0.,0.));
#3053 = DIRECTION('',(0.,0.,1.));
#3054 = DIRECTION('',(1.,0.,-0.));
#3055 = DEFINITIONAL_REPRESENTATION('',(#3056),#3276);
#3056 = B_SPLINE_CURVE_WITH_KNOTS('',8,(#3057,#3058,#3059,#3060,#3061,
    #3062,#3063,#3064,#3065,#3066,#3067,#3068,#3069,#3070,#3071,#3072,
    #3073,#3074,#3075,#3076,#3077,#3078,#3079,#3080,#3081,#3082,#3083,
    #3084,#3085,#3086,#3087,#3088,#3089,#3090,#3091,#3092,#3093,#3094,
    #3095,#3096,#3097,#3098,#3099,#3100,#3101,#3102,#3103,#3104,#3105,
    #3106,#3107,#3108,#3109,#3110,#3111,#3112,#3113,#3114,#3115,#3116,
    #3117,#3118,#3119,#3120,#3121,#3122,#3123,#3124,#3125,#3126,#3127,
    #3128,#3129,#3130,#3131,#3132,#3133,#3134,#3135,#3136,#3137,#3138,
    #3139,#3140,#3141,#3142,#3143,#3144,#3145,#3146,#3147,#3148,#3149,
    #3150,#3151,#3152,#3153,#3154,#3155,#3156,#3157,#3158,#3159,#3160,
    #3161,#3162,#3163,#3164,#3165,#3166,#3167,#3168,#3169,#3170,#3171,
    #3172,#3173,#3174,#3175,#3176,#3177,#3178,#3179,#3180,#3181,#3182,
    #3183,#3184,#3185,#3186,#3187,#3188,#3189,#3190,#3191,#3192,#3193,
    #3194,#3195,#3196,#3197,#3198,#3199,#3200,#3201,#3202,#3203,#3204,
    #3205,#3206,#3207,#3208,#3209,#3210,#3211,#3212,#3213,#3214,#3215,
    #3216,#3217,#3218,#3219,#3220,#3221,#3222,#3223,#3224,#3225,#3226,
    #3227,#3228,#3229,#3230,#3231,#3232,#3233,#3234,#3235,#3236,#3237,
    #3238,#3239,#3240,#3241,#3242,#3243,#3244,#3245,#3246,#3247,#3248,
    #3249,#3250,#3251,#3252,#3253,#3254,#3255,#3256,#3257,#3258,#3259,
    #3260,#3261,#3262,#3263,#3264,#3265,#3266,#3267,#3268,#3269,#3270,
    #3271,#3272,#3273,#3274,#3275),.UNSPECIFIED.,.F.,.F.,(9,7,7,7,7,7,7,
    7,7,7,7,7,7,7,7,7,7,7,7,7,7,7,7,7,7,7,7,7,7,7,7,9),(0.,
    5.676018709369E-02,0.119587635615,0.163308969933,0.197527395372,
    0.215281414349,0.252518073583,0.277913369662,0.307935720004,
    0.324725041941,0.333458194669,0.342363941372,0.383396681877,
    0.414209384573,0.43745023189,0.497505433644,0.557560635399,
    0.580801482716,0.611614185412,0.652646925917,0.660743059282,
    0.667219965976,0.676917799124,0.687529356048,0.705957339218,
    0.743761998395,0.781547229104,0.79956280077,0.834285332982,
    0.878650771184,0.941313240791,1.),.UNSPECIFIED.);
#3057 = CARTESIAN_POINT('',(65.,0.));
#3058 = CARTESIAN_POINT('',(65.000000062687,-3.324606971792));
#3059 = CARTESIAN_POINT('',(64.886355438167,-6.649076377026));
#3060 = CARTESIAN_POINT('',(64.659083267842,-9.969097708321));
#3061 = CARTESIAN_POINT('',(64.31791216713,-13.28015398786));
#3062 = CARTESIAN_POINT('',(63.86234460178,-16.57752845422));
#3063 = CARTESIAN_POINT('',(63.291676901201,-19.85630603849));
#3064 = CARTESIAN_POINT('',(62.604976908809,-23.11136962979));
#3065 = CARTESIAN_POINT('',(60.911124364647,-29.90825006809));
#3066 = CARTESIAN_POINT('',(59.877723761117,-33.44288486853));
#3067 = CARTESIAN_POINT('',(58.699165975453,-36.93439034078));
#3068 = CARTESIAN_POINT('',(57.373520992108,-40.37462478772));
#3069 = CARTESIAN_POINT('',(55.898747739605,-43.75427514907));
#3070 = CARTESIAN_POINT('',(54.272812089571,-47.06290309387));
#3071 = CARTESIAN_POINT('',(52.493710927846,-50.28895169093));
#3072 = CARTESIAN_POINT('',(49.213250208856,-55.5983602579));
#3073 = CARTESIAN_POINT('',(47.792162683983,-57.73054359294));
#3074 = CARTESIAN_POINT('',(46.295467035532,-59.81191504217));
#3075 = CARTESIAN_POINT('',(44.722723548129,-61.83757193823));
#3076 = CARTESIAN_POINT('',(43.073744774957,-63.80208716065));
#3077 = CARTESIAN_POINT('',(41.348661947505,-65.69956264756));
#3078 = CARTESIAN_POINT('',(39.547994048013,-67.52368545454));
#3079 = CARTESIAN_POINT('',(36.205039356993,-70.63280373349));
#3080 = CARTESIAN_POINT('',(34.691737531747,-71.94873371466));
#3081 = CARTESIAN_POINT('',(33.133331958857,-73.21234927312));
#3082 = CARTESIAN_POINT('',(31.530604224443,-74.42022840853));
#3083 = CARTESIAN_POINT('',(29.884632628445,-75.56879963425));
#3084 = CARTESIAN_POINT('',(28.196833839046,-76.65439989389));
#3085 = CARTESIAN_POINT('',(26.469013183796,-77.67334491111));
#3086 = CARTESIAN_POINT('',(23.787358233566,-79.1142222059));
#3087 = CARTESIAN_POINT('',(22.861126101026,-79.58751336245));
#3088 = CARTESIAN_POINT('',(21.925045425054,-80.04137842329));
#3089 = CARTESIAN_POINT('',(20.979464458016,-80.47531631514));
#3090 = CARTESIAN_POINT('',(20.024763227671,-80.8888359013));
#3091 = CARTESIAN_POINT('',(19.061355305426,-81.28145997228));
#3092 = CARTESIAN_POINT('',(18.089689574581,-81.6527292364));
#3093 = CARTESIAN_POINT('',(15.056014133578,-82.73518712434));
#3094 = CARTESIAN_POINT('',(12.967322802446,-83.37240230492));
#3095 = CARTESIAN_POINT('',(10.848960400723,-83.90966244224));
#3096 = CARTESIAN_POINT('',(8.70609512523,-84.34343356116));
#3097 = CARTESIAN_POINT('',(6.544288904301,-84.67088785866));
#3098 = CARTESIAN_POINT('',(4.369512457504,-84.88999978517));
#3099 = CARTESIAN_POINT('',(2.188167484865,-84.99968746997));
#3100 = CARTESIAN_POINT('',(-1.480355225689,-85.00021245126));
#3101 = CARTESIAN_POINT('',(-2.96788027818,-84.94955306903));
#3102 = CARTESIAN_POINT('',(-4.453357052889,-84.84801528915));
#3103 = CARTESIAN_POINT('',(-5.934752349945,-84.6958247435));
#3104 = CARTESIAN_POINT('',(-7.410099719027,-84.49341888096));
#3105 = CARTESIAN_POINT('',(-8.877497804736,-84.24143164666));
#3106 = CARTESIAN_POINT('',(-10.3351092069,-83.94068271024));
#3107 = CARTESIAN_POINT('',(-13.49068271809,-83.18016062937));
#3108 = CARTESIAN_POINT('',(-15.18416244594,-82.70136908699));
#3109 = CARTESIAN_POINT('',(-16.85868484886,-82.15742795183));
#3110 = CARTESIAN_POINT('',(-18.51165589482,-81.55026370818));
#3111 = CARTESIAN_POINT('',(-20.14077339976,-80.88202304334));
#3112 = CARTESIAN_POINT('',(-21.74400322668,-80.15501010143));
#3113 = CARTESIAN_POINT('',(-23.31955999466,-79.3716359365));
#3114 = CARTESIAN_POINT('',(-25.73064373236,-78.06616376068));
#3115 = CARTESIAN_POINT('',(-26.58626678354,-77.58109038141));
#3116 = CARTESIAN_POINT('',(-27.43249740441,-77.07958881848));
#3117 = CARTESIAN_POINT('',(-28.26909737735,-76.5620911784));
#3118 = CARTESIAN_POINT('',(-29.09585289474,-76.02903062816));
#3119 = CARTESIAN_POINT('',(-29.9125731398,-75.48083914053));
#3120 = CARTESIAN_POINT('',(-30.71908886737,-74.91794523959));
#3121 = CARTESIAN_POINT('',(-31.92839491246,-74.04126528211));
#3122 = CARTESIAN_POINT('',(-32.33875252105,-73.73791239535));
#3123 = CARTESIAN_POINT('',(-32.74629695746,-73.4307767798));
#3124 = CARTESIAN_POINT('',(-33.15101750302,-73.11991067605));
#3125 = CARTESIAN_POINT('',(-33.55289402881,-72.80537388744));
#3126 = CARTESIAN_POINT('',(-33.9519056959,-72.48722728758));
#3127 = CARTESIAN_POINT('',(-34.34804227348,-72.16552431006));
#3128 = CARTESIAN_POINT('',(-35.14281610817,-71.5082716209));
#3129 = CARTESIAN_POINT('',(-35.54407212297,-71.17030577307));
#3130 = CARTESIAN_POINT('',(-35.94498614758,-70.82638374336));
#3131 = CARTESIAN_POINT('',(-36.34548822875,-70.47646467294));
#3132 = CARTESIAN_POINT('',(-36.7455068046,-70.12050946881));
#3133 = CARTESIAN_POINT('',(-37.14496870458,-69.75848080379));
#3134 = CARTESIAN_POINT('',(-37.54379914948,-69.39034311654));
#3135 = CARTESIAN_POINT('',(-39.77625004836,-67.29158598724));
#3136 = CARTESIAN_POINT('',(-41.5383768009,-65.49046074572));
#3137 = CARTESIAN_POINT('',(-43.22741490384,-63.61898882633));
#3138 = CARTESIAN_POINT('',(-44.84289898802,-61.68313598099));
#3139 = CARTESIAN_POINT('',(-46.38472040477,-59.68847899447));
#3140 = CARTESIAN_POINT('',(-47.85306445531,-57.64015503859));
#3141 = CARTESIAN_POINT('',(-49.24834986536,-55.54281316048));
#3142 = CARTESIAN_POINT('',(-51.56451578993,-51.79189182637));
#3143 = CARTESIAN_POINT('',(-52.51695084856,-50.15797294636));
#3144 = CARTESIAN_POINT('',(-53.42870871965,-48.50059448454));
#3145 = CARTESIAN_POINT('',(-54.3000409161,-46.82144402196));
#3146 = CARTESIAN_POINT('',(-55.13121360484,-45.12211161562));
#3147 = CARTESIAN_POINT('',(-55.92250378698,-43.40408791321));
#3148 = CARTESIAN_POINT('',(-56.67419547786,-41.66876226787));
#3149 = CARTESIAN_POINT('',(-57.92389855363,-38.59644751951));
#3150 = CARTESIAN_POINT('',(-58.43885013606,-37.2663765633));
#3151 = CARTESIAN_POINT('',(-58.93155166127,-35.92776656446));
#3152 = CARTESIAN_POINT('',(-59.40211997043,-34.5811552317));
#3153 = CARTESIAN_POINT('',(-59.85066771913,-33.22705940231));
#3154 = CARTESIAN_POINT('',(-60.27730337732,-31.8659750421));
#3155 = CARTESIAN_POINT('',(-60.68213122939,-30.49837724545));
#3156 = CARTESIAN_POINT('',(-62.05524551814,-25.5751459059));
#3157 = CARTESIAN_POINT('',(-62.90020790232,-21.98540939732));
#3158 = CARTESIAN_POINT('',(-63.60198119813,-18.36302764792));
#3159 = CARTESIAN_POINT('',(-64.1619508892,-14.71515666292));
#3160 = CARTESIAN_POINT('',(-64.58116530252,-11.04861006335));
#3161 = CARTESIAN_POINT('',(-64.86037623068,-7.369866686697));
#3162 = CARTESIAN_POINT('',(-65.00000014504,-3.685067239227));
#3163 = CARTESIAN_POINT('',(-65.00000014504,3.6850672392));
#3164 = CARTESIAN_POINT('',(-64.86037623068,7.369866686672));
#3165 = CARTESIAN_POINT('',(-64.58116530253,11.048610063329));
#3166 = CARTESIAN_POINT('',(-64.1619508892,14.7151566629));
#3167 = CARTESIAN_POINT('',(-63.60198119813,18.363027647901));
#3168 = CARTESIAN_POINT('',(-62.90020790233,21.985409397303));
#3169 = CARTESIAN_POINT('',(-62.05524551815,25.575145905881));
#3170 = CARTESIAN_POINT('',(-60.6821312294,30.498377245436));
#3171 = CARTESIAN_POINT('',(-60.27730337733,31.865975042086));
#3172 = CARTESIAN_POINT('',(-59.85066771914,33.227059402289));
#3173 = CARTESIAN_POINT('',(-59.40211997044,34.58115523168));
#3174 = CARTESIAN_POINT('',(-58.93155166128,35.927766564438));
#3175 = CARTESIAN_POINT('',(-58.43885013607,37.266376563286));
#3176 = CARTESIAN_POINT('',(-57.92389855364,38.596447519489));
#3177 = CARTESIAN_POINT('',(-56.67419547787,41.668762267854));
#3178 = CARTESIAN_POINT('',(-55.92250378699,43.404087913199));
#3179 = CARTESIAN_POINT('',(-55.13121360485,45.122111615603));
#3180 = CARTESIAN_POINT('',(-54.30004091611,46.821444021944));
#3181 = CARTESIAN_POINT('',(-53.42870871966,48.500594484526));
#3182 = CARTESIAN_POINT('',(-52.51695084857,50.157972946348));
#3183 = CARTESIAN_POINT('',(-51.56451578994,51.791891826356));
#3184 = CARTESIAN_POINT('',(-49.24834986537,55.542813160476));
#3185 = CARTESIAN_POINT('',(-47.85306445532,57.640155038573));
#3186 = CARTESIAN_POINT('',(-46.38472040478,59.688478994452));
#3187 = CARTESIAN_POINT('',(-44.84289898803,61.683135980986));
#3188 = CARTESIAN_POINT('',(-43.22741490385,63.618988826327));
#3189 = CARTESIAN_POINT('',(-41.53837680092,65.490460745711));
#3190 = CARTESIAN_POINT('',(-39.77625004837,67.29158598723));
#3191 = CARTESIAN_POINT('',(-37.57999211035,69.356317596922));
#3192 = CARTESIAN_POINT('',(-37.21747748053,69.691495908428));
#3193 = CARTESIAN_POINT('',(-36.85443524832,70.021622905126));
#3194 = CARTESIAN_POINT('',(-36.4909217035,70.346725166212));
#3195 = CARTESIAN_POINT('',(-36.12699203934,70.666830491013));
#3196 = CARTESIAN_POINT('',(-35.76270035259,70.981967898987));
#3197 = CARTESIAN_POINT('',(-35.39809964349,71.29216762972));
#3198 = CARTESIAN_POINT('',(-34.74135554896,71.84169593382));
#3199 = CARTESIAN_POINT('',(-34.44930471343,72.082790645466));
#3200 = CARTESIAN_POINT('',(-34.15711587528,72.320761355607));
#3201 = CARTESIAN_POINT('',(-33.86481514005,72.555624540744));
#3202 = CARTESIAN_POINT('',(-33.57242815269,72.787397076146));
#3203 = CARTESIAN_POINT('',(-33.27998009756,73.01609623584));
#3204 = CARTESIAN_POINT('',(-32.98749569842,73.241739692619));
#3205 = CARTESIAN_POINT('',(-32.2574741191,73.797326036881));
#3206 = CARTESIAN_POINT('',(-31.81592626148,74.126550733788));
#3207 = CARTESIAN_POINT('',(-31.37005301985,74.452154078778));
#3208 = CARTESIAN_POINT('',(-30.91965451821,74.774165780809));
#3209 = CARTESIAN_POINT('',(-30.46462536979,75.09253078298));
#3210 = CARTESIAN_POINT('',(-30.00497573725,75.407107420626));
#3211 = CARTESIAN_POINT('',(-29.54082667739,75.717686329314));
#3212 = CARTESIAN_POINT('',(-28.55979825052,76.35922548463));
#3213 = CARTESIAN_POINT('',(-28.04330329702,76.688540603437));
#3214 = CARTESIAN_POINT('',(-27.52298528053,77.01183666047));
#3215 = CARTESIAN_POINT('',(-26.99889324204,77.329009261197));
#3216 = CARTESIAN_POINT('',(-26.47107983996,77.639954095496));
#3217 = CARTESIAN_POINT('',(-25.93960135013,77.944566937657));
#3218 = CARTESIAN_POINT('',(-25.40451766582,78.242743646381));
#3219 = CARTESIAN_POINT('',(-23.9305179447,79.040835189542));
#3220 = CARTESIAN_POINT('',(-22.98446107862,79.527568546087));
#3221 = CARTESIAN_POINT('',(-22.02805844509,79.994036888149));
#3222 = CARTESIAN_POINT('',(-21.06167952511,80.439702970283));
#3223 = CARTESIAN_POINT('',(-20.08572851968,80.864040107403));
#3224 = CARTESIAN_POINT('',(-19.10064633438,81.266536634326));
#3225 = CARTESIAN_POINT('',(-18.10691256397,81.646700365314));
#3226 = CARTESIAN_POINT('',(-15.04974033148,82.73718573518));
#3227 = CARTESIAN_POINT('',(-12.95994838068,83.374444753445));
#3228 = CARTESIAN_POINT('',(-10.84045914461,83.911645229843));
#3229 = CARTESIAN_POINT('',(-8.69644754176,84.345248070048));
#3230 = CARTESIAN_POINT('',(-6.533483907328,84.672421258988));
#3231 = CARTESIAN_POINT('',(-4.357549161976,84.891136632256));
#3232 = CARTESIAN_POINT('',(-2.175057131065,85.000312123904));
#3233 = CARTESIAN_POINT('',(2.188167484851,84.999687469975));
#3234 = CARTESIAN_POINT('',(4.369512457489,84.889999785171));
#3235 = CARTESIAN_POINT('',(6.544288904287,84.670887858669));
#3236 = CARTESIAN_POINT('',(8.706095125217,84.343433561172));
#3237 = CARTESIAN_POINT('',(10.848960400709,83.909662442244));
#3238 = CARTESIAN_POINT('',(12.967322802432,83.372402304924));
#3239 = CARTESIAN_POINT('',(15.056014133565,82.735187124351));
#3240 = CARTESIAN_POINT('',(18.089689574566,81.652729236412));
#3241 = CARTESIAN_POINT('',(19.061355305414,81.281459972291));
#3242 = CARTESIAN_POINT('',(20.024763227659,80.888835901308));
#3243 = CARTESIAN_POINT('',(20.979464458003,80.475316315149));
#3244 = CARTESIAN_POINT('',(21.92504542504,80.041378423304));
#3245 = CARTESIAN_POINT('',(22.861126101013,79.587513362463));
#3246 = CARTESIAN_POINT('',(23.787358233554,79.11422220591));
#3247 = CARTESIAN_POINT('',(26.469013183779,77.673344911126));
#3248 = CARTESIAN_POINT('',(28.19683383904,76.654399893899));
#3249 = CARTESIAN_POINT('',(29.884632628434,75.568799634266));
#3250 = CARTESIAN_POINT('',(31.530604224426,74.420228408545));
#3251 = CARTESIAN_POINT('',(33.133331958846,73.212349273137));
#3252 = CARTESIAN_POINT('',(34.691737531741,71.948733714676));
#3253 = CARTESIAN_POINT('',(36.205039356979,70.632803733507));
#3254 = CARTESIAN_POINT('',(39.547994048001,67.52368545456));
#3255 = CARTESIAN_POINT('',(41.348661947499,65.699562647578));
#3256 = CARTESIAN_POINT('',(43.073744774948,63.802087160667));
#3257 = CARTESIAN_POINT('',(44.722723548118,61.837571938247));
#3258 = CARTESIAN_POINT('',(46.295467035524,59.81191504218));
#3259 = CARTESIAN_POINT('',(47.792162683979,57.730543592954));
#3260 = CARTESIAN_POINT('',(49.213250208846,55.598360257918));
#3261 = CARTESIAN_POINT('',(52.460622033592,50.342505921038));
#3262 = CARTESIAN_POINT('',(54.211912418691,47.173224627987));
#3263 = CARTESIAN_POINT('',(55.815195219404,43.923952120684));
#3264 = CARTESIAN_POINT('',(57.27236964426,40.605692409133));
#3265 = CARTESIAN_POINT('',(58.585368415089,37.228396833402));
#3266 = CARTESIAN_POINT('',(59.756134194401,33.800957185399));
#3267 = CARTESIAN_POINT('',(60.786511309876,30.33116304326));
#3268 = CARTESIAN_POINT('',(62.513105525384,23.542531289518));
#3269 = CARTESIAN_POINT('',(63.226239669691,20.228620857396));
#3270 = CARTESIAN_POINT('',(63.818815083306,16.889580010274));
#3271 = CARTESIAN_POINT('',(64.2918342834,13.53084617929));
#3272 = CARTESIAN_POINT('',(64.646054308175,10.157634583675));
#3273 = CARTESIAN_POINT('',(64.882011712528,6.774942492341));
#3274 = CARTESIAN_POINT('',(65.000000072711,3.387547526029));
#3275 = CARTESIAN_POINT('',(65.,1.42108547152E-14));
#3276 = ( GEOMETRIC_REPRESENTATION_CONTEXT(2) 
PARAMETRIC_REPRESENTATION_CONTEXT() REPRESENTATION_CONTEXT('2D SPACE',''
  ) );
#3277 = ORIENTED_EDGE('',*,*,#3278,.F.);
#3278 = EDGE_CURVE('',#3279,#2603,#3281,.T.);
#3279 = VERTEX_POINT('',#3280);
#3280 = CARTESIAN_POINT('',(-64.77034409243,4.,4.));
#3281 = SURFACE_CURVE('',#3282,(#3291,#3303),.PCURVE_S1.);
#3282 = B_SPLINE_CURVE_WITH_KNOTS('',4,(#3283,#3284,#3285,#3286,#3287,
    #3288,#3289,#3290),.UNSPECIFIED.,.F.,.F.,(5,3,5),(0.,0.504846424826,
    1.),.UNSPECIFIED.);
#3283 = CARTESIAN_POINT('',(-64.77034409243,4.,4.));
#3284 = CARTESIAN_POINT('',(-64.8101133747,4.,3.496066828016));
#3285 = CARTESIAN_POINT('',(-64.84321123454,4.,2.991607966965));
#3286 = CARTESIAN_POINT('',(-64.86962045686,4.,2.486755467333));
#3287 = CARTESIAN_POINT('',(-64.90866607117,4.,1.486227493591));
#3288 = CARTESIAN_POINT('',(-64.92155716417,4.,0.990561887633));
#3289 = CARTESIAN_POINT('',(-64.92799771656,4.,0.494771331396));
#3290 = CARTESIAN_POINT('',(-64.92798778101,4.,-1.018205567469E-03));
#3291 = PCURVE('',#248,#3292);
#3292 = DEFINITIONAL_REPRESENTATION('',(#3293),#3302);
#3293 = B_SPLINE_CURVE_WITH_KNOTS('',4,(#3294,#3295,#3296,#3297,#3298,
    #3299,#3300,#3301),.UNSPECIFIED.,.F.,.F.,(5,3,5),(0.,0.504846424826,
    1.),.UNSPECIFIED.);
#3294 = CARTESIAN_POINT('',(3.09878755288,7.62611760069E-02));
#3295 = CARTESIAN_POINT('',(3.098813806145,6.676716013222E-02));
#3296 = CARTESIAN_POINT('',(3.098835612685,5.722940545749E-02));
#3297 = CARTESIAN_POINT('',(3.098852993023,4.764701846663E-02));
#3298 = CARTESIAN_POINT('',(3.09887867428,2.857599924529E-02));
#3299 = CARTESIAN_POINT('',(3.098887142982,1.908921484346E-02));
#3300 = CARTESIAN_POINT('',(3.098891374057,9.557369421697E-03));
#3301 = CARTESIAN_POINT('',(3.09889136753,-1.96684850133E-05));
#3302 = ( GEOMETRIC_REPRESENTATION_CONTEXT(2) 
PARAMETRIC_REPRESENTATION_CONTEXT() REPRESENTATION_CONTEXT('2D SPACE',''
  ) );
#3303 = PCURVE('',#3304,#3309);
#3304 = PLANE('',#3305);
#3305 = AXIS2_PLACEMENT_3D('',#3306,#3307,#3308);
#3306 = CARTESIAN_POINT('',(0.,4.,-44.));
#3307 = DIRECTION('',(0.,-1.,0.));
#3308 = DIRECTION('',(0.,0.,1.));
#3309 = DEFINITIONAL_REPRESENTATION('',(#3310),#3319);
#3310 = B_SPLINE_CURVE_WITH_KNOTS('',4,(#3311,#3312,#3313,#3314,#3315,
    #3316,#3317,#3318),.UNSPECIFIED.,.F.,.F.,(5,3,5),(0.,0.504846424826,
    1.),.UNSPECIFIED.);
#3311 = CARTESIAN_POINT('',(48.,64.770344092433));
#3312 = CARTESIAN_POINT('',(47.496066828016,64.810113374707));
#3313 = CARTESIAN_POINT('',(46.991607966965,64.843211234542));
#3314 = CARTESIAN_POINT('',(46.486755467333,64.869620456861));
#3315 = CARTESIAN_POINT('',(45.486227493591,64.908666071171));
#3316 = CARTESIAN_POINT('',(44.990561887633,64.921557164177));
#3317 = CARTESIAN_POINT('',(44.494771331396,64.927997716561));
#3318 = CARTESIAN_POINT('',(43.998981794433,64.927987781011));
#3319 = ( GEOMETRIC_REPRESENTATION_CONTEXT(2) 
PARAMETRIC_REPRESENTATION_CONTEXT() REPRESENTATION_CONTEXT('2D SPACE',''
  ) );
#3320 = ORIENTED_EDGE('',*,*,#3321,.F.);
#3321 = EDGE_CURVE('',#3322,#3279,#3324,.T.);
#3322 = VERTEX_POINT('',#3323);
#3323 = CARTESIAN_POINT('',(-64.77034409243,-4.,4.));
#3324 = SURFACE_CURVE('',#3325,(#3334,#3346),.PCURVE_S1.);
#3325 = B_SPLINE_CURVE_WITH_KNOTS('',4,(#3326,#3327,#3328,#3329,#3330,
    #3331,#3332,#3333),.UNSPECIFIED.,.F.,.F.,(5,3,5),(0.,0.500000000008,
    1.),.UNSPECIFIED.);
#3326 = CARTESIAN_POINT('',(-64.77034409243,-4.,4.));
#3327 = CARTESIAN_POINT('',(-64.80644215598,-3.000434544061,4.));
#3328 = CARTESIAN_POINT('',(-64.83050163468,-2.000434304197,4.));
#3329 = CARTESIAN_POINT('',(-64.84253137591,-1.000217178967,4.));
#3330 = CARTESIAN_POINT('',(-64.84253137591,1.000217179064,4.));
#3331 = CARTESIAN_POINT('',(-64.83050163468,2.000434304262,4.));
#3332 = CARTESIAN_POINT('',(-64.80644215598,3.000434544094,4.));
#3333 = CARTESIAN_POINT('',(-64.77034409243,4.,4.));
#3334 = PCURVE('',#248,#3335);
#3335 = DEFINITIONAL_REPRESENTATION('',(#3336),#3345);
#3336 = B_SPLINE_CURVE_WITH_KNOTS('',4,(#3337,#3338,#3339,#3340,#3341,
    #3342,#3343,#3344),.UNSPECIFIED.,.F.,.F.,(5,3,5),(0.,0.500000000008,
    1.),.UNSPECIFIED.);
#3337 = CARTESIAN_POINT('',(3.184397755894,7.626117686782E-02));
#3338 = CARTESIAN_POINT('',(3.173689209409,7.626117686782E-02));
#3339 = CARTESIAN_POINT('',(3.162987934279,7.626117686782E-02));
#3340 = CARTESIAN_POINT('',(3.15229029483,7.626117686782E-02));
#3341 = CARTESIAN_POINT('',(3.130895012349,7.626117686782E-02));
#3342 = CARTESIAN_POINT('',(3.1201973729,7.626117686782E-02));
#3343 = CARTESIAN_POINT('',(3.10949609777,7.626117686782E-02));
#3344 = CARTESIAN_POINT('',(3.098787551286,7.626117686782E-02));
#3345 = ( GEOMETRIC_REPRESENTATION_CONTEXT(2) 
PARAMETRIC_REPRESENTATION_CONTEXT() REPRESENTATION_CONTEXT('2D SPACE',''
  ) );
#3346 = PCURVE('',#3347,#3352);
#3347 = PLANE('',#3348);
#3348 = AXIS2_PLACEMENT_3D('',#3349,#3350,#3351);
#3349 = CARTESIAN_POINT('',(0.,4.,4.));
#3350 = DIRECTION('',(0.,0.,-1.));
#3351 = DIRECTION('',(0.,-1.,0.));
#3352 = DEFINITIONAL_REPRESENTATION('',(#3353),#3362);
#3353 = B_SPLINE_CURVE_WITH_KNOTS('',4,(#3354,#3355,#3356,#3357,#3358,
    #3359,#3360,#3361),.UNSPECIFIED.,.F.,.F.,(5,3,5),(0.,0.500000000008,
    1.),.UNSPECIFIED.);
#3354 = CARTESIAN_POINT('',(8.,64.770344092433));
#3355 = CARTESIAN_POINT('',(7.000434544061,64.806442155984));
#3356 = CARTESIAN_POINT('',(6.000434304197,64.830501634682));
#3357 = CARTESIAN_POINT('',(5.000217178967,64.842531375914));
#3358 = CARTESIAN_POINT('',(2.999782820936,64.842531375913));
#3359 = CARTESIAN_POINT('',(1.999565695738,64.830501634681));
#3360 = CARTESIAN_POINT('',(0.999565455906,64.806442155983));
#3361 = CARTESIAN_POINT('',(0.,64.770344092433));
#3362 = ( GEOMETRIC_REPRESENTATION_CONTEXT(2) 
PARAMETRIC_REPRESENTATION_CONTEXT() REPRESENTATION_CONTEXT('2D SPACE',''
  ) );
#3363 = ORIENTED_EDGE('',*,*,#3364,.F.);
#3364 = EDGE_CURVE('',#24,#3322,#3365,.T.);
#3365 = SURFACE_CURVE('',#3366,(#3375,#3387),.PCURVE_S1.);
#3366 = B_SPLINE_CURVE_WITH_KNOTS('',4,(#3367,#3368,#3369,#3370,#3371,
    #3372,#3373,#3374),.UNSPECIFIED.,.F.,.F.,(5,3,5),(0.,0.495550624411,
    1.),.UNSPECIFIED.);
#3367 = CARTESIAN_POINT('',(-64.92798778101,-4.,-1.018205567469E-03));
#3368 = CARTESIAN_POINT('',(-64.92799772452,-4.,0.495168890579));
#3369 = CARTESIAN_POINT('',(-64.92154683104,-4.,0.991357007717));
#3370 = CARTESIAN_POINT('',(-64.90863504775,-4.,1.487419872806));
#3371 = CARTESIAN_POINT('',(-64.86955813384,-4.,2.48794662866));
#3372 = CARTESIAN_POINT('',(-64.84315916902,-4.,2.992401455531));
#3373 = CARTESIAN_POINT('',(-64.81008209725,-4.,3.496463159012));
#3374 = CARTESIAN_POINT('',(-64.77034409243,-4.,4.));
#3375 = PCURVE('',#248,#3376);
#3376 = DEFINITIONAL_REPRESENTATION('',(#3377),#3386);
#3377 = B_SPLINE_CURVE_WITH_KNOTS('',4,(#3378,#3379,#3380,#3381,#3382,
    #3383,#3384,#3385),.UNSPECIFIED.,.F.,.F.,(5,3,5),(0.,0.495550624411,
    1.),.UNSPECIFIED.);
#3378 = CARTESIAN_POINT('',(3.184293939649,-1.96684850133E-05));
#3379 = CARTESIAN_POINT('',(3.184293933117,9.565048969336E-03));
#3380 = CARTESIAN_POINT('',(3.184298170986,1.9104501115E-02));
#3381 = CARTESIAN_POINT('',(3.18430665328,2.859882096967E-02));
#3382 = CARTESIAN_POINT('',(3.184332355173,4.766962731356E-02));
#3383 = CARTESIAN_POINT('',(3.184349728829,5.724440761148E-02));
#3384 = CARTESIAN_POINT('',(3.184371521657,6.677462713302E-02));
#3385 = CARTESIAN_POINT('',(3.184397754274,7.626117619814E-02));
#3386 = ( GEOMETRIC_REPRESENTATION_CONTEXT(2) 
PARAMETRIC_REPRESENTATION_CONTEXT() REPRESENTATION_CONTEXT('2D SPACE',''
  ) );
#3387 = PCURVE('',#3388,#3393);
#3388 = PLANE('',#3389);
#3389 = AXIS2_PLACEMENT_3D('',#3390,#3391,#3392);
#3390 = CARTESIAN_POINT('',(0.,-4.,4.));
#3391 = DIRECTION('',(-0.,1.,0.));
#3392 = DIRECTION('',(0.,0.,-1.));
#3393 = DEFINITIONAL_REPRESENTATION('',(#3394),#3403);
#3394 = B_SPLINE_CURVE_WITH_KNOTS('',4,(#3395,#3396,#3397,#3398,#3399,
    #3400,#3401,#3402),.UNSPECIFIED.,.F.,.F.,(5,3,5),(0.,0.495550624411,
    1.),.UNSPECIFIED.);
#3395 = CARTESIAN_POINT('',(4.001018205567,64.927987781011));
#3396 = CARTESIAN_POINT('',(3.504831109421,64.927997724528));
#3397 = CARTESIAN_POINT('',(3.008642992283,64.921546831044));
#3398 = CARTESIAN_POINT('',(2.512580127194,64.908635047753));
#3399 = CARTESIAN_POINT('',(1.51205337134,64.869558133849));
#3400 = CARTESIAN_POINT('',(1.007598544469,64.843159169028));
#3401 = CARTESIAN_POINT('',(0.503536840988,64.81008209725));
#3402 = CARTESIAN_POINT('',(0.,64.770344092433));
#3403 = ( GEOMETRIC_REPRESENTATION_CONTEXT(2) 
PARAMETRIC_REPRESENTATION_CONTEXT() REPRESENTATION_CONTEXT('2D SPACE',''
  ) );
#3404 = FACE_BOUND('',#3405,.T.);
#3405 = EDGE_LOOP('',(#3406,#3469,#3561,#3604,#3701,#3757));
#3406 = ORIENTED_EDGE('',*,*,#3407,.F.);
#3407 = EDGE_CURVE('',#3408,#3410,#3412,.T.);
#3408 = VERTEX_POINT('',#3409);
#3409 = CARTESIAN_POINT('',(-58.,-8.,25.386679830717));
#3410 = VERTEX_POINT('',#3411);
#3411 = CARTESIAN_POINT('',(-50.31340068613,-8.,36.));
#3412 = SURFACE_CURVE('',#3413,(#3428,#3446),.PCURVE_S1.);
#3413 = B_SPLINE_CURVE_WITH_KNOTS('',4,(#3414,#3415,#3416,#3417,#3418,
    #3419,#3420,#3421,#3422,#3423,#3424,#3425,#3426,#3427),
  .UNSPECIFIED.,.F.,.F.,(5,3,3,3,5),(0.,0.245398654929,0.493801633354,
    0.745429720921,1.),.UNSPECIFIED.);
#3414 = CARTESIAN_POINT('',(-58.,-8.,25.386679830717));
#3415 = CARTESIAN_POINT('',(-57.60667399606,-8.,26.089887714661));
#3416 = CARTESIAN_POINT('',(-57.19957334905,-8.,26.785392289425));
#3417 = CARTESIAN_POINT('',(-56.77904360012,-8.,27.47285520223));
#3418 = CARTESIAN_POINT('',(-55.90653852062,-8.,28.839409472046));
#3419 = CARTESIAN_POINT('',(-55.45424103855,-8.,29.518295291844));
#3420 = CARTESIAN_POINT('',(-54.98892664274,-8.,30.188320418604));
#3421 = CARTESIAN_POINT('',(-54.02682616511,-8.,31.518680903772));
#3422 = CARTESIAN_POINT('',(-53.5297097187,-8.,32.178777463039));
#3423 = CARTESIAN_POINT('',(-53.02002854611,-8.,32.82921486433));
#3424 = CARTESIAN_POINT('',(-51.97024263098,-8.,34.117765848584));
#3425 = CARTESIAN_POINT('',(-51.42985167036,-8.,34.755646325976));
#3426 = CARTESIAN_POINT('',(-50.87743156367,-8.,35.383130884564));
#3427 = CARTESIAN_POINT('',(-50.31340068613,-8.,36.));
#3428 = PCURVE('',#248,#3429);
#3429 = DEFINITIONAL_REPRESENTATION('',(#3430),#3445);
#3430 = B_SPLINE_CURVE_WITH_KNOTS('',4,(#3431,#3432,#3433,#3434,#3435,
    #3436,#3437,#3438,#3439,#3440,#3441,#3442,#3443,#3444),
  .UNSPECIFIED.,.F.,.F.,(5,3,3,3,5),(0.,0.245398654929,0.493801633354,
    0.745429720921,1.),.UNSPECIFIED.);
#3431 = CARTESIAN_POINT('',(3.236984831863,0.471499470086));
#3432 = CARTESIAN_POINT('',(3.23762816354,0.484775752477));
#3433 = CARTESIAN_POINT('',(3.23830556423,0.497985395058));
#3434 = CARTESIAN_POINT('',(3.239018744047,0.511131393098));
#3435 = CARTESIAN_POINT('',(3.240530128315,0.537462391244));
#3436 = CARTESIAN_POINT('',(3.241329270842,0.550645890411));
#3437 = CARTESIAN_POINT('',(3.242169478892,0.563770417715));
#3438 = CARTESIAN_POINT('',(3.243949057381,0.590077413749));
#3439 = CARTESIAN_POINT('',(3.244889579226,0.603258422562));
#3440 = CARTESIAN_POINT('',(3.245877976699,0.616385333688));
#3441 = CARTESIAN_POINT('',(3.247969968655,0.642690250344));
#3442 = CARTESIAN_POINT('',(3.249074782922,0.655867058043));
#3443 = CARTESIAN_POINT('',(3.250236102513,0.668995084149));
#3444 = CARTESIAN_POINT('',(3.251458735103,0.682077596946));
#3445 = ( GEOMETRIC_REPRESENTATION_CONTEXT(2) 
PARAMETRIC_REPRESENTATION_CONTEXT() REPRESENTATION_CONTEXT('2D SPACE',''
  ) );
#3446 = PCURVE('',#3447,#3452);
#3447 = PLANE('',#3448);
#3448 = AXIS2_PLACEMENT_3D('',#3449,#3450,#3451);
#3449 = CARTESIAN_POINT('',(17.,-8.,36.));
#3450 = DIRECTION('',(-0.,1.,0.));
#3451 = DIRECTION('',(0.,0.,-1.));
#3452 = DEFINITIONAL_REPRESENTATION('',(#3453),#3468);
#3453 = B_SPLINE_CURVE_WITH_KNOTS('',4,(#3454,#3455,#3456,#3457,#3458,
    #3459,#3460,#3461,#3462,#3463,#3464,#3465,#3466,#3467),
  .UNSPECIFIED.,.F.,.F.,(5,3,3,3,5),(0.,0.245398654929,0.493801633354,
    0.745429720921,1.),.UNSPECIFIED.);
#3454 = CARTESIAN_POINT('',(10.613320169283,75.));
#3455 = CARTESIAN_POINT('',(9.910112285339,74.606673996063));
#3456 = CARTESIAN_POINT('',(9.214607710575,74.19957334905));
#3457 = CARTESIAN_POINT('',(8.52714479777,73.779043600123));
#3458 = CARTESIAN_POINT('',(7.160590527954,72.906538520627));
#3459 = CARTESIAN_POINT('',(6.481704708156,72.454241038559));
#3460 = CARTESIAN_POINT('',(5.811679581396,71.988926642745));
#3461 = CARTESIAN_POINT('',(4.481319096228,71.026826165112));
#3462 = CARTESIAN_POINT('',(3.821222536961,70.529709718708));
#3463 = CARTESIAN_POINT('',(3.17078513567,70.020028546114));
#3464 = CARTESIAN_POINT('',(1.882234151416,68.970242630985));
#3465 = CARTESIAN_POINT('',(1.244353674024,68.429851670365));
#3466 = CARTESIAN_POINT('',(0.616869115436,67.877431563671));
#3467 = CARTESIAN_POINT('',(0.,67.313400686135));
#3468 = ( GEOMETRIC_REPRESENTATION_CONTEXT(2) 
PARAMETRIC_REPRESENTATION_CONTEXT() REPRESENTATION_CONTEXT('2D SPACE',''
  ) );
#3469 = ORIENTED_EDGE('',*,*,#3470,.F.);
#3470 = EDGE_CURVE('',#3471,#3408,#3473,.T.);
#3471 = VERTEX_POINT('',#3472);
#3472 = CARTESIAN_POINT('',(-64.07643791136,-8.,8.));
#3473 = SURFACE_CURVE('',#3474,(#3501,#3531),.PCURVE_S1.);
#3474 = B_SPLINE_CURVE_WITH_KNOTS('',4,(#3475,#3476,#3477,#3478,#3479,
    #3480,#3481,#3482,#3483,#3484,#3485,#3486,#3487,#3488,#3489,#3490,
    #3491,#3492,#3493,#3494,#3495,#3496,#3497,#3498,#3499,#3500),
  .UNSPECIFIED.,.F.,.F.,(5,3,3,3,3,3,3,3,5),(0.,0.116040853771,
    0.234921818101,0.356457042372,0.480287964018,0.606909482301,
    0.735597412039,0.86679913917,1.),.UNSPECIFIED.);
#3475 = CARTESIAN_POINT('',(-64.07643791136,-8.,8.));
#3476 = CARTESIAN_POINT('',(-63.93179526336,-8.,8.906595826536));
#3477 = CARTESIAN_POINT('',(-63.76541464086,-8.,9.809726244913));
#3478 = CARTESIAN_POINT('',(-63.5775011766,-8.,10.70862076487));
#3479 = CARTESIAN_POINT('',(-63.15406700787,-8.,12.518351289512));
#3480 = CARTESIAN_POINT('',(-62.91749326404,-8.,13.428941690453));
#3481 = CARTESIAN_POINT('',(-62.65893312685,-8.,14.333530136986));
#3482 = CARTESIAN_POINT('',(-62.09236825306,-8.,16.14928062605));
#3483 = CARTESIAN_POINT('',(-61.78338791735,-8.,17.060139016258));
#3484 = CARTESIAN_POINT('',(-61.45225571002,-8.,17.963173070849));
#3485 = CARTESIAN_POINT('',(-60.74000805162,-8.,19.769055458762));
#3486 = CARTESIAN_POINT('',(-60.35806597786,-8.,20.671578469643));
#3487 = CARTESIAN_POINT('',(-59.95415823699,-8.,21.564477711694));
#3488 = CARTESIAN_POINT('',(-59.09399297784,-8.,23.349562046253));
#3489 = CARTESIAN_POINT('',(-58.63676016769,-8.,24.241277822477));
#3490 = CARTESIAN_POINT('',(-58.15779226301,-8.,25.121497792969));
#3491 = CARTESIAN_POINT('',(-57.14957017672,-8.,26.871842501267));
#3492 = CARTESIAN_POINT('',(-56.61962221778,-8.,27.741568132987));
#3493 = CARTESIAN_POINT('',(-56.06862275862,-8.,28.598097354969));
#3494 = CARTESIAN_POINT('',(-54.9148378951,-8.,30.300080639174));
#3495 = CARTESIAN_POINT('',(-54.31125050317,-8.,31.144991433681));
#3496 = CARTESIAN_POINT('',(-53.68733048266,-8.,31.974984030732));
#3497 = CARTESIAN_POINT('',(-52.39062076601,-8.,33.616524415161));
#3498 = CARTESIAN_POINT('',(-51.71723072731,-8.,34.427598225311));
#3499 = CARTESIAN_POINT('',(-51.02454431726,-8.,35.222236653787));
#3500 = CARTESIAN_POINT('',(-50.31340068613,-8.,36.));
#3501 = PCURVE('',#248,#3502);
#3502 = DEFINITIONAL_REPRESENTATION('',(#3503),#3530);
#3503 = B_SPLINE_CURVE_WITH_KNOTS('',4,(#3504,#3505,#3506,#3507,#3508,
    #3509,#3510,#3511,#3512,#3513,#3514,#3515,#3516,#3517,#3518,#3519,
    #3520,#3521,#3522,#3523,#3524,#3525,#3526,#3527,#3528,#3529),
  .UNSPECIFIED.,.F.,.F.,(5,3,3,3,3,3,3,3,5),(0.,0.116040853771,
    0.234921818101,0.356457042372,0.480287964018,0.606909482301,
    0.735597412039,0.86679913917,1.),.UNSPECIFIED.);
#3504 = CARTESIAN_POINT('',(3.227981761694,0.150920233524));
#3505 = CARTESIAN_POINT('',(3.228175888984,0.167705147914));
#3506 = CARTESIAN_POINT('',(3.22840035158,0.184356730741));
#3507 = CARTESIAN_POINT('',(3.228655674157,0.200879916205));
#3508 = CARTESIAN_POINT('',(3.229236655214,0.234080392345));
#3509 = CARTESIAN_POINT('',(3.229563884123,0.250751562194));
#3510 = CARTESIAN_POINT('',(3.229925195273,0.267298092549));
#3511 = CARTESIAN_POINT('',(3.230727243446,0.300518610565));
#3512 = CARTESIAN_POINT('',(3.23116957622,0.317187200984));
#3513 = CARTESIAN_POINT('',(3.231650073827,0.333736074062));
#3514 = CARTESIAN_POINT('',(3.232700702827,0.366915297576));
#3515 = CARTESIAN_POINT('',(3.233272359776,0.383541286897));
#3516 = CARTESIAN_POINT('',(3.233887278481,0.400053986581));
#3517 = CARTESIAN_POINT('',(3.235223402763,0.433233467829));
#3518 = CARTESIAN_POINT('',(3.235946697343,0.449895339161));
#3519 = CARTESIAN_POINT('',(3.236720382029,0.466450364435));
#3520 = CARTESIAN_POINT('',(3.238388920442,0.499626881391));
#3521 = CARTESIAN_POINT('',(3.239285554913,0.516245050998));
#3522 = CARTESIAN_POINT('',(3.240241407499,0.532764984925));
#3523 = CARTESIAN_POINT('',(3.242301034399,0.565941405461));
#3524 = CARTESIAN_POINT('',(3.24340734835,0.582594256936));
#3525 = CARTESIAN_POINT('',(3.244585255334,0.599157730121));
#3526 = CARTESIAN_POINT('',(3.247116939585,0.632369754021));
#3527 = CARTESIAN_POINT('',(3.248473146886,0.649015754964));
#3528 = CARTESIAN_POINT('',(3.249917210669,0.665582851666));
#3529 = CARTESIAN_POINT('',(3.251458735103,0.682077596946));
#3530 = ( GEOMETRIC_REPRESENTATION_CONTEXT(2) 
PARAMETRIC_REPRESENTATION_CONTEXT() REPRESENTATION_CONTEXT('2D SPACE',''
  ) );
#3531 = PCURVE('',#3447,#3532);
#3532 = DEFINITIONAL_REPRESENTATION('',(#3533),#3560);
#3533 = B_SPLINE_CURVE_WITH_KNOTS('',4,(#3534,#3535,#3536,#3537,#3538,
    #3539,#3540,#3541,#3542,#3543,#3544,#3545,#3546,#3547,#3548,#3549,
    #3550,#3551,#3552,#3553,#3554,#3555,#3556,#3557,#3558,#3559),
  .UNSPECIFIED.,.F.,.F.,(5,3,3,3,3,3,3,3,5),(0.,0.116040853771,
    0.234921818101,0.356457042372,0.480287964018,0.606909482301,
    0.735597412039,0.86679913917,1.),.UNSPECIFIED.);
#3534 = CARTESIAN_POINT('',(28.,81.076437911364));
#3535 = CARTESIAN_POINT('',(27.093404173464,80.93179526336));
#3536 = CARTESIAN_POINT('',(26.190273755087,80.765414640869));
#3537 = CARTESIAN_POINT('',(25.29137923513,80.577501176609));
#3538 = CARTESIAN_POINT('',(23.481648710488,80.154067007872));
#3539 = CARTESIAN_POINT('',(22.571058309547,79.917493264049));
#3540 = CARTESIAN_POINT('',(21.666469863014,79.658933126854));
#3541 = CARTESIAN_POINT('',(19.85071937395,79.092368253069));
#3542 = CARTESIAN_POINT('',(18.939860983742,78.783387917359));
#3543 = CARTESIAN_POINT('',(18.036826929151,78.452255710024));
#3544 = CARTESIAN_POINT('',(16.230944541238,77.740008051625));
#3545 = CARTESIAN_POINT('',(15.328421530357,77.358065977865));
#3546 = CARTESIAN_POINT('',(14.435522288306,76.954158236996));
#3547 = CARTESIAN_POINT('',(12.650437953747,76.09399297784));
#3548 = CARTESIAN_POINT('',(11.758722177523,75.636760167695));
#3549 = CARTESIAN_POINT('',(10.878502207031,75.157792263017));
#3550 = CARTESIAN_POINT('',(9.128157498733,74.149570176728));
#3551 = CARTESIAN_POINT('',(8.258431867013,73.619622217785));
#3552 = CARTESIAN_POINT('',(7.401902645031,73.068622758622));
#3553 = CARTESIAN_POINT('',(5.699919360826,71.914837895105));
#3554 = CARTESIAN_POINT('',(4.855008566319,71.311250503174));
#3555 = CARTESIAN_POINT('',(4.025015969268,70.687330482668));
#3556 = CARTESIAN_POINT('',(2.383475584839,69.390620766015));
#3557 = CARTESIAN_POINT('',(1.572401774689,68.717230727311));
#3558 = CARTESIAN_POINT('',(0.777763346213,68.02454431726));
#3559 = CARTESIAN_POINT('',(0.,67.313400686135));
#3560 = ( GEOMETRIC_REPRESENTATION_CONTEXT(2) 
PARAMETRIC_REPRESENTATION_CONTEXT() REPRESENTATION_CONTEXT('2D SPACE',''
  ) );
#3561 = ORIENTED_EDGE('',*,*,#3562,.T.);
#3562 = EDGE_CURVE('',#3471,#3563,#3565,.T.);
#3563 = VERTEX_POINT('',#3564);
#3564 = CARTESIAN_POINT('',(-64.07643791136,8.,8.));
#3565 = SURFACE_CURVE('',#3566,(#3575,#3587),.PCURVE_S1.);
#3566 = B_SPLINE_CURVE_WITH_KNOTS('',4,(#3567,#3568,#3569,#3570,#3571,
    #3572,#3573,#3574),.UNSPECIFIED.,.F.,.F.,(5,3,5),(0.,0.500000000004,
    1.),.UNSPECIFIED.);
#3567 = CARTESIAN_POINT('',(-64.07643791136,-8.,8.));
#3568 = CARTESIAN_POINT('',(-64.22219845799,-6.003545297087,8.));
#3569 = CARTESIAN_POINT('',(-64.31927561209,-4.003537358918,8.));
#3570 = CARTESIAN_POINT('',(-64.36781416939,-2.001769568215,8.));
#3571 = CARTESIAN_POINT('',(-64.36781416938,2.001769568311,8.));
#3572 = CARTESIAN_POINT('',(-64.31927561208,4.003537358982,8.));
#3573 = CARTESIAN_POINT('',(-64.22219845799,6.003545297119,8.));
#3574 = CARTESIAN_POINT('',(-64.07643791136,8.,8.));
#3575 = PCURVE('',#248,#3576);
#3576 = DEFINITIONAL_REPRESENTATION('',(#3577),#3586);
#3577 = B_SPLINE_CURVE_WITH_KNOTS('',4,(#3578,#3579,#3580,#3581,#3582,
    #3583,#3584,#3585),.UNSPECIFIED.,.F.,.F.,(5,3,5),(0.,0.500000000004,
    1.),.UNSPECIFIED.);
#3578 = CARTESIAN_POINT('',(3.227981769209,0.150920234086));
#3579 = CARTESIAN_POINT('',(3.206324740899,0.150920234086));
#3580 = CARTESIAN_POINT('',(3.184727575565,0.150920234086));
#3581 = CARTESIAN_POINT('',(3.163160113618,0.150920234086));
#3582 = CARTESIAN_POINT('',(3.120025193561,0.150920234086));
#3583 = CARTESIAN_POINT('',(3.098457731614,0.150920234086));
#3584 = CARTESIAN_POINT('',(3.07686056628,0.150920234086));
#3585 = CARTESIAN_POINT('',(3.055203537971,0.150920234086));
#3586 = ( GEOMETRIC_REPRESENTATION_CONTEXT(2) 
PARAMETRIC_REPRESENTATION_CONTEXT() REPRESENTATION_CONTEXT('2D SPACE',''
  ) );
#3587 = PCURVE('',#3588,#3593);
#3588 = PLANE('',#3589);
#3589 = AXIS2_PLACEMENT_3D('',#3590,#3591,#3592);
#3590 = CARTESIAN_POINT('',(-17.,-8.,8.));
#3591 = DIRECTION('',(0.,0.,1.));
#3592 = DIRECTION('',(0.,1.,0.));
#3593 = DEFINITIONAL_REPRESENTATION('',(#3594),#3603);
#3594 = B_SPLINE_CURVE_WITH_KNOTS('',4,(#3595,#3596,#3597,#3598,#3599,
    #3600,#3601,#3602),.UNSPECIFIED.,.F.,.F.,(5,3,5),(0.,0.500000000004,
    1.),.UNSPECIFIED.);
#3595 = CARTESIAN_POINT('',(0.,47.076437911364));
#3596 = CARTESIAN_POINT('',(1.996454702913,47.222198457999));
#3597 = CARTESIAN_POINT('',(3.996462641082,47.319275612092));
#3598 = CARTESIAN_POINT('',(5.998230431785,47.367814169392));
#3599 = CARTESIAN_POINT('',(10.001769568311,47.367814169389));
#3600 = CARTESIAN_POINT('',(12.003537358982,47.319275612089));
#3601 = CARTESIAN_POINT('',(14.003545297119,47.222198457997));
#3602 = CARTESIAN_POINT('',(16.,47.076437911364));
#3603 = ( GEOMETRIC_REPRESENTATION_CONTEXT(2) 
PARAMETRIC_REPRESENTATION_CONTEXT() REPRESENTATION_CONTEXT('2D SPACE',''
  ) );
#3604 = ORIENTED_EDGE('',*,*,#3605,.F.);
#3605 = EDGE_CURVE('',#3606,#3563,#3608,.T.);
#3606 = VERTEX_POINT('',#3607);
#3607 = CARTESIAN_POINT('',(-58.,8.,25.386679830717));
#3608 = SURFACE_CURVE('',#3609,(#3636,#3666),.PCURVE_S1.);
#3609 = B_SPLINE_CURVE_WITH_KNOTS('',4,(#3610,#3611,#3612,#3613,#3614,
    #3615,#3616,#3617,#3618,#3619,#3620,#3621,#3622,#3623,#3624,#3625,
    #3626,#3627,#3628,#3629,#3630,#3631,#3632,#3633,#3634,#3635),
  .UNSPECIFIED.,.F.,.F.,(5,3,3,3,3,3,3,3,5),(0.,0.133555312243,
    0.264751661839,0.393735820546,0.520048731535,0.644163294902,
    0.765401132363,0.884274944657,1.),.UNSPECIFIED.);
#3610 = CARTESIAN_POINT('',(-50.31340068613,8.,36.));
#3611 = CARTESIAN_POINT('',(-51.02643669148,8.,35.22016700335));
#3612 = CARTESIAN_POINT('',(-51.72091711619,8.,34.423368994195));
#3613 = CARTESIAN_POINT('',(-52.39599608615,8.,33.610049191001));
#3614 = CARTESIAN_POINT('',(-53.69409827815,8.,31.96608928656));
#3615 = CARTESIAN_POINT('',(-54.31783089398,8.,31.136009074012));
#3616 = CARTESIAN_POINT('',(-54.9212282931,8.,30.29101487596));
#3617 = CARTESIAN_POINT('',(-56.07597015481,8.,28.586900334969));
#3618 = CARTESIAN_POINT('',(-56.62802139094,8.,27.728258515195));
#3619 = CARTESIAN_POINT('',(-57.15891843434,8.,26.856364158533));
#3620 = CARTESIAN_POINT('',(-58.16644223655,8.,25.105730465721));
#3621 = CARTESIAN_POINT('',(-58.6439658886,8.,24.227506774799));
#3622 = CARTESIAN_POINT('',(-59.09985530608,8.,23.337848602079));
#3623 = CARTESIAN_POINT('',(-59.95958205658,8.,21.55277229867));
#3624 = CARTESIAN_POINT('',(-60.36418787464,8.,20.657723660755));
#3625 = CARTESIAN_POINT('',(-60.74672290836,8.,19.753012604061));
#3626 = CARTESIAN_POINT('',(-61.45826102513,8.,17.946967476266));
#3627 = CARTESIAN_POINT('',(-61.78829996902,8.,17.046040790042));
#3628 = CARTESIAN_POINT('',(-62.09629187254,8.,16.137333899646));
#3629 = CARTESIAN_POINT('',(-62.66178358513,8.,14.323772601888));
#3630 = CARTESIAN_POINT('',(-62.92015135394,8.,13.419188087486));
#3631 = CARTESIAN_POINT('',(-63.15653348133,8.,12.50860643912));
#3632 = CARTESIAN_POINT('',(-63.57903488399,8.,10.701281803134));
#3633 = CARTESIAN_POINT('',(-63.76632007161,8.,9.804810583239));
#3634 = CARTESIAN_POINT('',(-63.93218889984,8.,8.904128578712));
#3635 = CARTESIAN_POINT('',(-64.07643791136,8.,8.));
#3636 = PCURVE('',#248,#3637);
#3637 = DEFINITIONAL_REPRESENTATION('',(#3638),#3665);
#3638 = B_SPLINE_CURVE_WITH_KNOTS('',4,(#3639,#3640,#3641,#3642,#3643,
    #3644,#3645,#3646,#3647,#3648,#3649,#3650,#3651,#3652,#3653,#3654,
    #3655,#3656,#3657,#3658,#3659,#3660,#3661,#3662,#3663,#3664),
  .UNSPECIFIED.,.F.,.F.,(5,3,3,3,3,3,3,3,5),(0.,0.133555312243,
    0.264751661839,0.393735820546,0.520048731535,0.644163294902,
    0.765401132363,0.884274944657,1.),.UNSPECIFIED.);
#3639 = CARTESIAN_POINT('',(3.03172657186,0.682077597419));
#3640 = CARTESIAN_POINT('',(3.03327219834,0.665538959145));
#3641 = CARTESIAN_POINT('',(3.034719845376,0.648927582805));
#3642 = CARTESIAN_POINT('',(3.036079192337,0.632236865842));
#3643 = CARTESIAN_POINT('',(3.038612937549,0.598979636236));
#3644 = CARTESIAN_POINT('',(3.039790201311,0.582416138024));
#3645 = CARTESIAN_POINT('',(3.040895909124,0.565763234536));
#3646 = CARTESIAN_POINT('',(3.042956788169,0.532548168372));
#3647 = CARTESIAN_POINT('',(3.043914197713,0.515989209257));
#3648 = CARTESIAN_POINT('',(3.044812149705,0.499331514476));
#3649 = CARTESIAN_POINT('',(3.046478948225,0.466153490901));
#3650 = CARTESIAN_POINT('',(3.047250092403,0.449637459548));
#3651 = CARTESIAN_POINT('',(3.04797111384,0.43301505715));
#3652 = CARTESIAN_POINT('',(3.049306351136,0.399837104715));
#3653 = CARTESIAN_POINT('',(3.049922213244,0.383285422757));
#3654 = CARTESIAN_POINT('',(3.050494632296,0.366619888847));
#3655 = CARTESIAN_POINT('',(3.051543969195,0.333438984461));
#3656 = CARTESIAN_POINT('',(3.052022796784,0.316929082258));
#3657 = CARTESIAN_POINT('',(3.052463657088,0.300300006957));
#3658 = CARTESIAN_POINT('',(3.05326410851,0.267119600144));
#3659 = CARTESIAN_POINT('',(3.053625119078,0.250573070139));
#3660 = CARTESIAN_POINT('',(3.053952056979,0.233901888522));
#3661 = CARTESIAN_POINT('',(3.054531716867,0.200745012659));
#3662 = CARTESIAN_POINT('',(3.054786177066,0.18426609702));
#3663 = CARTESIAN_POINT('',(3.055009946534,0.167659468818));
#3664 = CARTESIAN_POINT('',(3.055203545518,0.150920233597));
#3665 = ( GEOMETRIC_REPRESENTATION_CONTEXT(2) 
PARAMETRIC_REPRESENTATION_CONTEXT() REPRESENTATION_CONTEXT('2D SPACE',''
  ) );
#3666 = PCURVE('',#3667,#3672);
#3667 = PLANE('',#3668);
#3668 = AXIS2_PLACEMENT_3D('',#3669,#3670,#3671);
#3669 = CARTESIAN_POINT('',(17.,8.,8.));
#3670 = DIRECTION('',(0.,-1.,0.));
#3671 = DIRECTION('',(0.,0.,1.));
#3672 = DEFINITIONAL_REPRESENTATION('',(#3673),#3700);
#3673 = B_SPLINE_CURVE_WITH_KNOTS('',4,(#3674,#3675,#3676,#3677,#3678,
    #3679,#3680,#3681,#3682,#3683,#3684,#3685,#3686,#3687,#3688,#3689,
    #3690,#3691,#3692,#3693,#3694,#3695,#3696,#3697,#3698,#3699),
  .UNSPECIFIED.,.F.,.F.,(5,3,3,3,3,3,3,3,5),(0.,0.133555312243,
    0.264751661839,0.393735820546,0.520048731535,0.644163294902,
    0.765401132363,0.884274944657,1.),.UNSPECIFIED.);
#3674 = CARTESIAN_POINT('',(28.,67.313400686135));
#3675 = CARTESIAN_POINT('',(27.22016700335,68.026436691482));
#3676 = CARTESIAN_POINT('',(26.423368994195,68.720917116193));
#3677 = CARTESIAN_POINT('',(25.610049191001,69.395996086156));
#3678 = CARTESIAN_POINT('',(23.96608928656,70.694098278154));
#3679 = CARTESIAN_POINT('',(23.136009074012,71.317830893988));
#3680 = CARTESIAN_POINT('',(22.29101487596,71.921228293104));
#3681 = CARTESIAN_POINT('',(20.586900334969,73.075970154814));
#3682 = CARTESIAN_POINT('',(19.728258515195,73.628021390942));
#3683 = CARTESIAN_POINT('',(18.856364158533,74.158918434344));
#3684 = CARTESIAN_POINT('',(17.105730465721,75.166442236557));
#3685 = CARTESIAN_POINT('',(16.227506774799,75.643965888608));
#3686 = CARTESIAN_POINT('',(15.337848602079,76.099855306083));
#3687 = CARTESIAN_POINT('',(13.55277229867,76.959582056589));
#3688 = CARTESIAN_POINT('',(12.657723660755,77.364187874641));
#3689 = CARTESIAN_POINT('',(11.753012604061,77.746722908365));
#3690 = CARTESIAN_POINT('',(9.946967476266,78.458261025138));
#3691 = CARTESIAN_POINT('',(9.046040790042,78.78829996902));
#3692 = CARTESIAN_POINT('',(8.137333899646,79.096291872548));
#3693 = CARTESIAN_POINT('',(6.323772601888,79.661783585139));
#3694 = CARTESIAN_POINT('',(5.419188087486,79.92015135394));
#3695 = CARTESIAN_POINT('',(4.50860643912,80.156533481338));
#3696 = CARTESIAN_POINT('',(2.701281803134,80.579034883993));
#3697 = CARTESIAN_POINT('',(1.804810583239,80.766320071614));
#3698 = CARTESIAN_POINT('',(0.904128578712,80.932188899844));
#3699 = CARTESIAN_POINT('',(0.,81.076437911364));
#3700 = ( GEOMETRIC_REPRESENTATION_CONTEXT(2) 
PARAMETRIC_REPRESENTATION_CONTEXT() REPRESENTATION_CONTEXT('2D SPACE',''
  ) );
#3701 = ORIENTED_EDGE('',*,*,#3702,.F.);
#3702 = EDGE_CURVE('',#3703,#3606,#3705,.T.);
#3703 = VERTEX_POINT('',#3704);
#3704 = CARTESIAN_POINT('',(-50.31340068613,8.,36.));
#3705 = SURFACE_CURVE('',#3706,(#3721,#3739),.PCURVE_S1.);
#3706 = B_SPLINE_CURVE_WITH_KNOTS('',4,(#3707,#3708,#3709,#3710,#3711,
    #3712,#3713,#3714,#3715,#3716,#3717,#3718,#3719,#3720),
  .UNSPECIFIED.,.F.,.F.,(5,3,3,3,5),(0.,0.25542686819,0.507045099625,
    0.755437235348,1.),.UNSPECIFIED.);
#3707 = CARTESIAN_POINT('',(-50.31340068613,8.,36.));
#3708 = CARTESIAN_POINT('',(-50.87932943945,8.,35.381055217009));
#3709 = CARTESIAN_POINT('',(-51.43356915374,8.,34.751423431465));
#3710 = CARTESIAN_POINT('',(-51.97569721444,8.,34.111326391259));
#3711 = CARTESIAN_POINT('',(-53.02698884869,8.,32.820416158462));
#3712 = CARTESIAN_POINT('',(-53.536523584,8.,32.169905149167));
#3713 = CARTESIAN_POINT('',(-54.03349185622,8.,31.509737539967));
#3714 = CARTESIAN_POINT('',(-54.99529243567,8.,30.179244104336));
#3715 = CARTESIAN_POINT('',(-55.46045526317,8.,29.509157091125));
#3716 = CARTESIAN_POINT('',(-55.91259974236,8.,28.830212145002));
#3717 = CARTESIAN_POINT('',(-56.78334042604,8.,27.4658299009));
#3718 = CARTESIAN_POINT('',(-57.20234656684,8.,26.780654068779));
#3719 = CARTESIAN_POINT('',(-57.60801376479,8.,26.087492409678));
#3720 = CARTESIAN_POINT('',(-58.,8.,25.386679830717));
#3721 = PCURVE('',#248,#3722);
#3722 = DEFINITIONAL_REPRESENTATION('',(#3723),#3738);
#3723 = B_SPLINE_CURVE_WITH_KNOTS('',4,(#3724,#3725,#3726,#3727,#3728,
    #3729,#3730,#3731,#3732,#3733,#3734,#3735,#3736,#3737),
  .UNSPECIFIED.,.F.,.F.,(5,3,3,3,5),(0.,0.25542686819,0.507045099625,
    0.755437235348,1.),.UNSPECIFIED.);
#3724 = CARTESIAN_POINT('',(3.03172657186,0.682077597419));
#3725 = CARTESIAN_POINT('',(3.03295331842,0.668951064018));
#3726 = CARTESIAN_POINT('',(3.034118339194,0.655778709439));
#3727 = CARTESIAN_POINT('',(3.03522648914,0.642557234998));
#3728 = CARTESIAN_POINT('',(3.037320920419,0.616207269658));
#3729 = CARTESIAN_POINT('',(3.038308780097,0.603080333023));
#3730 = CARTESIAN_POINT('',(3.039248789758,0.589899281176));
#3731 = CARTESIAN_POINT('',(3.041027392274,0.563592223935));
#3732 = CARTESIAN_POINT('',(3.041867136334,0.550467679399));
#3733 = CARTESIAN_POINT('',(3.042665835197,0.537284147033));
#3734 = CARTESIAN_POINT('',(3.044173849685,0.510997054946));
#3735 = CARTESIAN_POINT('',(3.044884357378,0.497895403927));
#3736 = CARTESIAN_POINT('',(3.045559334985,0.484730529798));
#3737 = CARTESIAN_POINT('',(3.04620047531,0.471499469804));
#3738 = ( GEOMETRIC_REPRESENTATION_CONTEXT(2) 
PARAMETRIC_REPRESENTATION_CONTEXT() REPRESENTATION_CONTEXT('2D SPACE',''
  ) );
#3739 = PCURVE('',#3667,#3740);
#3740 = DEFINITIONAL_REPRESENTATION('',(#3741),#3756);
#3741 = B_SPLINE_CURVE_WITH_KNOTS('',4,(#3742,#3743,#3744,#3745,#3746,
    #3747,#3748,#3749,#3750,#3751,#3752,#3753,#3754,#3755),
  .UNSPECIFIED.,.F.,.F.,(5,3,3,3,5),(0.,0.25542686819,0.507045099625,
    0.755437235348,1.),.UNSPECIFIED.);
#3742 = CARTESIAN_POINT('',(28.,67.313400686135));
#3743 = CARTESIAN_POINT('',(27.381055217009,67.879329439458));
#3744 = CARTESIAN_POINT('',(26.751423431465,68.433569153743));
#3745 = CARTESIAN_POINT('',(26.111326391259,68.975697214445));
#3746 = CARTESIAN_POINT('',(24.820416158462,70.026988848696));
#3747 = CARTESIAN_POINT('',(24.169905149167,70.536523584));
#3748 = CARTESIAN_POINT('',(23.509737539967,71.033491856227));
#3749 = CARTESIAN_POINT('',(22.179244104336,71.995292435677));
#3750 = CARTESIAN_POINT('',(21.509157091125,72.46045526317));
#3751 = CARTESIAN_POINT('',(20.830212145002,72.912599742367));
#3752 = CARTESIAN_POINT('',(19.4658299009,73.783340426041));
#3753 = CARTESIAN_POINT('',(18.780654068779,74.202346566844));
#3754 = CARTESIAN_POINT('',(18.087492409678,74.608013764799));
#3755 = CARTESIAN_POINT('',(17.386679830717,75.));
#3756 = ( GEOMETRIC_REPRESENTATION_CONTEXT(2) 
PARAMETRIC_REPRESENTATION_CONTEXT() REPRESENTATION_CONTEXT('2D SPACE',''
  ) );
#3757 = ORIENTED_EDGE('',*,*,#3758,.F.);
#3758 = EDGE_CURVE('',#3410,#3703,#3759,.T.);
#3759 = SURFACE_CURVE('',#3760,(#3769,#3781),.PCURVE_S1.);
#3760 = B_SPLINE_CURVE_WITH_KNOTS('',4,(#3761,#3762,#3763,#3764,#3765,
    #3766,#3767,#3768),.UNSPECIFIED.,.F.,.F.,(5,3,5),(0.,0.500000000003,
    1.),.UNSPECIFIED.);
#3761 = CARTESIAN_POINT('',(-50.31340068613,-8.,36.));
#3762 = CARTESIAN_POINT('',(-50.49882922698,-6.005741806352,36.));
#3763 = CARTESIAN_POINT('',(-50.62225043921,-4.005721067483,36.));
#3764 = CARTESIAN_POINT('',(-50.68396091605,-2.002862856618,36.));
#3765 = CARTESIAN_POINT('',(-50.68396091605,2.002862856694,36.));
#3766 = CARTESIAN_POINT('',(-50.62225043921,4.005721067534,36.));
#3767 = CARTESIAN_POINT('',(-50.49882922698,6.005741806377,36.));
#3768 = CARTESIAN_POINT('',(-50.31340068613,8.,36.));
#3769 = PCURVE('',#248,#3770);
#3770 = DEFINITIONAL_REPRESENTATION('',(#3771),#3780);
#3771 = B_SPLINE_CURVE_WITH_KNOTS('',4,(#3772,#3773,#3774,#3775,#3776,
    #3777,#3778,#3779),.UNSPECIFIED.,.F.,.F.,(5,3,5),(0.,0.500000000003,
    1.),.UNSPECIFIED.);
#3772 = CARTESIAN_POINT('',(3.251458739766,0.68207759659));
#3773 = CARTESIAN_POINT('',(3.22386936185,0.68207759659));
#3774 = CARTESIAN_POINT('',(3.196403259244,0.68207759659));
#3775 = CARTESIAN_POINT('',(3.168997940039,0.68207759659));
#3776 = CARTESIAN_POINT('',(3.114187367139,0.68207759659));
#3777 = CARTESIAN_POINT('',(3.086782047935,0.68207759659));
#3778 = CARTESIAN_POINT('',(3.059315945329,0.68207759659));
#3779 = CARTESIAN_POINT('',(3.031726567414,0.68207759659));
#3780 = ( GEOMETRIC_REPRESENTATION_CONTEXT(2) 
PARAMETRIC_REPRESENTATION_CONTEXT() REPRESENTATION_CONTEXT('2D SPACE',''
  ) );
#3781 = PCURVE('',#3782,#3787);
#3782 = PLANE('',#3783);
#3783 = AXIS2_PLACEMENT_3D('',#3784,#3785,#3786);
#3784 = CARTESIAN_POINT('',(17.,8.,36.));
#3785 = DIRECTION('',(0.,0.,-1.));
#3786 = DIRECTION('',(0.,-1.,0.));
#3787 = DEFINITIONAL_REPRESENTATION('',(#3788),#3797);
#3788 = B_SPLINE_CURVE_WITH_KNOTS('',4,(#3789,#3790,#3791,#3792,#3793,
    #3794,#3795,#3796),.UNSPECIFIED.,.F.,.F.,(5,3,5),(0.,0.500000000003,
    1.),.UNSPECIFIED.);
#3789 = CARTESIAN_POINT('',(16.,67.313400686135));
#3790 = CARTESIAN_POINT('',(14.005741806352,67.498829226986));
#3791 = CARTESIAN_POINT('',(12.005721067483,67.622250439213));
#3792 = CARTESIAN_POINT('',(10.002862856618,67.683960916053));
#3793 = CARTESIAN_POINT('',(5.997137143306,67.683960916051));
#3794 = CARTESIAN_POINT('',(3.994278932466,67.62225043921));
#3795 = CARTESIAN_POINT('',(1.994258193623,67.498829226983));
#3796 = CARTESIAN_POINT('',(0.,67.313400686135));
#3797 = ( GEOMETRIC_REPRESENTATION_CONTEXT(2) 
PARAMETRIC_REPRESENTATION_CONTEXT() REPRESENTATION_CONTEXT('2D SPACE',''
  ) );
#3798 = ADVANCED_FACE('',(#3799),#507,.F.);
#3799 = FACE_BOUND('',#3800,.F.);
#3800 = EDGE_LOOP('',(#3801,#3802,#3823,#4419));
#3801 = ORIENTED_EDGE('',*,*,#21,.F.);
#3802 = ORIENTED_EDGE('',*,*,#3803,.T.);
#3803 = EDGE_CURVE('',#22,#3804,#3806,.T.);
#3804 = VERTEX_POINT('',#3805);
#3805 = CARTESIAN_POINT('',(61.926190423595,-4.,0.));
#3806 = SURFACE_CURVE('',#3807,(#3811,#3817),.PCURVE_S1.);
#3807 = LINE('',#3808,#3809);
#3808 = CARTESIAN_POINT('',(0.,-4.,0.));
#3809 = VECTOR('',#3810,1.);
#3810 = DIRECTION('',(-1.,-0.,0.));
#3811 = PCURVE('',#507,#3812);
#3812 = DEFINITIONAL_REPRESENTATION('',(#3813),#3816);
#3813 = B_SPLINE_CURVE_WITH_KNOTS('',1,(#3814,#3815),.UNSPECIFIED.,.F.,
  .F.,(2,2),(-65.00000007271,65.000000145044),.PIECEWISE_BEZIER_KNOTS.);
#3814 = CARTESIAN_POINT('',(65.000000072711,-4.));
#3815 = CARTESIAN_POINT('',(-65.00000014504,-4.));
#3816 = ( GEOMETRIC_REPRESENTATION_CONTEXT(2) 
PARAMETRIC_REPRESENTATION_CONTEXT() REPRESENTATION_CONTEXT('2D SPACE',''
  ) );
#3817 = PCURVE('',#761,#3818);
#3818 = DEFINITIONAL_REPRESENTATION('',(#3819),#3822);
#3819 = B_SPLINE_CURVE_WITH_KNOTS('',1,(#3820,#3821),.UNSPECIFIED.,.F.,
  .F.,(2,2),(-65.00000007271,65.000000145044),.PIECEWISE_BEZIER_KNOTS.);
#3820 = CARTESIAN_POINT('',(4.,-65.00000007271));
#3821 = CARTESIAN_POINT('',(4.,65.000000145044));
#3822 = ( GEOMETRIC_REPRESENTATION_CONTEXT(2) 
PARAMETRIC_REPRESENTATION_CONTEXT() REPRESENTATION_CONTEXT('2D SPACE',''
  ) );
#3823 = ORIENTED_EDGE('',*,*,#3824,.T.);
#3824 = EDGE_CURVE('',#3804,#3825,#3827,.T.);
#3825 = VERTEX_POINT('',#3826);
#3826 = CARTESIAN_POINT('',(-61.92619046207,-4.,0.));
#3827 = SURFACE_CURVE('',#3828,(#4011,#4197),.PCURVE_S1.);
#3828 = B_SPLINE_CURVE_WITH_KNOTS('',7,(#3829,#3830,#3831,#3832,#3833,
    #3834,#3835,#3836,#3837,#3838,#3839,#3840,#3841,#3842,#3843,#3844,
    #3845,#3846,#3847,#3848,#3849,#3850,#3851,#3852,#3853,#3854,#3855,
    #3856,#3857,#3858,#3859,#3860,#3861,#3862,#3863,#3864,#3865,#3866,
    #3867,#3868,#3869,#3870,#3871,#3872,#3873,#3874,#3875,#3876,#3877,
    #3878,#3879,#3880,#3881,#3882,#3883,#3884,#3885,#3886,#3887,#3888,
    #3889,#3890,#3891,#3892,#3893,#3894,#3895,#3896,#3897,#3898,#3899,
    #3900,#3901,#3902,#3903,#3904,#3905,#3906,#3907,#3908,#3909,#3910,
    #3911,#3912,#3913,#3914,#3915,#3916,#3917,#3918,#3919,#3920,#3921,
    #3922,#3923,#3924,#3925,#3926,#3927,#3928,#3929,#3930,#3931,#3932,
    #3933,#3934,#3935,#3936,#3937,#3938,#3939,#3940,#3941,#3942,#3943,
    #3944,#3945,#3946,#3947,#3948,#3949,#3950,#3951,#3952,#3953,#3954,
    #3955,#3956,#3957,#3958,#3959,#3960,#3961,#3962,#3963,#3964,#3965,
    #3966,#3967,#3968,#3969,#3970,#3971,#3972,#3973,#3974,#3975,#3976,
    #3977,#3978,#3979,#3980,#3981,#3982,#3983,#3984,#3985,#3986,#3987,
    #3988,#3989,#3990,#3991,#3992,#3993,#3994,#3995,#3996,#3997,#3998,
    #3999,#4000,#4001,#4002,#4003,#4004,#4005,#4006,#4007,#4008,#4009,
    #4010),.UNSPECIFIED.,.T.,.F.,(8,6,6,6,6,6,6,6,6,6,6,6,6,6,6,6,6,6,6,
    6,6,6,6,6,6,6,6,6,6,6,8),(0.,5.914349471685E-02,0.123331151172,
    0.166718653343,0.201460300605,0.21944928887,0.257123058213,
    0.293966540951,0.312393250638,0.329452873717,0.337474829639,
    0.346290001424,0.386988255178,0.418736875766,0.441995637898,
    0.503443544625,0.564891451351,0.588150213484,0.619898834072,
    0.660597087825,0.668610880116,0.67491416391,0.693971150037,
    0.712022593147,0.748115745095,0.773641920907,0.802645519518,
    0.836679121801,0.879182373928,0.942061867084,1.),.UNSPECIFIED.);
#3829 = CARTESIAN_POINT('',(62.,0.,0.));
#3830 = CARTESIAN_POINT('',(62.,-3.734000742589,0.));
#3831 = CARTESIAN_POINT('',(61.850010688627,-7.467803093478,0.));
#3832 = CARTESIAN_POINT('',(61.550061913056,-11.19455898611,0.));
#3833 = CARTESIAN_POINT('',(61.099545389355,-14.90697712962,0.));
#3834 = CARTESIAN_POINT('',(60.497396005709,-18.59734130438,0.));
#3835 = CARTESIAN_POINT('',(59.742082996979,-22.25750381455,0.));
#3836 = CARTESIAN_POINT('',(57.843070647064,-29.80905790063,0.));
#3837 = CARTESIAN_POINT('',(56.671953643368,-33.69270071749,0.));
#3838 = CARTESIAN_POINT('',(55.315273496622,-37.5192661566,0.));
#3839 = CARTESIAN_POINT('',(53.769653221312,-41.27576715399,0.));
#3840 = CARTESIAN_POINT('',(52.031548108519,-44.94689934871,0.));
#3841 = CARTESIAN_POINT('',(50.097480534767,-48.51513394165,0.));
#3842 = CARTESIAN_POINT('',(46.52132219396,-54.28944088148,0.));
#3843 = CARTESIAN_POINT('',(44.987958848033,-56.56182643266,0.));
#3844 = CARTESIAN_POINT('',(43.36254595549,-58.77143067926,0.));
#3845 = CARTESIAN_POINT('',(41.644370274321,-60.9109593878,0.));
#3846 = CARTESIAN_POINT('',(39.833181804922,-62.97219618533,0.));
#3847 = CARTESIAN_POINT('',(37.929342420876,-64.94612217908,0.));
#3848 = CARTESIAN_POINT('',(34.336232262157,-68.32594495143,0.));
#3849 = CARTESIAN_POINT('',(32.679898337961,-69.7665626215,0.));
#3850 = CARTESIAN_POINT('',(30.965665316612,-71.13983539952,0.));
#3851 = CARTESIAN_POINT('',(29.194727527167,-72.44030513712,0.));
#3852 = CARTESIAN_POINT('',(27.368871700482,-73.66223090809,0.));
#3853 = CARTESIAN_POINT('',(25.490596571747,-74.79975490511,0.));
#3854 = CARTESIAN_POINT('',(22.56530670201,-76.38943461399,0.));
#3855 = CARTESIAN_POINT('',(21.554205552812,-76.90757311256,0.));
#3856 = CARTESIAN_POINT('',(20.530441801511,-77.40072863765,0.));
#3857 = CARTESIAN_POINT('',(19.494554930401,-77.86810683074,0.));
#3858 = CARTESIAN_POINT('',(18.447149013931,-78.30893412157,0.));
#3859 = CARTESIAN_POINT('',(17.388897511488,-78.7224685843,0.));
#3860 = CARTESIAN_POINT('',(14.083137583644,-79.91543965222,0.));
#3861 = CARTESIAN_POINT('',(11.801014385013,-80.60024997559,0.));
#3862 = CARTESIAN_POINT('',(9.481609245408,-81.15572190068,0.));
#3863 = CARTESIAN_POINT('',(7.133106149992,-81.57645416434,0.));
#3864 = CARTESIAN_POINT('',(4.764463816415,-81.85849514789,0.));
#3865 = CARTESIAN_POINT('',(2.385464139976,-81.99965509582,0.));
#3866 = CARTESIAN_POINT('',(-2.319465729193,-82.00033633093,0.));
#3867 = CARTESIAN_POINT('',(-4.646041186574,-81.86599621256,0.));
#3868 = CARTESIAN_POINT('',(-6.962966570649,-81.59691656362,0.));
#3869 = CARTESIAN_POINT('',(-9.261078248302,-81.19509278563,0.));
#3870 = CARTESIAN_POINT('',(-11.53195543688,-80.6641426743,0.));
#3871 = CARTESIAN_POINT('',(-13.76787783958,-80.00902979563,0.));
#3872 = CARTESIAN_POINT('',(-17.0590669477,-78.84929960525,0.));
#3873 = CARTESIAN_POINT('',(-18.145918006,-78.43311090811,0.));
#3874 = CARTESIAN_POINT('',(-19.2215421613,-77.98812224924,0.));
#3875 = CARTESIAN_POINT('',(-20.28520359455,-77.51512495371,0.));
#3876 = CARTESIAN_POINT('',(-21.33624300519,-77.01494685787,0.));
#3877 = CARTESIAN_POINT('',(-22.37407225654,-76.48844000109,0.));
#3878 = CARTESIAN_POINT('',(-24.34628754602,-75.42544768303,0.));
#3879 = CARTESIAN_POINT('',(-25.2826385809,-74.89259904108,0.));
#3880 = CARTESIAN_POINT('',(-26.20681256442,-74.33860600496,0.));
#3881 = CARTESIAN_POINT('',(-27.11845193608,-73.76415844235,0.));
#3882 = CARTESIAN_POINT('',(-28.01724727449,-73.16994626987,0.));
#3883 = CARTESIAN_POINT('',(-28.90293343558,-72.55665324759,0.));
#3884 = CARTESIAN_POINT('',(-30.18549237036,-71.62790497265,0.));
#3885 = CARTESIAN_POINT('',(-30.58865995852,-71.32975105399,0.));
#3886 = CARTESIAN_POINT('',(-30.98802173371,-71.02842200802,0.));
#3887 = CARTESIAN_POINT('',(-31.38587455402,-70.72224064148,0.));
#3888 = CARTESIAN_POINT('',(-31.78363775885,-70.41000873388,0.));
#3889 = CARTESIAN_POINT('',(-32.18191161767,-70.09108542016,0.));
#3890 = CARTESIAN_POINT('',(-33.01857518775,-69.40762562626,0.));
#3891 = CARTESIAN_POINT('',(-33.45636074073,-69.04225036884,0.));
#3892 = CARTESIAN_POINT('',(-33.89378996504,-68.66926116441,0.));
#3893 = CARTESIAN_POINT('',(-34.33075775793,-68.28859339087,0.));
#3894 = CARTESIAN_POINT('',(-34.76715593367,-67.90018566709,0.));
#3895 = CARTESIAN_POINT('',(-35.20287322347,-67.50397985291,0.));
#3896 = CARTESIAN_POINT('',(-37.64576159459,-65.23444546571,0.));
#3897 = CARTESIAN_POINT('',(-39.56227890829,-63.27079637368,0.));
#3898 = CARTESIAN_POINT('',(-41.38612141834,-61.21875691525,0.));
#3899 = CARTESIAN_POINT('',(-43.11685772254,-59.08743823245,0.));
#3900 = CARTESIAN_POINT('',(-44.75469083145,-56.88514669078,0.));
#3901 = CARTESIAN_POINT('',(-46.30030450543,-54.61925847216,0.));
#3902 = CARTESIAN_POINT('',(-48.88929913582,-50.48381178765,0.));
#3903 = CARTESIAN_POINT('',(-49.96831930457,-48.63676920108,0.));
#3904 = CARTESIAN_POINT('',(-50.99223795126,-46.75803425481,0.));
#3905 = CARTESIAN_POINT('',(-51.96154592278,-44.85044532862,0.));
#3906 = CARTESIAN_POINT('',(-52.87676115645,-42.91661788525,0.));
#3907 = CARTESIAN_POINT('',(-53.73841817376,-40.95893934516,0.));
#3908 = CARTESIAN_POINT('',(-55.13944538597,-37.52948338401,0.));
#3909 = CARTESIAN_POINT('',(-55.7033749521,-36.06778036317,0.));
#3910 = CARTESIAN_POINT('',(-56.23904361663,-34.59530791621,0.));
#3911 = CARTESIAN_POINT('',(-56.74664808191,-33.11288171318,0.));
#3912 = CARTESIAN_POINT('',(-57.22637572726,-31.62127568314,0.));
#3913 = CARTESIAN_POINT('',(-57.67840420996,-30.12122192626,0.));
#3914 = CARTESIAN_POINT('',(-59.22438995194,-24.62988615388,0.));
#3915 = CARTESIAN_POINT('',(-60.15359505899,-20.59263853658,0.));
#3916 = CARTESIAN_POINT('',(-60.89382910817,-16.51384735343,0.));
#3917 = CARTESIAN_POINT('',(-61.44734786556,-12.40489418278,0.));
#3918 = CARTESIAN_POINT('',(-61.81576277565,-8.276437459199,0.));
#3919 = CARTESIAN_POINT('',(-62.,-4.138411362328,0.));
#3920 = CARTESIAN_POINT('',(-62.,4.138411362313,0.));
#3921 = CARTESIAN_POINT('',(-61.81576277565,8.276437459141,0.));
#3922 = CARTESIAN_POINT('',(-61.44734786556,12.404894182812,0.));
#3923 = CARTESIAN_POINT('',(-60.89382910818,16.513847353366,0.));
#3924 = CARTESIAN_POINT('',(-60.15359505899,20.592638536582,0.));
#3925 = CARTESIAN_POINT('',(-59.22438995195,24.629886153851,0.));
#3926 = CARTESIAN_POINT('',(-57.67840420996,30.121221926244,0.));
#3927 = CARTESIAN_POINT('',(-57.22637572727,31.621275683123,0.));
#3928 = CARTESIAN_POINT('',(-56.74664808192,33.112881713162,0.));
#3929 = CARTESIAN_POINT('',(-56.23904361664,34.595307916194,0.));
#3930 = CARTESIAN_POINT('',(-55.7033749521,36.067780363154,0.));
#3931 = CARTESIAN_POINT('',(-55.13944538598,37.529483383989,0.));
#3932 = CARTESIAN_POINT('',(-53.73841817377,40.958939345141,0.));
#3933 = CARTESIAN_POINT('',(-52.87676115645,42.91661788525,0.));
#3934 = CARTESIAN_POINT('',(-51.9615459228,44.850445328601,0.));
#3935 = CARTESIAN_POINT('',(-50.99223795127,46.758034254784,0.));
#3936 = CARTESIAN_POINT('',(-49.96831930457,48.636769201077,0.));
#3937 = CARTESIAN_POINT('',(-48.88929913583,50.483811787636,0.));
#3938 = CARTESIAN_POINT('',(-46.30030450544,54.61925847215,0.));
#3939 = CARTESIAN_POINT('',(-44.75469083146,56.88514669077,0.));
#3940 = CARTESIAN_POINT('',(-43.11685772256,59.087438232441,0.));
#3941 = CARTESIAN_POINT('',(-41.38612141835,61.218756915242,0.));
#3942 = CARTESIAN_POINT('',(-39.5622789083,63.270796373668,0.));
#3943 = CARTESIAN_POINT('',(-37.6457615946,65.234445465705,0.));
#3944 = CARTESIAN_POINT('',(-35.24241160372,67.467247223358,0.));
#3945 = CARTESIAN_POINT('',(-34.84637070372,67.828083363191,0.));
#3946 = CARTESIAN_POINT('',(-34.4497584887,68.182470665675,0.));
#3947 = CARTESIAN_POINT('',(-34.0526587685,68.530452569205,0.));
#3948 = CARTESIAN_POINT('',(-33.65515324968,68.872074753519,0.));
#3949 = CARTESIAN_POINT('',(-33.25732153553,69.207385139696,0.));
#3950 = CARTESIAN_POINT('',(-32.54612921818,69.795248641138,0.));
#3951 = CARTESIAN_POINT('',(-32.23105286341,70.051686079662,0.));
#3952 = CARTESIAN_POINT('',(-31.91402037184,70.305711487674,0.));
#3953 = CARTESIAN_POINT('',(-31.59504053313,70.557290023008,0.));
#3954 = CARTESIAN_POINT('',(-31.27412261648,70.806386719379,0.));
#3955 = CARTESIAN_POINT('',(-30.95127637063,71.052966486389,0.));
#3956 = CARTESIAN_POINT('',(-29.64463815432,72.034773206972,0.));
#3957 = CARTESIAN_POINT('',(-28.64523144725,72.749224255755,0.));
#3958 = CARTESIAN_POINT('',(-27.62859236491,73.439362262697,0.));
#3959 = CARTESIAN_POINT('',(-26.59508689109,74.10417768423,0.));
#3960 = CARTESIAN_POINT('',(-25.54515387588,74.742648025093,0.));
#3961 = CARTESIAN_POINT('',(-24.47931238038,75.353749437011,0.));
#3962 = CARTESIAN_POINT('',(-22.37407225655,76.48844000109,0.));
#3963 = CARTESIAN_POINT('',(-21.3362430052,77.014946857865,0.));
#3964 = CARTESIAN_POINT('',(-20.28520359456,77.515124953704,0.));
#3965 = CARTESIAN_POINT('',(-19.22154216131,77.988122249244,0.));
#3966 = CARTESIAN_POINT('',(-18.14591800601,78.43311090811,0.));
#3967 = CARTESIAN_POINT('',(-17.05906694772,78.849299605252,0.));
#3968 = CARTESIAN_POINT('',(-13.76787783959,80.009029795633,0.));
#3969 = CARTESIAN_POINT('',(-11.53195543691,80.664142674301,0.));
#3970 = CARTESIAN_POINT('',(-9.261078248311,81.195092785634,0.));
#3971 = CARTESIAN_POINT('',(-6.962966570658,81.596916563626,0.));
#3972 = CARTESIAN_POINT('',(-4.646041186595,81.865996212563,0.));
#3973 = CARTESIAN_POINT('',(-2.319465729204,82.000336330933,0.));
#3974 = CARTESIAN_POINT('',(1.651984694696,81.999761297608,0.));
#3975 = CARTESIAN_POINT('',(3.297239764192,81.932161314371,0.));
#3976 = CARTESIAN_POINT('',(4.939123528607,81.797190944803,0.));
#3977 = CARTESIAN_POINT('',(6.574354652823,81.595334522989,0.));
#3978 = CARTESIAN_POINT('',(8.199793316448,81.327511001097,0.));
#3979 = CARTESIAN_POINT('',(9.81243704929,80.995035490106,0.));
#3980 = CARTESIAN_POINT('',(13.223956839819,80.150295893231,0.));
#3981 = CARTESIAN_POINT('',(15.018401469719,79.619677898557,0.));
#3982 = CARTESIAN_POINT('',(16.788623476062,79.010190117787,0.));
#3983 = CARTESIAN_POINT('',(18.531060513817,78.324792463358,0.));
#3984 = CARTESIAN_POINT('',(20.242651266513,77.566786831442,0.));
#3985 = CARTESIAN_POINT('',(21.920784866905,76.739684787077,0.));
#3986 = CARTESIAN_POINT('',(25.490596571735,74.799754905126,0.));
#3987 = CARTESIAN_POINT('',(27.368871700471,73.662230908104,0.));
#3988 = CARTESIAN_POINT('',(29.194727527156,72.440305137132,0.));
#3989 = CARTESIAN_POINT('',(30.965665316601,71.139835399537,0.));
#3990 = CARTESIAN_POINT('',(32.679898337951,69.76656262151,0.));
#3991 = CARTESIAN_POINT('',(34.336232262147,68.325944951443,0.));
#3992 = CARTESIAN_POINT('',(37.929342420864,64.9461221791,0.));
#3993 = CARTESIAN_POINT('',(39.833181804918,62.972196185343,0.));
#3994 = CARTESIAN_POINT('',(41.64437027431,60.910959387822,0.));
#3995 = CARTESIAN_POINT('',(43.362545955479,58.771430679282,0.));
#3996 = CARTESIAN_POINT('',(44.98795884803,56.561826432673,0.));
#3997 = CARTESIAN_POINT('',(46.521322193952,54.289440881495,0.));
#3998 = CARTESIAN_POINT('',(50.097480534764,48.515133941657,0.));
#3999 = CARTESIAN_POINT('',(52.031548108505,44.946899348761,0.));
#4000 = CARTESIAN_POINT('',(53.769653221322,41.275767153927,0.));
#4001 = CARTESIAN_POINT('',(55.315273496598,37.519266156717,0.));
#4002 = CARTESIAN_POINT('',(56.671953643379,33.692700717436,0.));
#4003 = CARTESIAN_POINT('',(57.843070647057,29.809057900659,0.));
#4004 = CARTESIAN_POINT('',(59.742082996977,22.257503814562,0.));
#4005 = CARTESIAN_POINT('',(60.497396005708,18.597341304399,0.));
#4006 = CARTESIAN_POINT('',(61.099545389355,14.906977129625,0.));
#4007 = CARTESIAN_POINT('',(61.550061913056,11.194558986116,0.));
#4008 = CARTESIAN_POINT('',(61.850010688626,7.467803093488,0.));
#4009 = CARTESIAN_POINT('',(62.,3.734000742586,0.));
#4010 = CARTESIAN_POINT('',(62.,0.,0.));
#4011 = PCURVE('',#507,#4012);
#4012 = DEFINITIONAL_REPRESENTATION('',(#4013),#4196);
#4013 = B_SPLINE_CURVE_WITH_KNOTS('',7,(#4014,#4015,#4016,#4017,#4018,
    #4019,#4020,#4021,#4022,#4023,#4024,#4025,#4026,#4027,#4028,#4029,
    #4030,#4031,#4032,#4033,#4034,#4035,#4036,#4037,#4038,#4039,#4040,
    #4041,#4042,#4043,#4044,#4045,#4046,#4047,#4048,#4049,#4050,#4051,
    #4052,#4053,#4054,#4055,#4056,#4057,#4058,#4059,#4060,#4061,#4062,
    #4063,#4064,#4065,#4066,#4067,#4068,#4069,#4070,#4071,#4072,#4073,
    #4074,#4075,#4076,#4077,#4078,#4079,#4080,#4081,#4082,#4083,#4084,
    #4085,#4086,#4087,#4088,#4089,#4090,#4091,#4092,#4093,#4094,#4095,
    #4096,#4097,#4098,#4099,#4100,#4101,#4102,#4103,#4104,#4105,#4106,
    #4107,#4108,#4109,#4110,#4111,#4112,#4113,#4114,#4115,#4116,#4117,
    #4118,#4119,#4120,#4121,#4122,#4123,#4124,#4125,#4126,#4127,#4128,
    #4129,#4130,#4131,#4132,#4133,#4134,#4135,#4136,#4137,#4138,#4139,
    #4140,#4141,#4142,#4143,#4144,#4145,#4146,#4147,#4148,#4149,#4150,
    #4151,#4152,#4153,#4154,#4155,#4156,#4157,#4158,#4159,#4160,#4161,
    #4162,#4163,#4164,#4165,#4166,#4167,#4168,#4169,#4170,#4171,#4172,
    #4173,#4174,#4175,#4176,#4177,#4178,#4179,#4180,#4181,#4182,#4183,
    #4184,#4185,#4186,#4187,#4188,#4189,#4190,#4191,#4192,#4193,#4194,
    #4195),.UNSPECIFIED.,.T.,.F.,(8,6,6,6,6,6,6,6,6,6,6,6,6,6,6,6,6,6,6,
    6,6,6,6,6,6,6,6,6,6,6,8),(0.,5.914349471685E-02,0.123331151172,
    0.166718653343,0.201460300605,0.21944928887,0.257123058213,
    0.293966540951,0.312393250638,0.329452873717,0.337474829639,
    0.346290001424,0.386988255178,0.418736875766,0.441995637898,
    0.503443544625,0.564891451351,0.588150213484,0.619898834072,
    0.660597087825,0.668610880116,0.67491416391,0.693971150037,
    0.712022593147,0.748115745095,0.773641920907,0.802645519518,
    0.836679121801,0.879182373928,0.942061867084,1.),.UNSPECIFIED.);
#4014 = CARTESIAN_POINT('',(62.,0.));
#4015 = CARTESIAN_POINT('',(62.,-3.734000742589));
#4016 = CARTESIAN_POINT('',(61.850010688627,-7.467803093478));
#4017 = CARTESIAN_POINT('',(61.550061913056,-11.19455898611));
#4018 = CARTESIAN_POINT('',(61.099545389355,-14.90697712962));
#4019 = CARTESIAN_POINT('',(60.497396005709,-18.59734130438));
#4020 = CARTESIAN_POINT('',(59.742082996979,-22.25750381455));
#4021 = CARTESIAN_POINT('',(57.843070647064,-29.80905790063));
#4022 = CARTESIAN_POINT('',(56.671953643368,-33.69270071749));
#4023 = CARTESIAN_POINT('',(55.315273496622,-37.5192661566));
#4024 = CARTESIAN_POINT('',(53.769653221312,-41.27576715399));
#4025 = CARTESIAN_POINT('',(52.031548108519,-44.94689934871));
#4026 = CARTESIAN_POINT('',(50.097480534767,-48.51513394165));
#4027 = CARTESIAN_POINT('',(46.52132219396,-54.28944088148));
#4028 = CARTESIAN_POINT('',(44.987958848033,-56.56182643266));
#4029 = CARTESIAN_POINT('',(43.36254595549,-58.77143067926));
#4030 = CARTESIAN_POINT('',(41.644370274321,-60.9109593878));
#4031 = CARTESIAN_POINT('',(39.833181804922,-62.97219618533));
#4032 = CARTESIAN_POINT('',(37.929342420876,-64.94612217908));
#4033 = CARTESIAN_POINT('',(34.336232262157,-68.32594495143));
#4034 = CARTESIAN_POINT('',(32.679898337961,-69.7665626215));
#4035 = CARTESIAN_POINT('',(30.965665316612,-71.13983539952));
#4036 = CARTESIAN_POINT('',(29.194727527167,-72.44030513712));
#4037 = CARTESIAN_POINT('',(27.368871700482,-73.66223090809));
#4038 = CARTESIAN_POINT('',(25.490596571747,-74.79975490511));
#4039 = CARTESIAN_POINT('',(22.56530670201,-76.38943461399));
#4040 = CARTESIAN_POINT('',(21.554205552812,-76.90757311256));
#4041 = CARTESIAN_POINT('',(20.530441801511,-77.40072863765));
#4042 = CARTESIAN_POINT('',(19.494554930401,-77.86810683074));
#4043 = CARTESIAN_POINT('',(18.447149013931,-78.30893412157));
#4044 = CARTESIAN_POINT('',(17.388897511488,-78.7224685843));
#4045 = CARTESIAN_POINT('',(14.083137583644,-79.91543965222));
#4046 = CARTESIAN_POINT('',(11.801014385013,-80.60024997559));
#4047 = CARTESIAN_POINT('',(9.481609245408,-81.15572190068));
#4048 = CARTESIAN_POINT('',(7.133106149992,-81.57645416434));
#4049 = CARTESIAN_POINT('',(4.764463816415,-81.85849514789));
#4050 = CARTESIAN_POINT('',(2.385464139976,-81.99965509582));
#4051 = CARTESIAN_POINT('',(-2.319465729193,-82.00033633093));
#4052 = CARTESIAN_POINT('',(-4.646041186574,-81.86599621256));
#4053 = CARTESIAN_POINT('',(-6.962966570649,-81.59691656362));
#4054 = CARTESIAN_POINT('',(-9.261078248302,-81.19509278563));
#4055 = CARTESIAN_POINT('',(-11.53195543688,-80.6641426743));
#4056 = CARTESIAN_POINT('',(-13.76787783958,-80.00902979563));
#4057 = CARTESIAN_POINT('',(-17.0590669477,-78.84929960525));
#4058 = CARTESIAN_POINT('',(-18.145918006,-78.43311090811));
#4059 = CARTESIAN_POINT('',(-19.2215421613,-77.98812224924));
#4060 = CARTESIAN_POINT('',(-20.28520359455,-77.51512495371));
#4061 = CARTESIAN_POINT('',(-21.33624300519,-77.01494685787));
#4062 = CARTESIAN_POINT('',(-22.37407225654,-76.48844000109));
#4063 = CARTESIAN_POINT('',(-24.34628754602,-75.42544768303));
#4064 = CARTESIAN_POINT('',(-25.2826385809,-74.89259904108));
#4065 = CARTESIAN_POINT('',(-26.20681256442,-74.33860600496));
#4066 = CARTESIAN_POINT('',(-27.11845193608,-73.76415844235));
#4067 = CARTESIAN_POINT('',(-28.01724727449,-73.16994626987));
#4068 = CARTESIAN_POINT('',(-28.90293343558,-72.55665324759));
#4069 = CARTESIAN_POINT('',(-30.18549237036,-71.62790497265));
#4070 = CARTESIAN_POINT('',(-30.58865995852,-71.32975105399));
#4071 = CARTESIAN_POINT('',(-30.98802173371,-71.02842200802));
#4072 = CARTESIAN_POINT('',(-31.38587455402,-70.72224064148));
#4073 = CARTESIAN_POINT('',(-31.78363775885,-70.41000873388));
#4074 = CARTESIAN_POINT('',(-32.18191161767,-70.09108542016));
#4075 = CARTESIAN_POINT('',(-33.01857518775,-69.40762562626));
#4076 = CARTESIAN_POINT('',(-33.45636074073,-69.04225036884));
#4077 = CARTESIAN_POINT('',(-33.89378996504,-68.66926116441));
#4078 = CARTESIAN_POINT('',(-34.33075775793,-68.28859339087));
#4079 = CARTESIAN_POINT('',(-34.76715593367,-67.90018566709));
#4080 = CARTESIAN_POINT('',(-35.20287322347,-67.50397985291));
#4081 = CARTESIAN_POINT('',(-37.64576159459,-65.23444546571));
#4082 = CARTESIAN_POINT('',(-39.56227890829,-63.27079637368));
#4083 = CARTESIAN_POINT('',(-41.38612141834,-61.21875691525));
#4084 = CARTESIAN_POINT('',(-43.11685772254,-59.08743823245));
#4085 = CARTESIAN_POINT('',(-44.75469083145,-56.88514669078));
#4086 = CARTESIAN_POINT('',(-46.30030450543,-54.61925847216));
#4087 = CARTESIAN_POINT('',(-48.88929913582,-50.48381178765));
#4088 = CARTESIAN_POINT('',(-49.96831930457,-48.63676920108));
#4089 = CARTESIAN_POINT('',(-50.99223795126,-46.75803425481));
#4090 = CARTESIAN_POINT('',(-51.96154592278,-44.85044532862));
#4091 = CARTESIAN_POINT('',(-52.87676115645,-42.91661788525));
#4092 = CARTESIAN_POINT('',(-53.73841817376,-40.95893934516));
#4093 = CARTESIAN_POINT('',(-55.13944538597,-37.52948338401));
#4094 = CARTESIAN_POINT('',(-55.7033749521,-36.06778036317));
#4095 = CARTESIAN_POINT('',(-56.23904361663,-34.59530791621));
#4096 = CARTESIAN_POINT('',(-56.74664808191,-33.11288171318));
#4097 = CARTESIAN_POINT('',(-57.22637572726,-31.62127568314));
#4098 = CARTESIAN_POINT('',(-57.67840420996,-30.12122192626));
#4099 = CARTESIAN_POINT('',(-59.22438995194,-24.62988615388));
#4100 = CARTESIAN_POINT('',(-60.15359505899,-20.59263853658));
#4101 = CARTESIAN_POINT('',(-60.89382910817,-16.51384735343));
#4102 = CARTESIAN_POINT('',(-61.44734786556,-12.40489418278));
#4103 = CARTESIAN_POINT('',(-61.81576277565,-8.276437459199));
#4104 = CARTESIAN_POINT('',(-62.,-4.138411362328));
#4105 = CARTESIAN_POINT('',(-62.,4.138411362313));
#4106 = CARTESIAN_POINT('',(-61.81576277565,8.276437459141));
#4107 = CARTESIAN_POINT('',(-61.44734786556,12.404894182812));
#4108 = CARTESIAN_POINT('',(-60.89382910818,16.513847353366));
#4109 = CARTESIAN_POINT('',(-60.15359505899,20.592638536582));
#4110 = CARTESIAN_POINT('',(-59.22438995195,24.629886153851));
#4111 = CARTESIAN_POINT('',(-57.67840420996,30.121221926244));
#4112 = CARTESIAN_POINT('',(-57.22637572727,31.621275683123));
#4113 = CARTESIAN_POINT('',(-56.74664808192,33.112881713162));
#4114 = CARTESIAN_POINT('',(-56.23904361664,34.595307916194));
#4115 = CARTESIAN_POINT('',(-55.7033749521,36.067780363154));
#4116 = CARTESIAN_POINT('',(-55.13944538598,37.529483383989));
#4117 = CARTESIAN_POINT('',(-53.73841817377,40.958939345141));
#4118 = CARTESIAN_POINT('',(-52.87676115645,42.91661788525));
#4119 = CARTESIAN_POINT('',(-51.9615459228,44.850445328601));
#4120 = CARTESIAN_POINT('',(-50.99223795127,46.758034254784));
#4121 = CARTESIAN_POINT('',(-49.96831930457,48.636769201077));
#4122 = CARTESIAN_POINT('',(-48.88929913583,50.483811787636));
#4123 = CARTESIAN_POINT('',(-46.30030450544,54.61925847215));
#4124 = CARTESIAN_POINT('',(-44.75469083146,56.88514669077));
#4125 = CARTESIAN_POINT('',(-43.11685772256,59.087438232441));
#4126 = CARTESIAN_POINT('',(-41.38612141835,61.218756915242));
#4127 = CARTESIAN_POINT('',(-39.5622789083,63.270796373668));
#4128 = CARTESIAN_POINT('',(-37.6457615946,65.234445465705));
#4129 = CARTESIAN_POINT('',(-35.24241160372,67.467247223358));
#4130 = CARTESIAN_POINT('',(-34.84637070372,67.828083363191));
#4131 = CARTESIAN_POINT('',(-34.4497584887,68.182470665675));
#4132 = CARTESIAN_POINT('',(-34.0526587685,68.530452569205));
#4133 = CARTESIAN_POINT('',(-33.65515324968,68.872074753519));
#4134 = CARTESIAN_POINT('',(-33.25732153553,69.207385139696));
#4135 = CARTESIAN_POINT('',(-32.54612921818,69.795248641138));
#4136 = CARTESIAN_POINT('',(-32.23105286341,70.051686079662));
#4137 = CARTESIAN_POINT('',(-31.91402037184,70.305711487674));
#4138 = CARTESIAN_POINT('',(-31.59504053313,70.557290023008));
#4139 = CARTESIAN_POINT('',(-31.27412261648,70.806386719379));
#4140 = CARTESIAN_POINT('',(-30.95127637063,71.052966486389));
#4141 = CARTESIAN_POINT('',(-29.64463815432,72.034773206972));
#4142 = CARTESIAN_POINT('',(-28.64523144725,72.749224255755));
#4143 = CARTESIAN_POINT('',(-27.62859236491,73.439362262697));
#4144 = CARTESIAN_POINT('',(-26.59508689109,74.10417768423));
#4145 = CARTESIAN_POINT('',(-25.54515387588,74.742648025093));
#4146 = CARTESIAN_POINT('',(-24.47931238038,75.353749437011));
#4147 = CARTESIAN_POINT('',(-22.37407225655,76.48844000109));
#4148 = CARTESIAN_POINT('',(-21.3362430052,77.014946857865));
#4149 = CARTESIAN_POINT('',(-20.28520359456,77.515124953704));
#4150 = CARTESIAN_POINT('',(-19.22154216131,77.988122249244));
#4151 = CARTESIAN_POINT('',(-18.14591800601,78.43311090811));
#4152 = CARTESIAN_POINT('',(-17.05906694772,78.849299605252));
#4153 = CARTESIAN_POINT('',(-13.76787783959,80.009029795633));
#4154 = CARTESIAN_POINT('',(-11.53195543691,80.664142674301));
#4155 = CARTESIAN_POINT('',(-9.261078248311,81.195092785634));
#4156 = CARTESIAN_POINT('',(-6.962966570658,81.596916563626));
#4157 = CARTESIAN_POINT('',(-4.646041186595,81.865996212563));
#4158 = CARTESIAN_POINT('',(-2.319465729204,82.000336330933));
#4159 = CARTESIAN_POINT('',(1.651984694696,81.999761297608));
#4160 = CARTESIAN_POINT('',(3.297239764192,81.932161314371));
#4161 = CARTESIAN_POINT('',(4.939123528607,81.797190944803));
#4162 = CARTESIAN_POINT('',(6.574354652823,81.595334522989));
#4163 = CARTESIAN_POINT('',(8.199793316448,81.327511001097));
#4164 = CARTESIAN_POINT('',(9.81243704929,80.995035490106));
#4165 = CARTESIAN_POINT('',(13.223956839819,80.150295893231));
#4166 = CARTESIAN_POINT('',(15.018401469719,79.619677898557));
#4167 = CARTESIAN_POINT('',(16.788623476062,79.010190117787));
#4168 = CARTESIAN_POINT('',(18.531060513817,78.324792463358));
#4169 = CARTESIAN_POINT('',(20.242651266513,77.566786831442));
#4170 = CARTESIAN_POINT('',(21.920784866905,76.739684787077));
#4171 = CARTESIAN_POINT('',(25.490596571735,74.799754905126));
#4172 = CARTESIAN_POINT('',(27.368871700471,73.662230908104));
#4173 = CARTESIAN_POINT('',(29.194727527156,72.440305137132));
#4174 = CARTESIAN_POINT('',(30.965665316601,71.139835399537));
#4175 = CARTESIAN_POINT('',(32.679898337951,69.76656262151));
#4176 = CARTESIAN_POINT('',(34.336232262147,68.325944951443));
#4177 = CARTESIAN_POINT('',(37.929342420864,64.9461221791));
#4178 = CARTESIAN_POINT('',(39.833181804918,62.972196185343));
#4179 = CARTESIAN_POINT('',(41.64437027431,60.910959387822));
#4180 = CARTESIAN_POINT('',(43.362545955479,58.771430679282));
#4181 = CARTESIAN_POINT('',(44.98795884803,56.561826432673));
#4182 = CARTESIAN_POINT('',(46.521322193952,54.289440881495));
#4183 = CARTESIAN_POINT('',(50.097480534764,48.515133941657));
#4184 = CARTESIAN_POINT('',(52.031548108505,44.946899348761));
#4185 = CARTESIAN_POINT('',(53.769653221322,41.275767153927));
#4186 = CARTESIAN_POINT('',(55.315273496598,37.519266156717));
#4187 = CARTESIAN_POINT('',(56.671953643379,33.692700717436));
#4188 = CARTESIAN_POINT('',(57.843070647057,29.809057900659));
#4189 = CARTESIAN_POINT('',(59.742082996977,22.257503814562));
#4190 = CARTESIAN_POINT('',(60.497396005708,18.597341304399));
#4191 = CARTESIAN_POINT('',(61.099545389355,14.906977129625));
#4192 = CARTESIAN_POINT('',(61.550061913056,11.194558986116));
#4193 = CARTESIAN_POINT('',(61.850010688626,7.467803093488));
#4194 = CARTESIAN_POINT('',(62.,3.734000742586));
#4195 = CARTESIAN_POINT('',(62.,0.));
#4196 = ( GEOMETRIC_REPRESENTATION_CONTEXT(2) 
PARAMETRIC_REPRESENTATION_CONTEXT() REPRESENTATION_CONTEXT('2D SPACE',''
  ) );
#4197 = PCURVE('',#4198,#4234);
#4198 = ( BOUNDED_SURFACE() B_SPLINE_SURFACE(2,2,(
    (#4199,#4200,#4201,#4202,#4203)
    ,(#4204,#4205,#4206,#4207,#4208)
    ,(#4209,#4210,#4211,#4212,#4213)
    ,(#4214,#4215,#4216,#4217,#4218)
    ,(#4219,#4220,#4221,#4222,#4223)
    ,(#4224,#4225,#4226,#4227,#4228)
    ,(#4229,#4230,#4231,#4232,#4233
)),.UNSPECIFIED.,.T.,.F.,.F.) B_SPLINE_SURFACE_WITH_KNOTS((1,2,2,2,2,1),
  (3,2,3),(-2.094395102393,0.,2.094395102393,4.188790204786,
    6.28318530718,8.377580409573),(-1.570796326795,0.,1.570796326795),
.UNSPECIFIED.) GEOMETRIC_REPRESENTATION_ITEM() RATIONAL_B_SPLINE_SURFACE
((
    (1.,0.707106781187,1.,0.707106781187,1.)
    ,(0.5,0.353553390593,0.5,0.353553390593,0.5)
    ,(1.,0.707106781187,1.,0.707106781187,1.)
    ,(0.5,0.353553390593,0.5,0.353553390593,0.5)
    ,(1.,0.707106781187,1.,0.707106781187,1.)
    ,(0.5,0.353553390593,0.5,0.353553390593,0.5)
,(1.,0.707106781187,1.,0.707106781187,1.
))) REPRESENTATION_ITEM('') SURFACE() );
#4199 = CARTESIAN_POINT('',(3.796405077357E-15,0.,-54.5));
#4200 = CARTESIAN_POINT('',(62.,0.,-54.5));
#4201 = CARTESIAN_POINT('',(62.,0.,0.));
#4202 = CARTESIAN_POINT('',(62.,0.,54.5));
#4203 = CARTESIAN_POINT('',(3.796405077357E-15,0.,54.5));
#4204 = CARTESIAN_POINT('',(3.796405077357E-15,8.696716957544E-15,-54.5)
  );
#4205 = CARTESIAN_POINT('',(62.,142.02816622064,-54.5));
#4206 = CARTESIAN_POINT('',(62.,142.02816622064,0.));
#4207 = CARTESIAN_POINT('',(62.,142.02816622064,54.5));
#4208 = CARTESIAN_POINT('',(3.796405077357E-15,8.696716957544E-15,54.5)
  );
#4209 = CARTESIAN_POINT('',(-1.898202538678E-15,4.348358478772E-15,-54.5
    ));
#4210 = CARTESIAN_POINT('',(-31.,71.014083110324,-54.5));
#4211 = CARTESIAN_POINT('',(-31.,71.014083110324,0.));
#4212 = CARTESIAN_POINT('',(-31.,71.014083110324,54.5));
#4213 = CARTESIAN_POINT('',(-1.898202538678E-15,4.348358478772E-15,54.5)
  );
#4214 = CARTESIAN_POINT('',(-7.592810154714E-15,1.229803021783E-30,-54.5
    ));
#4215 = CARTESIAN_POINT('',(-124.,2.008420750602E-14,-54.5));
#4216 = CARTESIAN_POINT('',(-124.,2.008420750602E-14,0.));
#4217 = CARTESIAN_POINT('',(-124.,2.008420750602E-14,54.5));
#4218 = CARTESIAN_POINT('',(-7.592810154714E-15,1.229803021783E-30,54.5)
  );
#4219 = CARTESIAN_POINT('',(-1.898202538678E-15,-4.348358478772E-15,
    -54.5));
#4220 = CARTESIAN_POINT('',(-31.,-71.01408311032,-54.5));
#4221 = CARTESIAN_POINT('',(-31.,-71.01408311032,0.));
#4222 = CARTESIAN_POINT('',(-31.,-71.01408311032,54.5));
#4223 = CARTESIAN_POINT('',(-1.898202538678E-15,-4.348358478772E-15,54.5
    ));
#4224 = CARTESIAN_POINT('',(3.796405077357E-15,-8.696716957544E-15,-54.5
    ));
#4225 = CARTESIAN_POINT('',(62.,-142.0281662206,-54.5));
#4226 = CARTESIAN_POINT('',(62.,-142.0281662206,0.));
#4227 = CARTESIAN_POINT('',(62.,-142.0281662206,54.5));
#4228 = CARTESIAN_POINT('',(3.796405077357E-15,-8.696716957544E-15,54.5)
  );
#4229 = CARTESIAN_POINT('',(3.796405077357E-15,0.,-54.5));
#4230 = CARTESIAN_POINT('',(62.,0.,-54.5));
#4231 = CARTESIAN_POINT('',(62.,0.,0.));
#4232 = CARTESIAN_POINT('',(62.,0.,54.5));
#4233 = CARTESIAN_POINT('',(3.796405077357E-15,0.,54.5));
#4234 = DEFINITIONAL_REPRESENTATION('',(#4235),#4418);
#4235 = B_SPLINE_CURVE_WITH_KNOTS('',7,(#4236,#4237,#4238,#4239,#4240,
    #4241,#4242,#4243,#4244,#4245,#4246,#4247,#4248,#4249,#4250,#4251,
    #4252,#4253,#4254,#4255,#4256,#4257,#4258,#4259,#4260,#4261,#4262,
    #4263,#4264,#4265,#4266,#4267,#4268,#4269,#4270,#4271,#4272,#4273,
    #4274,#4275,#4276,#4277,#4278,#4279,#4280,#4281,#4282,#4283,#4284,
    #4285,#4286,#4287,#4288,#4289,#4290,#4291,#4292,#4293,#4294,#4295,
    #4296,#4297,#4298,#4299,#4300,#4301,#4302,#4303,#4304,#4305,#4306,
    #4307,#4308,#4309,#4310,#4311,#4312,#4313,#4314,#4315,#4316,#4317,
    #4318,#4319,#4320,#4321,#4322,#4323,#4324,#4325,#4326,#4327,#4328,
    #4329,#4330,#4331,#4332,#4333,#4334,#4335,#4336,#4337,#4338,#4339,
    #4340,#4341,#4342,#4343,#4344,#4345,#4346,#4347,#4348,#4349,#4350,
    #4351,#4352,#4353,#4354,#4355,#4356,#4357,#4358,#4359,#4360,#4361,
    #4362,#4363,#4364,#4365,#4366,#4367,#4368,#4369,#4370,#4371,#4372,
    #4373,#4374,#4375,#4376,#4377,#4378,#4379,#4380,#4381,#4382,#4383,
    #4384,#4385,#4386,#4387,#4388,#4389,#4390,#4391,#4392,#4393,#4394,
    #4395,#4396,#4397,#4398,#4399,#4400,#4401,#4402,#4403,#4404,#4405,
    #4406,#4407,#4408,#4409,#4410,#4411,#4412,#4413,#4414,#4415,#4416,
    #4417),.UNSPECIFIED.,.F.,.F.,(8,6,6,6,6,6,6,6,6,6,6,6,6,6,6,6,6,6,6,
    6,6,6,6,6,6,6,6,6,6,6,8),(0.,5.914349471685E-02,0.123331151172,
    0.166718653343,0.201460300605,0.21944928887,0.257123058213,
    0.293966540951,0.312393250638,0.329452873717,0.337474829639,
    0.346290001424,0.386988255178,0.418736875766,0.441995637898,
    0.503443544625,0.564891451351,0.588150213484,0.619898834072,
    0.660597087825,0.668610880116,0.67491416391,0.693971150037,
    0.712022593147,0.748115745095,0.773641920907,0.802645519518,
    0.836679121801,0.879182373928,0.942061867084,1.),.UNSPECIFIED.);
#4236 = CARTESIAN_POINT('',(6.28318530718,1.183291357832E-30));
#4237 = CARTESIAN_POINT('',(6.228122476505,1.151927101081E-30));
#4238 = CARTESIAN_POINT('',(6.174751410014,1.075293520106E-18));
#4239 = CARTESIAN_POINT('',(6.122800165424,-1.70010355165E-18));
#4240 = CARTESIAN_POINT('',(6.072043677533,-3.729365808958E-19));
#4241 = CARTESIAN_POINT('',(6.022285350823,2.655704616864E-18));
#4242 = CARTESIAN_POINT('',(5.97334365803,-1.894601563496E-18));
#4243 = CARTESIAN_POINT('',(5.872624484355,2.056186142861E-18));
#4244 = CARTESIAN_POINT('',(5.820972357414,-9.195995392183E-18));
#4245 = CARTESIAN_POINT('',(5.769856729661,1.939751213662E-17));
#4246 = CARTESIAN_POINT('',(5.719079966378,-2.335383224132E-17));
#4247 = CARTESIAN_POINT('',(5.66845565815,1.625750231912E-17));
#4248 = CARTESIAN_POINT('',(5.617798264413,-5.58358032693E-18));
#4249 = CARTESIAN_POINT('',(5.532499089711,3.774208577378E-18));
#4250 = CARTESIAN_POINT('',(5.497992826377,-2.364458622383E-18));
#4251 = CARTESIAN_POINT('',(5.463321926514,-3.8299586721E-18));
#4252 = CARTESIAN_POINT('',(5.428429111653,2.338529537535E-18));
#4253 = CARTESIAN_POINT('',(5.393258626301,4.980115073787E-18));
#4254 = CARTESIAN_POINT('',(5.35775424565,-5.03451138229E-18));
#4255 = CARTESIAN_POINT('',(5.293114741143,4.031281125468E-18));
#4256 = CARTESIAN_POINT('',(5.264121952295,-5.341466898858E-18));
#4257 = CARTESIAN_POINT('',(5.234851591493,2.946524490108E-19));
#4258 = CARTESIAN_POINT('',(5.205278068671,3.518511903224E-18));
#4259 = CARTESIAN_POINT('',(5.175377544907,-1.503287790314E-18));
#4260 = CARTESIAN_POINT('',(5.145128402356,-5.734788199644E-19));
#4261 = CARTESIAN_POINT('',(5.098660310457,2.969434259876E-19));
#4262 = CARTESIAN_POINT('',(5.082709698696,-3.98823457992E-19));
#4263 = CARTESIAN_POINT('',(5.066658741841,-2.08524000905E-19));
#4264 = CARTESIAN_POINT('',(5.050505393291,4.188974780542E-19));
#4265 = CARTESIAN_POINT('',(5.034247905062,3.487453894254E-19));
#4266 = CARTESIAN_POINT('',(5.017884910089,-5.974574265561E-19));
#4267 = CARTESIAN_POINT('',(4.966924149156,1.251236197887E-18));
#4268 = CARTESIAN_POINT('',(4.9319595832,-1.760185229507E-18));
#4269 = CARTESIAN_POINT('',(4.896522306927,2.523882768888E-19));
#4270 = CARTESIAN_POINT('',(4.860611569868,1.128268112263E-18));
#4271 = CARTESIAN_POINT('',(4.824227935435,-7.17517206956E-19));
#4272 = CARTESIAN_POINT('',(4.787378975116,-1.589113336417E-22));
#4273 = CARTESIAN_POINT('',(4.713619057567,1.554091127555E-22));
#4274 = CARTESIAN_POINT('',(4.676717504205,5.860861466596E-19));
#4275 = CARTESIAN_POINT('',(4.639404683938,-9.087779590756E-19));
#4276 = CARTESIAN_POINT('',(4.601691076336,-2.147337101023E-19));
#4277 = CARTESIAN_POINT('',(4.563581696221,1.412294274651E-18));
#4278 = CARTESIAN_POINT('',(4.525080559784,-9.914414517787E-19));
#4279 = CARTESIAN_POINT('',(4.466745940313,4.958544210885E-19));
#4280 = CARTESIAN_POINT('',(4.447199564442,-2.369910695182E-19));
#4281 = CARTESIAN_POINT('',(4.427554811475,-3.466020038831E-19));
#4282 = CARTESIAN_POINT('',(4.407810695203,1.010478327455E-19));
#4283 = CARTESIAN_POINT('',(4.38796566905,2.954478153476E-19));
#4284 = CARTESIAN_POINT('',(4.368017681672,-1.450781074575E-19));
#4285 = CARTESIAN_POINT('',(4.329398558667,1.343146916731E-19));
#4286 = CARTESIAN_POINT('',(4.310742432984,-1.778036985795E-19));
#4287 = CARTESIAN_POINT('',(4.291993762943,-9.424634775244E-20));
#4288 = CARTESIAN_POINT('',(4.273150042411,1.859449257992E-19));
#4289 = CARTESIAN_POINT('',(4.254208353029,1.5597554432E-19));
#4290 = CARTESIAN_POINT('',(4.235165365539,-2.653039473863E-19));
#4291 = CARTESIAN_POINT('',(4.207013355085,1.247540207818E-19));
#4292 = CARTESIAN_POINT('',(4.198110114954,-1.101140699264E-16));
#4293 = CARTESIAN_POINT('',(4.18908986704,7.357853172283E-17));
#4294 = CARTESIAN_POINT('',(4.180082268631,1.838735087701E-16));
#4295 = CARTESIAN_POINT('',(4.171141862585,1.045445726453E-16));
#4296 = CARTESIAN_POINT('',(4.162170611011,1.07898138841E-16));
#4297 = CARTESIAN_POINT('',(4.143311910678,1.05816589848E-16));
#4298 = CARTESIAN_POINT('',(4.133438333578,1.055376416045E-16));
#4299 = CARTESIAN_POINT('',(4.123564756878,1.054479752828E-16));
#4300 = CARTESIAN_POINT('',(4.113691180507,1.051769949922E-16));
#4301 = CARTESIAN_POINT('',(4.103817604196,1.046050853296E-16));
#4302 = CARTESIAN_POINT('',(4.093944027473,1.038636113797E-16));
#4303 = CARTESIAN_POINT('',(4.038485702731,1.00894028308E-16));
#4304 = CARTESIAN_POINT('',(3.994592188011,9.638650951076E-17));
#4305 = CARTESIAN_POINT('',(3.952213781855,1.005682402232E-16));
#4306 = CARTESIAN_POINT('',(3.911198456296,9.535467574279E-17));
#4307 = CARTESIAN_POINT('',(3.87141173631,8.651665561223E-17));
#4308 = CARTESIAN_POINT('',(3.832731471974,9.532795440207E-17));
#4309 = CARTESIAN_POINT('',(3.765643951278,8.435653847214E-17));
#4310 = CARTESIAN_POINT('',(3.736849686534,9.151267230238E-17));
#4311 = CARTESIAN_POINT('',(3.708607827949,8.46606433226E-17));
#4312 = CARTESIAN_POINT('',(3.680870664823,8.104278160493E-17));
#4313 = CARTESIAN_POINT('',(3.653594583636,8.514880456121E-17));
#4314 = CARTESIAN_POINT('',(3.626738923278,8.221685943272E-17));
#4315 = CARTESIAN_POINT('',(3.580870748668,8.046005722511E-17));
#4316 = CARTESIAN_POINT('',(3.561681551497,7.988227021885E-17));
#4317 = CARTESIAN_POINT('',(3.542682602313,7.924905395297E-17));
#4318 = CARTESIAN_POINT('',(3.523859838142,7.858941145699E-17));
#4319 = CARTESIAN_POINT('',(3.505199948813,7.801700850329E-17));
#4320 = CARTESIAN_POINT('',(3.48669020555,7.756536269317E-17));
#4321 = CARTESIAN_POINT('',(3.419781064172,7.559023692393E-17));
#4322 = CARTESIAN_POINT('',(3.372211005976,7.489762950786E-17));
#4323 = CARTESIAN_POINT('',(3.325373912982,7.337731955117E-17));
#4324 = CARTESIAN_POINT('',(3.279073342936,7.328238200486E-17));
#4325 = CARTESIAN_POINT('',(3.233127997146,7.258543296445E-17));
#4326 = CARTESIAN_POINT('',(3.187362457845,7.2387193299E-17));
#4327 = CARTESIAN_POINT('',(3.095822849334,7.2387193299E-17));
#4328 = CARTESIAN_POINT('',(3.050057310035,7.208788245772E-17));
#4329 = CARTESIAN_POINT('',(3.004111964243,7.456268327349E-17));
#4330 = CARTESIAN_POINT('',(2.957811394198,7.132041500028E-17));
#4331 = CARTESIAN_POINT('',(2.910974301203,7.629191900424E-17));
#4332 = CARTESIAN_POINT('',(2.863404243008,7.488203810802E-17));
#4333 = CARTESIAN_POINT('',(2.79649510163,7.759970896705E-17));
#4334 = CARTESIAN_POINT('',(2.777985358366,7.777607059473E-17));
#4335 = CARTESIAN_POINT('',(2.759325469038,7.824741203548E-17));
#4336 = CARTESIAN_POINT('',(2.740502704867,7.902578700002E-17));
#4337 = CARTESIAN_POINT('',(2.721503755683,7.976793555366E-17));
#4338 = CARTESIAN_POINT('',(2.702314558512,8.027275317027E-17));
#4339 = CARTESIAN_POINT('',(2.656446383902,8.194247127083E-17));
#4340 = CARTESIAN_POINT('',(2.629590723544,8.298249650702E-17));
#4341 = CARTESIAN_POINT('',(2.602314642357,8.383926318506E-17));
#4342 = CARTESIAN_POINT('',(2.574577479231,8.509767248131E-17));
#4343 = CARTESIAN_POINT('',(2.546335620645,8.652187571961E-17));
#4344 = CARTESIAN_POINT('',(2.517541355902,8.739751204735E-17));
#4345 = CARTESIAN_POINT('',(2.450453835205,9.078359806658E-17));
#4346 = CARTESIAN_POINT('',(2.41177357087,9.495698350495E-17));
#4347 = CARTESIAN_POINT('',(2.371986850884,8.992979668334E-17));
#4348 = CARTESIAN_POINT('',(2.330971525325,9.540024807896E-17));
#4349 = CARTESIAN_POINT('',(2.288593119169,1.05122164808E-16));
#4350 = CARTESIAN_POINT('',(2.244699604449,9.594549856929E-17));
#4351 = CARTESIAN_POINT('',(2.190138877959,1.044030907597E-16));
#4352 = CARTESIAN_POINT('',(2.181162899056,1.044779016708E-16));
#4353 = CARTESIAN_POINT('',(2.172186920408,1.042588951696E-16));
#4354 = CARTESIAN_POINT('',(2.163210941733,1.04350418434E-16));
#4355 = CARTESIAN_POINT('',(2.154234962863,1.049384055118E-16));
#4356 = CARTESIAN_POINT('',(2.145258983746,1.057903773202E-16));
#4357 = CARTESIAN_POINT('',(2.129222908193,1.0662124005E-16));
#4358 = CARTESIAN_POINT('',(2.122134449684,1.067502018392E-16));
#4359 = CARTESIAN_POINT('',(2.114994249083,1.07080631504E-16));
#4360 = CARTESIAN_POINT('',(2.107795186354,1.07737295301E-16));
#4361 = CARTESIAN_POINT('',(2.100546401256,1.085314212526E-16));
#4362 = CARTESIAN_POINT('',(2.093273293349,1.089606991474E-16));
#4363 = CARTESIAN_POINT('',(2.064080839652,1.059374846887E-16));
#4364 = CARTESIAN_POINT('',(2.04228425438,7.866882281849E-17));
#4365 = CARTESIAN_POINT('',(2.020621880857,1.028347599391E-16));
#4366 = CARTESIAN_POINT('',(1.999088528419,1.414104783956E-16));
#4367 = CARTESIAN_POINT('',(1.977679699333,1.288266217102E-16));
#4368 = CARTESIAN_POINT('',(1.956391587076,5.588103842449E-17));
#4369 = CARTESIAN_POINT('',(1.915167625508,5.348494152324E-17));
#4370 = CARTESIAN_POINT('',(1.89521963813,5.284263966991E-17));
#4371 = CARTESIAN_POINT('',(1.875374611976,5.17238203858E-17));
#4372 = CARTESIAN_POINT('',(1.855630495705,5.039439442505E-17));
#4373 = CARTESIAN_POINT('',(1.835985742738,4.948072251143E-17));
#4374 = CARTESIAN_POINT('',(1.816439366866,4.906435455827E-17));
#4375 = CARTESIAN_POINT('',(1.758104747396,4.520229188148E-17));
#4376 = CARTESIAN_POINT('',(1.719603610959,4.50904066092E-17));
#4377 = CARTESIAN_POINT('',(1.681494230844,4.219728463249E-17));
#4378 = CARTESIAN_POINT('',(1.643780623242,4.005844643005E-17));
#4379 = CARTESIAN_POINT('',(1.606467802975,3.955879411073E-17));
#4380 = CARTESIAN_POINT('',(1.569566249613,3.76627801314E-17));
#4381 = CARTESIAN_POINT('',(1.507305203441,3.53442449098E-17));
#4382 = CARTESIAN_POINT('',(1.481726100469,3.412250017816E-17));
#4383 = CARTESIAN_POINT('',(1.456365999192,3.403213568038E-17));
#4384 = CARTESIAN_POINT('',(1.431228310334,3.28692770522E-17));
#4385 = CARTESIAN_POINT('',(1.406315028675,3.12814481081E-17));
#4386 = CARTESIAN_POINT('',(1.381627691119,3.183205966866E-17));
#4387 = CARTESIAN_POINT('',(1.329376229244,2.937410770583E-17));
#4388 = CARTESIAN_POINT('',(1.301876429991,2.983069806814E-17));
#4389 = CARTESIAN_POINT('',(1.274669982646,2.910092287375E-17));
#4390 = CARTESIAN_POINT('',(1.247753410936,2.781035978543E-17));
#4391 = CARTESIAN_POINT('',(1.221120444983,2.738852328163E-17));
#4392 = CARTESIAN_POINT('',(1.194763195739,2.799894336843E-17));
#4393 = CARTESIAN_POINT('',(1.138056904823,2.620005338749E-17));
#4394 = CARTESIAN_POINT('',(1.107807762273,2.915529355661E-17));
#4395 = CARTESIAN_POINT('',(1.077907238509,2.374705151519E-17));
#4396 = CARTESIAN_POINT('',(1.048333715687,2.524946868965E-17));
#4397 = CARTESIAN_POINT('',(1.019063354885,3.085416691472E-17));
#4398 = CARTESIAN_POINT('',(0.990070566037,2.373034263909E-17));
#4399 = CARTESIAN_POINT('',(0.92543106153,3.061458321226E-17));
#4400 = CARTESIAN_POINT('',(0.889926680879,2.277416285303E-17));
#4401 = CARTESIAN_POINT('',(0.854756195527,2.808362862451E-17));
#4402 = CARTESIAN_POINT('',(0.819863380665,3.168990115847E-17));
#4403 = CARTESIAN_POINT('',(0.785192480803,2.819039994929E-17));
#4404 = CARTESIAN_POINT('',(0.750686217469,2.944319092693E-17));
#4405 = CARTESIAN_POINT('',(0.665387042766,3.347762047386E-17));
#4406 = CARTESIAN_POINT('',(0.61472964903,3.128607038003E-17));
#4407 = CARTESIAN_POINT('',(0.564105340801,3.929180296067E-17));
#4408 = CARTESIAN_POINT('',(0.51332857752,3.545301724755E-17));
#4409 = CARTESIAN_POINT('',(0.462212949765,4.061268395509E-17));
#4410 = CARTESIAN_POINT('',(0.410560822825,4.217738529348E-17));
#4411 = CARTESIAN_POINT('',(0.30984164915,4.68495764409E-17));
#4412 = CARTESIAN_POINT('',(0.260899956357,3.404025014671E-17));
#4413 = CARTESIAN_POINT('',(0.211141629647,8.067421845743E-17));
#4414 = CARTESIAN_POINT('',(0.160385141755,7.069621999795E-17));
#4415 = CARTESIAN_POINT('',(0.108433897166,3.917966549021E-18));
#4416 = CARTESIAN_POINT('',(5.506283067441E-02,7.681213046182E-31));
#4417 = CARTESIAN_POINT('',(0.,7.88860905221E-31));
#4418 = ( GEOMETRIC_REPRESENTATION_CONTEXT(2) 
PARAMETRIC_REPRESENTATION_CONTEXT() REPRESENTATION_CONTEXT('2D SPACE',''
  ) );
#4419 = ORIENTED_EDGE('',*,*,#4420,.T.);
#4420 = EDGE_CURVE('',#3825,#24,#4421,.T.);
#4421 = SURFACE_CURVE('',#4422,(#4426,#4432),.PCURVE_S1.);
#4422 = LINE('',#4423,#4424);
#4423 = CARTESIAN_POINT('',(0.,-4.,0.));
#4424 = VECTOR('',#4425,1.);
#4425 = DIRECTION('',(-1.,-0.,0.));
#4426 = PCURVE('',#507,#4427);
#4427 = DEFINITIONAL_REPRESENTATION('',(#4428),#4431);
#4428 = B_SPLINE_CURVE_WITH_KNOTS('',1,(#4429,#4430),.UNSPECIFIED.,.F.,
  .F.,(2,2),(-65.00000007271,65.000000145044),.PIECEWISE_BEZIER_KNOTS.);
#4429 = CARTESIAN_POINT('',(65.000000072711,-4.));
#4430 = CARTESIAN_POINT('',(-65.00000014504,-4.));
#4431 = ( GEOMETRIC_REPRESENTATION_CONTEXT(2) 
PARAMETRIC_REPRESENTATION_CONTEXT() REPRESENTATION_CONTEXT('2D SPACE',''
  ) );
#4432 = PCURVE('',#3388,#4433);
#4433 = DEFINITIONAL_REPRESENTATION('',(#4434),#4437);
#4434 = B_SPLINE_CURVE_WITH_KNOTS('',1,(#4435,#4436),.UNSPECIFIED.,.F.,
  .F.,(2,2),(-65.00000007271,65.000000145044),.PIECEWISE_BEZIER_KNOTS.);
#4435 = CARTESIAN_POINT('',(4.,-65.00000007271));
#4436 = CARTESIAN_POINT('',(4.,65.000000145044));
#4437 = ( GEOMETRIC_REPRESENTATION_CONTEXT(2) 
PARAMETRIC_REPRESENTATION_CONTEXT() REPRESENTATION_CONTEXT('2D SPACE',''
  ) );
#4438 = ADVANCED_FACE('',(#4439),#3388,.T.);
#4439 = FACE_BOUND('',#4440,.T.);
#4440 = EDGE_LOOP('',(#4441,#4464,#4500,#4501));
#4441 = ORIENTED_EDGE('',*,*,#4442,.F.);
#4442 = EDGE_CURVE('',#4443,#3322,#4445,.T.);
#4443 = VERTEX_POINT('',#4444);
#4444 = CARTESIAN_POINT('',(-61.7587758066,-4.,4.));
#4445 = SURFACE_CURVE('',#4446,(#4450,#4457),.PCURVE_S1.);
#4446 = LINE('',#4447,#4448);
#4447 = CARTESIAN_POINT('',(75.,-4.,4.));
#4448 = VECTOR('',#4449,1.);
#4449 = DIRECTION('',(-1.,0.,0.));
#4450 = PCURVE('',#3388,#4451);
#4451 = DEFINITIONAL_REPRESENTATION('',(#4452),#4456);
#4452 = LINE('',#4453,#4454);
#4453 = CARTESIAN_POINT('',(0.,-75.));
#4454 = VECTOR('',#4455,1.);
#4455 = DIRECTION('',(0.,1.));
#4456 = ( GEOMETRIC_REPRESENTATION_CONTEXT(2) 
PARAMETRIC_REPRESENTATION_CONTEXT() REPRESENTATION_CONTEXT('2D SPACE',''
  ) );
#4457 = PCURVE('',#3347,#4458);
#4458 = DEFINITIONAL_REPRESENTATION('',(#4459),#4463);
#4459 = LINE('',#4460,#4461);
#4460 = CARTESIAN_POINT('',(8.,-75.));
#4461 = VECTOR('',#4462,1.);
#4462 = DIRECTION('',(0.,1.));
#4463 = ( GEOMETRIC_REPRESENTATION_CONTEXT(2) 
PARAMETRIC_REPRESENTATION_CONTEXT() REPRESENTATION_CONTEXT('2D SPACE',''
  ) );
#4464 = ORIENTED_EDGE('',*,*,#4465,.F.);
#4465 = EDGE_CURVE('',#3825,#4443,#4466,.T.);
#4466 = SURFACE_CURVE('',#4467,(#4476,#4488),.PCURVE_S1.);
#4467 = B_SPLINE_CURVE_WITH_KNOTS('',4,(#4468,#4469,#4470,#4471,#4472,
    #4473,#4474,#4475),.UNSPECIFIED.,.F.,.F.,(5,3,5),(0.,0.495096028796,
    1.),.UNSPECIFIED.);
#4468 = CARTESIAN_POINT('',(-61.92619044175,-4.,-8.897579509934E-04));
#4469 = CARTESIAN_POINT('',(-61.92619966062,-4.,0.494891267533));
#4470 = CARTESIAN_POINT('',(-61.91935976226,-4.,0.990673469054));
#4471 = CARTESIAN_POINT('',(-61.90567068227,-4.,1.486314806859));
#4472 = CARTESIAN_POINT('',(-61.86420712017,-4.,2.486845671457));
#4473 = CARTESIAN_POINT('',(-61.8361589709,-4.,2.991723946038));
#4474 = CARTESIAN_POINT('',(-61.80100820963,-4.,3.49615829729));
#4475 = CARTESIAN_POINT('',(-61.7587758066,-4.,4.));
#4476 = PCURVE('',#3388,#4477);
#4477 = DEFINITIONAL_REPRESENTATION('',(#4478),#4487);
#4478 = B_SPLINE_CURVE_WITH_KNOTS('',4,(#4479,#4480,#4481,#4482,#4483,
    #4484,#4485,#4486),.UNSPECIFIED.,.F.,.F.,(5,3,5),(0.,0.495096028796,
    1.),.UNSPECIFIED.);
#4479 = CARTESIAN_POINT('',(4.000889757951,61.926190441751));
#4480 = CARTESIAN_POINT('',(3.505108732467,61.926199660623));
#4481 = CARTESIAN_POINT('',(3.009326530946,61.919359762268));
#4482 = CARTESIAN_POINT('',(2.513685193141,61.905670682274));
#4483 = CARTESIAN_POINT('',(1.513154328543,61.864207120173));
#4484 = CARTESIAN_POINT('',(1.008276053962,61.836158970909));
#4485 = CARTESIAN_POINT('',(0.50384170271,61.801008209632));
#4486 = CARTESIAN_POINT('',(0.,61.758775806603));
#4487 = ( GEOMETRIC_REPRESENTATION_CONTEXT(2) 
PARAMETRIC_REPRESENTATION_CONTEXT() REPRESENTATION_CONTEXT('2D SPACE',''
  ) );
#4488 = PCURVE('',#4198,#4489);
#4489 = DEFINITIONAL_REPRESENTATION('',(#4490),#4499);
#4490 = B_SPLINE_CURVE_WITH_KNOTS('',4,(#4491,#4492,#4493,#4494,#4495,
    #4496,#4497,#4498),.UNSPECIFIED.,.F.,.F.,(5,3,5),(0.,0.495096028796,
    1.),.UNSPECIFIED.);
#4491 = CARTESIAN_POINT('',(3.185858010916,-1.813338098044E-05));
#4492 = CARTESIAN_POINT('',(3.185858004334,1.008591324389E-02));
#4493 = CARTESIAN_POINT('',(3.185862887731,2.013960334882E-02));
#4494 = CARTESIAN_POINT('',(3.185872661139,3.014320983469E-02));
#4495 = CARTESIAN_POINT('',(3.185902303569,5.025038808196E-02));
#4496 = CARTESIAN_POINT('',(3.185922368617,6.035189750515E-02));
#4497 = CARTESIAN_POINT('',(3.185947545839,7.040376120291E-02));
#4498 = CARTESIAN_POINT('',(3.185977861374,8.040699011147E-02));
#4499 = ( GEOMETRIC_REPRESENTATION_CONTEXT(2) 
PARAMETRIC_REPRESENTATION_CONTEXT() REPRESENTATION_CONTEXT('2D SPACE',''
  ) );
#4500 = ORIENTED_EDGE('',*,*,#4420,.T.);
#4501 = ORIENTED_EDGE('',*,*,#3364,.T.);
#4502 = ADVANCED_FACE('',(#4503),#3347,.T.);
#4503 = FACE_BOUND('',#4504,.T.);
#4504 = EDGE_LOOP('',(#4505,#4528,#4564,#4565));
#4505 = ORIENTED_EDGE('',*,*,#4506,.T.);
#4506 = EDGE_CURVE('',#3279,#4507,#4509,.T.);
#4507 = VERTEX_POINT('',#4508);
#4508 = CARTESIAN_POINT('',(-61.7587758066,4.,4.));
#4509 = SURFACE_CURVE('',#4510,(#4514,#4521),.PCURVE_S1.);
#4510 = LINE('',#4511,#4512);
#4511 = CARTESIAN_POINT('',(-75.,4.,4.));
#4512 = VECTOR('',#4513,1.);
#4513 = DIRECTION('',(1.,0.,0.));
#4514 = PCURVE('',#3347,#4515);
#4515 = DEFINITIONAL_REPRESENTATION('',(#4516),#4520);
#4516 = LINE('',#4517,#4518);
#4517 = CARTESIAN_POINT('',(0.,75.));
#4518 = VECTOR('',#4519,1.);
#4519 = DIRECTION('',(0.,-1.));
#4520 = ( GEOMETRIC_REPRESENTATION_CONTEXT(2) 
PARAMETRIC_REPRESENTATION_CONTEXT() REPRESENTATION_CONTEXT('2D SPACE',''
  ) );
#4521 = PCURVE('',#3304,#4522);
#4522 = DEFINITIONAL_REPRESENTATION('',(#4523),#4527);
#4523 = LINE('',#4524,#4525);
#4524 = CARTESIAN_POINT('',(48.,75.));
#4525 = VECTOR('',#4526,1.);
#4526 = DIRECTION('',(0.,-1.));
#4527 = ( GEOMETRIC_REPRESENTATION_CONTEXT(2) 
PARAMETRIC_REPRESENTATION_CONTEXT() REPRESENTATION_CONTEXT('2D SPACE',''
  ) );
#4528 = ORIENTED_EDGE('',*,*,#4529,.F.);
#4529 = EDGE_CURVE('',#4443,#4507,#4530,.T.);
#4530 = SURFACE_CURVE('',#4531,(#4540,#4552),.PCURVE_S1.);
#4531 = B_SPLINE_CURVE_WITH_KNOTS('',4,(#4532,#4533,#4534,#4535,#4536,
    #4537,#4538,#4539),.UNSPECIFIED.,.F.,.F.,(5,3,5),(0.,0.500000000008,
    1.),.UNSPECIFIED.);
#4532 = CARTESIAN_POINT('',(-61.7587758066,-4.,4.));
#4533 = CARTESIAN_POINT('',(-61.7957857647,-3.000456796021,4.));
#4534 = CARTESIAN_POINT('',(-61.82045205106,-2.00045651362,4.));
#4535 = CARTESIAN_POINT('',(-61.83278519909,-1.000228288746,4.));
#4536 = CARTESIAN_POINT('',(-61.83278519909,1.00022828884,4.));
#4537 = CARTESIAN_POINT('',(-61.82045205106,2.000456513682,4.));
#4538 = CARTESIAN_POINT('',(-61.7957857647,3.000456796052,4.));
#4539 = CARTESIAN_POINT('',(-61.7587758066,4.,4.));
#4540 = PCURVE('',#3347,#4541);
#4541 = DEFINITIONAL_REPRESENTATION('',(#4542),#4551);
#4542 = B_SPLINE_CURVE_WITH_KNOTS('',4,(#4543,#4544,#4545,#4546,#4547,
    #4548,#4549,#4550),.UNSPECIFIED.,.F.,.F.,(5,3,5),(0.,0.500000000008,
    1.),.UNSPECIFIED.);
#4543 = CARTESIAN_POINT('',(8.,61.758775806603));
#4544 = CARTESIAN_POINT('',(7.000456796021,61.795785764705));
#4545 = CARTESIAN_POINT('',(6.00045651362,61.820452051064));
#4546 = CARTESIAN_POINT('',(5.000228288746,61.832785199097));
#4547 = CARTESIAN_POINT('',(2.99977171116,61.832785199096));
#4548 = CARTESIAN_POINT('',(1.999543486318,61.820452051063));
#4549 = CARTESIAN_POINT('',(0.999543203948,61.795785764704));
#4550 = CARTESIAN_POINT('',(0.,61.758775806603));
#4551 = ( GEOMETRIC_REPRESENTATION_CONTEXT(2) 
PARAMETRIC_REPRESENTATION_CONTEXT() REPRESENTATION_CONTEXT('2D SPACE',''
  ) );
#4552 = PCURVE('',#4198,#4553);
#4553 = DEFINITIONAL_REPRESENTATION('',(#4554),#4563);
#4554 = B_SPLINE_CURVE_WITH_KNOTS('',4,(#4555,#4556,#4557,#4558,#4559,
    #4560,#4561,#4562),.UNSPECIFIED.,.F.,.F.,(5,3,5),(0.,0.500000000008,
    1.),.UNSPECIFIED.);
#4555 = CARTESIAN_POINT('',(3.185977864931,8.0406990922E-02));
#4556 = CARTESIAN_POINT('',(3.17487334044,8.0406990922E-02));
#4557 = CARTESIAN_POINT('',(3.163777035082,8.0406990922E-02));
#4558 = CARTESIAN_POINT('',(3.152684846415,8.0406990922E-02));
#4559 = CARTESIAN_POINT('',(3.130500460764,8.0406990922E-02));
#4560 = CARTESIAN_POINT('',(3.119408272097,8.0406990922E-02));
#4561 = CARTESIAN_POINT('',(3.108311966739,8.0406990922E-02));
#4562 = CARTESIAN_POINT('',(3.097207442249,8.0406990922E-02));
#4563 = ( GEOMETRIC_REPRESENTATION_CONTEXT(2) 
PARAMETRIC_REPRESENTATION_CONTEXT() REPRESENTATION_CONTEXT('2D SPACE',''
  ) );
#4564 = ORIENTED_EDGE('',*,*,#4442,.T.);
#4565 = ORIENTED_EDGE('',*,*,#3321,.T.);
#4566 = ADVANCED_FACE('',(#4567),#3304,.T.);
#4567 = FACE_BOUND('',#4568,.T.);
#4568 = EDGE_LOOP('',(#4569,#4570,#4571,#4592));
#4569 = ORIENTED_EDGE('',*,*,#4506,.F.);
#4570 = ORIENTED_EDGE('',*,*,#3278,.T.);
#4571 = ORIENTED_EDGE('',*,*,#4572,.T.);
#4572 = EDGE_CURVE('',#2603,#4573,#4575,.T.);
#4573 = VERTEX_POINT('',#4574);
#4574 = CARTESIAN_POINT('',(-61.92619046207,4.,0.));
#4575 = SURFACE_CURVE('',#4576,(#4580,#4586),.PCURVE_S1.);
#4576 = LINE('',#4577,#4578);
#4577 = CARTESIAN_POINT('',(0.,4.,0.));
#4578 = VECTOR('',#4579,1.);
#4579 = DIRECTION('',(1.,0.,-0.));
#4580 = PCURVE('',#3304,#4581);
#4581 = DEFINITIONAL_REPRESENTATION('',(#4582),#4585);
#4582 = B_SPLINE_CURVE_WITH_KNOTS('',1,(#4583,#4584),.UNSPECIFIED.,.F.,
  .F.,(2,2),(-65.00000014504,65.000000072711),.PIECEWISE_BEZIER_KNOTS.);
#4583 = CARTESIAN_POINT('',(44.,65.000000145044));
#4584 = CARTESIAN_POINT('',(44.,-65.00000007271));
#4585 = ( GEOMETRIC_REPRESENTATION_CONTEXT(2) 
PARAMETRIC_REPRESENTATION_CONTEXT() REPRESENTATION_CONTEXT('2D SPACE',''
  ) );
#4586 = PCURVE('',#3050,#4587);
#4587 = DEFINITIONAL_REPRESENTATION('',(#4588),#4591);
#4588 = B_SPLINE_CURVE_WITH_KNOTS('',1,(#4589,#4590),.UNSPECIFIED.,.F.,
  .F.,(2,2),(-65.00000014504,65.000000072711),.PIECEWISE_BEZIER_KNOTS.);
#4589 = CARTESIAN_POINT('',(-65.00000014504,4.));
#4590 = CARTESIAN_POINT('',(65.000000072711,4.));
#4591 = ( GEOMETRIC_REPRESENTATION_CONTEXT(2) 
PARAMETRIC_REPRESENTATION_CONTEXT() REPRESENTATION_CONTEXT('2D SPACE',''
  ) );
#4592 = ORIENTED_EDGE('',*,*,#4593,.F.);
#4593 = EDGE_CURVE('',#4507,#4573,#4594,.T.);
#4594 = SURFACE_CURVE('',#4595,(#4604,#4616),.PCURVE_S1.);
#4595 = B_SPLINE_CURVE_WITH_KNOTS('',4,(#4596,#4597,#4598,#4599,#4600,
    #4601,#4602,#4603),.UNSPECIFIED.,.F.,.F.,(5,3,5),(0.,0.50646283539,
    1.),.UNSPECIFIED.);
#4596 = CARTESIAN_POINT('',(-61.7587758066,4.,4.));
#4597 = CARTESIAN_POINT('',(-61.80113859992,4.,3.494602712805));
#4598 = CARTESIAN_POINT('',(-61.83637595566,4.,2.988609111647));
#4599 = CARTESIAN_POINT('',(-61.86446670855,4.,2.482169304202));
#4600 = CARTESIAN_POINT('',(-61.90579978327,4.,1.481633059218));
#4601 = CARTESIAN_POINT('',(-61.91940276672,4.,0.987551419471));
#4602 = CARTESIAN_POINT('',(-61.92619963159,4.,0.493330246566));
#4603 = CARTESIAN_POINT('',(-61.92619044175,4.,-8.897579509934E-04));
#4604 = PCURVE('',#3304,#4605);
#4605 = DEFINITIONAL_REPRESENTATION('',(#4606),#4615);
#4606 = B_SPLINE_CURVE_WITH_KNOTS('',4,(#4607,#4608,#4609,#4610,#4611,
    #4612,#4613,#4614),.UNSPECIFIED.,.F.,.F.,(5,3,5),(0.,0.50646283539,
    1.),.UNSPECIFIED.);
#4607 = CARTESIAN_POINT('',(48.,61.758775806603));
#4608 = CARTESIAN_POINT('',(47.494602712805,61.801138599925));
#4609 = CARTESIAN_POINT('',(46.988609111647,61.836375955661));
#4610 = CARTESIAN_POINT('',(46.482169304202,61.864466708553));
#4611 = CARTESIAN_POINT('',(45.481633059218,61.905799783276));
#4612 = CARTESIAN_POINT('',(44.987551419471,61.91940276672));
#4613 = CARTESIAN_POINT('',(44.493330246566,61.926199631597));
#4614 = CARTESIAN_POINT('',(43.999110242049,61.926190441751));
#4615 = ( GEOMETRIC_REPRESENTATION_CONTEXT(2) 
PARAMETRIC_REPRESENTATION_CONTEXT() REPRESENTATION_CONTEXT('2D SPACE',''
  ) );
#4616 = PCURVE('',#4198,#4617);
#4617 = DEFINITIONAL_REPRESENTATION('',(#4618),#4627);
#4618 = B_SPLINE_CURVE_WITH_KNOTS('',4,(#4619,#4620,#4621,#4622,#4623,
    #4624,#4625,#4626),.UNSPECIFIED.,.F.,.F.,(5,3,5),(0.,0.50646283539,
    1.),.UNSPECIFIED.);
#4619 = CARTESIAN_POINT('',(3.097207445803,8.040699009792E-02));
#4620 = CARTESIAN_POINT('',(3.097237854936,7.037287675159E-02));
#4621 = CARTESIAN_POINT('',(3.097263093981,6.028982785441E-02));
#4622 = CARTESIAN_POINT('',(3.097283189315,5.015682304843E-02));
#4623 = CARTESIAN_POINT('',(3.097312738213,3.004871491944E-02));
#4624 = CARTESIAN_POINT('',(3.097322450152,2.007629376644E-02));
#4625 = CARTESIAN_POINT('',(3.097327302825,1.005409954425E-02));
#4626 = CARTESIAN_POINT('',(3.097327296264,-1.813338098044E-05));
#4627 = ( GEOMETRIC_REPRESENTATION_CONTEXT(2) 
PARAMETRIC_REPRESENTATION_CONTEXT() REPRESENTATION_CONTEXT('2D SPACE',''
  ) );
#4628 = ADVANCED_FACE('',(#4629),#3050,.F.);
#4629 = FACE_BOUND('',#4630,.F.);
#4630 = EDGE_LOOP('',(#4631,#4632,#4633,#5193));
#4631 = ORIENTED_EDGE('',*,*,#2602,.F.);
#4632 = ORIENTED_EDGE('',*,*,#4572,.T.);
#4633 = ORIENTED_EDGE('',*,*,#4634,.T.);
#4634 = EDGE_CURVE('',#4573,#4635,#4637,.T.);
#4635 = VERTEX_POINT('',#4636);
#4636 = CARTESIAN_POINT('',(-51.82992243413,45.,-3.060158622744E-15));
#4637 = SURFACE_CURVE('',#4638,(#4821,#5007),.PCURVE_S1.);
#4638 = B_SPLINE_CURVE_WITH_KNOTS('',7,(#4639,#4640,#4641,#4642,#4643,
    #4644,#4645,#4646,#4647,#4648,#4649,#4650,#4651,#4652,#4653,#4654,
    #4655,#4656,#4657,#4658,#4659,#4660,#4661,#4662,#4663,#4664,#4665,
    #4666,#4667,#4668,#4669,#4670,#4671,#4672,#4673,#4674,#4675,#4676,
    #4677,#4678,#4679,#4680,#4681,#4682,#4683,#4684,#4685,#4686,#4687,
    #4688,#4689,#4690,#4691,#4692,#4693,#4694,#4695,#4696,#4697,#4698,
    #4699,#4700,#4701,#4702,#4703,#4704,#4705,#4706,#4707,#4708,#4709,
    #4710,#4711,#4712,#4713,#4714,#4715,#4716,#4717,#4718,#4719,#4720,
    #4721,#4722,#4723,#4724,#4725,#4726,#4727,#4728,#4729,#4730,#4731,
    #4732,#4733,#4734,#4735,#4736,#4737,#4738,#4739,#4740,#4741,#4742,
    #4743,#4744,#4745,#4746,#4747,#4748,#4749,#4750,#4751,#4752,#4753,
    #4754,#4755,#4756,#4757,#4758,#4759,#4760,#4761,#4762,#4763,#4764,
    #4765,#4766,#4767,#4768,#4769,#4770,#4771,#4772,#4773,#4774,#4775,
    #4776,#4777,#4778,#4779,#4780,#4781,#4782,#4783,#4784,#4785,#4786,
    #4787,#4788,#4789,#4790,#4791,#4792,#4793,#4794,#4795,#4796,#4797,
    #4798,#4799,#4800,#4801,#4802,#4803,#4804,#4805,#4806,#4807,#4808,
    #4809,#4810,#4811,#4812,#4813,#4814,#4815,#4816,#4817,#4818,#4819,
    #4820),.UNSPECIFIED.,.T.,.F.,(8,6,6,6,6,6,6,6,6,6,6,6,6,6,6,6,6,6,6,
    6,6,6,6,6,6,6,6,6,6,6,8),(0.,5.914349471685E-02,0.123331151172,
    0.166718653343,0.201460300605,0.21944928887,0.257123058213,
    0.293966540951,0.312393250638,0.329452873717,0.337474829639,
    0.346290001424,0.386988255178,0.418736875766,0.441995637898,
    0.503443544625,0.564891451351,0.588150213484,0.619898834072,
    0.660597087825,0.668610880116,0.67491416391,0.693971150037,
    0.712022593147,0.748115745095,0.773641920907,0.802645519518,
    0.836679121801,0.879182373928,0.942061867084,1.),.UNSPECIFIED.);
#4639 = CARTESIAN_POINT('',(62.,0.,0.));
#4640 = CARTESIAN_POINT('',(62.,-3.734000742589,0.));
#4641 = CARTESIAN_POINT('',(61.850010688627,-7.467803093478,0.));
#4642 = CARTESIAN_POINT('',(61.550061913056,-11.19455898611,0.));
#4643 = CARTESIAN_POINT('',(61.099545389355,-14.90697712962,0.));
#4644 = CARTESIAN_POINT('',(60.497396005709,-18.59734130438,0.));
#4645 = CARTESIAN_POINT('',(59.742082996979,-22.25750381455,0.));
#4646 = CARTESIAN_POINT('',(57.843070647064,-29.80905790063,0.));
#4647 = CARTESIAN_POINT('',(56.671953643368,-33.69270071749,0.));
#4648 = CARTESIAN_POINT('',(55.315273496622,-37.5192661566,0.));
#4649 = CARTESIAN_POINT('',(53.769653221312,-41.27576715399,0.));
#4650 = CARTESIAN_POINT('',(52.031548108519,-44.94689934871,0.));
#4651 = CARTESIAN_POINT('',(50.097480534767,-48.51513394165,0.));
#4652 = CARTESIAN_POINT('',(46.52132219396,-54.28944088148,0.));
#4653 = CARTESIAN_POINT('',(44.987958848033,-56.56182643266,0.));
#4654 = CARTESIAN_POINT('',(43.36254595549,-58.77143067926,0.));
#4655 = CARTESIAN_POINT('',(41.644370274321,-60.9109593878,0.));
#4656 = CARTESIAN_POINT('',(39.833181804922,-62.97219618533,0.));
#4657 = CARTESIAN_POINT('',(37.929342420876,-64.94612217908,0.));
#4658 = CARTESIAN_POINT('',(34.336232262157,-68.32594495143,0.));
#4659 = CARTESIAN_POINT('',(32.679898337961,-69.7665626215,0.));
#4660 = CARTESIAN_POINT('',(30.965665316612,-71.13983539952,0.));
#4661 = CARTESIAN_POINT('',(29.194727527167,-72.44030513712,0.));
#4662 = CARTESIAN_POINT('',(27.368871700482,-73.66223090809,0.));
#4663 = CARTESIAN_POINT('',(25.490596571747,-74.79975490511,0.));
#4664 = CARTESIAN_POINT('',(22.56530670201,-76.38943461399,0.));
#4665 = CARTESIAN_POINT('',(21.554205552812,-76.90757311256,0.));
#4666 = CARTESIAN_POINT('',(20.530441801511,-77.40072863765,0.));
#4667 = CARTESIAN_POINT('',(19.494554930401,-77.86810683074,0.));
#4668 = CARTESIAN_POINT('',(18.447149013931,-78.30893412157,0.));
#4669 = CARTESIAN_POINT('',(17.388897511488,-78.7224685843,0.));
#4670 = CARTESIAN_POINT('',(14.083137583644,-79.91543965222,0.));
#4671 = CARTESIAN_POINT('',(11.801014385013,-80.60024997559,0.));
#4672 = CARTESIAN_POINT('',(9.481609245408,-81.15572190068,0.));
#4673 = CARTESIAN_POINT('',(7.133106149992,-81.57645416434,0.));
#4674 = CARTESIAN_POINT('',(4.764463816415,-81.85849514789,0.));
#4675 = CARTESIAN_POINT('',(2.385464139976,-81.99965509582,0.));
#4676 = CARTESIAN_POINT('',(-2.319465729193,-82.00033633093,0.));
#4677 = CARTESIAN_POINT('',(-4.646041186574,-81.86599621256,0.));
#4678 = CARTESIAN_POINT('',(-6.962966570649,-81.59691656362,0.));
#4679 = CARTESIAN_POINT('',(-9.261078248302,-81.19509278563,0.));
#4680 = CARTESIAN_POINT('',(-11.53195543688,-80.6641426743,0.));
#4681 = CARTESIAN_POINT('',(-13.76787783958,-80.00902979563,0.));
#4682 = CARTESIAN_POINT('',(-17.0590669477,-78.84929960525,0.));
#4683 = CARTESIAN_POINT('',(-18.145918006,-78.43311090811,0.));
#4684 = CARTESIAN_POINT('',(-19.2215421613,-77.98812224924,0.));
#4685 = CARTESIAN_POINT('',(-20.28520359455,-77.51512495371,0.));
#4686 = CARTESIAN_POINT('',(-21.33624300519,-77.01494685787,0.));
#4687 = CARTESIAN_POINT('',(-22.37407225654,-76.48844000109,0.));
#4688 = CARTESIAN_POINT('',(-24.34628754602,-75.42544768303,0.));
#4689 = CARTESIAN_POINT('',(-25.2826385809,-74.89259904108,0.));
#4690 = CARTESIAN_POINT('',(-26.20681256442,-74.33860600496,0.));
#4691 = CARTESIAN_POINT('',(-27.11845193608,-73.76415844235,0.));
#4692 = CARTESIAN_POINT('',(-28.01724727449,-73.16994626987,0.));
#4693 = CARTESIAN_POINT('',(-28.90293343558,-72.55665324759,0.));
#4694 = CARTESIAN_POINT('',(-30.18549237036,-71.62790497265,0.));
#4695 = CARTESIAN_POINT('',(-30.58865995852,-71.32975105399,0.));
#4696 = CARTESIAN_POINT('',(-30.98802173371,-71.02842200802,0.));
#4697 = CARTESIAN_POINT('',(-31.38587455402,-70.72224064148,0.));
#4698 = CARTESIAN_POINT('',(-31.78363775885,-70.41000873388,0.));
#4699 = CARTESIAN_POINT('',(-32.18191161767,-70.09108542016,0.));
#4700 = CARTESIAN_POINT('',(-33.01857518775,-69.40762562626,0.));
#4701 = CARTESIAN_POINT('',(-33.45636074073,-69.04225036884,0.));
#4702 = CARTESIAN_POINT('',(-33.89378996504,-68.66926116441,0.));
#4703 = CARTESIAN_POINT('',(-34.33075775793,-68.28859339087,0.));
#4704 = CARTESIAN_POINT('',(-34.76715593367,-67.90018566709,0.));
#4705 = CARTESIAN_POINT('',(-35.20287322347,-67.50397985291,0.));
#4706 = CARTESIAN_POINT('',(-37.64576159459,-65.23444546571,0.));
#4707 = CARTESIAN_POINT('',(-39.56227890829,-63.27079637368,0.));
#4708 = CARTESIAN_POINT('',(-41.38612141834,-61.21875691525,0.));
#4709 = CARTESIAN_POINT('',(-43.11685772254,-59.08743823245,0.));
#4710 = CARTESIAN_POINT('',(-44.75469083145,-56.88514669078,0.));
#4711 = CARTESIAN_POINT('',(-46.30030450543,-54.61925847216,0.));
#4712 = CARTESIAN_POINT('',(-48.88929913582,-50.48381178765,0.));
#4713 = CARTESIAN_POINT('',(-49.96831930457,-48.63676920108,0.));
#4714 = CARTESIAN_POINT('',(-50.99223795126,-46.75803425481,0.));
#4715 = CARTESIAN_POINT('',(-51.96154592278,-44.85044532862,0.));
#4716 = CARTESIAN_POINT('',(-52.87676115645,-42.91661788525,0.));
#4717 = CARTESIAN_POINT('',(-53.73841817376,-40.95893934516,0.));
#4718 = CARTESIAN_POINT('',(-55.13944538597,-37.52948338401,0.));
#4719 = CARTESIAN_POINT('',(-55.7033749521,-36.06778036317,0.));
#4720 = CARTESIAN_POINT('',(-56.23904361663,-34.59530791621,0.));
#4721 = CARTESIAN_POINT('',(-56.74664808191,-33.11288171318,0.));
#4722 = CARTESIAN_POINT('',(-57.22637572726,-31.62127568314,0.));
#4723 = CARTESIAN_POINT('',(-57.67840420996,-30.12122192626,0.));
#4724 = CARTESIAN_POINT('',(-59.22438995194,-24.62988615388,0.));
#4725 = CARTESIAN_POINT('',(-60.15359505899,-20.59263853658,0.));
#4726 = CARTESIAN_POINT('',(-60.89382910817,-16.51384735343,0.));
#4727 = CARTESIAN_POINT('',(-61.44734786556,-12.40489418278,0.));
#4728 = CARTESIAN_POINT('',(-61.81576277565,-8.276437459199,0.));
#4729 = CARTESIAN_POINT('',(-62.,-4.138411362328,0.));
#4730 = CARTESIAN_POINT('',(-62.,4.138411362313,0.));
#4731 = CARTESIAN_POINT('',(-61.81576277565,8.276437459141,0.));
#4732 = CARTESIAN_POINT('',(-61.44734786556,12.404894182812,0.));
#4733 = CARTESIAN_POINT('',(-60.89382910818,16.513847353366,0.));
#4734 = CARTESIAN_POINT('',(-60.15359505899,20.592638536582,0.));
#4735 = CARTESIAN_POINT('',(-59.22438995195,24.629886153851,0.));
#4736 = CARTESIAN_POINT('',(-57.67840420996,30.121221926244,0.));
#4737 = CARTESIAN_POINT('',(-57.22637572727,31.621275683123,0.));
#4738 = CARTESIAN_POINT('',(-56.74664808192,33.112881713162,0.));
#4739 = CARTESIAN_POINT('',(-56.23904361664,34.595307916194,0.));
#4740 = CARTESIAN_POINT('',(-55.7033749521,36.067780363154,0.));
#4741 = CARTESIAN_POINT('',(-55.13944538598,37.529483383989,0.));
#4742 = CARTESIAN_POINT('',(-53.73841817377,40.958939345141,0.));
#4743 = CARTESIAN_POINT('',(-52.87676115645,42.91661788525,0.));
#4744 = CARTESIAN_POINT('',(-51.9615459228,44.850445328601,0.));
#4745 = CARTESIAN_POINT('',(-50.99223795127,46.758034254784,0.));
#4746 = CARTESIAN_POINT('',(-49.96831930457,48.636769201077,0.));
#4747 = CARTESIAN_POINT('',(-48.88929913583,50.483811787636,0.));
#4748 = CARTESIAN_POINT('',(-46.30030450544,54.61925847215,0.));
#4749 = CARTESIAN_POINT('',(-44.75469083146,56.88514669077,0.));
#4750 = CARTESIAN_POINT('',(-43.11685772256,59.087438232441,0.));
#4751 = CARTESIAN_POINT('',(-41.38612141835,61.218756915242,0.));
#4752 = CARTESIAN_POINT('',(-39.5622789083,63.270796373668,0.));
#4753 = CARTESIAN_POINT('',(-37.6457615946,65.234445465705,0.));
#4754 = CARTESIAN_POINT('',(-35.24241160372,67.467247223358,0.));
#4755 = CARTESIAN_POINT('',(-34.84637070372,67.828083363191,0.));
#4756 = CARTESIAN_POINT('',(-34.4497584887,68.182470665675,0.));
#4757 = CARTESIAN_POINT('',(-34.0526587685,68.530452569205,0.));
#4758 = CARTESIAN_POINT('',(-33.65515324968,68.872074753519,0.));
#4759 = CARTESIAN_POINT('',(-33.25732153553,69.207385139696,0.));
#4760 = CARTESIAN_POINT('',(-32.54612921818,69.795248641138,0.));
#4761 = CARTESIAN_POINT('',(-32.23105286341,70.051686079662,0.));
#4762 = CARTESIAN_POINT('',(-31.91402037184,70.305711487674,0.));
#4763 = CARTESIAN_POINT('',(-31.59504053313,70.557290023008,0.));
#4764 = CARTESIAN_POINT('',(-31.27412261648,70.806386719379,0.));
#4765 = CARTESIAN_POINT('',(-30.95127637063,71.052966486389,0.));
#4766 = CARTESIAN_POINT('',(-29.64463815432,72.034773206972,0.));
#4767 = CARTESIAN_POINT('',(-28.64523144725,72.749224255755,0.));
#4768 = CARTESIAN_POINT('',(-27.62859236491,73.439362262697,0.));
#4769 = CARTESIAN_POINT('',(-26.59508689109,74.10417768423,0.));
#4770 = CARTESIAN_POINT('',(-25.54515387588,74.742648025093,0.));
#4771 = CARTESIAN_POINT('',(-24.47931238038,75.353749437011,0.));
#4772 = CARTESIAN_POINT('',(-22.37407225655,76.48844000109,0.));
#4773 = CARTESIAN_POINT('',(-21.3362430052,77.014946857865,0.));
#4774 = CARTESIAN_POINT('',(-20.28520359456,77.515124953704,0.));
#4775 = CARTESIAN_POINT('',(-19.22154216131,77.988122249244,0.));
#4776 = CARTESIAN_POINT('',(-18.14591800601,78.43311090811,0.));
#4777 = CARTESIAN_POINT('',(-17.05906694772,78.849299605252,0.));
#4778 = CARTESIAN_POINT('',(-13.76787783959,80.009029795633,0.));
#4779 = CARTESIAN_POINT('',(-11.53195543691,80.664142674301,0.));
#4780 = CARTESIAN_POINT('',(-9.261078248311,81.195092785634,0.));
#4781 = CARTESIAN_POINT('',(-6.962966570658,81.596916563626,0.));
#4782 = CARTESIAN_POINT('',(-4.646041186595,81.865996212563,0.));
#4783 = CARTESIAN_POINT('',(-2.319465729204,82.000336330933,0.));
#4784 = CARTESIAN_POINT('',(1.651984694696,81.999761297608,0.));
#4785 = CARTESIAN_POINT('',(3.297239764192,81.932161314371,0.));
#4786 = CARTESIAN_POINT('',(4.939123528607,81.797190944803,0.));
#4787 = CARTESIAN_POINT('',(6.574354652823,81.595334522989,0.));
#4788 = CARTESIAN_POINT('',(8.199793316448,81.327511001097,0.));
#4789 = CARTESIAN_POINT('',(9.81243704929,80.995035490106,0.));
#4790 = CARTESIAN_POINT('',(13.223956839819,80.150295893231,0.));
#4791 = CARTESIAN_POINT('',(15.018401469719,79.619677898557,0.));
#4792 = CARTESIAN_POINT('',(16.788623476062,79.010190117787,0.));
#4793 = CARTESIAN_POINT('',(18.531060513817,78.324792463358,0.));
#4794 = CARTESIAN_POINT('',(20.242651266513,77.566786831442,0.));
#4795 = CARTESIAN_POINT('',(21.920784866905,76.739684787077,0.));
#4796 = CARTESIAN_POINT('',(25.490596571735,74.799754905126,0.));
#4797 = CARTESIAN_POINT('',(27.368871700471,73.662230908104,0.));
#4798 = CARTESIAN_POINT('',(29.194727527156,72.440305137132,0.));
#4799 = CARTESIAN_POINT('',(30.965665316601,71.139835399537,0.));
#4800 = CARTESIAN_POINT('',(32.679898337951,69.76656262151,0.));
#4801 = CARTESIAN_POINT('',(34.336232262147,68.325944951443,0.));
#4802 = CARTESIAN_POINT('',(37.929342420864,64.9461221791,0.));
#4803 = CARTESIAN_POINT('',(39.833181804918,62.972196185343,0.));
#4804 = CARTESIAN_POINT('',(41.64437027431,60.910959387822,0.));
#4805 = CARTESIAN_POINT('',(43.362545955479,58.771430679282,0.));
#4806 = CARTESIAN_POINT('',(44.98795884803,56.561826432673,0.));
#4807 = CARTESIAN_POINT('',(46.521322193952,54.289440881495,0.));
#4808 = CARTESIAN_POINT('',(50.097480534764,48.515133941657,0.));
#4809 = CARTESIAN_POINT('',(52.031548108505,44.946899348761,0.));
#4810 = CARTESIAN_POINT('',(53.769653221322,41.275767153927,0.));
#4811 = CARTESIAN_POINT('',(55.315273496598,37.519266156717,0.));
#4812 = CARTESIAN_POINT('',(56.671953643379,33.692700717436,0.));
#4813 = CARTESIAN_POINT('',(57.843070647057,29.809057900659,0.));
#4814 = CARTESIAN_POINT('',(59.742082996977,22.257503814562,0.));
#4815 = CARTESIAN_POINT('',(60.497396005708,18.597341304399,0.));
#4816 = CARTESIAN_POINT('',(61.099545389355,14.906977129625,0.));
#4817 = CARTESIAN_POINT('',(61.550061913056,11.194558986116,0.));
#4818 = CARTESIAN_POINT('',(61.850010688626,7.467803093488,0.));
#4819 = CARTESIAN_POINT('',(62.,3.734000742586,0.));
#4820 = CARTESIAN_POINT('',(62.,0.,0.));
#4821 = PCURVE('',#3050,#4822);
#4822 = DEFINITIONAL_REPRESENTATION('',(#4823),#5006);
#4823 = B_SPLINE_CURVE_WITH_KNOTS('',7,(#4824,#4825,#4826,#4827,#4828,
    #4829,#4830,#4831,#4832,#4833,#4834,#4835,#4836,#4837,#4838,#4839,
    #4840,#4841,#4842,#4843,#4844,#4845,#4846,#4847,#4848,#4849,#4850,
    #4851,#4852,#4853,#4854,#4855,#4856,#4857,#4858,#4859,#4860,#4861,
    #4862,#4863,#4864,#4865,#4866,#4867,#4868,#4869,#4870,#4871,#4872,
    #4873,#4874,#4875,#4876,#4877,#4878,#4879,#4880,#4881,#4882,#4883,
    #4884,#4885,#4886,#4887,#4888,#4889,#4890,#4891,#4892,#4893,#4894,
    #4895,#4896,#4897,#4898,#4899,#4900,#4901,#4902,#4903,#4904,#4905,
    #4906,#4907,#4908,#4909,#4910,#4911,#4912,#4913,#4914,#4915,#4916,
    #4917,#4918,#4919,#4920,#4921,#4922,#4923,#4924,#4925,#4926,#4927,
    #4928,#4929,#4930,#4931,#4932,#4933,#4934,#4935,#4936,#4937,#4938,
    #4939,#4940,#4941,#4942,#4943,#4944,#4945,#4946,#4947,#4948,#4949,
    #4950,#4951,#4952,#4953,#4954,#4955,#4956,#4957,#4958,#4959,#4960,
    #4961,#4962,#4963,#4964,#4965,#4966,#4967,#4968,#4969,#4970,#4971,
    #4972,#4973,#4974,#4975,#4976,#4977,#4978,#4979,#4980,#4981,#4982,
    #4983,#4984,#4985,#4986,#4987,#4988,#4989,#4990,#4991,#4992,#4993,
    #4994,#4995,#4996,#4997,#4998,#4999,#5000,#5001,#5002,#5003,#5004,
    #5005),.UNSPECIFIED.,.T.,.F.,(8,6,6,6,6,6,6,6,6,6,6,6,6,6,6,6,6,6,6,
    6,6,6,6,6,6,6,6,6,6,6,8),(0.,5.914349471685E-02,0.123331151172,
    0.166718653343,0.201460300605,0.21944928887,0.257123058213,
    0.293966540951,0.312393250638,0.329452873717,0.337474829639,
    0.346290001424,0.386988255178,0.418736875766,0.441995637898,
    0.503443544625,0.564891451351,0.588150213484,0.619898834072,
    0.660597087825,0.668610880116,0.67491416391,0.693971150037,
    0.712022593147,0.748115745095,0.773641920907,0.802645519518,
    0.836679121801,0.879182373928,0.942061867084,1.),.UNSPECIFIED.);
#4824 = CARTESIAN_POINT('',(62.,0.));
#4825 = CARTESIAN_POINT('',(62.,-3.734000742589));
#4826 = CARTESIAN_POINT('',(61.850010688627,-7.467803093478));
#4827 = CARTESIAN_POINT('',(61.550061913056,-11.19455898611));
#4828 = CARTESIAN_POINT('',(61.099545389355,-14.90697712962));
#4829 = CARTESIAN_POINT('',(60.497396005709,-18.59734130438));
#4830 = CARTESIAN_POINT('',(59.742082996979,-22.25750381455));
#4831 = CARTESIAN_POINT('',(57.843070647064,-29.80905790063));
#4832 = CARTESIAN_POINT('',(56.671953643368,-33.69270071749));
#4833 = CARTESIAN_POINT('',(55.315273496622,-37.5192661566));
#4834 = CARTESIAN_POINT('',(53.769653221312,-41.27576715399));
#4835 = CARTESIAN_POINT('',(52.031548108519,-44.94689934871));
#4836 = CARTESIAN_POINT('',(50.097480534767,-48.51513394165));
#4837 = CARTESIAN_POINT('',(46.52132219396,-54.28944088148));
#4838 = CARTESIAN_POINT('',(44.987958848033,-56.56182643266));
#4839 = CARTESIAN_POINT('',(43.36254595549,-58.77143067926));
#4840 = CARTESIAN_POINT('',(41.644370274321,-60.9109593878));
#4841 = CARTESIAN_POINT('',(39.833181804922,-62.97219618533));
#4842 = CARTESIAN_POINT('',(37.929342420876,-64.94612217908));
#4843 = CARTESIAN_POINT('',(34.336232262157,-68.32594495143));
#4844 = CARTESIAN_POINT('',(32.679898337961,-69.7665626215));
#4845 = CARTESIAN_POINT('',(30.965665316612,-71.13983539952));
#4846 = CARTESIAN_POINT('',(29.194727527167,-72.44030513712));
#4847 = CARTESIAN_POINT('',(27.368871700482,-73.66223090809));
#4848 = CARTESIAN_POINT('',(25.490596571747,-74.79975490511));
#4849 = CARTESIAN_POINT('',(22.56530670201,-76.38943461399));
#4850 = CARTESIAN_POINT('',(21.554205552812,-76.90757311256));
#4851 = CARTESIAN_POINT('',(20.530441801511,-77.40072863765));
#4852 = CARTESIAN_POINT('',(19.494554930401,-77.86810683074));
#4853 = CARTESIAN_POINT('',(18.447149013931,-78.30893412157));
#4854 = CARTESIAN_POINT('',(17.388897511488,-78.7224685843));
#4855 = CARTESIAN_POINT('',(14.083137583644,-79.91543965222));
#4856 = CARTESIAN_POINT('',(11.801014385013,-80.60024997559));
#4857 = CARTESIAN_POINT('',(9.481609245408,-81.15572190068));
#4858 = CARTESIAN_POINT('',(7.133106149992,-81.57645416434));
#4859 = CARTESIAN_POINT('',(4.764463816415,-81.85849514789));
#4860 = CARTESIAN_POINT('',(2.385464139976,-81.99965509582));
#4861 = CARTESIAN_POINT('',(-2.319465729193,-82.00033633093));
#4862 = CARTESIAN_POINT('',(-4.646041186574,-81.86599621256));
#4863 = CARTESIAN_POINT('',(-6.962966570649,-81.59691656362));
#4864 = CARTESIAN_POINT('',(-9.261078248302,-81.19509278563));
#4865 = CARTESIAN_POINT('',(-11.53195543688,-80.6641426743));
#4866 = CARTESIAN_POINT('',(-13.76787783958,-80.00902979563));
#4867 = CARTESIAN_POINT('',(-17.0590669477,-78.84929960525));
#4868 = CARTESIAN_POINT('',(-18.145918006,-78.43311090811));
#4869 = CARTESIAN_POINT('',(-19.2215421613,-77.98812224924));
#4870 = CARTESIAN_POINT('',(-20.28520359455,-77.51512495371));
#4871 = CARTESIAN_POINT('',(-21.33624300519,-77.01494685787));
#4872 = CARTESIAN_POINT('',(-22.37407225654,-76.48844000109));
#4873 = CARTESIAN_POINT('',(-24.34628754602,-75.42544768303));
#4874 = CARTESIAN_POINT('',(-25.2826385809,-74.89259904108));
#4875 = CARTESIAN_POINT('',(-26.20681256442,-74.33860600496));
#4876 = CARTESIAN_POINT('',(-27.11845193608,-73.76415844235));
#4877 = CARTESIAN_POINT('',(-28.01724727449,-73.16994626987));
#4878 = CARTESIAN_POINT('',(-28.90293343558,-72.55665324759));
#4879 = CARTESIAN_POINT('',(-30.18549237036,-71.62790497265));
#4880 = CARTESIAN_POINT('',(-30.58865995852,-71.32975105399));
#4881 = CARTESIAN_POINT('',(-30.98802173371,-71.02842200802));
#4882 = CARTESIAN_POINT('',(-31.38587455402,-70.72224064148));
#4883 = CARTESIAN_POINT('',(-31.78363775885,-70.41000873388));
#4884 = CARTESIAN_POINT('',(-32.18191161767,-70.09108542016));
#4885 = CARTESIAN_POINT('',(-33.01857518775,-69.40762562626));
#4886 = CARTESIAN_POINT('',(-33.45636074073,-69.04225036884));
#4887 = CARTESIAN_POINT('',(-33.89378996504,-68.66926116441));
#4888 = CARTESIAN_POINT('',(-34.33075775793,-68.28859339087));
#4889 = CARTESIAN_POINT('',(-34.76715593367,-67.90018566709));
#4890 = CARTESIAN_POINT('',(-35.20287322347,-67.50397985291));
#4891 = CARTESIAN_POINT('',(-37.64576159459,-65.23444546571));
#4892 = CARTESIAN_POINT('',(-39.56227890829,-63.27079637368));
#4893 = CARTESIAN_POINT('',(-41.38612141834,-61.21875691525));
#4894 = CARTESIAN_POINT('',(-43.11685772254,-59.08743823245));
#4895 = CARTESIAN_POINT('',(-44.75469083145,-56.88514669078));
#4896 = CARTESIAN_POINT('',(-46.30030450543,-54.61925847216));
#4897 = CARTESIAN_POINT('',(-48.88929913582,-50.48381178765));
#4898 = CARTESIAN_POINT('',(-49.96831930457,-48.63676920108));
#4899 = CARTESIAN_POINT('',(-50.99223795126,-46.75803425481));
#4900 = CARTESIAN_POINT('',(-51.96154592278,-44.85044532862));
#4901 = CARTESIAN_POINT('',(-52.87676115645,-42.91661788525));
#4902 = CARTESIAN_POINT('',(-53.73841817376,-40.95893934516));
#4903 = CARTESIAN_POINT('',(-55.13944538597,-37.52948338401));
#4904 = CARTESIAN_POINT('',(-55.7033749521,-36.06778036317));
#4905 = CARTESIAN_POINT('',(-56.23904361663,-34.59530791621));
#4906 = CARTESIAN_POINT('',(-56.74664808191,-33.11288171318));
#4907 = CARTESIAN_POINT('',(-57.22637572726,-31.62127568314));
#4908 = CARTESIAN_POINT('',(-57.67840420996,-30.12122192626));
#4909 = CARTESIAN_POINT('',(-59.22438995194,-24.62988615388));
#4910 = CARTESIAN_POINT('',(-60.15359505899,-20.59263853658));
#4911 = CARTESIAN_POINT('',(-60.89382910817,-16.51384735343));
#4912 = CARTESIAN_POINT('',(-61.44734786556,-12.40489418278));
#4913 = CARTESIAN_POINT('',(-61.81576277565,-8.276437459199));
#4914 = CARTESIAN_POINT('',(-62.,-4.138411362328));
#4915 = CARTESIAN_POINT('',(-62.,4.138411362313));
#4916 = CARTESIAN_POINT('',(-61.81576277565,8.276437459141));
#4917 = CARTESIAN_POINT('',(-61.44734786556,12.404894182812));
#4918 = CARTESIAN_POINT('',(-60.89382910818,16.513847353366));
#4919 = CARTESIAN_POINT('',(-60.15359505899,20.592638536582));
#4920 = CARTESIAN_POINT('',(-59.22438995195,24.629886153851));
#4921 = CARTESIAN_POINT('',(-57.67840420996,30.121221926244));
#4922 = CARTESIAN_POINT('',(-57.22637572727,31.621275683123));
#4923 = CARTESIAN_POINT('',(-56.74664808192,33.112881713162));
#4924 = CARTESIAN_POINT('',(-56.23904361664,34.595307916194));
#4925 = CARTESIAN_POINT('',(-55.7033749521,36.067780363154));
#4926 = CARTESIAN_POINT('',(-55.13944538598,37.529483383989));
#4927 = CARTESIAN_POINT('',(-53.73841817377,40.958939345141));
#4928 = CARTESIAN_POINT('',(-52.87676115645,42.91661788525));
#4929 = CARTESIAN_POINT('',(-51.9615459228,44.850445328601));
#4930 = CARTESIAN_POINT('',(-50.99223795127,46.758034254784));
#4931 = CARTESIAN_POINT('',(-49.96831930457,48.636769201077));
#4932 = CARTESIAN_POINT('',(-48.88929913583,50.483811787636));
#4933 = CARTESIAN_POINT('',(-46.30030450544,54.61925847215));
#4934 = CARTESIAN_POINT('',(-44.75469083146,56.88514669077));
#4935 = CARTESIAN_POINT('',(-43.11685772256,59.087438232441));
#4936 = CARTESIAN_POINT('',(-41.38612141835,61.218756915242));
#4937 = CARTESIAN_POINT('',(-39.5622789083,63.270796373668));
#4938 = CARTESIAN_POINT('',(-37.6457615946,65.234445465705));
#4939 = CARTESIAN_POINT('',(-35.24241160372,67.467247223358));
#4940 = CARTESIAN_POINT('',(-34.84637070372,67.828083363191));
#4941 = CARTESIAN_POINT('',(-34.4497584887,68.182470665675));
#4942 = CARTESIAN_POINT('',(-34.0526587685,68.530452569205));
#4943 = CARTESIAN_POINT('',(-33.65515324968,68.872074753519));
#4944 = CARTESIAN_POINT('',(-33.25732153553,69.207385139696));
#4945 = CARTESIAN_POINT('',(-32.54612921818,69.795248641138));
#4946 = CARTESIAN_POINT('',(-32.23105286341,70.051686079662));
#4947 = CARTESIAN_POINT('',(-31.91402037184,70.305711487674));
#4948 = CARTESIAN_POINT('',(-31.59504053313,70.557290023008));
#4949 = CARTESIAN_POINT('',(-31.27412261648,70.806386719379));
#4950 = CARTESIAN_POINT('',(-30.95127637063,71.052966486389));
#4951 = CARTESIAN_POINT('',(-29.64463815432,72.034773206972));
#4952 = CARTESIAN_POINT('',(-28.64523144725,72.749224255755));
#4953 = CARTESIAN_POINT('',(-27.62859236491,73.439362262697));
#4954 = CARTESIAN_POINT('',(-26.59508689109,74.10417768423));
#4955 = CARTESIAN_POINT('',(-25.54515387588,74.742648025093));
#4956 = CARTESIAN_POINT('',(-24.47931238038,75.353749437011));
#4957 = CARTESIAN_POINT('',(-22.37407225655,76.48844000109));
#4958 = CARTESIAN_POINT('',(-21.3362430052,77.014946857865));
#4959 = CARTESIAN_POINT('',(-20.28520359456,77.515124953704));
#4960 = CARTESIAN_POINT('',(-19.22154216131,77.988122249244));
#4961 = CARTESIAN_POINT('',(-18.14591800601,78.43311090811));
#4962 = CARTESIAN_POINT('',(-17.05906694772,78.849299605252));
#4963 = CARTESIAN_POINT('',(-13.76787783959,80.009029795633));
#4964 = CARTESIAN_POINT('',(-11.53195543691,80.664142674301));
#4965 = CARTESIAN_POINT('',(-9.261078248311,81.195092785634));
#4966 = CARTESIAN_POINT('',(-6.962966570658,81.596916563626));
#4967 = CARTESIAN_POINT('',(-4.646041186595,81.865996212563));
#4968 = CARTESIAN_POINT('',(-2.319465729204,82.000336330933));
#4969 = CARTESIAN_POINT('',(1.651984694696,81.999761297608));
#4970 = CARTESIAN_POINT('',(3.297239764192,81.932161314371));
#4971 = CARTESIAN_POINT('',(4.939123528607,81.797190944803));
#4972 = CARTESIAN_POINT('',(6.574354652823,81.595334522989));
#4973 = CARTESIAN_POINT('',(8.199793316448,81.327511001097));
#4974 = CARTESIAN_POINT('',(9.81243704929,80.995035490106));
#4975 = CARTESIAN_POINT('',(13.223956839819,80.150295893231));
#4976 = CARTESIAN_POINT('',(15.018401469719,79.619677898557));
#4977 = CARTESIAN_POINT('',(16.788623476062,79.010190117787));
#4978 = CARTESIAN_POINT('',(18.531060513817,78.324792463358));
#4979 = CARTESIAN_POINT('',(20.242651266513,77.566786831442));
#4980 = CARTESIAN_POINT('',(21.920784866905,76.739684787077));
#4981 = CARTESIAN_POINT('',(25.490596571735,74.799754905126));
#4982 = CARTESIAN_POINT('',(27.368871700471,73.662230908104));
#4983 = CARTESIAN_POINT('',(29.194727527156,72.440305137132));
#4984 = CARTESIAN_POINT('',(30.965665316601,71.139835399537));
#4985 = CARTESIAN_POINT('',(32.679898337951,69.76656262151));
#4986 = CARTESIAN_POINT('',(34.336232262147,68.325944951443));
#4987 = CARTESIAN_POINT('',(37.929342420864,64.9461221791));
#4988 = CARTESIAN_POINT('',(39.833181804918,62.972196185343));
#4989 = CARTESIAN_POINT('',(41.64437027431,60.910959387822));
#4990 = CARTESIAN_POINT('',(43.362545955479,58.771430679282));
#4991 = CARTESIAN_POINT('',(44.98795884803,56.561826432673));
#4992 = CARTESIAN_POINT('',(46.521322193952,54.289440881495));
#4993 = CARTESIAN_POINT('',(50.097480534764,48.515133941657));
#4994 = CARTESIAN_POINT('',(52.031548108505,44.946899348761));
#4995 = CARTESIAN_POINT('',(53.769653221322,41.275767153927));
#4996 = CARTESIAN_POINT('',(55.315273496598,37.519266156717));
#4997 = CARTESIAN_POINT('',(56.671953643379,33.692700717436));
#4998 = CARTESIAN_POINT('',(57.843070647057,29.809057900659));
#4999 = CARTESIAN_POINT('',(59.742082996977,22.257503814562));
#5000 = CARTESIAN_POINT('',(60.497396005708,18.597341304399));
#5001 = CARTESIAN_POINT('',(61.099545389355,14.906977129625));
#5002 = CARTESIAN_POINT('',(61.550061913056,11.194558986116));
#5003 = CARTESIAN_POINT('',(61.850010688626,7.467803093488));
#5004 = CARTESIAN_POINT('',(62.,3.734000742586));
#5005 = CARTESIAN_POINT('',(62.,0.));
#5006 = ( GEOMETRIC_REPRESENTATION_CONTEXT(2) 
PARAMETRIC_REPRESENTATION_CONTEXT() REPRESENTATION_CONTEXT('2D SPACE',''
  ) );
#5007 = PCURVE('',#4198,#5008);
#5008 = DEFINITIONAL_REPRESENTATION('',(#5009),#5192);
#5009 = B_SPLINE_CURVE_WITH_KNOTS('',7,(#5010,#5011,#5012,#5013,#5014,
    #5015,#5016,#5017,#5018,#5019,#5020,#5021,#5022,#5023,#5024,#5025,
    #5026,#5027,#5028,#5029,#5030,#5031,#5032,#5033,#5034,#5035,#5036,
    #5037,#5038,#5039,#5040,#5041,#5042,#5043,#5044,#5045,#5046,#5047,
    #5048,#5049,#5050,#5051,#5052,#5053,#5054,#5055,#5056,#5057,#5058,
    #5059,#5060,#5061,#5062,#5063,#5064,#5065,#5066,#5067,#5068,#5069,
    #5070,#5071,#5072,#5073,#5074,#5075,#5076,#5077,#5078,#5079,#5080,
    #5081,#5082,#5083,#5084,#5085,#5086,#5087,#5088,#5089,#5090,#5091,
    #5092,#5093,#5094,#5095,#5096,#5097,#5098,#5099,#5100,#5101,#5102,
    #5103,#5104,#5105,#5106,#5107,#5108,#5109,#5110,#5111,#5112,#5113,
    #5114,#5115,#5116,#5117,#5118,#5119,#5120,#5121,#5122,#5123,#5124,
    #5125,#5126,#5127,#5128,#5129,#5130,#5131,#5132,#5133,#5134,#5135,
    #5136,#5137,#5138,#5139,#5140,#5141,#5142,#5143,#5144,#5145,#5146,
    #5147,#5148,#5149,#5150,#5151,#5152,#5153,#5154,#5155,#5156,#5157,
    #5158,#5159,#5160,#5161,#5162,#5163,#5164,#5165,#5166,#5167,#5168,
    #5169,#5170,#5171,#5172,#5173,#5174,#5175,#5176,#5177,#5178,#5179,
    #5180,#5181,#5182,#5183,#5184,#5185,#5186,#5187,#5188,#5189,#5190,
    #5191),.UNSPECIFIED.,.F.,.F.,(8,6,6,6,6,6,6,6,6,6,6,6,6,6,6,6,6,6,6,
    6,6,6,6,6,6,6,6,6,6,6,8),(0.,5.914349471685E-02,0.123331151172,
    0.166718653343,0.201460300605,0.21944928887,0.257123058213,
    0.293966540951,0.312393250638,0.329452873717,0.337474829639,
    0.346290001424,0.386988255178,0.418736875766,0.441995637898,
    0.503443544625,0.564891451351,0.588150213484,0.619898834072,
    0.660597087825,0.668610880116,0.67491416391,0.693971150037,
    0.712022593147,0.748115745095,0.773641920907,0.802645519518,
    0.836679121801,0.879182373928,0.942061867084,1.),.UNSPECIFIED.);
#5010 = CARTESIAN_POINT('',(6.28318530718,1.183291357832E-30));
#5011 = CARTESIAN_POINT('',(6.228122476505,1.151927101081E-30));
#5012 = CARTESIAN_POINT('',(6.174751410014,1.075293520106E-18));
#5013 = CARTESIAN_POINT('',(6.122800165424,-1.70010355165E-18));
#5014 = CARTESIAN_POINT('',(6.072043677533,-3.729365808958E-19));
#5015 = CARTESIAN_POINT('',(6.022285350823,2.655704616864E-18));
#5016 = CARTESIAN_POINT('',(5.97334365803,-1.894601563496E-18));
#5017 = CARTESIAN_POINT('',(5.872624484355,2.056186142861E-18));
#5018 = CARTESIAN_POINT('',(5.820972357414,-9.195995392183E-18));
#5019 = CARTESIAN_POINT('',(5.769856729661,1.939751213662E-17));
#5020 = CARTESIAN_POINT('',(5.719079966378,-2.335383224132E-17));
#5021 = CARTESIAN_POINT('',(5.66845565815,1.625750231912E-17));
#5022 = CARTESIAN_POINT('',(5.617798264413,-5.58358032693E-18));
#5023 = CARTESIAN_POINT('',(5.532499089711,3.774208577378E-18));
#5024 = CARTESIAN_POINT('',(5.497992826377,-2.364458622383E-18));
#5025 = CARTESIAN_POINT('',(5.463321926514,-3.8299586721E-18));
#5026 = CARTESIAN_POINT('',(5.428429111653,2.338529537535E-18));
#5027 = CARTESIAN_POINT('',(5.393258626301,4.980115073787E-18));
#5028 = CARTESIAN_POINT('',(5.35775424565,-5.03451138229E-18));
#5029 = CARTESIAN_POINT('',(5.293114741143,4.031281125468E-18));
#5030 = CARTESIAN_POINT('',(5.264121952295,-5.341466898858E-18));
#5031 = CARTESIAN_POINT('',(5.234851591493,2.946524490108E-19));
#5032 = CARTESIAN_POINT('',(5.205278068671,3.518511903224E-18));
#5033 = CARTESIAN_POINT('',(5.175377544907,-1.503287790314E-18));
#5034 = CARTESIAN_POINT('',(5.145128402356,-5.734788199644E-19));
#5035 = CARTESIAN_POINT('',(5.098660310457,2.969434259876E-19));
#5036 = CARTESIAN_POINT('',(5.082709698696,-3.98823457992E-19));
#5037 = CARTESIAN_POINT('',(5.066658741841,-2.08524000905E-19));
#5038 = CARTESIAN_POINT('',(5.050505393291,4.188974780542E-19));
#5039 = CARTESIAN_POINT('',(5.034247905062,3.487453894254E-19));
#5040 = CARTESIAN_POINT('',(5.017884910089,-5.974574265561E-19));
#5041 = CARTESIAN_POINT('',(4.966924149156,1.251236197887E-18));
#5042 = CARTESIAN_POINT('',(4.9319595832,-1.760185229507E-18));
#5043 = CARTESIAN_POINT('',(4.896522306927,2.523882768888E-19));
#5044 = CARTESIAN_POINT('',(4.860611569868,1.128268112263E-18));
#5045 = CARTESIAN_POINT('',(4.824227935435,-7.17517206956E-19));
#5046 = CARTESIAN_POINT('',(4.787378975116,-1.589113336417E-22));
#5047 = CARTESIAN_POINT('',(4.713619057567,1.554091127555E-22));
#5048 = CARTESIAN_POINT('',(4.676717504205,5.860861466596E-19));
#5049 = CARTESIAN_POINT('',(4.639404683938,-9.087779590756E-19));
#5050 = CARTESIAN_POINT('',(4.601691076336,-2.147337101023E-19));
#5051 = CARTESIAN_POINT('',(4.563581696221,1.412294274651E-18));
#5052 = CARTESIAN_POINT('',(4.525080559784,-9.914414517787E-19));
#5053 = CARTESIAN_POINT('',(4.466745940313,4.958544210885E-19));
#5054 = CARTESIAN_POINT('',(4.447199564442,-2.369910695182E-19));
#5055 = CARTESIAN_POINT('',(4.427554811475,-3.466020038831E-19));
#5056 = CARTESIAN_POINT('',(4.407810695203,1.010478327455E-19));
#5057 = CARTESIAN_POINT('',(4.38796566905,2.954478153476E-19));
#5058 = CARTESIAN_POINT('',(4.368017681672,-1.450781074575E-19));
#5059 = CARTESIAN_POINT('',(4.329398558667,1.343146916731E-19));
#5060 = CARTESIAN_POINT('',(4.310742432984,-1.778036985795E-19));
#5061 = CARTESIAN_POINT('',(4.291993762943,-9.424634775244E-20));
#5062 = CARTESIAN_POINT('',(4.273150042411,1.859449257992E-19));
#5063 = CARTESIAN_POINT('',(4.254208353029,1.5597554432E-19));
#5064 = CARTESIAN_POINT('',(4.235165365539,-2.653039473863E-19));
#5065 = CARTESIAN_POINT('',(4.207013355085,1.247540207818E-19));
#5066 = CARTESIAN_POINT('',(4.198110114954,-1.101140699264E-16));
#5067 = CARTESIAN_POINT('',(4.18908986704,7.357853172283E-17));
#5068 = CARTESIAN_POINT('',(4.180082268631,1.838735087701E-16));
#5069 = CARTESIAN_POINT('',(4.171141862585,1.045445726453E-16));
#5070 = CARTESIAN_POINT('',(4.162170611011,1.07898138841E-16));
#5071 = CARTESIAN_POINT('',(4.143311910678,1.05816589848E-16));
#5072 = CARTESIAN_POINT('',(4.133438333578,1.055376416045E-16));
#5073 = CARTESIAN_POINT('',(4.123564756878,1.054479752828E-16));
#5074 = CARTESIAN_POINT('',(4.113691180507,1.051769949922E-16));
#5075 = CARTESIAN_POINT('',(4.103817604196,1.046050853296E-16));
#5076 = CARTESIAN_POINT('',(4.093944027473,1.038636113797E-16));
#5077 = CARTESIAN_POINT('',(4.038485702731,1.00894028308E-16));
#5078 = CARTESIAN_POINT('',(3.994592188011,9.638650951076E-17));
#5079 = CARTESIAN_POINT('',(3.952213781855,1.005682402232E-16));
#5080 = CARTESIAN_POINT('',(3.911198456296,9.535467574279E-17));
#5081 = CARTESIAN_POINT('',(3.87141173631,8.651665561223E-17));
#5082 = CARTESIAN_POINT('',(3.832731471974,9.532795440207E-17));
#5083 = CARTESIAN_POINT('',(3.765643951278,8.435653847214E-17));
#5084 = CARTESIAN_POINT('',(3.736849686534,9.151267230238E-17));
#5085 = CARTESIAN_POINT('',(3.708607827949,8.46606433226E-17));
#5086 = CARTESIAN_POINT('',(3.680870664823,8.104278160493E-17));
#5087 = CARTESIAN_POINT('',(3.653594583636,8.514880456121E-17));
#5088 = CARTESIAN_POINT('',(3.626738923278,8.221685943272E-17));
#5089 = CARTESIAN_POINT('',(3.580870748668,8.046005722511E-17));
#5090 = CARTESIAN_POINT('',(3.561681551497,7.988227021885E-17));
#5091 = CARTESIAN_POINT('',(3.542682602313,7.924905395297E-17));
#5092 = CARTESIAN_POINT('',(3.523859838142,7.858941145699E-17));
#5093 = CARTESIAN_POINT('',(3.505199948813,7.801700850329E-17));
#5094 = CARTESIAN_POINT('',(3.48669020555,7.756536269317E-17));
#5095 = CARTESIAN_POINT('',(3.419781064172,7.559023692393E-17));
#5096 = CARTESIAN_POINT('',(3.372211005976,7.489762950786E-17));
#5097 = CARTESIAN_POINT('',(3.325373912982,7.337731955117E-17));
#5098 = CARTESIAN_POINT('',(3.279073342936,7.328238200486E-17));
#5099 = CARTESIAN_POINT('',(3.233127997146,7.258543296445E-17));
#5100 = CARTESIAN_POINT('',(3.187362457845,7.2387193299E-17));
#5101 = CARTESIAN_POINT('',(3.095822849334,7.2387193299E-17));
#5102 = CARTESIAN_POINT('',(3.050057310035,7.208788245772E-17));
#5103 = CARTESIAN_POINT('',(3.004111964243,7.456268327349E-17));
#5104 = CARTESIAN_POINT('',(2.957811394198,7.132041500028E-17));
#5105 = CARTESIAN_POINT('',(2.910974301203,7.629191900424E-17));
#5106 = CARTESIAN_POINT('',(2.863404243008,7.488203810802E-17));
#5107 = CARTESIAN_POINT('',(2.79649510163,7.759970896705E-17));
#5108 = CARTESIAN_POINT('',(2.777985358366,7.777607059473E-17));
#5109 = CARTESIAN_POINT('',(2.759325469038,7.824741203548E-17));
#5110 = CARTESIAN_POINT('',(2.740502704867,7.902578700002E-17));
#5111 = CARTESIAN_POINT('',(2.721503755683,7.976793555366E-17));
#5112 = CARTESIAN_POINT('',(2.702314558512,8.027275317027E-17));
#5113 = CARTESIAN_POINT('',(2.656446383902,8.194247127083E-17));
#5114 = CARTESIAN_POINT('',(2.629590723544,8.298249650702E-17));
#5115 = CARTESIAN_POINT('',(2.602314642357,8.383926318506E-17));
#5116 = CARTESIAN_POINT('',(2.574577479231,8.509767248131E-17));
#5117 = CARTESIAN_POINT('',(2.546335620645,8.652187571961E-17));
#5118 = CARTESIAN_POINT('',(2.517541355902,8.739751204735E-17));
#5119 = CARTESIAN_POINT('',(2.450453835205,9.078359806658E-17));
#5120 = CARTESIAN_POINT('',(2.41177357087,9.495698350495E-17));
#5121 = CARTESIAN_POINT('',(2.371986850884,8.992979668334E-17));
#5122 = CARTESIAN_POINT('',(2.330971525325,9.540024807896E-17));
#5123 = CARTESIAN_POINT('',(2.288593119169,1.05122164808E-16));
#5124 = CARTESIAN_POINT('',(2.244699604449,9.594549856929E-17));
#5125 = CARTESIAN_POINT('',(2.190138877959,1.044030907597E-16));
#5126 = CARTESIAN_POINT('',(2.181162899056,1.044779016708E-16));
#5127 = CARTESIAN_POINT('',(2.172186920408,1.042588951696E-16));
#5128 = CARTESIAN_POINT('',(2.163210941733,1.04350418434E-16));
#5129 = CARTESIAN_POINT('',(2.154234962863,1.049384055118E-16));
#5130 = CARTESIAN_POINT('',(2.145258983746,1.057903773202E-16));
#5131 = CARTESIAN_POINT('',(2.129222908193,1.0662124005E-16));
#5132 = CARTESIAN_POINT('',(2.122134449684,1.067502018392E-16));
#5133 = CARTESIAN_POINT('',(2.114994249083,1.07080631504E-16));
#5134 = CARTESIAN_POINT('',(2.107795186354,1.07737295301E-16));
#5135 = CARTESIAN_POINT('',(2.100546401256,1.085314212526E-16));
#5136 = CARTESIAN_POINT('',(2.093273293349,1.089606991474E-16));
#5137 = CARTESIAN_POINT('',(2.064080839652,1.059374846887E-16));
#5138 = CARTESIAN_POINT('',(2.04228425438,7.866882281849E-17));
#5139 = CARTESIAN_POINT('',(2.020621880857,1.028347599391E-16));
#5140 = CARTESIAN_POINT('',(1.999088528419,1.414104783956E-16));
#5141 = CARTESIAN_POINT('',(1.977679699333,1.288266217102E-16));
#5142 = CARTESIAN_POINT('',(1.956391587076,5.588103842449E-17));
#5143 = CARTESIAN_POINT('',(1.915167625508,5.348494152324E-17));
#5144 = CARTESIAN_POINT('',(1.89521963813,5.284263966991E-17));
#5145 = CARTESIAN_POINT('',(1.875374611976,5.17238203858E-17));
#5146 = CARTESIAN_POINT('',(1.855630495705,5.039439442505E-17));
#5147 = CARTESIAN_POINT('',(1.835985742738,4.948072251143E-17));
#5148 = CARTESIAN_POINT('',(1.816439366866,4.906435455827E-17));
#5149 = CARTESIAN_POINT('',(1.758104747396,4.520229188148E-17));
#5150 = CARTESIAN_POINT('',(1.719603610959,4.50904066092E-17));
#5151 = CARTESIAN_POINT('',(1.681494230844,4.219728463249E-17));
#5152 = CARTESIAN_POINT('',(1.643780623242,4.005844643005E-17));
#5153 = CARTESIAN_POINT('',(1.606467802975,3.955879411073E-17));
#5154 = CARTESIAN_POINT('',(1.569566249613,3.76627801314E-17));
#5155 = CARTESIAN_POINT('',(1.507305203441,3.53442449098E-17));
#5156 = CARTESIAN_POINT('',(1.481726100469,3.412250017816E-17));
#5157 = CARTESIAN_POINT('',(1.456365999192,3.403213568038E-17));
#5158 = CARTESIAN_POINT('',(1.431228310334,3.28692770522E-17));
#5159 = CARTESIAN_POINT('',(1.406315028675,3.12814481081E-17));
#5160 = CARTESIAN_POINT('',(1.381627691119,3.183205966866E-17));
#5161 = CARTESIAN_POINT('',(1.329376229244,2.937410770583E-17));
#5162 = CARTESIAN_POINT('',(1.301876429991,2.983069806814E-17));
#5163 = CARTESIAN_POINT('',(1.274669982646,2.910092287375E-17));
#5164 = CARTESIAN_POINT('',(1.247753410936,2.781035978543E-17));
#5165 = CARTESIAN_POINT('',(1.221120444983,2.738852328163E-17));
#5166 = CARTESIAN_POINT('',(1.194763195739,2.799894336843E-17));
#5167 = CARTESIAN_POINT('',(1.138056904823,2.620005338749E-17));
#5168 = CARTESIAN_POINT('',(1.107807762273,2.915529355661E-17));
#5169 = CARTESIAN_POINT('',(1.077907238509,2.374705151519E-17));
#5170 = CARTESIAN_POINT('',(1.048333715687,2.524946868965E-17));
#5171 = CARTESIAN_POINT('',(1.019063354885,3.085416691472E-17));
#5172 = CARTESIAN_POINT('',(0.990070566037,2.373034263909E-17));
#5173 = CARTESIAN_POINT('',(0.92543106153,3.061458321226E-17));
#5174 = CARTESIAN_POINT('',(0.889926680879,2.277416285303E-17));
#5175 = CARTESIAN_POINT('',(0.854756195527,2.808362862451E-17));
#5176 = CARTESIAN_POINT('',(0.819863380665,3.168990115847E-17));
#5177 = CARTESIAN_POINT('',(0.785192480803,2.819039994929E-17));
#5178 = CARTESIAN_POINT('',(0.750686217469,2.944319092693E-17));
#5179 = CARTESIAN_POINT('',(0.665387042766,3.347762047386E-17));
#5180 = CARTESIAN_POINT('',(0.61472964903,3.128607038003E-17));
#5181 = CARTESIAN_POINT('',(0.564105340801,3.929180296067E-17));
#5182 = CARTESIAN_POINT('',(0.51332857752,3.545301724755E-17));
#5183 = CARTESIAN_POINT('',(0.462212949765,4.061268395509E-17));
#5184 = CARTESIAN_POINT('',(0.410560822825,4.217738529348E-17));
#5185 = CARTESIAN_POINT('',(0.30984164915,4.68495764409E-17));
#5186 = CARTESIAN_POINT('',(0.260899956357,3.404025014671E-17));
#5187 = CARTESIAN_POINT('',(0.211141629647,8.067421845743E-17));
#5188 = CARTESIAN_POINT('',(0.160385141755,7.069621999795E-17));
#5189 = CARTESIAN_POINT('',(0.108433897166,3.917966549021E-18));
#5190 = CARTESIAN_POINT('',(5.506283067441E-02,7.681213046182E-31));
#5191 = CARTESIAN_POINT('',(0.,7.88860905221E-31));
#5192 = ( GEOMETRIC_REPRESENTATION_CONTEXT(2) 
PARAMETRIC_REPRESENTATION_CONTEXT() REPRESENTATION_CONTEXT('2D SPACE',''
  ) );
#5193 = ORIENTED_EDGE('',*,*,#5194,.T.);
#5194 = EDGE_CURVE('',#4635,#1981,#5195,.T.);
#5195 = SURFACE_CURVE('',#5196,(#5200,#5206),.PCURVE_S1.);
#5196 = LINE('',#5197,#5198);
#5197 = CARTESIAN_POINT('',(0.,45.,0.));
#5198 = VECTOR('',#5199,1.);
#5199 = DIRECTION('',(-1.,0.,0.));
#5200 = PCURVE('',#3050,#5201);
#5201 = DEFINITIONAL_REPRESENTATION('',(#5202),#5205);
#5202 = B_SPLINE_CURVE_WITH_KNOTS('',1,(#5203,#5204),.UNSPECIFIED.,.F.,
  .F.,(2,2),(-55.14399313552,55.144278387209),.PIECEWISE_BEZIER_KNOTS.);
#5203 = CARTESIAN_POINT('',(55.143993135523,45.));
#5204 = CARTESIAN_POINT('',(-55.1442783872,45.));
#5205 = ( GEOMETRIC_REPRESENTATION_CONTEXT(2) 
PARAMETRIC_REPRESENTATION_CONTEXT() REPRESENTATION_CONTEXT('2D SPACE',''
  ) );
#5206 = PCURVE('',#2392,#5207);
#5207 = DEFINITIONAL_REPRESENTATION('',(#5208),#5211);
#5208 = B_SPLINE_CURVE_WITH_KNOTS('',1,(#5209,#5210),.UNSPECIFIED.,.F.,
  .F.,(2,2),(-55.14399313552,55.144278387209),.PIECEWISE_BEZIER_KNOTS.);
#5209 = CARTESIAN_POINT('',(0.,55.143993135523));
#5210 = CARTESIAN_POINT('',(0.,-55.1442783872));
#5211 = ( GEOMETRIC_REPRESENTATION_CONTEXT(2) 
PARAMETRIC_REPRESENTATION_CONTEXT() REPRESENTATION_CONTEXT('2D SPACE',''
  ) );
#5212 = ADVANCED_FACE('',(#5213),#2392,.F.);
#5213 = FACE_BOUND('',#5214,.F.);
#5214 = EDGE_LOOP('',(#5215,#5236,#5237,#5238));
#5215 = ORIENTED_EDGE('',*,*,#5216,.F.);
#5216 = EDGE_CURVE('',#1305,#5217,#5219,.T.);
#5217 = VERTEX_POINT('',#5218);
#5218 = CARTESIAN_POINT('',(51.829922490227,45.,-4.475931732773E-15));
#5219 = SURFACE_CURVE('',#5220,(#5224,#5230),.PCURVE_S1.);
#5220 = LINE('',#5221,#5222);
#5221 = CARTESIAN_POINT('',(0.,45.,0.));
#5222 = VECTOR('',#5223,1.);
#5223 = DIRECTION('',(-1.,0.,0.));
#5224 = PCURVE('',#2392,#5225);
#5225 = DEFINITIONAL_REPRESENTATION('',(#5226),#5229);
#5226 = B_SPLINE_CURVE_WITH_KNOTS('',1,(#5227,#5228),.UNSPECIFIED.,.F.,
  .F.,(2,2),(-55.14399313552,55.144278387209),.PIECEWISE_BEZIER_KNOTS.);
#5227 = CARTESIAN_POINT('',(0.,55.143993135523));
#5228 = CARTESIAN_POINT('',(0.,-55.1442783872));
#5229 = ( GEOMETRIC_REPRESENTATION_CONTEXT(2) 
PARAMETRIC_REPRESENTATION_CONTEXT() REPRESENTATION_CONTEXT('2D SPACE',''
  ) );
#5230 = PCURVE('',#1752,#5231);
#5231 = DEFINITIONAL_REPRESENTATION('',(#5232),#5235);
#5232 = B_SPLINE_CURVE_WITH_KNOTS('',1,(#5233,#5234),.UNSPECIFIED.,.F.,
  .F.,(2,2),(-55.14399313552,55.144278387209),.PIECEWISE_BEZIER_KNOTS.);
#5233 = CARTESIAN_POINT('',(55.143993135523,45.));
#5234 = CARTESIAN_POINT('',(-55.1442783872,45.));
#5235 = ( GEOMETRIC_REPRESENTATION_CONTEXT(2) 
PARAMETRIC_REPRESENTATION_CONTEXT() REPRESENTATION_CONTEXT('2D SPACE',''
  ) );
#5236 = ORIENTED_EDGE('',*,*,#1980,.T.);
#5237 = ORIENTED_EDGE('',*,*,#5194,.F.);
#5238 = ORIENTED_EDGE('',*,*,#5239,.F.);
#5239 = EDGE_CURVE('',#5217,#4635,#5240,.T.);
#5240 = SURFACE_CURVE('',#5241,(#5430,#5622),.PCURVE_S1.);
#5241 = B_SPLINE_CURVE_WITH_KNOTS('',8,(#5242,#5243,#5244,#5245,#5246,
    #5247,#5248,#5249,#5250,#5251,#5252,#5253,#5254,#5255,#5256,#5257,
    #5258,#5259,#5260,#5261,#5262,#5263,#5264,#5265,#5266,#5267,#5268,
    #5269,#5270,#5271,#5272,#5273,#5274,#5275,#5276,#5277,#5278,#5279,
    #5280,#5281,#5282,#5283,#5284,#5285,#5286,#5287,#5288,#5289,#5290,
    #5291,#5292,#5293,#5294,#5295,#5296,#5297,#5298,#5299,#5300,#5301,
    #5302,#5303,#5304,#5305,#5306,#5307,#5308,#5309,#5310,#5311,#5312,
    #5313,#5314,#5315,#5316,#5317,#5318,#5319,#5320,#5321,#5322,#5323,
    #5324,#5325,#5326,#5327,#5328,#5329,#5330,#5331,#5332,#5333,#5334,
    #5335,#5336,#5337,#5338,#5339,#5340,#5341,#5342,#5343,#5344,#5345,
    #5346,#5347,#5348,#5349,#5350,#5351,#5352,#5353,#5354,#5355,#5356,
    #5357,#5358,#5359,#5360,#5361,#5362,#5363,#5364,#5365,#5366,#5367,
    #5368,#5369,#5370,#5371,#5372,#5373,#5374,#5375,#5376,#5377,#5378,
    #5379,#5380,#5381,#5382,#5383,#5384,#5385,#5386,#5387,#5388,#5389,
    #5390,#5391,#5392,#5393,#5394,#5395,#5396,#5397,#5398,#5399,#5400,
    #5401,#5402,#5403,#5404,#5405,#5406,#5407,#5408,#5409,#5410,#5411,
    #5412,#5413,#5414,#5415,#5416,#5417,#5418,#5419,#5420,#5421,#5422,
    #5423,#5424,#5425,#5426,#5427,#5428,#5429),.UNSPECIFIED.,.T.,.F.,(9,
    7,7,7,7,7,7,7,7,7,7,7,7,8,8,7,7,7,7,7,7,7,7,8,8,7,9),(0.,
    4.774627963093E-02,6.504366405702E-02,9.59639370784E-02,
    9.754244967418E-02,0.128630692995,0.146682053761,0.166992556648,
    0.180755821131,0.190456900357,0.214474985969,0.22989506868,
    0.237875413373,0.242169236013,0.289915515644,0.337661795275,
    0.40723146802,0.46878062174,0.578657936747,0.58471512472,
    0.689842896966,0.751370554544,0.820611897705,0.868010410834,
    0.915756690465,0.963502970096,1.),.UNSPECIFIED.);
#5242 = CARTESIAN_POINT('',(13.876310119988,45.,-43.896981254));
#5243 = CARTESIAN_POINT('',(17.64384321579,45.,-42.97673061015));
#5244 = CARTESIAN_POINT('',(21.339287958685,45.,-41.76649232886));
#5245 = CARTESIAN_POINT('',(24.937453636163,45.,-40.26721783074));
#5246 = CARTESIAN_POINT('',(28.409156445462,45.,-38.48044376461));
#5247 = CARTESIAN_POINT('',(31.722113674931,45.,-36.41001903916));
#5248 = CARTESIAN_POINT('',(34.841553470385,45.,-34.063165593));
#5249 = CARTESIAN_POINT('',(37.730747404203,45.,-31.4514316703));
#5250 = CARTESIAN_POINT('',(41.301988090487,45.,-27.55701942449));
#5251 = CARTESIAN_POINT('',(42.216477694779,45.,-26.4890466279));
#5252 = CARTESIAN_POINT('',(43.09392039905,45.,-25.38967868431));
#5253 = CARTESIAN_POINT('',(43.932490757978,45.,-24.25996143481));
#5254 = CARTESIAN_POINT('',(44.730371569804,45.,-23.10107812383));
#5255 = CARTESIAN_POINT('',(45.485771767305,45.,-21.91436207594));
#5256 = CARTESIAN_POINT('',(46.196948253497,45.,-20.7013120959));
#5257 = CARTESIAN_POINT('',(48.051472329644,45.,-17.25113317148));
#5258 = CARTESIAN_POINT('',(49.09444072795,45.,-14.95918572922));
#5259 = CARTESIAN_POINT('',(49.981012037957,45.,-12.59810453285));
#5260 = CARTESIAN_POINT('',(50.702599436792,45.,-10.17933756173));
#5261 = CARTESIAN_POINT('',(51.252231468849,45.,-7.715454191416));
#5262 = CARTESIAN_POINT('',(51.624721757936,45.,-5.220181054897));
#5263 = CARTESIAN_POINT('',(51.817095719435,45.,-2.708496271614));
#5264 = CARTESIAN_POINT('',(51.830068867172,45.,-6.862835163368E-02));
#5265 = CARTESIAN_POINT('',(51.830229920246,45.,5.955969728698E-02));
#5266 = CARTESIAN_POINT('',(51.829922053795,45.,0.187748030224));
#5267 = CARTESIAN_POINT('',(51.829145268006,45.,0.315934728028));
#5268 = CARTESIAN_POINT('',(51.827899580115,45.,0.444117833277));
#5269 = CARTESIAN_POINT('',(51.826185024407,45.,0.572295350286));
#5270 = CARTESIAN_POINT('',(51.824001652216,45.,0.700465245097));
#5271 = CARTESIAN_POINT('',(51.769093930379,45.,3.353819801638));
#5272 = CARTESIAN_POINT('',(51.534839570666,45.,5.876136112027));
#5273 = CARTESIAN_POINT('',(51.118929562509,45.,8.37890685136));
#5274 = CARTESIAN_POINT('',(50.524803213359,45.,10.847020202922));
#5275 = CARTESIAN_POINT('',(49.758106334103,45.,13.266710399386));
#5276 = CARTESIAN_POINT('',(48.826241641009,45.,15.625450066369));
#5277 = CARTESIAN_POINT('',(47.738181176221,45.,17.911906200552));
#5278 = CARTESIAN_POINT('',(45.787947329487,45.,21.395680737087));
#5279 = CARTESIAN_POINT('',(45.022260475527,45.,22.647875173826));
#5280 = CARTESIAN_POINT('',(44.209229427526,45.,23.870654467386));
#5281 = CARTESIAN_POINT('',(43.35085970526,45.,25.062383965122));
#5282 = CARTESIAN_POINT('',(42.449204366744,45.,26.221622071795));
#5283 = CARTESIAN_POINT('',(41.506338062943,45.,27.347101100662));
#5284 = CARTESIAN_POINT('',(40.52433580846,45.,28.43771152265));
#5285 = CARTESIAN_POINT('',(38.35863857982,45.,30.679273978769));
#5286 = CARTESIAN_POINT('',(37.165083699357,45.,31.82069378193));
#5287 = CARTESIAN_POINT('',(35.927506835929,45.,32.915394847301));
#5288 = CARTESIAN_POINT('',(34.648792040997,45.,33.962247437891));
#5289 = CARTESIAN_POINT('',(33.331769547882,45.,34.960317664297));
#5290 = CARTESIAN_POINT('',(31.979195097355,45.,35.908841501072));
#5291 = CARTESIAN_POINT('',(30.593731449328,45.,36.8072014107));
#5292 = CARTESIAN_POINT('',(28.218525089074,45.,38.229346596162));
#5293 = CARTESIAN_POINT('',(27.245196130763,45.,38.780521448395));
#5294 = CARTESIAN_POINT('',(26.258742947728,45.,39.30827582446));
#5295 = CARTESIAN_POINT('',(25.259947862748,45.,39.812477509241));
#5296 = CARTESIAN_POINT('',(24.249576738864,45.,40.293014285965));
#5297 = CARTESIAN_POINT('',(23.228377938884,45.,40.749791842258));
#5298 = CARTESIAN_POINT('',(22.197081284911,45.,41.182731676197));
#5299 = CARTESIAN_POINT('',(20.422872304786,45.,41.880078481344));
#5300 = CARTESIAN_POINT('',(19.684685342095,45.,42.156511876614));
#5301 = CARTESIAN_POINT('',(18.942085871214,45.,42.421046731328));
#5302 = CARTESIAN_POINT('',(18.19532016351,45.,42.673662992585));
#5303 = CARTESIAN_POINT('',(17.444631020289,45.,42.914343011435));
#5304 = CARTESIAN_POINT('',(16.690257772793,45.,43.143071542877));
#5305 = CARTESIAN_POINT('',(15.932436282203,45.,43.359835745861));
#5306 = CARTESIAN_POINT('',(13.287191050696,45.,44.07165101501));
#5307 = CARTESIAN_POINT('',(11.383316000404,45.,44.505259502885));
#5308 = CARTESIAN_POINT('',(9.463249395125,45.,44.865304041049));
#5309 = CARTESIAN_POINT('',(7.530409385536,45.,45.151676868343));
#5310 = CARTESIAN_POINT('',(5.588156140863,45.,45.364311547611));
#5311 = CARTESIAN_POINT('',(3.639791265268,45.,45.503178154209));
#5312 = CARTESIAN_POINT('',(1.688557156362,45.,45.56827117374));
#5313 = CARTESIAN_POINT('',(-1.51489510608,45.,45.554016632121));
#5314 = CARTESIAN_POINT('',(-2.767275374105,45.,45.518034459788));
#5315 = CARTESIAN_POINT('',(-4.018652795309,45.,45.451644920699));
#5316 = CARTESIAN_POINT('',(-5.268169301797,45.,45.35485217058));
#5317 = CARTESIAN_POINT('',(-6.514960336479,45.,45.227663763119));
#5318 = CARTESIAN_POINT('',(-7.758154728865,45.,45.070091220904));
#5319 = CARTESIAN_POINT('',(-8.996874570873,45.,44.882150606348));
#5320 = CARTESIAN_POINT('',(-10.86853884732,45.,44.550892217608));
#5321 = CARTESIAN_POINT('',(-11.50540568383,45.,44.429793545481));
#5322 = CARTESIAN_POINT('',(-12.14071222841,45.,44.30057001186));
#5323 = CARTESIAN_POINT('',(-12.7743339361,45.,44.163225176483));
#5324 = CARTESIAN_POINT('',(-13.40614509077,45.,44.017763223216));
#5325 = CARTESIAN_POINT('',(-14.03601880511,45.,43.86418896005));
#5326 = CARTESIAN_POINT('',(-14.66382702062,45.,43.702507819101));
#5327 = CARTESIAN_POINT('',(-15.62605114591,45.,43.441375085352));
#5328 = CARTESIAN_POINT('',(-15.96388080345,45.,43.347175405978));
#5329 = CARTESIAN_POINT('',(-16.30298891617,45.,43.250058385349));
#5330 = CARTESIAN_POINT('',(-16.64343546659,45.,43.149950392594));
#5331 = CARTESIAN_POINT('',(-16.98528098386,45.,43.04677259911));
#5332 = CARTESIAN_POINT('',(-17.32858654371,45.,42.940440978564));
#5333 = CARTESIAN_POINT('',(-17.6734137685,45.,42.83086630689));
#5334 = CARTESIAN_POINT('',(-18.01982482718,45.,42.717954162293));
#5335 = CARTESIAN_POINT('',(-18.36645224548,45.,42.604971296325));
#5336 = CARTESIAN_POINT('',(-18.71461443219,45.,42.488662723326));
#5337 = CARTESIAN_POINT('',(-19.06382546448,45.,42.369113817634));
#5338 = CARTESIAN_POINT('',(-19.41433965421,45.,42.24618530439));
#5339 = CARTESIAN_POINT('',(-19.76699639282,45.,42.119521269383));
#5340 = CARTESIAN_POINT('',(-20.12342531766,45.,41.988422022938));
#5341 = CARTESIAN_POINT('',(-20.48578457248,45.,41.851886684727));
#5342 = CARTESIAN_POINT('',(-20.85691901764,45.,41.708480920478));
#5343 = CARTESIAN_POINT('',(-21.92029259425,45.,41.297594977712));
#5344 = CARTESIAN_POINT('',(-22.97408773703,45.,40.861842753886));
#5345 = CARTESIAN_POINT('',(-24.01755103228,45.,40.401290191285));
#5346 = CARTESIAN_POINT('',(-25.04990859979,45.,39.916017917862));
#5347 = CARTESIAN_POINT('',(-26.07036716402,45.,39.40612344441));
#5348 = CARTESIAN_POINT('',(-27.07811512532,45.,38.871723361731));
#5349 = CARTESIAN_POINT('',(-28.07232363114,45.,38.312955537808));
#5350 = CARTESIAN_POINT('',(-30.47981777317,45.,36.880548212157));
#5351 = CARTESIAN_POINT('',(-31.87692955672,45.,35.979735572834));
#5352 = CARTESIAN_POINT('',(-33.24087899501,45.,35.028038761248));
#5353 = CARTESIAN_POINT('',(-34.56895040243,45.,34.026081389904));
#5354 = CARTESIAN_POINT('',(-35.85833297008,45.,32.974636603276));
#5355 = CARTESIAN_POINT('',(-37.10613958883,45.,31.874651056061));
#5356 = CARTESIAN_POINT('',(-38.30942793617,45.,30.727271586007));
#5357 = CARTESIAN_POINT('',(-40.48777087193,45.,28.478061362392));
#5358 = CARTESIAN_POINT('',(-41.47314346253,45.,27.386231499273));
#5359 = CARTESIAN_POINT('',(-42.41926940605,45.,26.25935145325));
#5360 = CARTESIAN_POINT('',(-43.32405993502,45.,25.098534485236));
#5361 = CARTESIAN_POINT('',(-44.18542633474,45.,23.905053131008));
#5362 = CARTESIAN_POINT('',(-45.00130133531,45.,22.680355113616));
#5363 = CARTESIAN_POINT('',(-45.76966526761,45.,21.426082692962));
#5364 = CARTESIAN_POINT('',(-47.77197601535,45.,17.855496438636));
#5365 = CARTESIAN_POINT('',(-48.89824175735,45.,15.477737018258));
#5366 = CARTESIAN_POINT('',(-49.85558841232,45.,13.022272080327));
#5367 = CARTESIAN_POINT('',(-50.63399288786,45.,10.501898445499));
#5368 = CARTESIAN_POINT('',(-51.22529653952,45.,7.930768500082));
#5369 = CARTESIAN_POINT('',(-51.62341136495,45.,5.324435311274));
#5370 = CARTESIAN_POINT('',(-51.82485638881,45.,2.699974307741));
#5371 = CARTESIAN_POINT('',(-51.83012510101,45.,-6.832051469542E-02));
#5372 = CARTESIAN_POINT('',(-51.82980398398,45.,-0.212868661887));
#5373 = CARTESIAN_POINT('',(-51.82888661937,45.,-0.357415124945));
#5374 = CARTESIAN_POINT('',(-51.82737302432,45.,-0.501957118786));
#5375 = CARTESIAN_POINT('',(-51.82526324256,45.,-0.64649179507));
#5376 = CARTESIAN_POINT('',(-51.82255734611,45.,-0.791016256947));
#5377 = CARTESIAN_POINT('',(-51.8192554369,45.,-0.935527573813));
#5378 = CARTESIAN_POINT('',(-51.74771375131,45.,-3.587662886929));
#5379 = CARTESIAN_POINT('',(-51.50057933042,45.,-6.091313522987));
#5380 = CARTESIAN_POINT('',(-51.07446211615,45.,-8.574679893593));
#5381 = CARTESIAN_POINT('',(-50.47286097698,45.,-11.02300145164));
#5382 = CARTESIAN_POINT('',(-49.70140634666,45.,-13.42284467849));
#5383 = CARTESIAN_POINT('',(-48.76742307763,45.,-15.76199600074));
#5384 = CARTESIAN_POINT('',(-47.67974404939,45.,-18.02941679431));
#5385 = CARTESIAN_POINT('',(-45.72805866067,45.,-21.49449889706));
#5386 = CARTESIAN_POINT('',(-44.95824781001,45.,-22.74604292623));
#5387 = CARTESIAN_POINT('',(-44.1411082035,45.,-23.96800788305));
#5388 = CARTESIAN_POINT('',(-43.2786549597,45.,-25.15876317646));
#5389 = CARTESIAN_POINT('',(-42.37294979492,45.,-26.31687159015));
#5390 = CARTESIAN_POINT('',(-41.4260751018,45.,-27.44107003849));
#5391 = CARTESIAN_POINT('',(-40.44011273229,45.,-28.53025372865));
#5392 = CARTESIAN_POINT('',(-38.26589125824,45.,-30.76871396574));
#5393 = CARTESIAN_POINT('',(-37.06776895001,45.,-31.90840248818));
#5394 = CARTESIAN_POINT('',(-35.82568565259,45.,-33.001181266));
#5395 = CARTESIAN_POINT('',(-34.54253477567,45.,-34.04592618433));
#5396 = CARTESIAN_POINT('',(-33.22115541401,45.,-35.04170853435));
#5397 = CARTESIAN_POINT('',(-31.86431189171,45.,-35.98776910007));
#5398 = CARTESIAN_POINT('',(-30.47467548312,45.,-36.88349484117));
#5399 = CARTESIAN_POINT('',(-28.08285018105,45.,-38.30676959154));
#5400 = CARTESIAN_POINT('',(-27.09673484315,45.,-38.86132040127));
#5401 = CARTESIAN_POINT('',(-26.09728731918,45.,-39.3918930151));
#5402 = CARTESIAN_POINT('',(-25.08531693524,45.,-39.89835260889));
#5403 = CARTESIAN_POINT('',(-24.06161628758,45.,-40.38058500405));
#5404 = CARTESIAN_POINT('',(-23.02696020905,45.,-40.8384945512));
#5405 = CARTESIAN_POINT('',(-21.98210473552,45.,-41.27200201393));
#5406 = CARTESIAN_POINT('',(-20.92778607237,45.,-41.6810424525));
#5407 = CARTESIAN_POINT('',(-20.60381252377,45.,-41.80673335267));
#5408 = CARTESIAN_POINT('',(-20.27894799201,45.,-41.9301131212));
#5409 = CARTESIAN_POINT('',(-19.95320558786,45.,-42.05118275751));
#5410 = CARTESIAN_POINT('',(-19.62662065633,45.,-42.16993550622));
#5411 = CARTESIAN_POINT('',(-19.29920532665,45.,-42.28637294861));
#5412 = CARTESIAN_POINT('',(-18.97097178735,45.,-42.40049659545));
#5413 = CARTESIAN_POINT('',(-18.64195520307,45.,-42.51229972835));
#5414 = CARTESIAN_POINT('',(-18.31216719014,45.,-42.62178423639));
#5415 = CARTESIAN_POINT('',(-16.11782739756,45.,-43.35027091118));
#5416 = CARTESIAN_POINT('',(-13.88954915031,45.,-43.97602990144));
#5417 = CARTESIAN_POINT('',(-11.63327162267,45.,-44.49871176515));
#5418 = CARTESIAN_POINT('',(-9.35479684844,45.,-44.91806093197));
#5419 = CARTESIAN_POINT('',(-7.059789298683,45.,-45.23392009449));
#5420 = CARTESIAN_POINT('',(-4.75377562085,45.,-45.44621614755));
#5421 = CARTESIAN_POINT('',(-2.442143664931,45.,-45.55492720319));
#5422 = CARTESIAN_POINT('',(1.637151104171,45.,-45.56393092245));
#5423 = CARTESIAN_POINT('',(3.404573119925,45.,-45.50729276626));
#5424 = CARTESIAN_POINT('',(5.169751709785,45.,-45.39011548621));
#5425 = CARTESIAN_POINT('',(6.930275462963,45.,-45.21240388619));
#5426 = CARTESIAN_POINT('',(8.683696153985,45.,-44.97417866929));
#5427 = CARTESIAN_POINT('',(10.427528957308,45.,-44.67548323451));
#5428 = CARTESIAN_POINT('',(12.159252695355,45.,-44.31638642876));
#5429 = CARTESIAN_POINT('',(13.876310119988,45.,-43.896981254));
#5430 = PCURVE('',#2392,#5431);
#5431 = DEFINITIONAL_REPRESENTATION('',(#5432),#5621);
#5432 = B_SPLINE_CURVE_WITH_KNOTS('',8,(#5433,#5434,#5435,#5436,#5437,
    #5438,#5439,#5440,#5441,#5442,#5443,#5444,#5445,#5446,#5447,#5448,
    #5449,#5450,#5451,#5452,#5453,#5454,#5455,#5456,#5457,#5458,#5459,
    #5460,#5461,#5462,#5463,#5464,#5465,#5466,#5467,#5468,#5469,#5470,
    #5471,#5472,#5473,#5474,#5475,#5476,#5477,#5478,#5479,#5480,#5481,
    #5482,#5483,#5484,#5485,#5486,#5487,#5488,#5489,#5490,#5491,#5492,
    #5493,#5494,#5495,#5496,#5497,#5498,#5499,#5500,#5501,#5502,#5503,
    #5504,#5505,#5506,#5507,#5508,#5509,#5510,#5511,#5512,#5513,#5514,
    #5515,#5516,#5517,#5518,#5519,#5520,#5521,#5522,#5523,#5524,#5525,
    #5526,#5527,#5528,#5529,#5530,#5531,#5532,#5533,#5534,#5535,#5536,
    #5537,#5538,#5539,#5540,#5541,#5542,#5543,#5544,#5545,#5546,#5547,
    #5548,#5549,#5550,#5551,#5552,#5553,#5554,#5555,#5556,#5557,#5558,
    #5559,#5560,#5561,#5562,#5563,#5564,#5565,#5566,#5567,#5568,#5569,
    #5570,#5571,#5572,#5573,#5574,#5575,#5576,#5577,#5578,#5579,#5580,
    #5581,#5582,#5583,#5584,#5585,#5586,#5587,#5588,#5589,#5590,#5591,
    #5592,#5593,#5594,#5595,#5596,#5597,#5598,#5599,#5600,#5601,#5602,
    #5603,#5604,#5605,#5606,#5607,#5608,#5609,#5610,#5611,#5612,#5613,
    #5614,#5615,#5616,#5617,#5618,#5619,#5620),.UNSPECIFIED.,.F.,.F.,(9,
    7,7,7,7,7,7,7,7,7,7,7,7,8,8,7,7,7,7,7,7,7,7,8,8,7,9),(0.,
    4.774627963093E-02,6.504366405702E-02,9.59639370784E-02,
    9.754244967418E-02,0.128630692995,0.146682053761,0.166992556648,
    0.180755821131,0.190456900357,0.214474985969,0.22989506868,
    0.237875413373,0.242169236013,0.289915515644,0.337661795275,
    0.40723146802,0.46878062174,0.578657936747,0.58471512472,
    0.689842896966,0.751370554544,0.820611897705,0.868010410834,
    0.915756690465,0.963502970096,1.),.UNSPECIFIED.);
#5433 = CARTESIAN_POINT('',(43.896981254003,13.876310119988));
#5434 = CARTESIAN_POINT('',(42.97673061015,17.64384321579));
#5435 = CARTESIAN_POINT('',(41.766492328861,21.339287958685));
#5436 = CARTESIAN_POINT('',(40.267217830742,24.937453636163));
#5437 = CARTESIAN_POINT('',(38.480443764616,28.409156445462));
#5438 = CARTESIAN_POINT('',(36.410019039162,31.722113674931));
#5439 = CARTESIAN_POINT('',(34.063165593003,34.841553470385));
#5440 = CARTESIAN_POINT('',(31.451431670306,37.730747404203));
#5441 = CARTESIAN_POINT('',(27.557019424496,41.301988090487));
#5442 = CARTESIAN_POINT('',(26.489046627909,42.216477694779));
#5443 = CARTESIAN_POINT('',(25.389678684311,43.09392039905));
#5444 = CARTESIAN_POINT('',(24.259961434818,43.932490757978));
#5445 = CARTESIAN_POINT('',(23.101078123831,44.730371569804));
#5446 = CARTESIAN_POINT('',(21.914362075944,45.485771767305));
#5447 = CARTESIAN_POINT('',(20.701312095902,46.196948253497));
#5448 = CARTESIAN_POINT('',(17.251133171486,48.051472329644));
#5449 = CARTESIAN_POINT('',(14.95918572922,49.09444072795));
#5450 = CARTESIAN_POINT('',(12.598104532856,49.981012037957));
#5451 = CARTESIAN_POINT('',(10.179337561735,50.702599436792));
#5452 = CARTESIAN_POINT('',(7.715454191416,51.252231468849));
#5453 = CARTESIAN_POINT('',(5.220181054897,51.624721757936));
#5454 = CARTESIAN_POINT('',(2.708496271614,51.817095719435));
#5455 = CARTESIAN_POINT('',(6.862835163368E-02,51.830068867172));
#5456 = CARTESIAN_POINT('',(-5.955969728698E-02,51.830229920246));
#5457 = CARTESIAN_POINT('',(-0.187748030224,51.829922053795));
#5458 = CARTESIAN_POINT('',(-0.315934728028,51.829145268006));
#5459 = CARTESIAN_POINT('',(-0.444117833277,51.827899580115));
#5460 = CARTESIAN_POINT('',(-0.572295350286,51.826185024407));
#5461 = CARTESIAN_POINT('',(-0.700465245097,51.824001652216));
#5462 = CARTESIAN_POINT('',(-3.353819801638,51.769093930379));
#5463 = CARTESIAN_POINT('',(-5.876136112027,51.534839570666));
#5464 = CARTESIAN_POINT('',(-8.37890685136,51.118929562509));
#5465 = CARTESIAN_POINT('',(-10.84702020292,50.524803213359));
#5466 = CARTESIAN_POINT('',(-13.26671039938,49.758106334103));
#5467 = CARTESIAN_POINT('',(-15.62545006636,48.826241641009));
#5468 = CARTESIAN_POINT('',(-17.91190620055,47.738181176221));
#5469 = CARTESIAN_POINT('',(-21.39568073708,45.787947329487));
#5470 = CARTESIAN_POINT('',(-22.64787517382,45.022260475527));
#5471 = CARTESIAN_POINT('',(-23.87065446738,44.209229427526));
#5472 = CARTESIAN_POINT('',(-25.06238396512,43.35085970526));
#5473 = CARTESIAN_POINT('',(-26.22162207179,42.449204366744));
#5474 = CARTESIAN_POINT('',(-27.34710110066,41.506338062943));
#5475 = CARTESIAN_POINT('',(-28.43771152265,40.52433580846));
#5476 = CARTESIAN_POINT('',(-30.67927397876,38.35863857982));
#5477 = CARTESIAN_POINT('',(-31.82069378193,37.165083699357));
#5478 = CARTESIAN_POINT('',(-32.9153948473,35.927506835929));
#5479 = CARTESIAN_POINT('',(-33.96224743789,34.648792040997));
#5480 = CARTESIAN_POINT('',(-34.96031766429,33.331769547882));
#5481 = CARTESIAN_POINT('',(-35.90884150107,31.979195097355));
#5482 = CARTESIAN_POINT('',(-36.8072014107,30.593731449328));
#5483 = CARTESIAN_POINT('',(-38.22934659616,28.218525089074));
#5484 = CARTESIAN_POINT('',(-38.78052144839,27.245196130763));
#5485 = CARTESIAN_POINT('',(-39.30827582446,26.258742947728));
#5486 = CARTESIAN_POINT('',(-39.81247750924,25.259947862748));
#5487 = CARTESIAN_POINT('',(-40.29301428596,24.249576738864));
#5488 = CARTESIAN_POINT('',(-40.74979184225,23.228377938884));
#5489 = CARTESIAN_POINT('',(-41.18273167619,22.197081284911));
#5490 = CARTESIAN_POINT('',(-41.88007848134,20.422872304786));
#5491 = CARTESIAN_POINT('',(-42.15651187661,19.684685342095));
#5492 = CARTESIAN_POINT('',(-42.42104673132,18.942085871214));
#5493 = CARTESIAN_POINT('',(-42.67366299258,18.19532016351));
#5494 = CARTESIAN_POINT('',(-42.91434301143,17.444631020289));
#5495 = CARTESIAN_POINT('',(-43.14307154287,16.690257772793));
#5496 = CARTESIAN_POINT('',(-43.35983574586,15.932436282203));
#5497 = CARTESIAN_POINT('',(-44.07165101501,13.287191050696));
#5498 = CARTESIAN_POINT('',(-44.50525950288,11.383316000404));
#5499 = CARTESIAN_POINT('',(-44.86530404104,9.463249395125));
#5500 = CARTESIAN_POINT('',(-45.15167686834,7.530409385536));
#5501 = CARTESIAN_POINT('',(-45.36431154761,5.588156140863));
#5502 = CARTESIAN_POINT('',(-45.5031781542,3.639791265268));
#5503 = CARTESIAN_POINT('',(-45.56827117374,1.688557156362));
#5504 = CARTESIAN_POINT('',(-45.55401663212,-1.51489510608));
#5505 = CARTESIAN_POINT('',(-45.51803445978,-2.767275374105));
#5506 = CARTESIAN_POINT('',(-45.45164492069,-4.018652795309));
#5507 = CARTESIAN_POINT('',(-45.35485217058,-5.268169301797));
#5508 = CARTESIAN_POINT('',(-45.22766376311,-6.514960336479));
#5509 = CARTESIAN_POINT('',(-45.0700912209,-7.758154728865));
#5510 = CARTESIAN_POINT('',(-44.88215060634,-8.996874570873));
#5511 = CARTESIAN_POINT('',(-44.5508922176,-10.86853884732));
#5512 = CARTESIAN_POINT('',(-44.42979354548,-11.50540568383));
#5513 = CARTESIAN_POINT('',(-44.30057001186,-12.14071222841));
#5514 = CARTESIAN_POINT('',(-44.16322517648,-12.7743339361));
#5515 = CARTESIAN_POINT('',(-44.01776322321,-13.40614509077));
#5516 = CARTESIAN_POINT('',(-43.86418896005,-14.03601880511));
#5517 = CARTESIAN_POINT('',(-43.7025078191,-14.66382702062));
#5518 = CARTESIAN_POINT('',(-43.44137508535,-15.62605114591));
#5519 = CARTESIAN_POINT('',(-43.34717540597,-15.96388080345));
#5520 = CARTESIAN_POINT('',(-43.25005838534,-16.30298891617));
#5521 = CARTESIAN_POINT('',(-43.14995039259,-16.64343546659));
#5522 = CARTESIAN_POINT('',(-43.04677259911,-16.98528098386));
#5523 = CARTESIAN_POINT('',(-42.94044097856,-17.32858654371));
#5524 = CARTESIAN_POINT('',(-42.83086630689,-17.6734137685));
#5525 = CARTESIAN_POINT('',(-42.71795416229,-18.01982482718));
#5526 = CARTESIAN_POINT('',(-42.60497129632,-18.36645224548));
#5527 = CARTESIAN_POINT('',(-42.48866272332,-18.71461443219));
#5528 = CARTESIAN_POINT('',(-42.36911381763,-19.06382546448));
#5529 = CARTESIAN_POINT('',(-42.24618530439,-19.41433965421));
#5530 = CARTESIAN_POINT('',(-42.11952126938,-19.76699639282));
#5531 = CARTESIAN_POINT('',(-41.98842202293,-20.12342531766));
#5532 = CARTESIAN_POINT('',(-41.85188668472,-20.48578457248));
#5533 = CARTESIAN_POINT('',(-41.70848092047,-20.85691901764));
#5534 = CARTESIAN_POINT('',(-41.29759497771,-21.92029259425));
#5535 = CARTESIAN_POINT('',(-40.86184275388,-22.97408773703));
#5536 = CARTESIAN_POINT('',(-40.40129019128,-24.01755103228));
#5537 = CARTESIAN_POINT('',(-39.91601791786,-25.04990859979));
#5538 = CARTESIAN_POINT('',(-39.40612344441,-26.07036716402));
#5539 = CARTESIAN_POINT('',(-38.87172336173,-27.07811512532));
#5540 = CARTESIAN_POINT('',(-38.3129555378,-28.07232363114));
#5541 = CARTESIAN_POINT('',(-36.88054821215,-30.47981777317));
#5542 = CARTESIAN_POINT('',(-35.97973557283,-31.87692955672));
#5543 = CARTESIAN_POINT('',(-35.02803876124,-33.24087899501));
#5544 = CARTESIAN_POINT('',(-34.0260813899,-34.56895040243));
#5545 = CARTESIAN_POINT('',(-32.97463660327,-35.85833297008));
#5546 = CARTESIAN_POINT('',(-31.87465105606,-37.10613958883));
#5547 = CARTESIAN_POINT('',(-30.727271586,-38.30942793617));
#5548 = CARTESIAN_POINT('',(-28.47806136239,-40.48777087193));
#5549 = CARTESIAN_POINT('',(-27.38623149927,-41.47314346253));
#5550 = CARTESIAN_POINT('',(-26.25935145325,-42.41926940605));
#5551 = CARTESIAN_POINT('',(-25.09853448523,-43.32405993502));
#5552 = CARTESIAN_POINT('',(-23.905053131,-44.18542633474));
#5553 = CARTESIAN_POINT('',(-22.68035511361,-45.00130133531));
#5554 = CARTESIAN_POINT('',(-21.42608269296,-45.76966526761));
#5555 = CARTESIAN_POINT('',(-17.85549643863,-47.77197601535));
#5556 = CARTESIAN_POINT('',(-15.47773701825,-48.89824175735));
#5557 = CARTESIAN_POINT('',(-13.02227208032,-49.85558841232));
#5558 = CARTESIAN_POINT('',(-10.50189844549,-50.63399288786));
#5559 = CARTESIAN_POINT('',(-7.930768500082,-51.22529653952));
#5560 = CARTESIAN_POINT('',(-5.324435311274,-51.62341136495));
#5561 = CARTESIAN_POINT('',(-2.699974307741,-51.82485638881));
#5562 = CARTESIAN_POINT('',(6.832051469542E-02,-51.83012510101));
#5563 = CARTESIAN_POINT('',(0.212868661887,-51.82980398398));
#5564 = CARTESIAN_POINT('',(0.357415124945,-51.82888661937));
#5565 = CARTESIAN_POINT('',(0.501957118786,-51.82737302432));
#5566 = CARTESIAN_POINT('',(0.64649179507,-51.82526324256));
#5567 = CARTESIAN_POINT('',(0.791016256947,-51.82255734611));
#5568 = CARTESIAN_POINT('',(0.935527573813,-51.8192554369));
#5569 = CARTESIAN_POINT('',(3.587662886929,-51.74771375131));
#5570 = CARTESIAN_POINT('',(6.091313522987,-51.50057933042));
#5571 = CARTESIAN_POINT('',(8.574679893593,-51.07446211615));
#5572 = CARTESIAN_POINT('',(11.02300145164,-50.47286097698));
#5573 = CARTESIAN_POINT('',(13.422844678496,-49.70140634666));
#5574 = CARTESIAN_POINT('',(15.761996000748,-48.76742307763));
#5575 = CARTESIAN_POINT('',(18.029416794312,-47.67974404939));
#5576 = CARTESIAN_POINT('',(21.494498897062,-45.72805866067));
#5577 = CARTESIAN_POINT('',(22.746042926239,-44.95824781001));
#5578 = CARTESIAN_POINT('',(23.968007883053,-44.1411082035));
#5579 = CARTESIAN_POINT('',(25.158763176462,-43.2786549597));
#5580 = CARTESIAN_POINT('',(26.316871590153,-42.37294979492));
#5581 = CARTESIAN_POINT('',(27.441070038495,-41.4260751018));
#5582 = CARTESIAN_POINT('',(28.530253728659,-40.44011273229));
#5583 = CARTESIAN_POINT('',(30.768713965748,-38.26589125824));
#5584 = CARTESIAN_POINT('',(31.908402488185,-37.06776895001));
#5585 = CARTESIAN_POINT('',(33.001181266008,-35.82568565259));
#5586 = CARTESIAN_POINT('',(34.045926184339,-34.54253477567));
#5587 = CARTESIAN_POINT('',(35.041708534358,-33.22115541401));
#5588 = CARTESIAN_POINT('',(35.987769100078,-31.86431189171));
#5589 = CARTESIAN_POINT('',(36.883494841171,-30.47467548312));
#5590 = CARTESIAN_POINT('',(38.306769591543,-28.08285018105));
#5591 = CARTESIAN_POINT('',(38.861320401276,-27.09673484315));
#5592 = CARTESIAN_POINT('',(39.391893015102,-26.09728731918));
#5593 = CARTESIAN_POINT('',(39.898352608896,-25.08531693524));
#5594 = CARTESIAN_POINT('',(40.380585004054,-24.06161628758));
#5595 = CARTESIAN_POINT('',(40.838494551206,-23.02696020905));
#5596 = CARTESIAN_POINT('',(41.272002013938,-21.98210473552));
#5597 = CARTESIAN_POINT('',(41.6810424525,-20.92778607237));
#5598 = CARTESIAN_POINT('',(41.806733352673,-20.60381252377));
#5599 = CARTESIAN_POINT('',(41.930113121209,-20.27894799201));
#5600 = CARTESIAN_POINT('',(42.051182757512,-19.95320558786));
#5601 = CARTESIAN_POINT('',(42.169935506224,-19.62662065633));
#5602 = CARTESIAN_POINT('',(42.286372948612,-19.29920532665));
#5603 = CARTESIAN_POINT('',(42.400496595455,-18.97097178735));
#5604 = CARTESIAN_POINT('',(42.512299728356,-18.64195520307));
#5605 = CARTESIAN_POINT('',(42.621784236397,-18.31216719014));
#5606 = CARTESIAN_POINT('',(43.350270911181,-16.11782739756));
#5607 = CARTESIAN_POINT('',(43.976029901441,-13.88954915031));
#5608 = CARTESIAN_POINT('',(44.498711765158,-11.63327162267));
#5609 = CARTESIAN_POINT('',(44.918060931977,-9.35479684844));
#5610 = CARTESIAN_POINT('',(45.23392009449,-7.059789298683));
#5611 = CARTESIAN_POINT('',(45.446216147559,-4.75377562085));
#5612 = CARTESIAN_POINT('',(45.554927203198,-2.442143664931));
#5613 = CARTESIAN_POINT('',(45.56393092245,1.637151104171));
#5614 = CARTESIAN_POINT('',(45.507292766266,3.404573119925));
#5615 = CARTESIAN_POINT('',(45.390115486217,5.169751709785));
#5616 = CARTESIAN_POINT('',(45.212403886196,6.930275462963));
#5617 = CARTESIAN_POINT('',(44.974178669291,8.683696153985));
#5618 = CARTESIAN_POINT('',(44.675483234515,10.427528957308));
#5619 = CARTESIAN_POINT('',(44.316386428765,12.159252695355));
#5620 = CARTESIAN_POINT('',(43.896981254003,13.876310119988));
#5621 = ( GEOMETRIC_REPRESENTATION_CONTEXT(2) 
PARAMETRIC_REPRESENTATION_CONTEXT() REPRESENTATION_CONTEXT('2D SPACE',''
  ) );
#5622 = PCURVE('',#4198,#5623);
#5623 = DEFINITIONAL_REPRESENTATION('',(#5624),#5813);
#5624 = B_SPLINE_CURVE_WITH_KNOTS('',8,(#5625,#5626,#5627,#5628,#5629,
    #5630,#5631,#5632,#5633,#5634,#5635,#5636,#5637,#5638,#5639,#5640,
    #5641,#5642,#5643,#5644,#5645,#5646,#5647,#5648,#5649,#5650,#5651,
    #5652,#5653,#5654,#5655,#5656,#5657,#5658,#5659,#5660,#5661,#5662,
    #5663,#5664,#5665,#5666,#5667,#5668,#5669,#5670,#5671,#5672,#5673,
    #5674,#5675,#5676,#5677,#5678,#5679,#5680,#5681,#5682,#5683,#5684,
    #5685,#5686,#5687,#5688,#5689,#5690,#5691,#5692,#5693,#5694,#5695,
    #5696,#5697,#5698,#5699,#5700,#5701,#5702,#5703,#5704,#5705,#5706,
    #5707,#5708,#5709,#5710,#5711,#5712,#5713,#5714,#5715,#5716,#5717,
    #5718,#5719,#5720,#5721,#5722,#5723,#5724,#5725,#5726,#5727,#5728,
    #5729,#5730,#5731,#5732,#5733,#5734,#5735,#5736,#5737,#5738,#5739,
    #5740,#5741,#5742,#5743,#5744,#5745,#5746,#5747,#5748,#5749,#5750,
    #5751,#5752,#5753,#5754,#5755,#5756,#5757,#5758,#5759,#5760,#5761,
    #5762,#5763,#5764,#5765,#5766,#5767,#5768,#5769,#5770,#5771,#5772,
    #5773,#5774,#5775,#5776,#5777,#5778,#5779,#5780,#5781,#5782,#5783,
    #5784,#5785,#5786,#5787,#5788,#5789,#5790,#5791,#5792,#5793,#5794,
    #5795,#5796,#5797,#5798,#5799,#5800,#5801,#5802,#5803,#5804,#5805,
    #5806,#5807,#5808,#5809,#5810,#5811,#5812),.UNSPECIFIED.,.F.,.F.,(9,
    7,7,7,7,7,7,7,7,7,7,7,7,8,8,7,7,7,7,7,7,7,7,8,8,7,9),(0.,
    4.774627963093E-02,6.504366405702E-02,9.59639370784E-02,
    9.754244967418E-02,0.128630692995,0.146682053761,0.166992556648,
    0.180755821131,0.190456900357,0.214474985969,0.22989506868,
    0.237875413373,0.242169236013,0.289915515644,0.337661795275,
    0.40723146802,0.46878062174,0.578657936747,0.58471512472,
    0.689842896966,0.751370554544,0.820611897705,0.868010410834,
    0.915756690465,0.963502970096,1.),.UNSPECIFIED.);
#5625 = CARTESIAN_POINT('',(1.171051699681,-0.928860994351));
#5626 = CARTESIAN_POINT('',(1.084550257169,-0.901695585516));
#5627 = CARTESIAN_POINT('',(1.007997099862,-0.867239533764));
#5628 = CARTESIAN_POINT('',(0.941822133222,-0.826669602243));
#5629 = CARTESIAN_POINT('',(0.88508975041,-0.781239761987));
#5630 = CARTESIAN_POINT('',(0.836467758723,-0.731767004281));
#5631 = CARTESIAN_POINT('',(0.794925776549,-0.678784446944));
#5632 = CARTESIAN_POINT('',(0.759537378047,-0.622604658511));
#5633 = CARTESIAN_POINT('',(0.718770734449,-0.54193721146));
#5634 = CARTESIAN_POINT('',(0.708647245374,-0.520088790596));
#5635 = CARTESIAN_POINT('',(0.69920861804,-0.49785326622));
#5636 = CARTESIAN_POINT('',(0.690425155961,-0.475237448392));
#5637 = CARTESIAN_POINT('',(0.68227035986,-0.452246285523));
#5638 = CARTESIAN_POINT('',(0.674720795354,-0.428883318616));
#5639 = CARTESIAN_POINT('',(0.667755915636,-0.405151210396));
#5640 = CARTESIAN_POINT('',(0.649920826357,-0.337973967734));
#5641 = CARTESIAN_POINT('',(0.640291417283,-0.293710036486));
#5642 = CARTESIAN_POINT('',(0.632373509184,-0.24828893678));
#5643 = CARTESIAN_POINT('',(0.626089936889,-0.201719974523));
#5644 = CARTESIAN_POINT('',(0.621384933759,-0.154002568034));
#5645 = CARTESIAN_POINT('',(0.618224343764,-0.105133646117));
#5646 = CARTESIAN_POINT('',(0.616592949951,-5.512072444965E-02));
#5647 = CARTESIAN_POINT('',(0.616482942541,-1.398776176004E-03));
#5648 = CARTESIAN_POINT('',(0.616481576907,1.213783293295E-03));
#5649 = CARTESIAN_POINT('',(0.616484187555,3.825856800243E-03));
#5650 = CARTESIAN_POINT('',(0.616490774492,6.434977283501E-03));
#5651 = CARTESIAN_POINT('',(0.616501337844,9.039904025834E-03));
#5652 = CARTESIAN_POINT('',(0.616515877848,1.164062265411E-02));
#5653 = CARTESIAN_POINT('',(0.616534394859,1.423834513929E-02));
#5654 = CARTESIAN_POINT('',(0.61700010079,6.79857409798E-02));
#5655 = CARTESIAN_POINT('',(0.618987661557,0.118020824888));
#5656 = CARTESIAN_POINT('',(0.622524552607,0.166896858236));
#5657 = CARTESIAN_POINT('',(0.627629066271,0.214607031915));
#5658 = CARTESIAN_POINT('',(0.634339121475,0.261154803886));
#5659 = CARTESIAN_POINT('',(0.642715056054,0.306540669277));
#5660 = CARTESIAN_POINT('',(0.652839562442,0.350754777489));
#5661 = CARTESIAN_POINT('',(0.671769207013,0.418743031115));
#5662 = CARTESIAN_POINT('',(0.679348408579,0.443317918963));
#5663 = CARTESIAN_POINT('',(0.687574369031,0.467489362936));
#5664 = CARTESIAN_POINT('',(0.696471645757,0.491253953751));
#5665 = CARTESIAN_POINT('',(0.706068304221,0.514607090669));
#5666 = CARTESIAN_POINT('',(0.716396132572,0.537542337125));
#5667 = CARTESIAN_POINT('',(0.727490788861,0.560050860843));
#5668 = CARTESIAN_POINT('',(0.752782411274,0.606953142284));
#5669 = CARTESIAN_POINT('',(0.76719379244,0.631230258927));
#5670 = CARTESIAN_POINT('',(0.782682757162,0.654935977308));
#5671 = CARTESIAN_POINT('',(0.799312085408,0.678049255373));
#5672 = CARTESIAN_POINT('',(0.817151081852,0.700543174597));
#5673 = CARTESIAN_POINT('',(0.836274954552,0.722383886657));
#5674 = CARTESIAN_POINT('',(0.856763094785,0.743529672244));
#5675 = CARTESIAN_POINT('',(0.893559082878,0.777754346931));
#5676 = CARTESIAN_POINT('',(0.909085421571,0.791236162155));
#5677 = CARTESIAN_POINT('',(0.925300047333,0.804359941971));
#5678 = CARTESIAN_POINT('',(0.94222818349,0.817108018563));
#5679 = CARTESIAN_POINT('',(0.959894542217,0.829460735054));
#5680 = CARTESIAN_POINT('',(0.978322363281,0.841396508543));
#5681 = CARTESIAN_POINT('',(0.9975324528,0.852891893153));
#5682 = CARTESIAN_POINT('',(1.031646221975,0.871695900485));
#5683 = CARTESIAN_POINT('',(1.046146993894,0.879238971966));
#5684 = CARTESIAN_POINT('',(1.061051131901,0.886541861354));
#5685 = CARTESIAN_POINT('',(1.076363715742,0.893595321994));
#5686 = CARTESIAN_POINT('',(1.092088310766,0.900389856737));
#5687 = CARTESIAN_POINT('',(1.108226967915,0.906915717939));
#5688 = CARTESIAN_POINT('',(1.124780223729,0.913162907463));
#5689 = CARTESIAN_POINT('',(1.183753790389,0.933873243282));
#5690 = CARTESIAN_POINT('',(1.228293294998,0.94685398614));
#5691 = CARTESIAN_POINT('',(1.275338848013,0.957914813599));
#5692 = CARTESIAN_POINT('',(1.324792306576,0.96689982749));
#5693 = CARTESIAN_POINT('',(1.376440010547,0.973670233911));
#5694 = CARTESIAN_POINT('',(1.429942721046,0.978123567452));
#5695 = CARTESIAN_POINT('',(1.484859638138,0.980207728868));
#5696 = CARTESIAN_POINT('',(1.576561277387,0.97975122959));
#5697 = CARTESIAN_POINT('',(1.612799254189,0.978598964695));
#5698 = CARTESIAN_POINT('',(1.649291427665,0.976473551932));
#5699 = CARTESIAN_POINT('',(1.685901804854,0.973385789499));
#5700 = CARTESIAN_POINT('',(1.722492935579,0.969355221285));
#5701 = CARTESIAN_POINT('',(1.758931447817,0.96440859478));
#5702 = CARTESIAN_POINT('',(1.795093583071,0.958578318991));
#5703 = CARTESIAN_POINT('',(1.849386451943,0.948445159542));
#5704 = CARTESIAN_POINT('',(1.867798934515,0.944762344744));
#5705 = CARTESIAN_POINT('',(1.886092796567,0.940857630913));
#5706 = CARTESIAN_POINT('',(1.904253696092,0.936736282013));
#5707 = CARTESIAN_POINT('',(1.922268331955,0.932403673016));
#5708 = CARTESIAN_POINT('',(1.940124443896,0.927865289906));
#5709 = CARTESIAN_POINT('',(1.957810812528,0.923126729679));
#5710 = CARTESIAN_POINT('',(1.984736595234,0.915539471482));
#5711 = CARTESIAN_POINT('',(1.994155745495,0.912814285859));
#5712 = CARTESIAN_POINT('',(2.003574703001,0.910017211642));
#5713 = CARTESIAN_POINT('',(2.012993459892,0.907147230936));
#5714 = CARTESIAN_POINT('',(2.022412007565,0.904203239791));
#5715 = CARTESIAN_POINT('',(2.031830336681,0.901184048191));
#5716 = CARTESIAN_POINT('',(2.041248437161,0.898088380064));
#5717 = CARTESIAN_POINT('',(2.050666298186,0.894914873276));
#5718 = CARTESIAN_POINT('',(2.060106060048,0.891739381522));
#5719 = CARTESIAN_POINT('',(2.069427082554,0.888486410065));
#5720 = CARTESIAN_POINT('',(2.079158414563,0.885159650811));
#5721 = CARTESIAN_POINT('',(2.087889399853,0.881756426332));
#5722 = CARTESIAN_POINT('',(2.098153852029,0.878268123327));
#5723 = CARTESIAN_POINT('',(2.107032992565,0.874677039595));
#5724 = CARTESIAN_POINT('',(2.116569714047,0.870957959896));
#5725 = CARTESIAN_POINT('',(2.125987897008,0.867075208759));
#5726 = CARTESIAN_POINT('',(2.153049187963,0.855950373815));
#5727 = CARTESIAN_POINT('',(2.178611779597,0.844335679865));
#5728 = CARTESIAN_POINT('',(2.202766400757,0.832258199955));
#5729 = CARTESIAN_POINT('',(2.225599627154,0.819743101721));
#5730 = CARTESIAN_POINT('',(2.247193455378,0.806813563289));
#5731 = CARTESIAN_POINT('',(2.267624876917,0.793490689162));
#5732 = CARTESIAN_POINT('',(2.286965452167,0.779793426119));
#5733 = CARTESIAN_POINT('',(2.331967791925,0.745259489446));
#5734 = CARTESIAN_POINT('',(2.356478208759,0.724021494889));
#5735 = CARTESIAN_POINT('',(2.379016951047,0.702076458063));
#5736 = CARTESIAN_POINT('',(2.399763562521,0.679467371846));
#5737 = CARTESIAN_POINT('',(2.418874499954,0.656229103088));
#5738 = CARTESIAN_POINT('',(2.436485506815,0.632389357999));
#5739 = CARTESIAN_POINT('',(2.452714175152,0.607969769184));
#5740 = CARTESIAN_POINT('',(2.480887830511,0.560884626158));
#5741 = CARTESIAN_POINT('',(2.493110920508,0.538341454068));
#5742 = CARTESIAN_POINT('',(2.504402479704,0.515369442305));
#5743 = CARTESIAN_POINT('',(2.514823479061,0.491977538247));
#5744 = CARTESIAN_POINT('',(2.524426616856,0.468172263193));
#5745 = CARTESIAN_POINT('',(2.533257399043,0.443958278171));
#5746 = CARTESIAN_POINT('',(2.541355029628,0.419339034771));
#5747 = CARTESIAN_POINT('',(2.561960151026,0.349649185904));
#5748 = CARTESIAN_POINT('',(2.572942543547,0.303682479326));
#5749 = CARTESIAN_POINT('',(2.581883251221,0.256452246937));
#5750 = CARTESIAN_POINT('',(2.588920118391,0.207969653515));
#5751 = CARTESIAN_POINT('',(2.594149958622,0.158233591266));
#5752 = CARTESIAN_POINT('',(2.597632175883,0.107239361718));
#5753 = CARTESIAN_POINT('',(2.599393748881,5.499468048952E-02));
#5754 = CARTESIAN_POINT('',(2.599439813792,-1.393002653018E-03));
#5755 = CARTESIAN_POINT('',(2.599437005779,-4.337454938124E-03));
#5756 = CARTESIAN_POINT('',(2.599428984057,-7.278113735462E-03));
#5757 = CARTESIAN_POINT('',(2.59941574843,-1.021445114169E-02));
#5758 = CARTESIAN_POINT('',(2.599397298421,-1.314686594275E-02));
#5759 = CARTESIAN_POINT('',(2.599373633283,-1.60759592858E-02));
#5760 = CARTESIAN_POINT('',(2.599344752013,-1.9001810351E-02));
#5761 = CARTESIAN_POINT('',(2.598718895661,-7.262741705164E-02));
#5762 = CARTESIAN_POINT('',(2.596555532045,-0.12222994546));
#5763 = CARTESIAN_POINT('',(2.592812547192,-0.17068873603));
#5764 = CARTESIAN_POINT('',(2.58746087152,-0.217997260173));
#5765 = CARTESIAN_POINT('',(2.580443940744,-0.264158809193));
#5766 = CARTESIAN_POINT('',(2.571673561554,-0.30917374411));
#5767 = CARTESIAN_POINT('',(2.561026660431,-0.353032355114));
#5768 = CARTESIAN_POINT('',(2.540917307112,-0.420681314718));
#5769 = CARTESIAN_POINT('',(2.532793657005,-0.445255152594));
#5770 = CARTESIAN_POINT('',(2.523936855207,-0.469424457906));
#5771 = CARTESIAN_POINT('',(2.514307616367,-0.493185748999));
#5772 = CARTESIAN_POINT('',(2.503860356788,-0.516534325992));
#5773 = CARTESIAN_POINT('',(2.49254230492,-0.539463624357));
#5774 = CARTESIAN_POINT('',(2.480292422415,-0.561964652074));
#5775 = CARTESIAN_POINT('',(2.452126410109,-0.608852120555));
#5776 = CARTESIAN_POINT('',(2.435943250024,-0.633121230115));
#5777 = CARTESIAN_POINT('',(2.418389720043,-0.65681622051));
#5778 = CARTESIAN_POINT('',(2.399349766104,-0.679915689043));
#5779 = CARTESIAN_POINT('',(2.378689535203,-0.702392272805));
#5780 = CARTESIAN_POINT('',(2.356254882096,-0.724211591407));
#5781 = CARTESIAN_POINT('',(2.331869063072,-0.745331308458));
#5782 = CARTESIAN_POINT('',(2.287163997991,-0.779643756388));
#5783 = CARTESIAN_POINT('',(2.267988696774,-0.793235248794));
#5784 = CARTESIAN_POINT('',(2.247740572065,-0.806458480688));
#5785 = CARTESIAN_POINT('',(2.226349821718,-0.819294976757));
#5786 = CARTESIAN_POINT('',(2.203741384951,-0.831724173459));
#5787 = CARTESIAN_POINT('',(2.179835344772,-0.843723497765));
#5788 = CARTESIAN_POINT('',(2.154547330421,-0.855268445902));
#5789 = CARTESIAN_POINT('',(2.127788919803,-0.86633266209));
#5790 = CARTESIAN_POINT('',(2.119583302174,-0.869732505134));
#5791 = CARTESIAN_POINT('',(2.111139048397,-0.873086937064));
#5792 = CARTESIAN_POINT('',(2.102816162061,-0.876395276959));
#5793 = CARTESIAN_POINT('',(2.094011797142,-0.879656611203));
#5794 = CARTESIAN_POINT('',(2.08510801405,-0.88287023921));
#5795 = CARTESIAN_POINT('',(2.076480581214,-0.886035443385));
#5796 = CARTESIAN_POINT('',(2.067518088256,-0.889151265409));
#5797 = CARTESIAN_POINT('',(2.058600636807,-0.892216970891));
#5798 = CARTESIAN_POINT('',(1.999147465285,-0.912615482938));
#5799 = CARTESIAN_POINT('',(1.937010671034,-0.930793388237));
#5800 = CARTESIAN_POINT('',(1.872509196842,-0.946508223246));
#5801 = CARTESIAN_POINT('',(1.806107328331,-0.95949987901));
#5802 = CARTESIAN_POINT('',(1.738483820811,-0.969501674273));
#5803 = CARTESIAN_POINT('',(1.6704919338,-0.976298372081));
#5804 = CARTESIAN_POINT('',(1.603040151667,-0.97978044991));
#5805 = CARTESIAN_POINT('',(1.486384013046,-0.980068801958));
#5806 = CARTESIAN_POINT('',(1.436627926431,-0.978254930623));
#5807 = CARTESIAN_POINT('',(1.388013416362,-0.974499376727));
#5808 = CARTESIAN_POINT('',(1.340868918211,-0.968838016793));
#5809 = CARTESIAN_POINT('',(1.295457108595,-0.961341118319));
#5810 = CARTESIAN_POINT('',(1.251958558827,-0.952105277855));
#5811 = CARTESIAN_POINT('',(1.210474928571,-0.941241725288));
#5812 = CARTESIAN_POINT('',(1.171051699681,-0.928860994351));
#5813 = ( GEOMETRIC_REPRESENTATION_CONTEXT(2) 
PARAMETRIC_REPRESENTATION_CONTEXT() REPRESENTATION_CONTEXT('2D SPACE',''
  ) );
#5814 = ADVANCED_FACE('',(#5815),#1752,.F.);
#5815 = FACE_BOUND('',#5816,.F.);
#5816 = EDGE_LOOP('',(#5817,#5838,#5839,#5840));
#5817 = ORIENTED_EDGE('',*,*,#5818,.T.);
#5818 = EDGE_CURVE('',#5819,#1262,#5821,.T.);
#5819 = VERTEX_POINT('',#5820);
#5820 = CARTESIAN_POINT('',(61.926190423595,4.,0.));
#5821 = SURFACE_CURVE('',#5822,(#5826,#5832),.PCURVE_S1.);
#5822 = LINE('',#5823,#5824);
#5823 = CARTESIAN_POINT('',(0.,4.,0.));
#5824 = VECTOR('',#5825,1.);
#5825 = DIRECTION('',(1.,0.,-0.));
#5826 = PCURVE('',#1752,#5827);
#5827 = DEFINITIONAL_REPRESENTATION('',(#5828),#5831);
#5828 = B_SPLINE_CURVE_WITH_KNOTS('',1,(#5829,#5830),.UNSPECIFIED.,.F.,
  .F.,(2,2),(-65.00000014504,65.000000072711),.PIECEWISE_BEZIER_KNOTS.);
#5829 = CARTESIAN_POINT('',(-65.00000014504,4.));
#5830 = CARTESIAN_POINT('',(65.000000072711,4.));
#5831 = ( GEOMETRIC_REPRESENTATION_CONTEXT(2) 
PARAMETRIC_REPRESENTATION_CONTEXT() REPRESENTATION_CONTEXT('2D SPACE',''
  ) );
#5832 = PCURVE('',#1287,#5833);
#5833 = DEFINITIONAL_REPRESENTATION('',(#5834),#5837);
#5834 = B_SPLINE_CURVE_WITH_KNOTS('',1,(#5835,#5836),.UNSPECIFIED.,.F.,
  .F.,(2,2),(-65.00000014504,65.000000072711),.PIECEWISE_BEZIER_KNOTS.);
#5835 = CARTESIAN_POINT('',(44.,65.000000145044));
#5836 = CARTESIAN_POINT('',(44.,-65.00000007271));
#5837 = ( GEOMETRIC_REPRESENTATION_CONTEXT(2) 
PARAMETRIC_REPRESENTATION_CONTEXT() REPRESENTATION_CONTEXT('2D SPACE',''
  ) );
#5838 = ORIENTED_EDGE('',*,*,#1304,.F.);
#5839 = ORIENTED_EDGE('',*,*,#5216,.T.);
#5840 = ORIENTED_EDGE('',*,*,#5841,.T.);
#5841 = EDGE_CURVE('',#5217,#5819,#5842,.T.);
#5842 = SURFACE_CURVE('',#5843,(#6026,#6212),.PCURVE_S1.);
#5843 = B_SPLINE_CURVE_WITH_KNOTS('',7,(#5844,#5845,#5846,#5847,#5848,
    #5849,#5850,#5851,#5852,#5853,#5854,#5855,#5856,#5857,#5858,#5859,
    #5860,#5861,#5862,#5863,#5864,#5865,#5866,#5867,#5868,#5869,#5870,
    #5871,#5872,#5873,#5874,#5875,#5876,#5877,#5878,#5879,#5880,#5881,
    #5882,#5883,#5884,#5885,#5886,#5887,#5888,#5889,#5890,#5891,#5892,
    #5893,#5894,#5895,#5896,#5897,#5898,#5899,#5900,#5901,#5902,#5903,
    #5904,#5905,#5906,#5907,#5908,#5909,#5910,#5911,#5912,#5913,#5914,
    #5915,#5916,#5917,#5918,#5919,#5920,#5921,#5922,#5923,#5924,#5925,
    #5926,#5927,#5928,#5929,#5930,#5931,#5932,#5933,#5934,#5935,#5936,
    #5937,#5938,#5939,#5940,#5941,#5942,#5943,#5944,#5945,#5946,#5947,
    #5948,#5949,#5950,#5951,#5952,#5953,#5954,#5955,#5956,#5957,#5958,
    #5959,#5960,#5961,#5962,#5963,#5964,#5965,#5966,#5967,#5968,#5969,
    #5970,#5971,#5972,#5973,#5974,#5975,#5976,#5977,#5978,#5979,#5980,
    #5981,#5982,#5983,#5984,#5985,#5986,#5987,#5988,#5989,#5990,#5991,
    #5992,#5993,#5994,#5995,#5996,#5997,#5998,#5999,#6000,#6001,#6002,
    #6003,#6004,#6005,#6006,#6007,#6008,#6009,#6010,#6011,#6012,#6013,
    #6014,#6015,#6016,#6017,#6018,#6019,#6020,#6021,#6022,#6023,#6024,
    #6025),.UNSPECIFIED.,.T.,.F.,(8,6,6,6,6,6,6,6,6,6,6,6,6,6,6,6,6,6,6,
    6,6,6,6,6,6,6,6,6,6,6,8),(0.,5.914349471685E-02,0.123331151172,
    0.166718653343,0.201460300605,0.21944928887,0.257123058213,
    0.293966540951,0.312393250638,0.329452873717,0.337474829639,
    0.346290001424,0.386988255178,0.418736875766,0.441995637898,
    0.503443544625,0.564891451351,0.588150213484,0.619898834072,
    0.660597087825,0.668610880116,0.67491416391,0.693971150037,
    0.712022593147,0.748115745095,0.773641920907,0.802645519518,
    0.836679121801,0.879182373928,0.942061867084,1.),.UNSPECIFIED.);
#5844 = CARTESIAN_POINT('',(62.,0.,0.));
#5845 = CARTESIAN_POINT('',(62.,-3.734000742589,0.));
#5846 = CARTESIAN_POINT('',(61.850010688627,-7.467803093478,0.));
#5847 = CARTESIAN_POINT('',(61.550061913056,-11.19455898611,0.));
#5848 = CARTESIAN_POINT('',(61.099545389355,-14.90697712962,0.));
#5849 = CARTESIAN_POINT('',(60.497396005709,-18.59734130438,0.));
#5850 = CARTESIAN_POINT('',(59.742082996979,-22.25750381455,0.));
#5851 = CARTESIAN_POINT('',(57.843070647064,-29.80905790063,0.));
#5852 = CARTESIAN_POINT('',(56.671953643368,-33.69270071749,0.));
#5853 = CARTESIAN_POINT('',(55.315273496622,-37.5192661566,0.));
#5854 = CARTESIAN_POINT('',(53.769653221312,-41.27576715399,0.));
#5855 = CARTESIAN_POINT('',(52.031548108519,-44.94689934871,0.));
#5856 = CARTESIAN_POINT('',(50.097480534767,-48.51513394165,0.));
#5857 = CARTESIAN_POINT('',(46.52132219396,-54.28944088148,0.));
#5858 = CARTESIAN_POINT('',(44.987958848033,-56.56182643266,0.));
#5859 = CARTESIAN_POINT('',(43.36254595549,-58.77143067926,0.));
#5860 = CARTESIAN_POINT('',(41.644370274321,-60.9109593878,0.));
#5861 = CARTESIAN_POINT('',(39.833181804922,-62.97219618533,0.));
#5862 = CARTESIAN_POINT('',(37.929342420876,-64.94612217908,0.));
#5863 = CARTESIAN_POINT('',(34.336232262157,-68.32594495143,0.));
#5864 = CARTESIAN_POINT('',(32.679898337961,-69.7665626215,0.));
#5865 = CARTESIAN_POINT('',(30.965665316612,-71.13983539952,0.));
#5866 = CARTESIAN_POINT('',(29.194727527167,-72.44030513712,0.));
#5867 = CARTESIAN_POINT('',(27.368871700482,-73.66223090809,0.));
#5868 = CARTESIAN_POINT('',(25.490596571747,-74.79975490511,0.));
#5869 = CARTESIAN_POINT('',(22.56530670201,-76.38943461399,0.));
#5870 = CARTESIAN_POINT('',(21.554205552812,-76.90757311256,0.));
#5871 = CARTESIAN_POINT('',(20.530441801511,-77.40072863765,0.));
#5872 = CARTESIAN_POINT('',(19.494554930401,-77.86810683074,0.));
#5873 = CARTESIAN_POINT('',(18.447149013931,-78.30893412157,0.));
#5874 = CARTESIAN_POINT('',(17.388897511488,-78.7224685843,0.));
#5875 = CARTESIAN_POINT('',(14.083137583644,-79.91543965222,0.));
#5876 = CARTESIAN_POINT('',(11.801014385013,-80.60024997559,0.));
#5877 = CARTESIAN_POINT('',(9.481609245408,-81.15572190068,0.));
#5878 = CARTESIAN_POINT('',(7.133106149992,-81.57645416434,0.));
#5879 = CARTESIAN_POINT('',(4.764463816415,-81.85849514789,0.));
#5880 = CARTESIAN_POINT('',(2.385464139976,-81.99965509582,0.));
#5881 = CARTESIAN_POINT('',(-2.319465729193,-82.00033633093,0.));
#5882 = CARTESIAN_POINT('',(-4.646041186574,-81.86599621256,0.));
#5883 = CARTESIAN_POINT('',(-6.962966570649,-81.59691656362,0.));
#5884 = CARTESIAN_POINT('',(-9.261078248302,-81.19509278563,0.));
#5885 = CARTESIAN_POINT('',(-11.53195543688,-80.6641426743,0.));
#5886 = CARTESIAN_POINT('',(-13.76787783958,-80.00902979563,0.));
#5887 = CARTESIAN_POINT('',(-17.0590669477,-78.84929960525,0.));
#5888 = CARTESIAN_POINT('',(-18.145918006,-78.43311090811,0.));
#5889 = CARTESIAN_POINT('',(-19.2215421613,-77.98812224924,0.));
#5890 = CARTESIAN_POINT('',(-20.28520359455,-77.51512495371,0.));
#5891 = CARTESIAN_POINT('',(-21.33624300519,-77.01494685787,0.));
#5892 = CARTESIAN_POINT('',(-22.37407225654,-76.48844000109,0.));
#5893 = CARTESIAN_POINT('',(-24.34628754602,-75.42544768303,0.));
#5894 = CARTESIAN_POINT('',(-25.2826385809,-74.89259904108,0.));
#5895 = CARTESIAN_POINT('',(-26.20681256442,-74.33860600496,0.));
#5896 = CARTESIAN_POINT('',(-27.11845193608,-73.76415844235,0.));
#5897 = CARTESIAN_POINT('',(-28.01724727449,-73.16994626987,0.));
#5898 = CARTESIAN_POINT('',(-28.90293343558,-72.55665324759,0.));
#5899 = CARTESIAN_POINT('',(-30.18549237036,-71.62790497265,0.));
#5900 = CARTESIAN_POINT('',(-30.58865995852,-71.32975105399,0.));
#5901 = CARTESIAN_POINT('',(-30.98802173371,-71.02842200802,0.));
#5902 = CARTESIAN_POINT('',(-31.38587455402,-70.72224064148,0.));
#5903 = CARTESIAN_POINT('',(-31.78363775885,-70.41000873388,0.));
#5904 = CARTESIAN_POINT('',(-32.18191161767,-70.09108542016,0.));
#5905 = CARTESIAN_POINT('',(-33.01857518775,-69.40762562626,0.));
#5906 = CARTESIAN_POINT('',(-33.45636074073,-69.04225036884,0.));
#5907 = CARTESIAN_POINT('',(-33.89378996504,-68.66926116441,0.));
#5908 = CARTESIAN_POINT('',(-34.33075775793,-68.28859339087,0.));
#5909 = CARTESIAN_POINT('',(-34.76715593367,-67.90018566709,0.));
#5910 = CARTESIAN_POINT('',(-35.20287322347,-67.50397985291,0.));
#5911 = CARTESIAN_POINT('',(-37.64576159459,-65.23444546571,0.));
#5912 = CARTESIAN_POINT('',(-39.56227890829,-63.27079637368,0.));
#5913 = CARTESIAN_POINT('',(-41.38612141834,-61.21875691525,0.));
#5914 = CARTESIAN_POINT('',(-43.11685772254,-59.08743823245,0.));
#5915 = CARTESIAN_POINT('',(-44.75469083145,-56.88514669078,0.));
#5916 = CARTESIAN_POINT('',(-46.30030450543,-54.61925847216,0.));
#5917 = CARTESIAN_POINT('',(-48.88929913582,-50.48381178765,0.));
#5918 = CARTESIAN_POINT('',(-49.96831930457,-48.63676920108,0.));
#5919 = CARTESIAN_POINT('',(-50.99223795126,-46.75803425481,0.));
#5920 = CARTESIAN_POINT('',(-51.96154592278,-44.85044532862,0.));
#5921 = CARTESIAN_POINT('',(-52.87676115645,-42.91661788525,0.));
#5922 = CARTESIAN_POINT('',(-53.73841817376,-40.95893934516,0.));
#5923 = CARTESIAN_POINT('',(-55.13944538597,-37.52948338401,0.));
#5924 = CARTESIAN_POINT('',(-55.7033749521,-36.06778036317,0.));
#5925 = CARTESIAN_POINT('',(-56.23904361663,-34.59530791621,0.));
#5926 = CARTESIAN_POINT('',(-56.74664808191,-33.11288171318,0.));
#5927 = CARTESIAN_POINT('',(-57.22637572726,-31.62127568314,0.));
#5928 = CARTESIAN_POINT('',(-57.67840420996,-30.12122192626,0.));
#5929 = CARTESIAN_POINT('',(-59.22438995194,-24.62988615388,0.));
#5930 = CARTESIAN_POINT('',(-60.15359505899,-20.59263853658,0.));
#5931 = CARTESIAN_POINT('',(-60.89382910817,-16.51384735343,0.));
#5932 = CARTESIAN_POINT('',(-61.44734786556,-12.40489418278,0.));
#5933 = CARTESIAN_POINT('',(-61.81576277565,-8.276437459199,0.));
#5934 = CARTESIAN_POINT('',(-62.,-4.138411362328,0.));
#5935 = CARTESIAN_POINT('',(-62.,4.138411362313,0.));
#5936 = CARTESIAN_POINT('',(-61.81576277565,8.276437459141,0.));
#5937 = CARTESIAN_POINT('',(-61.44734786556,12.404894182812,0.));
#5938 = CARTESIAN_POINT('',(-60.89382910818,16.513847353366,0.));
#5939 = CARTESIAN_POINT('',(-60.15359505899,20.592638536582,0.));
#5940 = CARTESIAN_POINT('',(-59.22438995195,24.629886153851,0.));
#5941 = CARTESIAN_POINT('',(-57.67840420996,30.121221926244,0.));
#5942 = CARTESIAN_POINT('',(-57.22637572727,31.621275683123,0.));
#5943 = CARTESIAN_POINT('',(-56.74664808192,33.112881713162,0.));
#5944 = CARTESIAN_POINT('',(-56.23904361664,34.595307916194,0.));
#5945 = CARTESIAN_POINT('',(-55.7033749521,36.067780363154,0.));
#5946 = CARTESIAN_POINT('',(-55.13944538598,37.529483383989,0.));
#5947 = CARTESIAN_POINT('',(-53.73841817377,40.958939345141,0.));
#5948 = CARTESIAN_POINT('',(-52.87676115645,42.91661788525,0.));
#5949 = CARTESIAN_POINT('',(-51.9615459228,44.850445328601,0.));
#5950 = CARTESIAN_POINT('',(-50.99223795127,46.758034254784,0.));
#5951 = CARTESIAN_POINT('',(-49.96831930457,48.636769201077,0.));
#5952 = CARTESIAN_POINT('',(-48.88929913583,50.483811787636,0.));
#5953 = CARTESIAN_POINT('',(-46.30030450544,54.61925847215,0.));
#5954 = CARTESIAN_POINT('',(-44.75469083146,56.88514669077,0.));
#5955 = CARTESIAN_POINT('',(-43.11685772256,59.087438232441,0.));
#5956 = CARTESIAN_POINT('',(-41.38612141835,61.218756915242,0.));
#5957 = CARTESIAN_POINT('',(-39.5622789083,63.270796373668,0.));
#5958 = CARTESIAN_POINT('',(-37.6457615946,65.234445465705,0.));
#5959 = CARTESIAN_POINT('',(-35.24241160372,67.467247223358,0.));
#5960 = CARTESIAN_POINT('',(-34.84637070372,67.828083363191,0.));
#5961 = CARTESIAN_POINT('',(-34.4497584887,68.182470665675,0.));
#5962 = CARTESIAN_POINT('',(-34.0526587685,68.530452569205,0.));
#5963 = CARTESIAN_POINT('',(-33.65515324968,68.872074753519,0.));
#5964 = CARTESIAN_POINT('',(-33.25732153553,69.207385139696,0.));
#5965 = CARTESIAN_POINT('',(-32.54612921818,69.795248641138,0.));
#5966 = CARTESIAN_POINT('',(-32.23105286341,70.051686079662,0.));
#5967 = CARTESIAN_POINT('',(-31.91402037184,70.305711487674,0.));
#5968 = CARTESIAN_POINT('',(-31.59504053313,70.557290023008,0.));
#5969 = CARTESIAN_POINT('',(-31.27412261648,70.806386719379,0.));
#5970 = CARTESIAN_POINT('',(-30.95127637063,71.052966486389,0.));
#5971 = CARTESIAN_POINT('',(-29.64463815432,72.034773206972,0.));
#5972 = CARTESIAN_POINT('',(-28.64523144725,72.749224255755,0.));
#5973 = CARTESIAN_POINT('',(-27.62859236491,73.439362262697,0.));
#5974 = CARTESIAN_POINT('',(-26.59508689109,74.10417768423,0.));
#5975 = CARTESIAN_POINT('',(-25.54515387588,74.742648025093,0.));
#5976 = CARTESIAN_POINT('',(-24.47931238038,75.353749437011,0.));
#5977 = CARTESIAN_POINT('',(-22.37407225655,76.48844000109,0.));
#5978 = CARTESIAN_POINT('',(-21.3362430052,77.014946857865,0.));
#5979 = CARTESIAN_POINT('',(-20.28520359456,77.515124953704,0.));
#5980 = CARTESIAN_POINT('',(-19.22154216131,77.988122249244,0.));
#5981 = CARTESIAN_POINT('',(-18.14591800601,78.43311090811,0.));
#5982 = CARTESIAN_POINT('',(-17.05906694772,78.849299605252,0.));
#5983 = CARTESIAN_POINT('',(-13.76787783959,80.009029795633,0.));
#5984 = CARTESIAN_POINT('',(-11.53195543691,80.664142674301,0.));
#5985 = CARTESIAN_POINT('',(-9.261078248311,81.195092785634,0.));
#5986 = CARTESIAN_POINT('',(-6.962966570658,81.596916563626,0.));
#5987 = CARTESIAN_POINT('',(-4.646041186595,81.865996212563,0.));
#5988 = CARTESIAN_POINT('',(-2.319465729204,82.000336330933,0.));
#5989 = CARTESIAN_POINT('',(1.651984694696,81.999761297608,0.));
#5990 = CARTESIAN_POINT('',(3.297239764192,81.932161314371,0.));
#5991 = CARTESIAN_POINT('',(4.939123528607,81.797190944803,0.));
#5992 = CARTESIAN_POINT('',(6.574354652823,81.595334522989,0.));
#5993 = CARTESIAN_POINT('',(8.199793316448,81.327511001097,0.));
#5994 = CARTESIAN_POINT('',(9.81243704929,80.995035490106,0.));
#5995 = CARTESIAN_POINT('',(13.223956839819,80.150295893231,0.));
#5996 = CARTESIAN_POINT('',(15.018401469719,79.619677898557,0.));
#5997 = CARTESIAN_POINT('',(16.788623476062,79.010190117787,0.));
#5998 = CARTESIAN_POINT('',(18.531060513817,78.324792463358,0.));
#5999 = CARTESIAN_POINT('',(20.242651266513,77.566786831442,0.));
#6000 = CARTESIAN_POINT('',(21.920784866905,76.739684787077,0.));
#6001 = CARTESIAN_POINT('',(25.490596571735,74.799754905126,0.));
#6002 = CARTESIAN_POINT('',(27.368871700471,73.662230908104,0.));
#6003 = CARTESIAN_POINT('',(29.194727527156,72.440305137132,0.));
#6004 = CARTESIAN_POINT('',(30.965665316601,71.139835399537,0.));
#6005 = CARTESIAN_POINT('',(32.679898337951,69.76656262151,0.));
#6006 = CARTESIAN_POINT('',(34.336232262147,68.325944951443,0.));
#6007 = CARTESIAN_POINT('',(37.929342420864,64.9461221791,0.));
#6008 = CARTESIAN_POINT('',(39.833181804918,62.972196185343,0.));
#6009 = CARTESIAN_POINT('',(41.64437027431,60.910959387822,0.));
#6010 = CARTESIAN_POINT('',(43.362545955479,58.771430679282,0.));
#6011 = CARTESIAN_POINT('',(44.98795884803,56.561826432673,0.));
#6012 = CARTESIAN_POINT('',(46.521322193952,54.289440881495,0.));
#6013 = CARTESIAN_POINT('',(50.097480534764,48.515133941657,0.));
#6014 = CARTESIAN_POINT('',(52.031548108505,44.946899348761,0.));
#6015 = CARTESIAN_POINT('',(53.769653221322,41.275767153927,0.));
#6016 = CARTESIAN_POINT('',(55.315273496598,37.519266156717,0.));
#6017 = CARTESIAN_POINT('',(56.671953643379,33.692700717436,0.));
#6018 = CARTESIAN_POINT('',(57.843070647057,29.809057900659,0.));
#6019 = CARTESIAN_POINT('',(59.742082996977,22.257503814562,0.));
#6020 = CARTESIAN_POINT('',(60.497396005708,18.597341304399,0.));
#6021 = CARTESIAN_POINT('',(61.099545389355,14.906977129625,0.));
#6022 = CARTESIAN_POINT('',(61.550061913056,11.194558986116,0.));
#6023 = CARTESIAN_POINT('',(61.850010688626,7.467803093488,0.));
#6024 = CARTESIAN_POINT('',(62.,3.734000742586,0.));
#6025 = CARTESIAN_POINT('',(62.,0.,0.));
#6026 = PCURVE('',#1752,#6027);
#6027 = DEFINITIONAL_REPRESENTATION('',(#6028),#6211);
#6028 = B_SPLINE_CURVE_WITH_KNOTS('',7,(#6029,#6030,#6031,#6032,#6033,
    #6034,#6035,#6036,#6037,#6038,#6039,#6040,#6041,#6042,#6043,#6044,
    #6045,#6046,#6047,#6048,#6049,#6050,#6051,#6052,#6053,#6054,#6055,
    #6056,#6057,#6058,#6059,#6060,#6061,#6062,#6063,#6064,#6065,#6066,
    #6067,#6068,#6069,#6070,#6071,#6072,#6073,#6074,#6075,#6076,#6077,
    #6078,#6079,#6080,#6081,#6082,#6083,#6084,#6085,#6086,#6087,#6088,
    #6089,#6090,#6091,#6092,#6093,#6094,#6095,#6096,#6097,#6098,#6099,
    #6100,#6101,#6102,#6103,#6104,#6105,#6106,#6107,#6108,#6109,#6110,
    #6111,#6112,#6113,#6114,#6115,#6116,#6117,#6118,#6119,#6120,#6121,
    #6122,#6123,#6124,#6125,#6126,#6127,#6128,#6129,#6130,#6131,#6132,
    #6133,#6134,#6135,#6136,#6137,#6138,#6139,#6140,#6141,#6142,#6143,
    #6144,#6145,#6146,#6147,#6148,#6149,#6150,#6151,#6152,#6153,#6154,
    #6155,#6156,#6157,#6158,#6159,#6160,#6161,#6162,#6163,#6164,#6165,
    #6166,#6167,#6168,#6169,#6170,#6171,#6172,#6173,#6174,#6175,#6176,
    #6177,#6178,#6179,#6180,#6181,#6182,#6183,#6184,#6185,#6186,#6187,
    #6188,#6189,#6190,#6191,#6192,#6193,#6194,#6195,#6196,#6197,#6198,
    #6199,#6200,#6201,#6202,#6203,#6204,#6205,#6206,#6207,#6208,#6209,
    #6210),.UNSPECIFIED.,.T.,.F.,(8,6,6,6,6,6,6,6,6,6,6,6,6,6,6,6,6,6,6,
    6,6,6,6,6,6,6,6,6,6,6,8),(0.,5.914349471685E-02,0.123331151172,
    0.166718653343,0.201460300605,0.21944928887,0.257123058213,
    0.293966540951,0.312393250638,0.329452873717,0.337474829639,
    0.346290001424,0.386988255178,0.418736875766,0.441995637898,
    0.503443544625,0.564891451351,0.588150213484,0.619898834072,
    0.660597087825,0.668610880116,0.67491416391,0.693971150037,
    0.712022593147,0.748115745095,0.773641920907,0.802645519518,
    0.836679121801,0.879182373928,0.942061867084,1.),.UNSPECIFIED.);
#6029 = CARTESIAN_POINT('',(62.,0.));
#6030 = CARTESIAN_POINT('',(62.,-3.734000742589));
#6031 = CARTESIAN_POINT('',(61.850010688627,-7.467803093478));
#6032 = CARTESIAN_POINT('',(61.550061913056,-11.19455898611));
#6033 = CARTESIAN_POINT('',(61.099545389355,-14.90697712962));
#6034 = CARTESIAN_POINT('',(60.497396005709,-18.59734130438));
#6035 = CARTESIAN_POINT('',(59.742082996979,-22.25750381455));
#6036 = CARTESIAN_POINT('',(57.843070647064,-29.80905790063));
#6037 = CARTESIAN_POINT('',(56.671953643368,-33.69270071749));
#6038 = CARTESIAN_POINT('',(55.315273496622,-37.5192661566));
#6039 = CARTESIAN_POINT('',(53.769653221312,-41.27576715399));
#6040 = CARTESIAN_POINT('',(52.031548108519,-44.94689934871));
#6041 = CARTESIAN_POINT('',(50.097480534767,-48.51513394165));
#6042 = CARTESIAN_POINT('',(46.52132219396,-54.28944088148));
#6043 = CARTESIAN_POINT('',(44.987958848033,-56.56182643266));
#6044 = CARTESIAN_POINT('',(43.36254595549,-58.77143067926));
#6045 = CARTESIAN_POINT('',(41.644370274321,-60.9109593878));
#6046 = CARTESIAN_POINT('',(39.833181804922,-62.97219618533));
#6047 = CARTESIAN_POINT('',(37.929342420876,-64.94612217908));
#6048 = CARTESIAN_POINT('',(34.336232262157,-68.32594495143));
#6049 = CARTESIAN_POINT('',(32.679898337961,-69.7665626215));
#6050 = CARTESIAN_POINT('',(30.965665316612,-71.13983539952));
#6051 = CARTESIAN_POINT('',(29.194727527167,-72.44030513712));
#6052 = CARTESIAN_POINT('',(27.368871700482,-73.66223090809));
#6053 = CARTESIAN_POINT('',(25.490596571747,-74.79975490511));
#6054 = CARTESIAN_POINT('',(22.56530670201,-76.38943461399));
#6055 = CARTESIAN_POINT('',(21.554205552812,-76.90757311256));
#6056 = CARTESIAN_POINT('',(20.530441801511,-77.40072863765));
#6057 = CARTESIAN_POINT('',(19.494554930401,-77.86810683074));
#6058 = CARTESIAN_POINT('',(18.447149013931,-78.30893412157));
#6059 = CARTESIAN_POINT('',(17.388897511488,-78.7224685843));
#6060 = CARTESIAN_POINT('',(14.083137583644,-79.91543965222));
#6061 = CARTESIAN_POINT('',(11.801014385013,-80.60024997559));
#6062 = CARTESIAN_POINT('',(9.481609245408,-81.15572190068));
#6063 = CARTESIAN_POINT('',(7.133106149992,-81.57645416434));
#6064 = CARTESIAN_POINT('',(4.764463816415,-81.85849514789));
#6065 = CARTESIAN_POINT('',(2.385464139976,-81.99965509582));
#6066 = CARTESIAN_POINT('',(-2.319465729193,-82.00033633093));
#6067 = CARTESIAN_POINT('',(-4.646041186574,-81.86599621256));
#6068 = CARTESIAN_POINT('',(-6.962966570649,-81.59691656362));
#6069 = CARTESIAN_POINT('',(-9.261078248302,-81.19509278563));
#6070 = CARTESIAN_POINT('',(-11.53195543688,-80.6641426743));
#6071 = CARTESIAN_POINT('',(-13.76787783958,-80.00902979563));
#6072 = CARTESIAN_POINT('',(-17.0590669477,-78.84929960525));
#6073 = CARTESIAN_POINT('',(-18.145918006,-78.43311090811));
#6074 = CARTESIAN_POINT('',(-19.2215421613,-77.98812224924));
#6075 = CARTESIAN_POINT('',(-20.28520359455,-77.51512495371));
#6076 = CARTESIAN_POINT('',(-21.33624300519,-77.01494685787));
#6077 = CARTESIAN_POINT('',(-22.37407225654,-76.48844000109));
#6078 = CARTESIAN_POINT('',(-24.34628754602,-75.42544768303));
#6079 = CARTESIAN_POINT('',(-25.2826385809,-74.89259904108));
#6080 = CARTESIAN_POINT('',(-26.20681256442,-74.33860600496));
#6081 = CARTESIAN_POINT('',(-27.11845193608,-73.76415844235));
#6082 = CARTESIAN_POINT('',(-28.01724727449,-73.16994626987));
#6083 = CARTESIAN_POINT('',(-28.90293343558,-72.55665324759));
#6084 = CARTESIAN_POINT('',(-30.18549237036,-71.62790497265));
#6085 = CARTESIAN_POINT('',(-30.58865995852,-71.32975105399));
#6086 = CARTESIAN_POINT('',(-30.98802173371,-71.02842200802));
#6087 = CARTESIAN_POINT('',(-31.38587455402,-70.72224064148));
#6088 = CARTESIAN_POINT('',(-31.78363775885,-70.41000873388));
#6089 = CARTESIAN_POINT('',(-32.18191161767,-70.09108542016));
#6090 = CARTESIAN_POINT('',(-33.01857518775,-69.40762562626));
#6091 = CARTESIAN_POINT('',(-33.45636074073,-69.04225036884));
#6092 = CARTESIAN_POINT('',(-33.89378996504,-68.66926116441));
#6093 = CARTESIAN_POINT('',(-34.33075775793,-68.28859339087));
#6094 = CARTESIAN_POINT('',(-34.76715593367,-67.90018566709));
#6095 = CARTESIAN_POINT('',(-35.20287322347,-67.50397985291));
#6096 = CARTESIAN_POINT('',(-37.64576159459,-65.23444546571));
#6097 = CARTESIAN_POINT('',(-39.56227890829,-63.27079637368));
#6098 = CARTESIAN_POINT('',(-41.38612141834,-61.21875691525));
#6099 = CARTESIAN_POINT('',(-43.11685772254,-59.08743823245));
#6100 = CARTESIAN_POINT('',(-44.75469083145,-56.88514669078));
#6101 = CARTESIAN_POINT('',(-46.30030450543,-54.61925847216));
#6102 = CARTESIAN_POINT('',(-48.88929913582,-50.48381178765));
#6103 = CARTESIAN_POINT('',(-49.96831930457,-48.63676920108));
#6104 = CARTESIAN_POINT('',(-50.99223795126,-46.75803425481));
#6105 = CARTESIAN_POINT('',(-51.96154592278,-44.85044532862));
#6106 = CARTESIAN_POINT('',(-52.87676115645,-42.91661788525));
#6107 = CARTESIAN_POINT('',(-53.73841817376,-40.95893934516));
#6108 = CARTESIAN_POINT('',(-55.13944538597,-37.52948338401));
#6109 = CARTESIAN_POINT('',(-55.7033749521,-36.06778036317));
#6110 = CARTESIAN_POINT('',(-56.23904361663,-34.59530791621));
#6111 = CARTESIAN_POINT('',(-56.74664808191,-33.11288171318));
#6112 = CARTESIAN_POINT('',(-57.22637572726,-31.62127568314));
#6113 = CARTESIAN_POINT('',(-57.67840420996,-30.12122192626));
#6114 = CARTESIAN_POINT('',(-59.22438995194,-24.62988615388));
#6115 = CARTESIAN_POINT('',(-60.15359505899,-20.59263853658));
#6116 = CARTESIAN_POINT('',(-60.89382910817,-16.51384735343));
#6117 = CARTESIAN_POINT('',(-61.44734786556,-12.40489418278));
#6118 = CARTESIAN_POINT('',(-61.81576277565,-8.276437459199));
#6119 = CARTESIAN_POINT('',(-62.,-4.138411362328));
#6120 = CARTESIAN_POINT('',(-62.,4.138411362313));
#6121 = CARTESIAN_POINT('',(-61.81576277565,8.276437459141));
#6122 = CARTESIAN_POINT('',(-61.44734786556,12.404894182812));
#6123 = CARTESIAN_POINT('',(-60.89382910818,16.513847353366));
#6124 = CARTESIAN_POINT('',(-60.15359505899,20.592638536582));
#6125 = CARTESIAN_POINT('',(-59.22438995195,24.629886153851));
#6126 = CARTESIAN_POINT('',(-57.67840420996,30.121221926244));
#6127 = CARTESIAN_POINT('',(-57.22637572727,31.621275683123));
#6128 = CARTESIAN_POINT('',(-56.74664808192,33.112881713162));
#6129 = CARTESIAN_POINT('',(-56.23904361664,34.595307916194));
#6130 = CARTESIAN_POINT('',(-55.7033749521,36.067780363154));
#6131 = CARTESIAN_POINT('',(-55.13944538598,37.529483383989));
#6132 = CARTESIAN_POINT('',(-53.73841817377,40.958939345141));
#6133 = CARTESIAN_POINT('',(-52.87676115645,42.91661788525));
#6134 = CARTESIAN_POINT('',(-51.9615459228,44.850445328601));
#6135 = CARTESIAN_POINT('',(-50.99223795127,46.758034254784));
#6136 = CARTESIAN_POINT('',(-49.96831930457,48.636769201077));
#6137 = CARTESIAN_POINT('',(-48.88929913583,50.483811787636));
#6138 = CARTESIAN_POINT('',(-46.30030450544,54.61925847215));
#6139 = CARTESIAN_POINT('',(-44.75469083146,56.88514669077));
#6140 = CARTESIAN_POINT('',(-43.11685772256,59.087438232441));
#6141 = CARTESIAN_POINT('',(-41.38612141835,61.218756915242));
#6142 = CARTESIAN_POINT('',(-39.5622789083,63.270796373668));
#6143 = CARTESIAN_POINT('',(-37.6457615946,65.234445465705));
#6144 = CARTESIAN_POINT('',(-35.24241160372,67.467247223358));
#6145 = CARTESIAN_POINT('',(-34.84637070372,67.828083363191));
#6146 = CARTESIAN_POINT('',(-34.4497584887,68.182470665675));
#6147 = CARTESIAN_POINT('',(-34.0526587685,68.530452569205));
#6148 = CARTESIAN_POINT('',(-33.65515324968,68.872074753519));
#6149 = CARTESIAN_POINT('',(-33.25732153553,69.207385139696));
#6150 = CARTESIAN_POINT('',(-32.54612921818,69.795248641138));
#6151 = CARTESIAN_POINT('',(-32.23105286341,70.051686079662));
#6152 = CARTESIAN_POINT('',(-31.91402037184,70.305711487674));
#6153 = CARTESIAN_POINT('',(-31.59504053313,70.557290023008));
#6154 = CARTESIAN_POINT('',(-31.27412261648,70.806386719379));
#6155 = CARTESIAN_POINT('',(-30.95127637063,71.052966486389));
#6156 = CARTESIAN_POINT('',(-29.64463815432,72.034773206972));
#6157 = CARTESIAN_POINT('',(-28.64523144725,72.749224255755));
#6158 = CARTESIAN_POINT('',(-27.62859236491,73.439362262697));
#6159 = CARTESIAN_POINT('',(-26.59508689109,74.10417768423));
#6160 = CARTESIAN_POINT('',(-25.54515387588,74.742648025093));
#6161 = CARTESIAN_POINT('',(-24.47931238038,75.353749437011));
#6162 = CARTESIAN_POINT('',(-22.37407225655,76.48844000109));
#6163 = CARTESIAN_POINT('',(-21.3362430052,77.014946857865));
#6164 = CARTESIAN_POINT('',(-20.28520359456,77.515124953704));
#6165 = CARTESIAN_POINT('',(-19.22154216131,77.988122249244));
#6166 = CARTESIAN_POINT('',(-18.14591800601,78.43311090811));
#6167 = CARTESIAN_POINT('',(-17.05906694772,78.849299605252));
#6168 = CARTESIAN_POINT('',(-13.76787783959,80.009029795633));
#6169 = CARTESIAN_POINT('',(-11.53195543691,80.664142674301));
#6170 = CARTESIAN_POINT('',(-9.261078248311,81.195092785634));
#6171 = CARTESIAN_POINT('',(-6.962966570658,81.596916563626));
#6172 = CARTESIAN_POINT('',(-4.646041186595,81.865996212563));
#6173 = CARTESIAN_POINT('',(-2.319465729204,82.000336330933));
#6174 = CARTESIAN_POINT('',(1.651984694696,81.999761297608));
#6175 = CARTESIAN_POINT('',(3.297239764192,81.932161314371));
#6176 = CARTESIAN_POINT('',(4.939123528607,81.797190944803));
#6177 = CARTESIAN_POINT('',(6.574354652823,81.595334522989));
#6178 = CARTESIAN_POINT('',(8.199793316448,81.327511001097));
#6179 = CARTESIAN_POINT('',(9.81243704929,80.995035490106));
#6180 = CARTESIAN_POINT('',(13.223956839819,80.150295893231));
#6181 = CARTESIAN_POINT('',(15.018401469719,79.619677898557));
#6182 = CARTESIAN_POINT('',(16.788623476062,79.010190117787));
#6183 = CARTESIAN_POINT('',(18.531060513817,78.324792463358));
#6184 = CARTESIAN_POINT('',(20.242651266513,77.566786831442));
#6185 = CARTESIAN_POINT('',(21.920784866905,76.739684787077));
#6186 = CARTESIAN_POINT('',(25.490596571735,74.799754905126));
#6187 = CARTESIAN_POINT('',(27.368871700471,73.662230908104));
#6188 = CARTESIAN_POINT('',(29.194727527156,72.440305137132));
#6189 = CARTESIAN_POINT('',(30.965665316601,71.139835399537));
#6190 = CARTESIAN_POINT('',(32.679898337951,69.76656262151));
#6191 = CARTESIAN_POINT('',(34.336232262147,68.325944951443));
#6192 = CARTESIAN_POINT('',(37.929342420864,64.9461221791));
#6193 = CARTESIAN_POINT('',(39.833181804918,62.972196185343));
#6194 = CARTESIAN_POINT('',(41.64437027431,60.910959387822));
#6195 = CARTESIAN_POINT('',(43.362545955479,58.771430679282));
#6196 = CARTESIAN_POINT('',(44.98795884803,56.561826432673));
#6197 = CARTESIAN_POINT('',(46.521322193952,54.289440881495));
#6198 = CARTESIAN_POINT('',(50.097480534764,48.515133941657));
#6199 = CARTESIAN_POINT('',(52.031548108505,44.946899348761));
#6200 = CARTESIAN_POINT('',(53.769653221322,41.275767153927));
#6201 = CARTESIAN_POINT('',(55.315273496598,37.519266156717));
#6202 = CARTESIAN_POINT('',(56.671953643379,33.692700717436));
#6203 = CARTESIAN_POINT('',(57.843070647057,29.809057900659));
#6204 = CARTESIAN_POINT('',(59.742082996977,22.257503814562));
#6205 = CARTESIAN_POINT('',(60.497396005708,18.597341304399));
#6206 = CARTESIAN_POINT('',(61.099545389355,14.906977129625));
#6207 = CARTESIAN_POINT('',(61.550061913056,11.194558986116));
#6208 = CARTESIAN_POINT('',(61.850010688626,7.467803093488));
#6209 = CARTESIAN_POINT('',(62.,3.734000742586));
#6210 = CARTESIAN_POINT('',(62.,0.));
#6211 = ( GEOMETRIC_REPRESENTATION_CONTEXT(2) 
PARAMETRIC_REPRESENTATION_CONTEXT() REPRESENTATION_CONTEXT('2D SPACE',''
  ) );
#6212 = PCURVE('',#4198,#6213);
#6213 = DEFINITIONAL_REPRESENTATION('',(#6214),#6397);
#6214 = B_SPLINE_CURVE_WITH_KNOTS('',7,(#6215,#6216,#6217,#6218,#6219,
    #6220,#6221,#6222,#6223,#6224,#6225,#6226,#6227,#6228,#6229,#6230,
    #6231,#6232,#6233,#6234,#6235,#6236,#6237,#6238,#6239,#6240,#6241,
    #6242,#6243,#6244,#6245,#6246,#6247,#6248,#6249,#6250,#6251,#6252,
    #6253,#6254,#6255,#6256,#6257,#6258,#6259,#6260,#6261,#6262,#6263,
    #6264,#6265,#6266,#6267,#6268,#6269,#6270,#6271,#6272,#6273,#6274,
    #6275,#6276,#6277,#6278,#6279,#6280,#6281,#6282,#6283,#6284,#6285,
    #6286,#6287,#6288,#6289,#6290,#6291,#6292,#6293,#6294,#6295,#6296,
    #6297,#6298,#6299,#6300,#6301,#6302,#6303,#6304,#6305,#6306,#6307,
    #6308,#6309,#6310,#6311,#6312,#6313,#6314,#6315,#6316,#6317,#6318,
    #6319,#6320,#6321,#6322,#6323,#6324,#6325,#6326,#6327,#6328,#6329,
    #6330,#6331,#6332,#6333,#6334,#6335,#6336,#6337,#6338,#6339,#6340,
    #6341,#6342,#6343,#6344,#6345,#6346,#6347,#6348,#6349,#6350,#6351,
    #6352,#6353,#6354,#6355,#6356,#6357,#6358,#6359,#6360,#6361,#6362,
    #6363,#6364,#6365,#6366,#6367,#6368,#6369,#6370,#6371,#6372,#6373,
    #6374,#6375,#6376,#6377,#6378,#6379,#6380,#6381,#6382,#6383,#6384,
    #6385,#6386,#6387,#6388,#6389,#6390,#6391,#6392,#6393,#6394,#6395,
    #6396),.UNSPECIFIED.,.F.,.F.,(8,6,6,6,6,6,6,6,6,6,6,6,6,6,6,6,6,6,6,
    6,6,6,6,6,6,6,6,6,6,6,8),(0.,5.914349471685E-02,0.123331151172,
    0.166718653343,0.201460300605,0.21944928887,0.257123058213,
    0.293966540951,0.312393250638,0.329452873717,0.337474829639,
    0.346290001424,0.386988255178,0.418736875766,0.441995637898,
    0.503443544625,0.564891451351,0.588150213484,0.619898834072,
    0.660597087825,0.668610880116,0.67491416391,0.693971150037,
    0.712022593147,0.748115745095,0.773641920907,0.802645519518,
    0.836679121801,0.879182373928,0.942061867084,1.),.UNSPECIFIED.);
#6215 = CARTESIAN_POINT('',(6.28318530718,1.183291357832E-30));
#6216 = CARTESIAN_POINT('',(6.228122476505,1.151927101081E-30));
#6217 = CARTESIAN_POINT('',(6.174751410014,1.075293520106E-18));
#6218 = CARTESIAN_POINT('',(6.122800165424,-1.70010355165E-18));
#6219 = CARTESIAN_POINT('',(6.072043677533,-3.729365808958E-19));
#6220 = CARTESIAN_POINT('',(6.022285350823,2.655704616864E-18));
#6221 = CARTESIAN_POINT('',(5.97334365803,-1.894601563496E-18));
#6222 = CARTESIAN_POINT('',(5.872624484355,2.056186142861E-18));
#6223 = CARTESIAN_POINT('',(5.820972357414,-9.195995392183E-18));
#6224 = CARTESIAN_POINT('',(5.769856729661,1.939751213662E-17));
#6225 = CARTESIAN_POINT('',(5.719079966378,-2.335383224132E-17));
#6226 = CARTESIAN_POINT('',(5.66845565815,1.625750231912E-17));
#6227 = CARTESIAN_POINT('',(5.617798264413,-5.58358032693E-18));
#6228 = CARTESIAN_POINT('',(5.532499089711,3.774208577378E-18));
#6229 = CARTESIAN_POINT('',(5.497992826377,-2.364458622383E-18));
#6230 = CARTESIAN_POINT('',(5.463321926514,-3.8299586721E-18));
#6231 = CARTESIAN_POINT('',(5.428429111653,2.338529537535E-18));
#6232 = CARTESIAN_POINT('',(5.393258626301,4.980115073787E-18));
#6233 = CARTESIAN_POINT('',(5.35775424565,-5.03451138229E-18));
#6234 = CARTESIAN_POINT('',(5.293114741143,4.031281125468E-18));
#6235 = CARTESIAN_POINT('',(5.264121952295,-5.341466898858E-18));
#6236 = CARTESIAN_POINT('',(5.234851591493,2.946524490108E-19));
#6237 = CARTESIAN_POINT('',(5.205278068671,3.518511903224E-18));
#6238 = CARTESIAN_POINT('',(5.175377544907,-1.503287790314E-18));
#6239 = CARTESIAN_POINT('',(5.145128402356,-5.734788199644E-19));
#6240 = CARTESIAN_POINT('',(5.098660310457,2.969434259876E-19));
#6241 = CARTESIAN_POINT('',(5.082709698696,-3.98823457992E-19));
#6242 = CARTESIAN_POINT('',(5.066658741841,-2.08524000905E-19));
#6243 = CARTESIAN_POINT('',(5.050505393291,4.188974780542E-19));
#6244 = CARTESIAN_POINT('',(5.034247905062,3.487453894254E-19));
#6245 = CARTESIAN_POINT('',(5.017884910089,-5.974574265561E-19));
#6246 = CARTESIAN_POINT('',(4.966924149156,1.251236197887E-18));
#6247 = CARTESIAN_POINT('',(4.9319595832,-1.760185229507E-18));
#6248 = CARTESIAN_POINT('',(4.896522306927,2.523882768888E-19));
#6249 = CARTESIAN_POINT('',(4.860611569868,1.128268112263E-18));
#6250 = CARTESIAN_POINT('',(4.824227935435,-7.17517206956E-19));
#6251 = CARTESIAN_POINT('',(4.787378975116,-1.589113336417E-22));
#6252 = CARTESIAN_POINT('',(4.713619057567,1.554091127555E-22));
#6253 = CARTESIAN_POINT('',(4.676717504205,5.860861466596E-19));
#6254 = CARTESIAN_POINT('',(4.639404683938,-9.087779590756E-19));
#6255 = CARTESIAN_POINT('',(4.601691076336,-2.147337101023E-19));
#6256 = CARTESIAN_POINT('',(4.563581696221,1.412294274651E-18));
#6257 = CARTESIAN_POINT('',(4.525080559784,-9.914414517787E-19));
#6258 = CARTESIAN_POINT('',(4.466745940313,4.958544210885E-19));
#6259 = CARTESIAN_POINT('',(4.447199564442,-2.369910695182E-19));
#6260 = CARTESIAN_POINT('',(4.427554811475,-3.466020038831E-19));
#6261 = CARTESIAN_POINT('',(4.407810695203,1.010478327455E-19));
#6262 = CARTESIAN_POINT('',(4.38796566905,2.954478153476E-19));
#6263 = CARTESIAN_POINT('',(4.368017681672,-1.450781074575E-19));
#6264 = CARTESIAN_POINT('',(4.329398558667,1.343146916731E-19));
#6265 = CARTESIAN_POINT('',(4.310742432984,-1.778036985795E-19));
#6266 = CARTESIAN_POINT('',(4.291993762943,-9.424634775244E-20));
#6267 = CARTESIAN_POINT('',(4.273150042411,1.859449257992E-19));
#6268 = CARTESIAN_POINT('',(4.254208353029,1.5597554432E-19));
#6269 = CARTESIAN_POINT('',(4.235165365539,-2.653039473863E-19));
#6270 = CARTESIAN_POINT('',(4.207013355085,1.247540207818E-19));
#6271 = CARTESIAN_POINT('',(4.198110114954,-1.101140699264E-16));
#6272 = CARTESIAN_POINT('',(4.18908986704,7.357853172283E-17));
#6273 = CARTESIAN_POINT('',(4.180082268631,1.838735087701E-16));
#6274 = CARTESIAN_POINT('',(4.171141862585,1.045445726453E-16));
#6275 = CARTESIAN_POINT('',(4.162170611011,1.07898138841E-16));
#6276 = CARTESIAN_POINT('',(4.143311910678,1.05816589848E-16));
#6277 = CARTESIAN_POINT('',(4.133438333578,1.055376416045E-16));
#6278 = CARTESIAN_POINT('',(4.123564756878,1.054479752828E-16));
#6279 = CARTESIAN_POINT('',(4.113691180507,1.051769949922E-16));
#6280 = CARTESIAN_POINT('',(4.103817604196,1.046050853296E-16));
#6281 = CARTESIAN_POINT('',(4.093944027473,1.038636113797E-16));
#6282 = CARTESIAN_POINT('',(4.038485702731,1.00894028308E-16));
#6283 = CARTESIAN_POINT('',(3.994592188011,9.638650951076E-17));
#6284 = CARTESIAN_POINT('',(3.952213781855,1.005682402232E-16));
#6285 = CARTESIAN_POINT('',(3.911198456296,9.535467574279E-17));
#6286 = CARTESIAN_POINT('',(3.87141173631,8.651665561223E-17));
#6287 = CARTESIAN_POINT('',(3.832731471974,9.532795440207E-17));
#6288 = CARTESIAN_POINT('',(3.765643951278,8.435653847214E-17));
#6289 = CARTESIAN_POINT('',(3.736849686534,9.151267230238E-17));
#6290 = CARTESIAN_POINT('',(3.708607827949,8.46606433226E-17));
#6291 = CARTESIAN_POINT('',(3.680870664823,8.104278160493E-17));
#6292 = CARTESIAN_POINT('',(3.653594583636,8.514880456121E-17));
#6293 = CARTESIAN_POINT('',(3.626738923278,8.221685943272E-17));
#6294 = CARTESIAN_POINT('',(3.580870748668,8.046005722511E-17));
#6295 = CARTESIAN_POINT('',(3.561681551497,7.988227021885E-17));
#6296 = CARTESIAN_POINT('',(3.542682602313,7.924905395297E-17));
#6297 = CARTESIAN_POINT('',(3.523859838142,7.858941145699E-17));
#6298 = CARTESIAN_POINT('',(3.505199948813,7.801700850329E-17));
#6299 = CARTESIAN_POINT('',(3.48669020555,7.756536269317E-17));
#6300 = CARTESIAN_POINT('',(3.419781064172,7.559023692393E-17));
#6301 = CARTESIAN_POINT('',(3.372211005976,7.489762950786E-17));
#6302 = CARTESIAN_POINT('',(3.325373912982,7.337731955117E-17));
#6303 = CARTESIAN_POINT('',(3.279073342936,7.328238200486E-17));
#6304 = CARTESIAN_POINT('',(3.233127997146,7.258543296445E-17));
#6305 = CARTESIAN_POINT('',(3.187362457845,7.2387193299E-17));
#6306 = CARTESIAN_POINT('',(3.095822849334,7.2387193299E-17));
#6307 = CARTESIAN_POINT('',(3.050057310035,7.208788245772E-17));
#6308 = CARTESIAN_POINT('',(3.004111964243,7.456268327349E-17));
#6309 = CARTESIAN_POINT('',(2.957811394198,7.132041500028E-17));
#6310 = CARTESIAN_POINT('',(2.910974301203,7.629191900424E-17));
#6311 = CARTESIAN_POINT('',(2.863404243008,7.488203810802E-17));
#6312 = CARTESIAN_POINT('',(2.79649510163,7.759970896705E-17));
#6313 = CARTESIAN_POINT('',(2.777985358366,7.777607059473E-17));
#6314 = CARTESIAN_POINT('',(2.759325469038,7.824741203548E-17));
#6315 = CARTESIAN_POINT('',(2.740502704867,7.902578700002E-17));
#6316 = CARTESIAN_POINT('',(2.721503755683,7.976793555366E-17));
#6317 = CARTESIAN_POINT('',(2.702314558512,8.027275317027E-17));
#6318 = CARTESIAN_POINT('',(2.656446383902,8.194247127083E-17));
#6319 = CARTESIAN_POINT('',(2.629590723544,8.298249650702E-17));
#6320 = CARTESIAN_POINT('',(2.602314642357,8.383926318506E-17));
#6321 = CARTESIAN_POINT('',(2.574577479231,8.509767248131E-17));
#6322 = CARTESIAN_POINT('',(2.546335620645,8.652187571961E-17));
#6323 = CARTESIAN_POINT('',(2.517541355902,8.739751204735E-17));
#6324 = CARTESIAN_POINT('',(2.450453835205,9.078359806658E-17));
#6325 = CARTESIAN_POINT('',(2.41177357087,9.495698350495E-17));
#6326 = CARTESIAN_POINT('',(2.371986850884,8.992979668334E-17));
#6327 = CARTESIAN_POINT('',(2.330971525325,9.540024807896E-17));
#6328 = CARTESIAN_POINT('',(2.288593119169,1.05122164808E-16));
#6329 = CARTESIAN_POINT('',(2.244699604449,9.594549856929E-17));
#6330 = CARTESIAN_POINT('',(2.190138877959,1.044030907597E-16));
#6331 = CARTESIAN_POINT('',(2.181162899056,1.044779016708E-16));
#6332 = CARTESIAN_POINT('',(2.172186920408,1.042588951696E-16));
#6333 = CARTESIAN_POINT('',(2.163210941733,1.04350418434E-16));
#6334 = CARTESIAN_POINT('',(2.154234962863,1.049384055118E-16));
#6335 = CARTESIAN_POINT('',(2.145258983746,1.057903773202E-16));
#6336 = CARTESIAN_POINT('',(2.129222908193,1.0662124005E-16));
#6337 = CARTESIAN_POINT('',(2.122134449684,1.067502018392E-16));
#6338 = CARTESIAN_POINT('',(2.114994249083,1.07080631504E-16));
#6339 = CARTESIAN_POINT('',(2.107795186354,1.07737295301E-16));
#6340 = CARTESIAN_POINT('',(2.100546401256,1.085314212526E-16));
#6341 = CARTESIAN_POINT('',(2.093273293349,1.089606991474E-16));
#6342 = CARTESIAN_POINT('',(2.064080839652,1.059374846887E-16));
#6343 = CARTESIAN_POINT('',(2.04228425438,7.866882281849E-17));
#6344 = CARTESIAN_POINT('',(2.020621880857,1.028347599391E-16));
#6345 = CARTESIAN_POINT('',(1.999088528419,1.414104783956E-16));
#6346 = CARTESIAN_POINT('',(1.977679699333,1.288266217102E-16));
#6347 = CARTESIAN_POINT('',(1.956391587076,5.588103842449E-17));
#6348 = CARTESIAN_POINT('',(1.915167625508,5.348494152324E-17));
#6349 = CARTESIAN_POINT('',(1.89521963813,5.284263966991E-17));
#6350 = CARTESIAN_POINT('',(1.875374611976,5.17238203858E-17));
#6351 = CARTESIAN_POINT('',(1.855630495705,5.039439442505E-17));
#6352 = CARTESIAN_POINT('',(1.835985742738,4.948072251143E-17));
#6353 = CARTESIAN_POINT('',(1.816439366866,4.906435455827E-17));
#6354 = CARTESIAN_POINT('',(1.758104747396,4.520229188148E-17));
#6355 = CARTESIAN_POINT('',(1.719603610959,4.50904066092E-17));
#6356 = CARTESIAN_POINT('',(1.681494230844,4.219728463249E-17));
#6357 = CARTESIAN_POINT('',(1.643780623242,4.005844643005E-17));
#6358 = CARTESIAN_POINT('',(1.606467802975,3.955879411073E-17));
#6359 = CARTESIAN_POINT('',(1.569566249613,3.76627801314E-17));
#6360 = CARTESIAN_POINT('',(1.507305203441,3.53442449098E-17));
#6361 = CARTESIAN_POINT('',(1.481726100469,3.412250017816E-17));
#6362 = CARTESIAN_POINT('',(1.456365999192,3.403213568038E-17));
#6363 = CARTESIAN_POINT('',(1.431228310334,3.28692770522E-17));
#6364 = CARTESIAN_POINT('',(1.406315028675,3.12814481081E-17));
#6365 = CARTESIAN_POINT('',(1.381627691119,3.183205966866E-17));
#6366 = CARTESIAN_POINT('',(1.329376229244,2.937410770583E-17));
#6367 = CARTESIAN_POINT('',(1.301876429991,2.983069806814E-17));
#6368 = CARTESIAN_POINT('',(1.274669982646,2.910092287375E-17));
#6369 = CARTESIAN_POINT('',(1.247753410936,2.781035978543E-17));
#6370 = CARTESIAN_POINT('',(1.221120444983,2.738852328163E-17));
#6371 = CARTESIAN_POINT('',(1.194763195739,2.799894336843E-17));
#6372 = CARTESIAN_POINT('',(1.138056904823,2.620005338749E-17));
#6373 = CARTESIAN_POINT('',(1.107807762273,2.915529355661E-17));
#6374 = CARTESIAN_POINT('',(1.077907238509,2.374705151519E-17));
#6375 = CARTESIAN_POINT('',(1.048333715687,2.524946868965E-17));
#6376 = CARTESIAN_POINT('',(1.019063354885,3.085416691472E-17));
#6377 = CARTESIAN_POINT('',(0.990070566037,2.373034263909E-17));
#6378 = CARTESIAN_POINT('',(0.92543106153,3.061458321226E-17));
#6379 = CARTESIAN_POINT('',(0.889926680879,2.277416285303E-17));
#6380 = CARTESIAN_POINT('',(0.854756195527,2.808362862451E-17));
#6381 = CARTESIAN_POINT('',(0.819863380665,3.168990115847E-17));
#6382 = CARTESIAN_POINT('',(0.785192480803,2.819039994929E-17));
#6383 = CARTESIAN_POINT('',(0.750686217469,2.944319092693E-17));
#6384 = CARTESIAN_POINT('',(0.665387042766,3.347762047386E-17));
#6385 = CARTESIAN_POINT('',(0.61472964903,3.128607038003E-17));
#6386 = CARTESIAN_POINT('',(0.564105340801,3.929180296067E-17));
#6387 = CARTESIAN_POINT('',(0.51332857752,3.545301724755E-17));
#6388 = CARTESIAN_POINT('',(0.462212949765,4.061268395509E-17));
#6389 = CARTESIAN_POINT('',(0.410560822825,4.217738529348E-17));
#6390 = CARTESIAN_POINT('',(0.30984164915,4.68495764409E-17));
#6391 = CARTESIAN_POINT('',(0.260899956357,3.404025014671E-17));
#6392 = CARTESIAN_POINT('',(0.211141629647,8.067421845743E-17));
#6393 = CARTESIAN_POINT('',(0.160385141755,7.069621999795E-17));
#6394 = CARTESIAN_POINT('',(0.108433897166,3.917966549021E-18));
#6395 = CARTESIAN_POINT('',(5.506283067441E-02,7.681213046182E-31));
#6396 = CARTESIAN_POINT('',(0.,7.88860905221E-31));
#6397 = ( GEOMETRIC_REPRESENTATION_CONTEXT(2) 
PARAMETRIC_REPRESENTATION_CONTEXT() REPRESENTATION_CONTEXT('2D SPACE',''
  ) );
#6398 = ADVANCED_FACE('',(#6399),#1287,.T.);
#6399 = FACE_BOUND('',#6400,.T.);
#6400 = EDGE_LOOP('',(#6401,#6402,#6425,#6461));
#6401 = ORIENTED_EDGE('',*,*,#1261,.T.);
#6402 = ORIENTED_EDGE('',*,*,#6403,.F.);
#6403 = EDGE_CURVE('',#6404,#1233,#6406,.T.);
#6404 = VERTEX_POINT('',#6405);
#6405 = CARTESIAN_POINT('',(61.758775806603,4.,4.));
#6406 = SURFACE_CURVE('',#6407,(#6411,#6418),.PCURVE_S1.);
#6407 = LINE('',#6408,#6409);
#6408 = CARTESIAN_POINT('',(-75.,4.,4.));
#6409 = VECTOR('',#6410,1.);
#6410 = DIRECTION('',(1.,0.,0.));
#6411 = PCURVE('',#1287,#6412);
#6412 = DEFINITIONAL_REPRESENTATION('',(#6413),#6417);
#6413 = LINE('',#6414,#6415);
#6414 = CARTESIAN_POINT('',(48.,75.));
#6415 = VECTOR('',#6416,1.);
#6416 = DIRECTION('',(0.,-1.));
#6417 = ( GEOMETRIC_REPRESENTATION_CONTEXT(2) 
PARAMETRIC_REPRESENTATION_CONTEXT() REPRESENTATION_CONTEXT('2D SPACE',''
  ) );
#6418 = PCURVE('',#798,#6419);
#6419 = DEFINITIONAL_REPRESENTATION('',(#6420),#6424);
#6420 = LINE('',#6421,#6422);
#6421 = CARTESIAN_POINT('',(0.,75.));
#6422 = VECTOR('',#6423,1.);
#6423 = DIRECTION('',(0.,-1.));
#6424 = ( GEOMETRIC_REPRESENTATION_CONTEXT(2) 
PARAMETRIC_REPRESENTATION_CONTEXT() REPRESENTATION_CONTEXT('2D SPACE',''
  ) );
#6425 = ORIENTED_EDGE('',*,*,#6426,.F.);
#6426 = EDGE_CURVE('',#5819,#6404,#6427,.T.);
#6427 = SURFACE_CURVE('',#6428,(#6437,#6449),.PCURVE_S1.);
#6428 = B_SPLINE_CURVE_WITH_KNOTS('',4,(#6429,#6430,#6431,#6432,#6433,
    #6434,#6435,#6436),.UNSPECIFIED.,.F.,.F.,(5,3,5),(0.,0.49509603212,
    1.),.UNSPECIFIED.);
#6429 = CARTESIAN_POINT('',(61.926190441751,4.,-8.897579509934E-04));
#6430 = CARTESIAN_POINT('',(61.926199660623,4.,0.494891271064));
#6431 = CARTESIAN_POINT('',(61.919359762171,4.,0.990673476115));
#6432 = CARTESIAN_POINT('',(61.905670681981,4.,1.486314817399));
#6433 = CARTESIAN_POINT('',(61.864207119585,4.,2.486845682093));
#6434 = CARTESIAN_POINT('',(61.836158970406,4.,2.991723953295));
#6435 = CARTESIAN_POINT('',(61.801008209319,4.,3.496158301019));
#6436 = CARTESIAN_POINT('',(61.758775806603,4.,4.));
#6437 = PCURVE('',#1287,#6438);
#6438 = DEFINITIONAL_REPRESENTATION('',(#6439),#6448);
#6439 = B_SPLINE_CURVE_WITH_KNOTS('',4,(#6440,#6441,#6442,#6443,#6444,
    #6445,#6446,#6447),.UNSPECIFIED.,.F.,.F.,(5,3,5),(0.,0.49509603212,
    1.),.UNSPECIFIED.);
#6440 = CARTESIAN_POINT('',(43.999110242049,-61.92619044175));
#6441 = CARTESIAN_POINT('',(44.494891271064,-61.92619966062));
#6442 = CARTESIAN_POINT('',(44.990673476115,-61.91935976217));
#6443 = CARTESIAN_POINT('',(45.486314817399,-61.90567068198));
#6444 = CARTESIAN_POINT('',(46.486845682093,-61.86420711958));
#6445 = CARTESIAN_POINT('',(46.991723953295,-61.8361589704));
#6446 = CARTESIAN_POINT('',(47.496158301019,-61.80100820931));
#6447 = CARTESIAN_POINT('',(48.,-61.7587758066));
#6448 = ( GEOMETRIC_REPRESENTATION_CONTEXT(2) 
PARAMETRIC_REPRESENTATION_CONTEXT() REPRESENTATION_CONTEXT('2D SPACE',''
  ) );
#6449 = PCURVE('',#4198,#6450);
#6450 = DEFINITIONAL_REPRESENTATION('',(#6451),#6460);
#6451 = B_SPLINE_CURVE_WITH_KNOTS('',4,(#6452,#6453,#6454,#6455,#6456,
    #6457,#6458,#6459),.UNSPECIFIED.,.F.,.F.,(5,3,5),(0.,0.49509603212,
    1.),.UNSPECIFIED.);
#6452 = CARTESIAN_POINT('',(5.820042655484E-02,-1.813338098044E-05));
#6453 = CARTESIAN_POINT('',(5.820041802117E-02,1.008591331586E-02));
#6454 = CARTESIAN_POINT('',(5.820674953636E-02,2.013960349199E-02));
#6455 = CARTESIAN_POINT('',(5.821942114388E-02,3.014321004742E-02));
#6456 = CARTESIAN_POINT('',(5.825785300924E-02,5.025038829479E-02));
#6457 = CARTESIAN_POINT('',(5.828386740808E-02,6.035189764978E-02));
#6458 = CARTESIAN_POINT('',(5.831650920384E-02,7.040376127695E-02));
#6459 = CARTESIAN_POINT('',(5.835581152616E-02,8.040699011147E-02));
#6460 = ( GEOMETRIC_REPRESENTATION_CONTEXT(2) 
PARAMETRIC_REPRESENTATION_CONTEXT() REPRESENTATION_CONTEXT('2D SPACE',''
  ) );
#6461 = ORIENTED_EDGE('',*,*,#5818,.T.);
#6462 = ADVANCED_FACE('',(#6463),#798,.T.);
#6463 = FACE_BOUND('',#6464,.T.);
#6464 = EDGE_LOOP('',(#6465,#6466,#6467,#6468,#6491,#6520));
#6465 = ORIENTED_EDGE('',*,*,#6403,.T.);
#6466 = ORIENTED_EDGE('',*,*,#1232,.T.);
#6467 = ORIENTED_EDGE('',*,*,#778,.T.);
#6468 = ORIENTED_EDGE('',*,*,#6469,.T.);
#6469 = EDGE_CURVE('',#736,#6470,#6472,.T.);
#6470 = VERTEX_POINT('',#6471);
#6471 = CARTESIAN_POINT('',(61.758775806603,-4.,4.));
#6472 = SURFACE_CURVE('',#6473,(#6477,#6484),.PCURVE_S1.);
#6473 = LINE('',#6474,#6475);
#6474 = CARTESIAN_POINT('',(75.,-4.,4.));
#6475 = VECTOR('',#6476,1.);
#6476 = DIRECTION('',(-1.,0.,0.));
#6477 = PCURVE('',#798,#6478);
#6478 = DEFINITIONAL_REPRESENTATION('',(#6479),#6483);
#6479 = LINE('',#6480,#6481);
#6480 = CARTESIAN_POINT('',(8.,-75.));
#6481 = VECTOR('',#6482,1.);
#6482 = DIRECTION('',(0.,1.));
#6483 = ( GEOMETRIC_REPRESENTATION_CONTEXT(2) 
PARAMETRIC_REPRESENTATION_CONTEXT() REPRESENTATION_CONTEXT('2D SPACE',''
  ) );
#6484 = PCURVE('',#761,#6485);
#6485 = DEFINITIONAL_REPRESENTATION('',(#6486),#6490);
#6486 = LINE('',#6487,#6488);
#6487 = CARTESIAN_POINT('',(0.,-75.));
#6488 = VECTOR('',#6489,1.);
#6489 = DIRECTION('',(0.,1.));
#6490 = ( GEOMETRIC_REPRESENTATION_CONTEXT(2) 
PARAMETRIC_REPRESENTATION_CONTEXT() REPRESENTATION_CONTEXT('2D SPACE',''
  ) );
#6491 = ORIENTED_EDGE('',*,*,#6492,.F.);
#6492 = EDGE_CURVE('',#6493,#6470,#6495,.T.);
#6493 = VERTEX_POINT('',#6494);
#6494 = CARTESIAN_POINT('',(61.832785199097,-2.003004013893E-14,4.));
#6495 = SURFACE_CURVE('',#6496,(#6502,#6511),.PCURVE_S1.);
#6496 = B_SPLINE_CURVE_WITH_KNOTS('',4,(#6497,#6498,#6499,#6500,#6501),
  .UNSPECIFIED.,.F.,.F.,(5,5),(0.,1.),.PIECEWISE_BEZIER_KNOTS.);
#6497 = CARTESIAN_POINT('',(61.832785199097,1.7763568394E-15,4.));
#6498 = CARTESIAN_POINT('',(61.832785199097,-1.000225302764,4.));
#6499 = CARTESIAN_POINT('',(61.820452131973,-2.000452602911,4.));
#6500 = CARTESIAN_POINT('',(61.795785862716,-3.000453909068,4.));
#6501 = CARTESIAN_POINT('',(61.758775806603,-4.,4.));
#6502 = PCURVE('',#798,#6503);
#6503 = DEFINITIONAL_REPRESENTATION('',(#6504),#6510);
#6504 = B_SPLINE_CURVE_WITH_KNOTS('',4,(#6505,#6506,#6507,#6508,#6509),
  .UNSPECIFIED.,.F.,.F.,(5,5),(0.,1.),.PIECEWISE_BEZIER_KNOTS.);
#6505 = CARTESIAN_POINT('',(4.,-61.83278519909));
#6506 = CARTESIAN_POINT('',(5.000225302764,-61.83278519909));
#6507 = CARTESIAN_POINT('',(6.000452602911,-61.82045213197));
#6508 = CARTESIAN_POINT('',(7.000453909068,-61.79578586271));
#6509 = CARTESIAN_POINT('',(8.,-61.7587758066));
#6510 = ( GEOMETRIC_REPRESENTATION_CONTEXT(2) 
PARAMETRIC_REPRESENTATION_CONTEXT() REPRESENTATION_CONTEXT('2D SPACE',''
  ) );
#6511 = PCURVE('',#4198,#6512);
#6512 = DEFINITIONAL_REPRESENTATION('',(#6513),#6519);
#6513 = B_SPLINE_CURVE_WITH_KNOTS('',4,(#6514,#6515,#6516,#6517,#6518),
  .UNSPECIFIED.,.F.,.F.,(5,5),(0.,1.),.PIECEWISE_BEZIER_KNOTS.);
#6514 = CARTESIAN_POINT('',(6.28318530718,8.0406990922E-02));
#6515 = CARTESIAN_POINT('',(6.268395760897,8.0406990922E-02));
#6516 = CARTESIAN_POINT('',(6.2537454194,8.0406990922E-02));
#6517 = CARTESIAN_POINT('',(6.239225914516,8.0406990922E-02));
#6518 = CARTESIAN_POINT('',(6.224829504838,8.0406990922E-02));
#6519 = ( GEOMETRIC_REPRESENTATION_CONTEXT(2) 
PARAMETRIC_REPRESENTATION_CONTEXT() REPRESENTATION_CONTEXT('2D SPACE',''
  ) );
#6520 = ORIENTED_EDGE('',*,*,#6521,.F.);
#6521 = EDGE_CURVE('',#6404,#6493,#6522,.T.);
#6522 = SURFACE_CURVE('',#6523,(#6529,#6538),.PCURVE_S1.);
#6523 = B_SPLINE_CURVE_WITH_KNOTS('',4,(#6524,#6525,#6526,#6527,#6528),
  .UNSPECIFIED.,.F.,.F.,(5,5),(0.,1.),.PIECEWISE_BEZIER_KNOTS.);
#6524 = CARTESIAN_POINT('',(61.758775806603,4.,4.));
#6525 = CARTESIAN_POINT('',(61.795785862716,3.000453909068,4.));
#6526 = CARTESIAN_POINT('',(61.820452131973,2.000452602911,4.));
#6527 = CARTESIAN_POINT('',(61.832785199097,1.000225302764,4.));
#6528 = CARTESIAN_POINT('',(61.832785199097,0.,4.));
#6529 = PCURVE('',#798,#6530);
#6530 = DEFINITIONAL_REPRESENTATION('',(#6531),#6537);
#6531 = B_SPLINE_CURVE_WITH_KNOTS('',4,(#6532,#6533,#6534,#6535,#6536),
  .UNSPECIFIED.,.F.,.F.,(5,5),(0.,1.),.PIECEWISE_BEZIER_KNOTS.);
#6532 = CARTESIAN_POINT('',(0.,-61.7587758066));
#6533 = CARTESIAN_POINT('',(0.999546090932,-61.79578586271));
#6534 = CARTESIAN_POINT('',(1.999547397089,-61.82045213197));
#6535 = CARTESIAN_POINT('',(2.999774697236,-61.83278519909));
#6536 = CARTESIAN_POINT('',(4.,-61.83278519909));
#6537 = ( GEOMETRIC_REPRESENTATION_CONTEXT(2) 
PARAMETRIC_REPRESENTATION_CONTEXT() REPRESENTATION_CONTEXT('2D SPACE',''
  ) );
#6538 = PCURVE('',#4198,#6539);
#6539 = DEFINITIONAL_REPRESENTATION('',(#6540),#6546);
#6540 = B_SPLINE_CURVE_WITH_KNOTS('',4,(#6541,#6542,#6543,#6544,#6545),
  .UNSPECIFIED.,.F.,.F.,(5,5),(0.,1.),.PIECEWISE_BEZIER_KNOTS.);
#6541 = CARTESIAN_POINT('',(5.83558023413E-02,8.0406990922E-02));
#6542 = CARTESIAN_POINT('',(4.39593926634E-02,8.0406990922E-02));
#6543 = CARTESIAN_POINT('',(2.943988777909E-02,8.0406990922E-02));
#6544 = CARTESIAN_POINT('',(1.478954628228E-02,8.0406990922E-02));
#6545 = CARTESIAN_POINT('',(0.,8.0406990922E-02));
#6546 = ( GEOMETRIC_REPRESENTATION_CONTEXT(2) 
PARAMETRIC_REPRESENTATION_CONTEXT() REPRESENTATION_CONTEXT('2D SPACE',''
  ) );
#6547 = ADVANCED_FACE('',(#6548),#861,.T.);
#6548 = FACE_BOUND('',#6549,.T.);
#6549 = EDGE_LOOP('',(#6550,#6573,#6574,#6575,#6598,#6627));
#6550 = ORIENTED_EDGE('',*,*,#6551,.F.);
#6551 = EDGE_CURVE('',#842,#6552,#6554,.T.);
#6552 = VERTEX_POINT('',#6553);
#6553 = CARTESIAN_POINT('',(61.029382730952,-8.,8.));
#6554 = SURFACE_CURVE('',#6555,(#6559,#6566),.PCURVE_S1.);
#6555 = LINE('',#6556,#6557);
#6556 = CARTESIAN_POINT('',(92.,-8.,8.));
#6557 = VECTOR('',#6558,1.);
#6558 = DIRECTION('',(-1.,0.,0.));
#6559 = PCURVE('',#861,#6560);
#6560 = DEFINITIONAL_REPRESENTATION('',(#6561),#6565);
#6561 = LINE('',#6562,#6563);
#6562 = CARTESIAN_POINT('',(0.,-75.));
#6563 = VECTOR('',#6564,1.);
#6564 = DIRECTION('',(0.,1.));
#6565 = ( GEOMETRIC_REPRESENTATION_CONTEXT(2) 
PARAMETRIC_REPRESENTATION_CONTEXT() REPRESENTATION_CONTEXT('2D SPACE',''
  ) );
#6566 = PCURVE('',#958,#6567);
#6567 = DEFINITIONAL_REPRESENTATION('',(#6568),#6572);
#6568 = LINE('',#6569,#6570);
#6569 = CARTESIAN_POINT('',(28.,-75.));
#6570 = VECTOR('',#6571,1.);
#6571 = DIRECTION('',(0.,1.));
#6572 = ( GEOMETRIC_REPRESENTATION_CONTEXT(2) 
PARAMETRIC_REPRESENTATION_CONTEXT() REPRESENTATION_CONTEXT('2D SPACE',''
  ) );
#6573 = ORIENTED_EDGE('',*,*,#841,.F.);
#6574 = ORIENTED_EDGE('',*,*,#1204,.F.);
#6575 = ORIENTED_EDGE('',*,*,#6576,.F.);
#6576 = EDGE_CURVE('',#6577,#1087,#6579,.T.);
#6577 = VERTEX_POINT('',#6578);
#6578 = CARTESIAN_POINT('',(61.029382730952,8.,8.));
#6579 = SURFACE_CURVE('',#6580,(#6584,#6591),.PCURVE_S1.);
#6580 = LINE('',#6581,#6582);
#6581 = CARTESIAN_POINT('',(-58.,8.,8.));
#6582 = VECTOR('',#6583,1.);
#6583 = DIRECTION('',(1.,0.,0.));
#6584 = PCURVE('',#861,#6585);
#6585 = DEFINITIONAL_REPRESENTATION('',(#6586),#6590);
#6586 = LINE('',#6587,#6588);
#6587 = CARTESIAN_POINT('',(16.,75.));
#6588 = VECTOR('',#6589,1.);
#6589 = DIRECTION('',(0.,-1.));
#6590 = ( GEOMETRIC_REPRESENTATION_CONTEXT(2) 
PARAMETRIC_REPRESENTATION_CONTEXT() REPRESENTATION_CONTEXT('2D SPACE',''
  ) );
#6591 = PCURVE('',#1169,#6592);
#6592 = DEFINITIONAL_REPRESENTATION('',(#6593),#6597);
#6593 = LINE('',#6594,#6595);
#6594 = CARTESIAN_POINT('',(0.,75.));
#6595 = VECTOR('',#6596,1.);
#6596 = DIRECTION('',(0.,-1.));
#6597 = ( GEOMETRIC_REPRESENTATION_CONTEXT(2) 
PARAMETRIC_REPRESENTATION_CONTEXT() REPRESENTATION_CONTEXT('2D SPACE',''
  ) );
#6598 = ORIENTED_EDGE('',*,*,#6599,.T.);
#6599 = EDGE_CURVE('',#6577,#6600,#6602,.T.);
#6600 = VERTEX_POINT('',#6601);
#6601 = CARTESIAN_POINT('',(61.328405342962,-1.986665191808E-14,8.));
#6602 = SURFACE_CURVE('',#6603,(#6609,#6618),.PCURVE_S1.);
#6603 = B_SPLINE_CURVE_WITH_KNOTS('',4,(#6604,#6605,#6606,#6607,#6608),
  .UNSPECIFIED.,.F.,.F.,(5,5),(0.,1.),.PIECEWISE_BEZIER_KNOTS.);
#6604 = CARTESIAN_POINT('',(61.029382730952,8.,8.));
#6605 = CARTESIAN_POINT('',(61.178981261629,6.003723725502,8.));
#6606 = CARTESIAN_POINT('',(61.278597648413,4.003710206399,8.));
#6607 = CARTESIAN_POINT('',(61.328405342962,2.00185191821,8.));
#6608 = CARTESIAN_POINT('',(61.328405342962,0.,8.));
#6609 = PCURVE('',#861,#6610);
#6610 = DEFINITIONAL_REPRESENTATION('',(#6611),#6617);
#6611 = B_SPLINE_CURVE_WITH_KNOTS('',4,(#6612,#6613,#6614,#6615,#6616),
  .UNSPECIFIED.,.F.,.F.,(5,5),(0.,1.),.PIECEWISE_BEZIER_KNOTS.);
#6612 = CARTESIAN_POINT('',(16.,-44.02938273095));
#6613 = CARTESIAN_POINT('',(14.003723725502,-44.17898126162));
#6614 = CARTESIAN_POINT('',(12.003710206399,-44.27859764841));
#6615 = CARTESIAN_POINT('',(10.00185191821,-44.32840534296));
#6616 = CARTESIAN_POINT('',(8.,-44.32840534296));
#6617 = ( GEOMETRIC_REPRESENTATION_CONTEXT(2) 
PARAMETRIC_REPRESENTATION_CONTEXT() REPRESENTATION_CONTEXT('2D SPACE',''
  ) );
#6618 = PCURVE('',#4198,#6619);
#6619 = DEFINITIONAL_REPRESENTATION('',(#6620),#6626);
#6620 = B_SPLINE_CURVE_WITH_KNOTS('',4,(#6621,#6622,#6623,#6624,#6625),
  .UNSPECIFIED.,.F.,.F.,(5,5),(0.,1.),.PIECEWISE_BEZIER_KNOTS.);
#6621 = CARTESIAN_POINT('',(0.116236467184,0.159067293779));
#6622 = CARTESIAN_POINT('',(8.789815565004E-02,0.159067293779));
#6623 = CARTESIAN_POINT('',(5.911969140944E-02,0.159067293779));
#6624 = CARTESIAN_POINT('',(2.984324879857E-02,0.159067293779));
#6625 = CARTESIAN_POINT('',(0.,0.159067293779));
#6626 = ( GEOMETRIC_REPRESENTATION_CONTEXT(2) 
PARAMETRIC_REPRESENTATION_CONTEXT() REPRESENTATION_CONTEXT('2D SPACE',''
  ) );
#6627 = ORIENTED_EDGE('',*,*,#6628,.T.);
#6628 = EDGE_CURVE('',#6600,#6552,#6629,.T.);
#6629 = SURFACE_CURVE('',#6630,(#6636,#6645),.PCURVE_S1.);
#6630 = B_SPLINE_CURVE_WITH_KNOTS('',4,(#6631,#6632,#6633,#6634,#6635),
  .UNSPECIFIED.,.F.,.F.,(5,5),(0.,1.),.PIECEWISE_BEZIER_KNOTS.);
#6631 = CARTESIAN_POINT('',(61.328405342962,8.881784197001E-15,8.));
#6632 = CARTESIAN_POINT('',(61.328405342962,-2.00185191821,8.));
#6633 = CARTESIAN_POINT('',(61.278597648413,-4.003710206399,8.));
#6634 = CARTESIAN_POINT('',(61.178981261629,-6.003723725502,8.));
#6635 = CARTESIAN_POINT('',(61.029382730952,-8.,8.));
#6636 = PCURVE('',#861,#6637);
#6637 = DEFINITIONAL_REPRESENTATION('',(#6638),#6644);
#6638 = B_SPLINE_CURVE_WITH_KNOTS('',4,(#6639,#6640,#6641,#6642,#6643),
  .UNSPECIFIED.,.F.,.F.,(5,5),(0.,1.),.PIECEWISE_BEZIER_KNOTS.);
#6639 = CARTESIAN_POINT('',(8.,-44.32840534296));
#6640 = CARTESIAN_POINT('',(5.99814808179,-44.32840534296));
#6641 = CARTESIAN_POINT('',(3.996289793601,-44.27859764841));
#6642 = CARTESIAN_POINT('',(1.996276274498,-44.17898126162));
#6643 = CARTESIAN_POINT('',(0.,-44.02938273095));
#6644 = ( GEOMETRIC_REPRESENTATION_CONTEXT(2) 
PARAMETRIC_REPRESENTATION_CONTEXT() REPRESENTATION_CONTEXT('2D SPACE',''
  ) );
#6645 = PCURVE('',#4198,#6646);
#6646 = DEFINITIONAL_REPRESENTATION('',(#6647),#6653);
#6647 = B_SPLINE_CURVE_WITH_KNOTS('',4,(#6648,#6649,#6650,#6651,#6652),
  .UNSPECIFIED.,.F.,.F.,(5,5),(0.,1.),.PIECEWISE_BEZIER_KNOTS.);
#6648 = CARTESIAN_POINT('',(6.28318530718,0.159067293779));
#6649 = CARTESIAN_POINT('',(6.253342058381,0.159067293779));
#6650 = CARTESIAN_POINT('',(6.22406561577,0.159067293779));
#6651 = CARTESIAN_POINT('',(6.19528715153,0.159067293779));
#6652 = CARTESIAN_POINT('',(6.166948839996,0.159067293779));
#6653 = ( GEOMETRIC_REPRESENTATION_CONTEXT(2) 
PARAMETRIC_REPRESENTATION_CONTEXT() REPRESENTATION_CONTEXT('2D SPACE',''
  ) );
#6654 = ADVANCED_FACE('',(#6655),#1169,.T.);
#6655 = FACE_BOUND('',#6656,.T.);
#6656 = EDGE_LOOP('',(#6657,#6658,#6659,#6682));
#6657 = ORIENTED_EDGE('',*,*,#6576,.T.);
#6658 = ORIENTED_EDGE('',*,*,#1086,.F.);
#6659 = ORIENTED_EDGE('',*,*,#6660,.F.);
#6660 = EDGE_CURVE('',#6661,#1058,#6663,.T.);
#6661 = VERTEX_POINT('',#6662);
#6662 = CARTESIAN_POINT('',(46.153782275132,8.,36.));
#6663 = SURFACE_CURVE('',#6664,(#6668,#6675),.PCURVE_S1.);
#6664 = LINE('',#6665,#6666);
#6665 = CARTESIAN_POINT('',(-58.,8.,36.));
#6666 = VECTOR('',#6667,1.);
#6667 = DIRECTION('',(1.,0.,0.));
#6668 = PCURVE('',#1169,#6669);
#6669 = DEFINITIONAL_REPRESENTATION('',(#6670),#6674);
#6670 = LINE('',#6671,#6672);
#6671 = CARTESIAN_POINT('',(28.,75.));
#6672 = VECTOR('',#6673,1.);
#6673 = DIRECTION('',(0.,-1.));
#6674 = ( GEOMETRIC_REPRESENTATION_CONTEXT(2) 
PARAMETRIC_REPRESENTATION_CONTEXT() REPRESENTATION_CONTEXT('2D SPACE',''
  ) );
#6675 = PCURVE('',#1013,#6676);
#6676 = DEFINITIONAL_REPRESENTATION('',(#6677),#6681);
#6677 = LINE('',#6678,#6679);
#6678 = CARTESIAN_POINT('',(0.,75.));
#6679 = VECTOR('',#6680,1.);
#6680 = DIRECTION('',(0.,-1.));
#6681 = ( GEOMETRIC_REPRESENTATION_CONTEXT(2) 
PARAMETRIC_REPRESENTATION_CONTEXT() REPRESENTATION_CONTEXT('2D SPACE',''
  ) );
#6682 = ORIENTED_EDGE('',*,*,#6683,.T.);
#6683 = EDGE_CURVE('',#6661,#6577,#6684,.T.);
#6684 = SURFACE_CURVE('',#6685,(#6736,#6790),.PCURVE_S1.);
#6685 = B_SPLINE_CURVE_WITH_KNOTS('',4,(#6686,#6687,#6688,#6689,#6690,
    #6691,#6692,#6693,#6694,#6695,#6696,#6697,#6698,#6699,#6700,#6701,
    #6702,#6703,#6704,#6705,#6706,#6707,#6708,#6709,#6710,#6711,#6712,
    #6713,#6714,#6715,#6716,#6717,#6718,#6719,#6720,#6721,#6722,#6723,
    #6724,#6725,#6726,#6727,#6728,#6729,#6730,#6731,#6732,#6733,#6734,
    #6735),.UNSPECIFIED.,.F.,.F.,(5,3,3,3,3,3,3,3,3,3,3,3,3,3,3,3,5),(
    0.340134980413,0.407452391243,0.473930027948,0.53989277515,
    0.605308966262,0.6701497341,0.734389100186,0.798004003452,
    0.860974275287,0.923282567805,0.984914242258,1.045857224532,
    1.106101834671,1.165640597196,1.224468038738,1.282580479103,
    1.340134980413),.UNSPECIFIED.);
#6686 = CARTESIAN_POINT('',(46.153782275132,8.,36.));
#6687 = CARTESIAN_POINT('',(46.539077249122,8.,35.618312652388));
#6688 = CARTESIAN_POINT('',(46.91955017234,8.,35.231757998613));
#6689 = CARTESIAN_POINT('',(47.295073560591,8.,34.840391872979));
#6690 = CARTESIAN_POINT('',(48.031342966053,8.,34.05310387611));
#6691 = CARTESIAN_POINT('',(48.392214906909,8.,33.657299759098));
#6692 = CARTESIAN_POINT('',(48.748010924338,8.,33.256925341225));
#6693 = CARTESIAN_POINT('',(49.446487130026,8.,32.450307252741));
#6694 = CARTESIAN_POINT('',(49.789247580394,8.,32.044133073533));
#6695 = CARTESIAN_POINT('',(50.12676671234,8.,31.633591985969));
#6696 = CARTESIAN_POINT('',(50.78832759684,8.,30.807360371539));
#6697 = CARTESIAN_POINT('',(51.112457871042,8.,30.391740709052));
#6698 = CARTESIAN_POINT('',(51.431195777585,8.,29.971970329255));
#6699 = CARTESIAN_POINT('',(52.054896535738,8.,29.128014974059));
#6700 = CARTESIAN_POINT('',(52.359955919925,8.,28.703901319275));
#6701 = CARTESIAN_POINT('',(52.65948747499,8.,28.275864786059));
#6702 = CARTESIAN_POINT('',(53.244543018368,8.,27.416121241751));
#6703 = CARTESIAN_POINT('',(53.53017118681,8.,26.984485102045));
#6704 = CARTESIAN_POINT('',(53.810152757545,8.,26.549164247381));
#6705 = CARTESIAN_POINT('',(54.355941379559,8.,25.675599801883));
#6706 = CARTESIAN_POINT('',(54.621859790801,8.,25.237425759738));
#6707 = CARTESIAN_POINT('',(54.882030473811,8.,24.795814015067));
#6708 = CARTESIAN_POINT('',(55.388095493681,8.,23.910413692026));
#6709 = CARTESIAN_POINT('',(55.634107811074,8.,23.466692516486));
#6710 = CARTESIAN_POINT('',(55.874289672636,8.,23.019787895477));
#6711 = CARTESIAN_POINT('',(56.340339158193,8.,22.12454067939));
#6712 = CARTESIAN_POINT('',(56.566330747266,8.,21.676262584053));
#6713 = CARTESIAN_POINT('',(56.78642812335,8.,21.225060838754));
#6714 = CARTESIAN_POINT('',(57.212332810107,8.,20.321946310271));
#6715 = CARTESIAN_POINT('',(57.418269373774,8.,19.870094444979));
#6716 = CARTESIAN_POINT('',(57.618267295061,8.,19.415582485256));
#6717 = CARTESIAN_POINT('',(58.004056836676,8.,18.506558035662));
#6718 = CARTESIAN_POINT('',(58.189982257619,8.,18.05210229088));
#6719 = CARTESIAN_POINT('',(58.369944073611,8.,17.595251948051));
#6720 = CARTESIAN_POINT('',(58.715801775246,8.,16.682240723328));
#6721 = CARTESIAN_POINT('',(58.881835242225,8.,16.226131916601));
#6722 = CARTESIAN_POINT('',(59.041899526386,8.,15.767894121732));
#6723 = CARTESIAN_POINT('',(59.348155726306,8.,14.852773825437));
#6724 = CARTESIAN_POINT('',(59.494488227187,8.,14.395938328787));
#6725 = CARTESIAN_POINT('',(59.634865051308,8.,13.937237764588));
#6726 = CARTESIAN_POINT('',(59.901989326672,8.,13.021830425969));
#6727 = CARTESIAN_POINT('',(60.028879595364,8.,12.565165281914));
#6728 = CARTESIAN_POINT('',(60.149846265687,8.,12.106895554943));
#6729 = CARTESIAN_POINT('',(60.378438645366,8.,11.192958344911));
#6730 = CARTESIAN_POINT('',(60.486208652453,8.,10.737326907352));
#6731 = CARTESIAN_POINT('',(60.588105002454,8.,10.280346274783));
#6732 = CARTESIAN_POINT('',(60.779149251788,8.,9.368308453668));
#6733 = CARTESIAN_POINT('',(60.868410172127,8.,8.913274896791));
#6734 = CARTESIAN_POINT('',(60.951831994196,8.,8.45713507543));
#6735 = CARTESIAN_POINT('',(61.029382730952,8.,8.));
#6736 = PCURVE('',#1169,#6737);
#6737 = DEFINITIONAL_REPRESENTATION('',(#6738),#6789);
#6738 = B_SPLINE_CURVE_WITH_KNOTS('',4,(#6739,#6740,#6741,#6742,#6743,
    #6744,#6745,#6746,#6747,#6748,#6749,#6750,#6751,#6752,#6753,#6754,
    #6755,#6756,#6757,#6758,#6759,#6760,#6761,#6762,#6763,#6764,#6765,
    #6766,#6767,#6768,#6769,#6770,#6771,#6772,#6773,#6774,#6775,#6776,
    #6777,#6778,#6779,#6780,#6781,#6782,#6783,#6784,#6785,#6786,#6787,
    #6788),.UNSPECIFIED.,.F.,.F.,(5,3,3,3,3,3,3,3,3,3,3,3,3,3,3,3,5),(
    0.340134980413,0.407452391243,0.473930027948,0.53989277515,
    0.605308966262,0.6701497341,0.734389100186,0.798004003452,
    0.860974275287,0.923282567805,0.984914242258,1.045857224532,
    1.106101834671,1.165640597196,1.224468038738,1.282580479103,
    1.340134980413),.UNSPECIFIED.);
#6739 = CARTESIAN_POINT('',(28.,-29.15378227513));
#6740 = CARTESIAN_POINT('',(27.618312652388,-29.53907724912));
#6741 = CARTESIAN_POINT('',(27.231757998613,-29.91955017234));
#6742 = CARTESIAN_POINT('',(26.840391872979,-30.29507356059));
#6743 = CARTESIAN_POINT('',(26.05310387611,-31.03134296605));
#6744 = CARTESIAN_POINT('',(25.657299759098,-31.3922149069));
#6745 = CARTESIAN_POINT('',(25.256925341225,-31.74801092433));
#6746 = CARTESIAN_POINT('',(24.450307252741,-32.44648713002));
#6747 = CARTESIAN_POINT('',(24.044133073533,-32.78924758039));
#6748 = CARTESIAN_POINT('',(23.633591985969,-33.12676671234));
#6749 = CARTESIAN_POINT('',(22.807360371539,-33.78832759684));
#6750 = CARTESIAN_POINT('',(22.391740709052,-34.11245787104));
#6751 = CARTESIAN_POINT('',(21.971970329255,-34.43119577758));
#6752 = CARTESIAN_POINT('',(21.128014974059,-35.05489653573));
#6753 = CARTESIAN_POINT('',(20.703901319275,-35.35995591992));
#6754 = CARTESIAN_POINT('',(20.275864786059,-35.65948747499));
#6755 = CARTESIAN_POINT('',(19.416121241751,-36.24454301836));
#6756 = CARTESIAN_POINT('',(18.984485102045,-36.53017118681));
#6757 = CARTESIAN_POINT('',(18.549164247381,-36.81015275754));
#6758 = CARTESIAN_POINT('',(17.675599801883,-37.35594137955));
#6759 = CARTESIAN_POINT('',(17.237425759738,-37.6218597908));
#6760 = CARTESIAN_POINT('',(16.795814015067,-37.88203047381));
#6761 = CARTESIAN_POINT('',(15.910413692026,-38.38809549368));
#6762 = CARTESIAN_POINT('',(15.466692516486,-38.63410781107));
#6763 = CARTESIAN_POINT('',(15.019787895477,-38.87428967263));
#6764 = CARTESIAN_POINT('',(14.12454067939,-39.34033915819));
#6765 = CARTESIAN_POINT('',(13.676262584053,-39.56633074726));
#6766 = CARTESIAN_POINT('',(13.225060838754,-39.78642812335));
#6767 = CARTESIAN_POINT('',(12.321946310271,-40.2123328101));
#6768 = CARTESIAN_POINT('',(11.870094444979,-40.41826937377));
#6769 = CARTESIAN_POINT('',(11.415582485256,-40.61826729506));
#6770 = CARTESIAN_POINT('',(10.506558035662,-41.00405683667));
#6771 = CARTESIAN_POINT('',(10.05210229088,-41.18998225761));
#6772 = CARTESIAN_POINT('',(9.595251948051,-41.36994407361));
#6773 = CARTESIAN_POINT('',(8.682240723328,-41.71580177524));
#6774 = CARTESIAN_POINT('',(8.226131916601,-41.88183524222));
#6775 = CARTESIAN_POINT('',(7.767894121732,-42.04189952638));
#6776 = CARTESIAN_POINT('',(6.852773825437,-42.3481557263));
#6777 = CARTESIAN_POINT('',(6.395938328787,-42.49448822718));
#6778 = CARTESIAN_POINT('',(5.937237764588,-42.6348650513));
#6779 = CARTESIAN_POINT('',(5.021830425969,-42.90198932667));
#6780 = CARTESIAN_POINT('',(4.565165281914,-43.02887959536));
#6781 = CARTESIAN_POINT('',(4.106895554943,-43.14984626568));
#6782 = CARTESIAN_POINT('',(3.192958344911,-43.37843864536));
#6783 = CARTESIAN_POINT('',(2.737326907352,-43.48620865245));
#6784 = CARTESIAN_POINT('',(2.280346274783,-43.58810500245));
#6785 = CARTESIAN_POINT('',(1.368308453668,-43.77914925178));
#6786 = CARTESIAN_POINT('',(0.913274896791,-43.86841017212));
#6787 = CARTESIAN_POINT('',(0.45713507543,-43.95183199419));
#6788 = CARTESIAN_POINT('',(0.,-44.02938273095));
#6789 = ( GEOMETRIC_REPRESENTATION_CONTEXT(2) 
PARAMETRIC_REPRESENTATION_CONTEXT() REPRESENTATION_CONTEXT('2D SPACE',''
  ) );
#6790 = PCURVE('',#4198,#6791);
#6791 = DEFINITIONAL_REPRESENTATION('',(#6792),#6884);
#6792 = B_SPLINE_CURVE_WITH_KNOTS('',3,(#6793,#6794,#6795,#6796,#6797,
    #6798,#6799,#6800,#6801,#6802,#6803,#6804,#6805,#6806,#6807,#6808,
    #6809,#6810,#6811,#6812,#6813,#6814,#6815,#6816,#6817,#6818,#6819,
    #6820,#6821,#6822,#6823,#6824,#6825,#6826,#6827,#6828,#6829,#6830,
    #6831,#6832,#6833,#6834,#6835,#6836,#6837,#6838,#6839,#6840,#6841,
    #6842,#6843,#6844,#6845,#6846,#6847,#6848,#6849,#6850,#6851,#6852,
    #6853,#6854,#6855,#6856,#6857,#6858,#6859,#6860,#6861,#6862,#6863,
    #6864,#6865,#6866,#6867,#6868,#6869,#6870,#6871,#6872,#6873,#6874,
    #6875,#6876,#6877,#6878,#6879,#6880,#6881,#6882,#6883),
  .UNSPECIFIED.,.F.,.F.,(4,1,1,1,1,1,1,1,1,1,1,1,1,1,1,1,1,1,1,1,1,1,1,1
    ,1,1,1,1,1,1,1,1,1,1,1,1,1,1,1,1,1,1,1,1,1,1,1,1,1,1,1,1,1,1,1,1,1,1
    ,1,1,1,1,1,1,1,1,1,1,1,1,1,1,1,1,1,1,1,1,1,1,1,1,1,1,1,1,1,1,4),(
    0.340134980413,0.351498616777,0.362862253141,0.374225889504,
    0.385589525868,0.396953162232,0.408316798595,0.419680434959,
    0.431044071323,0.442407707686,0.45377134405,0.465134980413,
    0.476498616777,0.487862253141,0.499225889504,0.510589525868,
    0.521953162232,0.533316798595,0.544680434959,0.556044071323,
    0.567407707686,0.57877134405,0.590134980413,0.601498616777,
    0.612862253141,0.624225889504,0.635589525868,0.646953162232,
    0.658316798595,0.669680434959,0.681044071323,0.692407707686,
    0.70377134405,0.715134980413,0.726498616777,0.737862253141,
    0.749225889504,0.760589525868,0.771953162232,0.783316798595,
    0.794680434959,0.806044071323,0.817407707686,0.82877134405,
    0.840134980413,0.851498616777,0.862862253141,0.874225889504,
    0.885589525868,0.896953162232,0.908316798595,0.919680434959,
    0.931044071323,0.942407707686,0.95377134405,0.965134980413,
    0.976498616777,0.987862253141,0.999225889504,1.010589525868,
    1.021953162232,1.033316798595,1.044680434959,1.056044071323,
    1.067407707686,1.07877134405,1.090134980413,1.101498616777,
    1.112862253141,1.124225889504,1.135589525868,1.146953162232,
    1.158316798595,1.169680434959,1.181044071323,1.192407707686,
    1.20377134405,1.215134980413,1.226498616777,1.237862253141,
    1.249225889504,1.260589525868,1.271953162232,1.283316798595,
    1.294680434959,1.306044071323,1.317407707686,1.32877134405,
    1.340134980413),.QUASI_UNIFORM_KNOTS.);
#6793 = CARTESIAN_POINT('',(0.152070691224,0.724847355294));
#6794 = CARTESIAN_POINT('',(0.151797666992,0.722854826944));
#6795 = CARTESIAN_POINT('',(0.15125627483,0.718867543879));
#6796 = CARTESIAN_POINT('',(0.150457905737,0.712879821025));
#6797 = CARTESIAN_POINT('',(0.149673003265,0.706885180856));
#6798 = CARTESIAN_POINT('',(0.148901324571,0.700883503934));
#6799 = CARTESIAN_POINT('',(0.148142632872,0.694874670587));
#6800 = CARTESIAN_POINT('',(0.147396698145,0.68885856088));
#6801 = CARTESIAN_POINT('',(0.146663296664,0.682835054633));
#6802 = CARTESIAN_POINT('',(0.145942210869,0.67680403146));
#6803 = CARTESIAN_POINT('',(0.145233229155,0.670765370744));
#6804 = CARTESIAN_POINT('',(0.144536145683,0.664718951655));
#6805 = CARTESIAN_POINT('',(0.143850760204,0.658664653159));
#6806 = CARTESIAN_POINT('',(0.143176877898,0.652602354032));
#6807 = CARTESIAN_POINT('',(0.142514309188,0.646531932852));
#6808 = CARTESIAN_POINT('',(0.141862869601,0.64045326805));
#6809 = CARTESIAN_POINT('',(0.141222379599,0.634366237876));
#6810 = CARTESIAN_POINT('',(0.140592664433,0.628270720416));
#6811 = CARTESIAN_POINT('',(0.139973554003,0.622166593601));
#6812 = CARTESIAN_POINT('',(0.139364882728,0.616053735222));
#6813 = CARTESIAN_POINT('',(0.138766489399,0.609932022909));
#6814 = CARTESIAN_POINT('',(0.138178217071,0.603801334203));
#6815 = CARTESIAN_POINT('',(0.137599912916,0.597661546493));
#6816 = CARTESIAN_POINT('',(0.13703142812,0.591512537046));
#6817 = CARTESIAN_POINT('',(0.136472617763,0.585354183017));
#6818 = CARTESIAN_POINT('',(0.13592334072,0.579186361455));
#6819 = CARTESIAN_POINT('',(0.135383459534,0.573008949286));
#6820 = CARTESIAN_POINT('',(0.134852840338,0.566821823386));
#6821 = CARTESIAN_POINT('',(0.134331352733,0.560624860502));
#6822 = CARTESIAN_POINT('',(0.133818869699,0.554417937291));
#6823 = CARTESIAN_POINT('',(0.133315267515,0.548200930342));
#6824 = CARTESIAN_POINT('',(0.132820425656,0.54197371614));
#6825 = CARTESIAN_POINT('',(0.132334226714,0.535736171111));
#6826 = CARTESIAN_POINT('',(0.131856556315,0.52948817163));
#6827 = CARTESIAN_POINT('',(0.131387303027,0.52322959397));
#6828 = CARTESIAN_POINT('',(0.130926358294,0.516960314338));
#6829 = CARTESIAN_POINT('',(0.130473616367,0.510680208912));
#6830 = CARTESIAN_POINT('',(0.13002897421,0.504389153741));
#6831 = CARTESIAN_POINT('',(0.129592331458,0.498087024902));
#6832 = CARTESIAN_POINT('',(0.129163590323,0.491773698376));
#6833 = CARTESIAN_POINT('',(0.12874265554,0.485449050078));
#6834 = CARTESIAN_POINT('',(0.128329434305,0.479112955881));
#6835 = CARTESIAN_POINT('',(0.127923836216,0.472765291625));
#6836 = CARTESIAN_POINT('',(0.127525773202,0.466405933043));
#6837 = CARTESIAN_POINT('',(0.127135159487,0.460034755909));
#6838 = CARTESIAN_POINT('',(0.126751911506,0.453651635884));
#6839 = CARTESIAN_POINT('',(0.126375947869,0.447256448575));
#6840 = CARTESIAN_POINT('',(0.126007189316,0.440849069596));
#6841 = CARTESIAN_POINT('',(0.125645558647,0.434429374422));
#6842 = CARTESIAN_POINT('',(0.125290980692,0.427997238562));
#6843 = CARTESIAN_POINT('',(0.124943382253,0.421552537454));
#6844 = CARTESIAN_POINT('',(0.124602692056,0.415095146447));
#6845 = CARTESIAN_POINT('',(0.124268840714,0.40862494085));
#6846 = CARTESIAN_POINT('',(0.12394176069,0.402141795949));
#6847 = CARTESIAN_POINT('',(0.12362138624,0.395645586879));
#6848 = CARTESIAN_POINT('',(0.123307653388,0.389136188834));
#6849 = CARTESIAN_POINT('',(0.123000499875,0.382613476854));
#6850 = CARTESIAN_POINT('',(0.122699865125,0.376077325902));
#6851 = CARTESIAN_POINT('',(0.122405690221,0.369527610945));
#6852 = CARTESIAN_POINT('',(0.122117917848,0.362964206739));
#6853 = CARTESIAN_POINT('',(0.121836492284,0.35638698808));
#6854 = CARTESIAN_POINT('',(0.121561359347,0.349795829624));
#6855 = CARTESIAN_POINT('',(0.121292466365,0.343190605888));
#6856 = CARTESIAN_POINT('',(0.121029762158,0.336571191337));
#6857 = CARTESIAN_POINT('',(0.120773197002,0.329937460304));
#6858 = CARTESIAN_POINT('',(0.120522722594,0.323289286964));
#6859 = CARTESIAN_POINT('',(0.120278292035,0.316626545456));
#6860 = CARTESIAN_POINT('',(0.120039859791,0.309949109685));
#6861 = CARTESIAN_POINT('',(0.119807381674,0.303256853431));
#6862 = CARTESIAN_POINT('',(0.119580814823,0.296549650389));
#6863 = CARTESIAN_POINT('',(0.119360117662,0.289827373935));
#6864 = CARTESIAN_POINT('',(0.119145249901,0.283089897443));
#6865 = CARTESIAN_POINT('',(0.118936172487,0.276337093984));
#6866 = CARTESIAN_POINT('',(0.118732847597,0.269568836419));
#6867 = CARTESIAN_POINT('',(0.11853523862,0.262784997501));
#6868 = CARTESIAN_POINT('',(0.118343310123,0.255985449585));
#6869 = CARTESIAN_POINT('',(0.118157027849,0.249170064955));
#6870 = CARTESIAN_POINT('',(0.117976358681,0.242338715552));
#6871 = CARTESIAN_POINT('',(0.117801270628,0.235491273009));
#6872 = CARTESIAN_POINT('',(0.117631732818,0.228627608786));
#6873 = CARTESIAN_POINT('',(0.117467715466,0.221747593893));
#6874 = CARTESIAN_POINT('',(0.117309189872,0.214851099144));
#6875 = CARTESIAN_POINT('',(0.117156128393,0.207937994975));
#6876 = CARTESIAN_POINT('',(0.117008504431,0.201008151405));
#6877 = CARTESIAN_POINT('',(0.116866292423,0.194061438181));
#6878 = CARTESIAN_POINT('',(0.116729467826,0.187097724555));
#6879 = CARTESIAN_POINT('',(0.116598007095,0.180116879426));
#6880 = CARTESIAN_POINT('',(0.116471887703,0.173118771259));
#6881 = CARTESIAN_POINT('',(0.116351088004,0.166103268029));
#6882 = CARTESIAN_POINT('',(0.11627408779,0.161414580763));
#6883 = CARTESIAN_POINT('',(0.116236467462,0.159067293779));
#6884 = ( GEOMETRIC_REPRESENTATION_CONTEXT(2) 
PARAMETRIC_REPRESENTATION_CONTEXT() REPRESENTATION_CONTEXT('2D SPACE',''
  ) );
#6885 = ADVANCED_FACE('',(#6886),#1013,.T.);
#6886 = FACE_BOUND('',#6887,.T.);
#6887 = EDGE_LOOP('',(#6888,#6889,#6890,#6891,#6914,#6943));
#6888 = ORIENTED_EDGE('',*,*,#6660,.T.);
#6889 = ORIENTED_EDGE('',*,*,#1057,.T.);
#6890 = ORIENTED_EDGE('',*,*,#993,.T.);
#6891 = ORIENTED_EDGE('',*,*,#6892,.T.);
#6892 = EDGE_CURVE('',#876,#6893,#6895,.T.);
#6893 = VERTEX_POINT('',#6894);
#6894 = CARTESIAN_POINT('',(46.153782275132,-8.,36.));
#6895 = SURFACE_CURVE('',#6896,(#6900,#6907),.PCURVE_S1.);
#6896 = LINE('',#6897,#6898);
#6897 = CARTESIAN_POINT('',(92.,-8.,36.));
#6898 = VECTOR('',#6899,1.);
#6899 = DIRECTION('',(-1.,0.,0.));
#6900 = PCURVE('',#1013,#6901);
#6901 = DEFINITIONAL_REPRESENTATION('',(#6902),#6906);
#6902 = LINE('',#6903,#6904);
#6903 = CARTESIAN_POINT('',(16.,-75.));
#6904 = VECTOR('',#6905,1.);
#6905 = DIRECTION('',(0.,1.));
#6906 = ( GEOMETRIC_REPRESENTATION_CONTEXT(2) 
PARAMETRIC_REPRESENTATION_CONTEXT() REPRESENTATION_CONTEXT('2D SPACE',''
  ) );
#6907 = PCURVE('',#958,#6908);
#6908 = DEFINITIONAL_REPRESENTATION('',(#6909),#6913);
#6909 = LINE('',#6910,#6911);
#6910 = CARTESIAN_POINT('',(0.,-75.));
#6911 = VECTOR('',#6912,1.);
#6912 = DIRECTION('',(0.,1.));
#6913 = ( GEOMETRIC_REPRESENTATION_CONTEXT(2) 
PARAMETRIC_REPRESENTATION_CONTEXT() REPRESENTATION_CONTEXT('2D SPACE',''
  ) );
#6914 = ORIENTED_EDGE('',*,*,#6915,.F.);
#6915 = EDGE_CURVE('',#6916,#6893,#6918,.T.);
#6916 = VERTEX_POINT('',#6917);
#6917 = CARTESIAN_POINT('',(46.54846252767,-1.507885452406E-14,36.));
#6918 = SURFACE_CURVE('',#6919,(#6925,#6934),.PCURVE_S1.);
#6919 = B_SPLINE_CURVE_WITH_KNOTS('',4,(#6920,#6921,#6922,#6923,#6924),
  .UNSPECIFIED.,.F.,.F.,(5,5),(0.,1.),.PIECEWISE_BEZIER_KNOTS.);
#6920 = CARTESIAN_POINT('',(46.54846252767,8.881784197001E-16,36.));
#6921 = CARTESIAN_POINT('',(46.54846252767,-2.003221582456,36.));
#6922 = CARTESIAN_POINT('',(46.482750259772,-4.006456183983,36.));
#6923 = CARTESIAN_POINT('',(46.351322664606,-6.006494002278,36.));
#6924 = CARTESIAN_POINT('',(46.153782275132,-8.,36.));
#6925 = PCURVE('',#1013,#6926);
#6926 = DEFINITIONAL_REPRESENTATION('',(#6927),#6933);
#6927 = B_SPLINE_CURVE_WITH_KNOTS('',4,(#6928,#6929,#6930,#6931,#6932),
  .UNSPECIFIED.,.F.,.F.,(5,5),(0.,1.),.PIECEWISE_BEZIER_KNOTS.);
#6928 = CARTESIAN_POINT('',(8.,-29.54846252767));
#6929 = CARTESIAN_POINT('',(10.003221582456,-29.54846252767));
#6930 = CARTESIAN_POINT('',(12.006456183983,-29.48275025977));
#6931 = CARTESIAN_POINT('',(14.006494002278,-29.3513226646));
#6932 = CARTESIAN_POINT('',(16.,-29.15378227513));
#6933 = ( GEOMETRIC_REPRESENTATION_CONTEXT(2) 
PARAMETRIC_REPRESENTATION_CONTEXT() REPRESENTATION_CONTEXT('2D SPACE',''
  ) );
#6934 = PCURVE('',#4198,#6935);
#6935 = DEFINITIONAL_REPRESENTATION('',(#6936),#6942);
#6936 = B_SPLINE_CURVE_WITH_KNOTS('',4,(#6937,#6938,#6939,#6940,#6941),
  .UNSPECIFIED.,.F.,.F.,(5,5),(0.,1.),.PIECEWISE_BEZIER_KNOTS.);
#6937 = CARTESIAN_POINT('',(6.28318530718,0.724847355294));
#6938 = CARTESIAN_POINT('',(6.243839408165,0.724847355294));
#6939 = CARTESIAN_POINT('',(6.205478475636,0.724847355294));
#6940 = CARTESIAN_POINT('',(6.167945412288,0.724847355294));
#6941 = CARTESIAN_POINT('',(6.131114617682,0.724847355294));
#6942 = ( GEOMETRIC_REPRESENTATION_CONTEXT(2) 
PARAMETRIC_REPRESENTATION_CONTEXT() REPRESENTATION_CONTEXT('2D SPACE',''
  ) );
#6943 = ORIENTED_EDGE('',*,*,#6944,.F.);
#6944 = EDGE_CURVE('',#6661,#6916,#6945,.T.);
#6945 = SURFACE_CURVE('',#6946,(#6952,#6961),.PCURVE_S1.);
#6946 = B_SPLINE_CURVE_WITH_KNOTS('',4,(#6947,#6948,#6949,#6950,#6951),
  .UNSPECIFIED.,.F.,.F.,(5,5),(0.,1.),.PIECEWISE_BEZIER_KNOTS.);
#6947 = CARTESIAN_POINT('',(46.153782275132,8.,36.));
#6948 = CARTESIAN_POINT('',(46.351322664606,6.006494002278,36.));
#6949 = CARTESIAN_POINT('',(46.482750259772,4.006456183983,36.));
#6950 = CARTESIAN_POINT('',(46.54846252767,2.003221582456,36.));
#6951 = CARTESIAN_POINT('',(46.54846252767,-8.881784197001E-15,36.));
#6952 = PCURVE('',#1013,#6953);
#6953 = DEFINITIONAL_REPRESENTATION('',(#6954),#6960);
#6954 = B_SPLINE_CURVE_WITH_KNOTS('',4,(#6955,#6956,#6957,#6958,#6959),
  .UNSPECIFIED.,.F.,.F.,(5,5),(0.,1.),.PIECEWISE_BEZIER_KNOTS.);
#6955 = CARTESIAN_POINT('',(0.,-29.15378227513));
#6956 = CARTESIAN_POINT('',(1.993505997722,-29.3513226646));
#6957 = CARTESIAN_POINT('',(3.993543816017,-29.48275025977));
#6958 = CARTESIAN_POINT('',(5.996778417544,-29.54846252767));
#6959 = CARTESIAN_POINT('',(8.,-29.54846252767));
#6960 = ( GEOMETRIC_REPRESENTATION_CONTEXT(2) 
PARAMETRIC_REPRESENTATION_CONTEXT() REPRESENTATION_CONTEXT('2D SPACE',''
  ) );
#6961 = PCURVE('',#4198,#6962);
#6962 = DEFINITIONAL_REPRESENTATION('',(#6963),#6969);
#6963 = B_SPLINE_CURVE_WITH_KNOTS('',4,(#6964,#6965,#6966,#6967,#6968),
  .UNSPECIFIED.,.F.,.F.,(5,5),(0.,1.),.PIECEWISE_BEZIER_KNOTS.);
#6964 = CARTESIAN_POINT('',(0.152070689498,0.724847355294));
#6965 = CARTESIAN_POINT('',(0.115239894891,0.724847355294));
#6966 = CARTESIAN_POINT('',(7.770683154366E-02,0.724847355294));
#6967 = CARTESIAN_POINT('',(3.93458990147E-02,0.724847355294));
#6968 = CARTESIAN_POINT('',(0.,0.724847355294));
#6969 = ( GEOMETRIC_REPRESENTATION_CONTEXT(2) 
PARAMETRIC_REPRESENTATION_CONTEXT() REPRESENTATION_CONTEXT('2D SPACE',''
  ) );
#6970 = ADVANCED_FACE('',(#6971),#958,.T.);
#6971 = FACE_BOUND('',#6972,.T.);
#6972 = EDGE_LOOP('',(#6973,#6974,#6975,#6976));
#6973 = ORIENTED_EDGE('',*,*,#6892,.F.);
#6974 = ORIENTED_EDGE('',*,*,#875,.F.);
#6975 = ORIENTED_EDGE('',*,*,#6551,.T.);
#6976 = ORIENTED_EDGE('',*,*,#6977,.T.);
#6977 = EDGE_CURVE('',#6552,#6893,#6978,.T.);
#6978 = SURFACE_CURVE('',#6979,(#7030,#7084),.PCURVE_S1.);
#6979 = B_SPLINE_CURVE_WITH_KNOTS('',4,(#6980,#6981,#6982,#6983,#6984,
    #6985,#6986,#6987,#6988,#6989,#6990,#6991,#6992,#6993,#6994,#6995,
    #6996,#6997,#6998,#6999,#7000,#7001,#7002,#7003,#7004,#7005,#7006,
    #7007,#7008,#7009,#7010,#7011,#7012,#7013,#7014,#7015,#7016,#7017,
    #7018,#7019,#7020,#7021,#7022,#7023,#7024,#7025,#7026,#7027,#7028,
    #7029),.UNSPECIFIED.,.F.,.F.,(5,3,3,3,3,3,3,3,3,3,3,3,3,3,3,3,5),(
    0.659865019592,0.717063605919,0.775171656726,0.833994733754,
    0.893529168696,0.953769501698,1.014708272477,1.076335818003,
    1.138918480382,1.201887752342,1.265501716573,1.329740215976,
    1.394869685466,1.460287692434,1.526252240625,1.592731673451,
    1.659865019592),.UNSPECIFIED.);
#6980 = CARTESIAN_POINT('',(61.029382730952,-8.,8.));
#6981 = CARTESIAN_POINT('',(60.952311565131,-8.,8.454308168436));
#6982 = CARTESIAN_POINT('',(60.869441702918,-8.,8.907633353756));
#6983 = CARTESIAN_POINT('',(60.780804540854,-8.,9.359866592928));
#6984 = CARTESIAN_POINT('',(60.590570994529,-8.,10.269108508641));
#6985 = CARTESIAN_POINT('',(60.488790949996,-8.,10.726078810265));
#6986 = CARTESIAN_POINT('',(60.381137604765,-8.,11.181701470511));
#6987 = CARTESIAN_POINT('',(60.152780447493,-8.,12.095624763732));
#6988 = CARTESIAN_POINT('',(60.031932329288,-8.,12.553889385694));
#6989 = CARTESIAN_POINT('',(59.905160860165,-8.,13.010551013991));
#6990 = CARTESIAN_POINT('',(59.638275816163,-8.,13.925955162872));
#6991 = CARTESIAN_POINT('',(59.498019410547,-8.,14.3846560864));
#6992 = CARTESIAN_POINT('',(59.351807461499,-8.,14.841493557104));
#6993 = CARTESIAN_POINT('',(59.045793703733,-8.,15.756621834787));
#6994 = CARTESIAN_POINT('',(58.885851291531,-8.,16.214865668516));
#6995 = CARTESIAN_POINT('',(58.719939711665,-8.,16.670982143471));
#6996 = CARTESIAN_POINT('',(58.374326802356,-8.,17.584012914464));
#6997 = CARTESIAN_POINT('',(58.194487867993,-8.,18.040875164423));
#6998 = CARTESIAN_POINT('',(58.008685222832,-8.,18.495344449008));
#6999 = CARTESIAN_POINT('',(57.623141904771,-8.,19.404400347107));
#7000 = CARTESIAN_POINT('',(57.423267402378,-8.,19.858930241505));
#7001 = CARTESIAN_POINT('',(57.217454029209,-8.,20.310801665773));
#7002 = CARTESIAN_POINT('',(56.790839836612,-8.,21.215988653846));
#7003 = CARTESIAN_POINT('',(56.569856144017,-8.,21.669218072619));
#7004 = CARTESIAN_POINT('',(56.34292548978,-8.,22.119498809359));
#7005 = CARTESIAN_POINT('',(55.875919406885,-8.,23.016730959485));
#7006 = CARTESIAN_POINT('',(55.635771405551,-8.,23.463644628396));
#7007 = CARTESIAN_POINT('',(55.389792800952,-8.,23.907375280122));
#7008 = CARTESIAN_POINT('',(54.88379495121,-8.,24.792795994667));
#7009 = CARTESIAN_POINT('',(54.62365770922,-8.,25.234418655844));
#7010 = CARTESIAN_POINT('',(54.357772555297,-8.,25.672604027497));
#7011 = CARTESIAN_POINT('',(53.812050039373,-8.,26.54619261304));
#7012 = CARTESIAN_POINT('',(53.532101298998,-8.,26.981526277094));
#7013 = CARTESIAN_POINT('',(53.246505741405,-8.,27.413175619933));
#7014 = CARTESIAN_POINT('',(52.660202892426,-8.,28.274875289486));
#7015 = CARTESIAN_POINT('',(52.359340917505,-8.,28.704820397117));
#7016 = CARTESIAN_POINT('',(52.052901897159,-8.,29.130807512066));
#7017 = CARTESIAN_POINT('',(51.427719990114,-8.,29.976578603328));
#7018 = CARTESIAN_POINT('',(51.108928583415,-8.,30.396326729164));
#7019 = CARTESIAN_POINT('',(50.784745157588,-8.,30.811923492858));
#7020 = CARTESIAN_POINT('',(50.123078399125,-8.,31.638107663196));
#7021 = CARTESIAN_POINT('',(49.785506555765,-8.,32.048624198783));
#7022 = CARTESIAN_POINT('',(49.442693775569,-8.,32.454773203611));
#7023 = CARTESIAN_POINT('',(48.744113386651,-8.,33.261339410908));
#7024 = CARTESIAN_POINT('',(48.388265524914,-8.,33.661687115001));
#7025 = CARTESIAN_POINT('',(48.027342149387,-8.,34.057463918144));
#7026 = CARTESIAN_POINT('',(47.291993090605,-8.,34.843602079659));
#7027 = CARTESIAN_POINT('',(46.917469496401,-8.,35.233871859647));
#7028 = CARTESIAN_POINT('',(46.538023744884,-8.,35.61935629312));
#7029 = CARTESIAN_POINT('',(46.153782275132,-8.,36.));
#7030 = PCURVE('',#958,#7031);
#7031 = DEFINITIONAL_REPRESENTATION('',(#7032),#7083);
#7032 = B_SPLINE_CURVE_WITH_KNOTS('',4,(#7033,#7034,#7035,#7036,#7037,
    #7038,#7039,#7040,#7041,#7042,#7043,#7044,#7045,#7046,#7047,#7048,
    #7049,#7050,#7051,#7052,#7053,#7054,#7055,#7056,#7057,#7058,#7059,
    #7060,#7061,#7062,#7063,#7064,#7065,#7066,#7067,#7068,#7069,#7070,
    #7071,#7072,#7073,#7074,#7075,#7076,#7077,#7078,#7079,#7080,#7081,
    #7082),.UNSPECIFIED.,.F.,.F.,(5,3,3,3,3,3,3,3,3,3,3,3,3,3,3,3,5),(
    0.659865019592,0.717063605919,0.775171656726,0.833994733754,
    0.893529168696,0.953769501698,1.014708272477,1.076335818003,
    1.138918480382,1.201887752342,1.265501716573,1.329740215976,
    1.394869685466,1.460287692434,1.526252240625,1.592731673451,
    1.659865019592),.UNSPECIFIED.);
#7033 = CARTESIAN_POINT('',(28.,-44.02938273095));
#7034 = CARTESIAN_POINT('',(27.545691831564,-43.95231156513));
#7035 = CARTESIAN_POINT('',(27.092366646244,-43.86944170291));
#7036 = CARTESIAN_POINT('',(26.640133407072,-43.78080454085));
#7037 = CARTESIAN_POINT('',(25.730891491359,-43.59057099452));
#7038 = CARTESIAN_POINT('',(25.273921189735,-43.48879094999));
#7039 = CARTESIAN_POINT('',(24.818298529489,-43.38113760476));
#7040 = CARTESIAN_POINT('',(23.904375236268,-43.15278044749));
#7041 = CARTESIAN_POINT('',(23.446110614306,-43.03193232928));
#7042 = CARTESIAN_POINT('',(22.989448986009,-42.90516086016));
#7043 = CARTESIAN_POINT('',(22.074044837128,-42.63827581616));
#7044 = CARTESIAN_POINT('',(21.6153439136,-42.49801941054));
#7045 = CARTESIAN_POINT('',(21.158506442896,-42.35180746149));
#7046 = CARTESIAN_POINT('',(20.243378165213,-42.04579370373));
#7047 = CARTESIAN_POINT('',(19.785134331484,-41.88585129153));
#7048 = CARTESIAN_POINT('',(19.329017856529,-41.71993971166));
#7049 = CARTESIAN_POINT('',(18.415987085536,-41.37432680235));
#7050 = CARTESIAN_POINT('',(17.959124835577,-41.19448786799));
#7051 = CARTESIAN_POINT('',(17.504655550992,-41.00868522283));
#7052 = CARTESIAN_POINT('',(16.595599652893,-40.62314190477));
#7053 = CARTESIAN_POINT('',(16.141069758495,-40.42326740237));
#7054 = CARTESIAN_POINT('',(15.689198334227,-40.2174540292));
#7055 = CARTESIAN_POINT('',(14.784011346154,-39.79083983661));
#7056 = CARTESIAN_POINT('',(14.330781927381,-39.56985614401));
#7057 = CARTESIAN_POINT('',(13.880501190641,-39.34292548978));
#7058 = CARTESIAN_POINT('',(12.983269040515,-38.87591940688));
#7059 = CARTESIAN_POINT('',(12.536355371604,-38.63577140555));
#7060 = CARTESIAN_POINT('',(12.092624719878,-38.38979280095));
#7061 = CARTESIAN_POINT('',(11.207204005333,-37.88379495121));
#7062 = CARTESIAN_POINT('',(10.765581344156,-37.62365770922));
#7063 = CARTESIAN_POINT('',(10.327395972503,-37.35777255529));
#7064 = CARTESIAN_POINT('',(9.45380738696,-36.81205003937));
#7065 = CARTESIAN_POINT('',(9.018473722906,-36.53210129899));
#7066 = CARTESIAN_POINT('',(8.586824380067,-36.2465057414));
#7067 = CARTESIAN_POINT('',(7.725124710514,-35.66020289242));
#7068 = CARTESIAN_POINT('',(7.295179602883,-35.3593409175));
#7069 = CARTESIAN_POINT('',(6.869192487934,-35.05290189715));
#7070 = CARTESIAN_POINT('',(6.023421396672,-34.42771999011));
#7071 = CARTESIAN_POINT('',(5.603673270836,-34.10892858341));
#7072 = CARTESIAN_POINT('',(5.188076507142,-33.78474515758));
#7073 = CARTESIAN_POINT('',(4.361892336804,-33.12307839912));
#7074 = CARTESIAN_POINT('',(3.951375801217,-32.78550655576));
#7075 = CARTESIAN_POINT('',(3.545226796389,-32.44269377556));
#7076 = CARTESIAN_POINT('',(2.738660589092,-31.74411338665));
#7077 = CARTESIAN_POINT('',(2.338312884999,-31.38826552491));
#7078 = CARTESIAN_POINT('',(1.942536081856,-31.02734214938));
#7079 = CARTESIAN_POINT('',(1.156397920341,-30.2919930906));
#7080 = CARTESIAN_POINT('',(0.766128140353,-29.9174694964));
#7081 = CARTESIAN_POINT('',(0.38064370688,-29.53802374488));
#7082 = CARTESIAN_POINT('',(0.,-29.15378227513));
#7083 = ( GEOMETRIC_REPRESENTATION_CONTEXT(2) 
PARAMETRIC_REPRESENTATION_CONTEXT() REPRESENTATION_CONTEXT('2D SPACE',''
  ) );
#7084 = PCURVE('',#4198,#7085);
#7085 = DEFINITIONAL_REPRESENTATION('',(#7086),#7178);
#7086 = B_SPLINE_CURVE_WITH_KNOTS('',3,(#7087,#7088,#7089,#7090,#7091,
    #7092,#7093,#7094,#7095,#7096,#7097,#7098,#7099,#7100,#7101,#7102,
    #7103,#7104,#7105,#7106,#7107,#7108,#7109,#7110,#7111,#7112,#7113,
    #7114,#7115,#7116,#7117,#7118,#7119,#7120,#7121,#7122,#7123,#7124,
    #7125,#7126,#7127,#7128,#7129,#7130,#7131,#7132,#7133,#7134,#7135,
    #7136,#7137,#7138,#7139,#7140,#7141,#7142,#7143,#7144,#7145,#7146,
    #7147,#7148,#7149,#7150,#7151,#7152,#7153,#7154,#7155,#7156,#7157,
    #7158,#7159,#7160,#7161,#7162,#7163,#7164,#7165,#7166,#7167,#7168,
    #7169,#7170,#7171,#7172,#7173,#7174,#7175,#7176,#7177),
  .UNSPECIFIED.,.F.,.F.,(4,1,1,1,1,1,1,1,1,1,1,1,1,1,1,1,1,1,1,1,1,1,1,1
    ,1,1,1,1,1,1,1,1,1,1,1,1,1,1,1,1,1,1,1,1,1,1,1,1,1,1,1,1,1,1,1,1,1,1
    ,1,1,1,1,1,1,1,1,1,1,1,1,1,1,1,1,1,1,1,1,1,1,1,1,1,1,1,1,1,1,4),(
    0.659865019592,0.671228655956,0.682592292319,0.693955928683,
    0.705319565047,0.71668320141,0.728046837774,0.739410474137,
    0.750774110501,0.762137746865,0.773501383228,0.784865019592,
    0.796228655956,0.807592292319,0.818955928683,0.830319565047,
    0.84168320141,0.853046837774,0.864410474137,0.875774110501,
    0.887137746865,0.898501383228,0.909865019592,0.921228655956,
    0.932592292319,0.943955928683,0.955319565047,0.96668320141,
    0.978046837774,0.989410474137,1.000774110501,1.012137746865,
    1.023501383228,1.034865019592,1.046228655956,1.057592292319,
    1.068955928683,1.080319565047,1.09168320141,1.103046837774,
    1.114410474137,1.125774110501,1.137137746865,1.148501383228,
    1.159865019592,1.171228655956,1.182592292319,1.193955928683,
    1.205319565047,1.21668320141,1.228046837774,1.239410474137,
    1.250774110501,1.262137746865,1.273501383228,1.284865019592,
    1.296228655956,1.307592292319,1.318955928683,1.330319565047,
    1.34168320141,1.353046837774,1.364410474137,1.375774110501,
    1.387137746865,1.398501383228,1.409865019592,1.421228655956,
    1.432592292319,1.443955928683,1.455319565047,1.46668320141,
    1.478046837774,1.489410474137,1.500774110501,1.512137746865,
    1.523501383228,1.534865019592,1.546228655956,1.557592292319,
    1.568955928683,1.580319565047,1.59168320141,1.603046837774,
    1.614410474137,1.625774110501,1.637137746865,1.648501383228,
    1.659865019592),.QUASI_UNIFORM_KNOTS.);
#7087 = CARTESIAN_POINT('',(6.166948839717,0.159067293779));
#7088 = CARTESIAN_POINT('',(6.16691121939,0.161414580763));
#7089 = CARTESIAN_POINT('',(6.166834219175,0.166103268029));
#7090 = CARTESIAN_POINT('',(6.166713419476,0.173118771258));
#7091 = CARTESIAN_POINT('',(6.166587300085,0.180116879424));
#7092 = CARTESIAN_POINT('',(6.166455839354,0.187097724554));
#7093 = CARTESIAN_POINT('',(6.166319014757,0.194061438176));
#7094 = CARTESIAN_POINT('',(6.166176802749,0.201008151403));
#7095 = CARTESIAN_POINT('',(6.166029178786,0.207937994971));
#7096 = CARTESIAN_POINT('',(6.165876117307,0.214851099141));
#7097 = CARTESIAN_POINT('',(6.165717591713,0.221747593892));
#7098 = CARTESIAN_POINT('',(6.165553574362,0.228627608783));
#7099 = CARTESIAN_POINT('',(6.165384036552,0.235491273008));
#7100 = CARTESIAN_POINT('',(6.165208948499,0.24233871555));
#7101 = CARTESIAN_POINT('',(6.16502827933,0.249170064953));
#7102 = CARTESIAN_POINT('',(6.164841997056,0.255985449585));
#7103 = CARTESIAN_POINT('',(6.16465006856,0.2627849975));
#7104 = CARTESIAN_POINT('',(6.164452459583,0.269568836418));
#7105 = CARTESIAN_POINT('',(6.164249134692,0.276337093984));
#7106 = CARTESIAN_POINT('',(6.164040057278,0.283089897443));
#7107 = CARTESIAN_POINT('',(6.163825189517,0.289827373935));
#7108 = CARTESIAN_POINT('',(6.163604492357,0.296549650389));
#7109 = CARTESIAN_POINT('',(6.163377925505,0.303256853431));
#7110 = CARTESIAN_POINT('',(6.163145447388,0.309949109686));
#7111 = CARTESIAN_POINT('',(6.162907015144,0.316626545456));
#7112 = CARTESIAN_POINT('',(6.162662584586,0.323289286965));
#7113 = CARTESIAN_POINT('',(6.162412110178,0.329937460306));
#7114 = CARTESIAN_POINT('',(6.162155545021,0.336571191338));
#7115 = CARTESIAN_POINT('',(6.161892840815,0.343190605891));
#7116 = CARTESIAN_POINT('',(6.161623947833,0.349795829625));
#7117 = CARTESIAN_POINT('',(6.161348814895,0.356386988082));
#7118 = CARTESIAN_POINT('',(6.161067389331,0.362964206742));
#7119 = CARTESIAN_POINT('',(6.160779616959,0.369527610947));
#7120 = CARTESIAN_POINT('',(6.160485442054,0.376077325905));
#7121 = CARTESIAN_POINT('',(6.160184807304,0.382613476857));
#7122 = CARTESIAN_POINT('',(6.159877653791,0.389136188837));
#7123 = CARTESIAN_POINT('',(6.15956392094,0.395645586882));
#7124 = CARTESIAN_POINT('',(6.159243546489,0.402141795954));
#7125 = CARTESIAN_POINT('',(6.158916466465,0.408624940853));
#7126 = CARTESIAN_POINT('',(6.158582615124,0.415095146451));
#7127 = CARTESIAN_POINT('',(6.158241924926,0.421552537459));
#7128 = CARTESIAN_POINT('',(6.157894326487,0.427997238567));
#7129 = CARTESIAN_POINT('',(6.157539748533,0.434429374428));
#7130 = CARTESIAN_POINT('',(6.157178117863,0.440849069602));
#7131 = CARTESIAN_POINT('',(6.15680935931,0.447256448581));
#7132 = CARTESIAN_POINT('',(6.156433395673,0.45365163589));
#7133 = CARTESIAN_POINT('',(6.156050147693,0.460034755915));
#7134 = CARTESIAN_POINT('',(6.155659533977,0.466405933049));
#7135 = CARTESIAN_POINT('',(6.155261470964,0.472765291631));
#7136 = CARTESIAN_POINT('',(6.154855872875,0.479112955887));
#7137 = CARTESIAN_POINT('',(6.154442651639,0.485449050085));
#7138 = CARTESIAN_POINT('',(6.154021716856,0.491773698383));
#7139 = CARTESIAN_POINT('',(6.153592975721,0.498087024908));
#7140 = CARTESIAN_POINT('',(6.153156332969,0.504389153748));
#7141 = CARTESIAN_POINT('',(6.152711690812,0.510680208918));
#7142 = CARTESIAN_POINT('',(6.152258948885,0.516960314344));
#7143 = CARTESIAN_POINT('',(6.151798004152,0.523229593977));
#7144 = CARTESIAN_POINT('',(6.151328750864,0.529488171637));
#7145 = CARTESIAN_POINT('',(6.150851080465,0.535736171118));
#7146 = CARTESIAN_POINT('',(6.150364881523,0.541973716147));
#7147 = CARTESIAN_POINT('',(6.149870039664,0.548200930348));
#7148 = CARTESIAN_POINT('',(6.14936643748,0.554417937297));
#7149 = CARTESIAN_POINT('',(6.148853954446,0.560624860509));
#7150 = CARTESIAN_POINT('',(6.148332466841,0.566821823392));
#7151 = CARTESIAN_POINT('',(6.147801847645,0.573008949293));
#7152 = CARTESIAN_POINT('',(6.147261966459,0.579186361461));
#7153 = CARTESIAN_POINT('',(6.146712689416,0.585354183024));
#7154 = CARTESIAN_POINT('',(6.146153879059,0.591512537053));
#7155 = CARTESIAN_POINT('',(6.145585394262,0.5976615465));
#7156 = CARTESIAN_POINT('',(6.145007090108,0.603801334209));
#7157 = CARTESIAN_POINT('',(6.14441881778,0.609932022915));
#7158 = CARTESIAN_POINT('',(6.143820424451,0.616053735227));
#7159 = CARTESIAN_POINT('',(6.143211753176,0.622166593607));
#7160 = CARTESIAN_POINT('',(6.142592642746,0.628270720422));
#7161 = CARTESIAN_POINT('',(6.14196292758,0.634366237881));
#7162 = CARTESIAN_POINT('',(6.141322437578,0.640453268055));
#7163 = CARTESIAN_POINT('',(6.140670997991,0.646531932857));
#7164 = CARTESIAN_POINT('',(6.140008429281,0.652602354037));
#7165 = CARTESIAN_POINT('',(6.139334546975,0.658664653164));
#7166 = CARTESIAN_POINT('',(6.138649161496,0.664718951659));
#7167 = CARTESIAN_POINT('',(6.137952078024,0.670765370748));
#7168 = CARTESIAN_POINT('',(6.13724309631,0.676804031464));
#7169 = CARTESIAN_POINT('',(6.136522010515,0.682835054637));
#7170 = CARTESIAN_POINT('',(6.135788609034,0.688858560883));
#7171 = CARTESIAN_POINT('',(6.135042674307,0.694874670591));
#7172 = CARTESIAN_POINT('',(6.134283982608,0.700883503937));
#7173 = CARTESIAN_POINT('',(6.133512303914,0.706885180858));
#7174 = CARTESIAN_POINT('',(6.132727401443,0.712879821027));
#7175 = CARTESIAN_POINT('',(6.131929032349,0.71886754388));
#7176 = CARTESIAN_POINT('',(6.131387640188,0.722854826944));
#7177 = CARTESIAN_POINT('',(6.131114615955,0.724847355294));
#7178 = ( GEOMETRIC_REPRESENTATION_CONTEXT(2) 
PARAMETRIC_REPRESENTATION_CONTEXT() REPRESENTATION_CONTEXT('2D SPACE',''
  ) );
#7179 = ADVANCED_FACE('',(#7180),#761,.T.);
#7180 = FACE_BOUND('',#7181,.T.);
#7181 = EDGE_LOOP('',(#7182,#7183,#7184,#7185));
#7182 = ORIENTED_EDGE('',*,*,#6469,.F.);
#7183 = ORIENTED_EDGE('',*,*,#735,.T.);
#7184 = ORIENTED_EDGE('',*,*,#3803,.T.);
#7185 = ORIENTED_EDGE('',*,*,#7186,.F.);
#7186 = EDGE_CURVE('',#6470,#3804,#7187,.T.);
#7187 = SURFACE_CURVE('',#7188,(#7197,#7209),.PCURVE_S1.);
#7188 = B_SPLINE_CURVE_WITH_KNOTS('',4,(#7189,#7190,#7191,#7192,#7193,
    #7194,#7195,#7196),.UNSPECIFIED.,.F.,.F.,(5,3,5),(0.,0.505813612689,
    1.),.UNSPECIFIED.);
#7189 = CARTESIAN_POINT('',(61.758775806603,-4.,4.));
#7190 = CARTESIAN_POINT('',(61.801084296339,-4.,3.495250570062));
#7191 = CARTESIAN_POINT('',(61.836285603777,-4.,2.98990635377));
#7192 = CARTESIAN_POINT('',(61.864358646683,-4.,2.484116882281));
#7193 = CARTESIAN_POINT('',(61.905746065858,-4.,1.48358287588));
#7194 = CARTESIAN_POINT('',(61.919384873081,-4.,0.988851664957));
#7195 = CARTESIAN_POINT('',(61.926199643685,-4.,0.493980367727));
#7196 = CARTESIAN_POINT('',(61.926190441751,-4.,-8.897579509934E-04));
#7197 = PCURVE('',#761,#7198);
#7198 = DEFINITIONAL_REPRESENTATION('',(#7199),#7208);
#7199 = B_SPLINE_CURVE_WITH_KNOTS('',4,(#7200,#7201,#7202,#7203,#7204,
    #7205,#7206,#7207),.UNSPECIFIED.,.F.,.F.,(5,3,5),(0.,0.505813612689,
    1.),.UNSPECIFIED.);
#7200 = CARTESIAN_POINT('',(0.,-61.7587758066));
#7201 = CARTESIAN_POINT('',(0.504749429938,-61.80108429633));
#7202 = CARTESIAN_POINT('',(1.01009364623,-61.83628560377));
#7203 = CARTESIAN_POINT('',(1.515883117719,-61.86435864668));
#7204 = CARTESIAN_POINT('',(2.51641712412,-61.90574606585));
#7205 = CARTESIAN_POINT('',(3.011148335043,-61.91938487308));
#7206 = CARTESIAN_POINT('',(3.506019632273,-61.92619964368));
#7207 = CARTESIAN_POINT('',(4.000889757951,-61.92619044175));
#7208 = ( GEOMETRIC_REPRESENTATION_CONTEXT(2) 
PARAMETRIC_REPRESENTATION_CONTEXT() REPRESENTATION_CONTEXT('2D SPACE',''
  ) );
#7209 = PCURVE('',#4198,#7210);
#7210 = DEFINITIONAL_REPRESENTATION('',(#7211),#7220);
#7211 = B_SPLINE_CURVE_WITH_KNOTS('',4,(#7212,#7213,#7214,#7215,#7216,
    #7217,#7218,#7219),.UNSPECIFIED.,.F.,.F.,(5,3,5),(0.,0.505813612689,
    1.),.UNSPECIFIED.);
#7212 = CARTESIAN_POINT('',(6.224829495757,8.040699068099E-02));
#7213 = CARTESIAN_POINT('',(6.224868868887,7.038573983736E-02));
#7214 = CARTESIAN_POINT('',(6.224901557236,6.031567750585E-02));
#7215 = CARTESIAN_POINT('',(6.224927594711,5.019579058955E-02));
#7216 = CARTESIAN_POINT('',(6.224965955816,3.008806974177E-02));
#7217 = CARTESIAN_POINT('',(6.224978580888,2.010266054196E-02));
#7218 = CARTESIAN_POINT('',(6.224984889143,1.006734905198E-02));
#7219 = CARTESIAN_POINT('',(6.224984880625,-1.813338098044E-05));
#7220 = ( GEOMETRIC_REPRESENTATION_CONTEXT(2) 
PARAMETRIC_REPRESENTATION_CONTEXT() REPRESENTATION_CONTEXT('2D SPACE',''
  ) );
#7221 = ADVANCED_FACE('',(#7222),#3447,.T.);
#7222 = FACE_BOUND('',#7223,.T.);
#7223 = EDGE_LOOP('',(#7224,#7247,#7339,#7503,#7524,#7525));
#7224 = ORIENTED_EDGE('',*,*,#7225,.F.);
#7225 = EDGE_CURVE('',#7226,#3410,#7228,.T.);
#7226 = VERTEX_POINT('',#7227);
#7227 = CARTESIAN_POINT('',(-46.15378227513,-8.,36.));
#7228 = SURFACE_CURVE('',#7229,(#7233,#7240),.PCURVE_S1.);
#7229 = LINE('',#7230,#7231);
#7230 = CARTESIAN_POINT('',(92.,-8.,36.));
#7231 = VECTOR('',#7232,1.);
#7232 = DIRECTION('',(-1.,0.,0.));
#7233 = PCURVE('',#3447,#7234);
#7234 = DEFINITIONAL_REPRESENTATION('',(#7235),#7239);
#7235 = LINE('',#7236,#7237);
#7236 = CARTESIAN_POINT('',(0.,-75.));
#7237 = VECTOR('',#7238,1.);
#7238 = DIRECTION('',(0.,1.));
#7239 = ( GEOMETRIC_REPRESENTATION_CONTEXT(2) 
PARAMETRIC_REPRESENTATION_CONTEXT() REPRESENTATION_CONTEXT('2D SPACE',''
  ) );
#7240 = PCURVE('',#3782,#7241);
#7241 = DEFINITIONAL_REPRESENTATION('',(#7242),#7246);
#7242 = LINE('',#7243,#7244);
#7243 = CARTESIAN_POINT('',(16.,-75.));
#7244 = VECTOR('',#7245,1.);
#7245 = DIRECTION('',(0.,1.));
#7246 = ( GEOMETRIC_REPRESENTATION_CONTEXT(2) 
PARAMETRIC_REPRESENTATION_CONTEXT() REPRESENTATION_CONTEXT('2D SPACE',''
  ) );
#7247 = ORIENTED_EDGE('',*,*,#7248,.F.);
#7248 = EDGE_CURVE('',#7249,#7226,#7251,.T.);
#7249 = VERTEX_POINT('',#7250);
#7250 = CARTESIAN_POINT('',(-58.,-8.,18.510095462793));
#7251 = SURFACE_CURVE('',#7252,(#7279,#7309),.PCURVE_S1.);
#7252 = B_SPLINE_CURVE_WITH_KNOTS('',4,(#7253,#7254,#7255,#7256,#7257,
    #7258,#7259,#7260,#7261,#7262,#7263,#7264,#7265,#7266,#7267,#7268,
    #7269,#7270,#7271,#7272,#7273,#7274,#7275,#7276,#7277,#7278),
  .UNSPECIFIED.,.F.,.F.,(5,3,3,3,3,3,3,3,5),(0.,0.120019918208,
    0.241117626545,0.364274502927,0.488578815195,0.614822316216,
    0.742048308349,0.870596559661,1.),.UNSPECIFIED.);
#7253 = CARTESIAN_POINT('',(-58.,-8.,18.510095462793));
#7254 = CARTESIAN_POINT('',(-57.75643525002,-8.,19.099812137791));
#7255 = CARTESIAN_POINT('',(-57.50286640123,-8.,19.685398031211));
#7256 = CARTESIAN_POINT('',(-57.23946217526,-8.,20.266624640413));
#7257 = CARTESIAN_POINT('',(-56.69089429321,-8.,21.425115805445));
#7258 = CARTESIAN_POINT('',(-56.40555638094,-8.,22.002297946256));
#7259 = CARTESIAN_POINT('',(-56.1105771898,-8.,22.574610806359));
#7260 = CARTESIAN_POINT('',(-55.49655458119,-8.,23.718747433151));
#7261 = CARTESIAN_POINT('',(-55.17718715854,-8.,24.290397421327));
#7262 = CARTESIAN_POINT('',(-54.84825946971,-8.,24.856598055649));
#7263 = CARTESIAN_POINT('',(-54.16856444331,-8.,25.982946499667));
#7264 = CARTESIAN_POINT('',(-53.8176220801,-8.,26.542988768399));
#7265 = CARTESIAN_POINT('',(-53.45738300676,-8.,27.097094081514));
#7266 = CARTESIAN_POINT('',(-52.71300712705,-8.,28.201632712645));
#7267 = CARTESIAN_POINT('',(-52.32858508374,-8.,28.751873877409));
#7268 = CARTESIAN_POINT('',(-51.93504892108,-8.,29.295630756934));
#7269 = CARTESIAN_POINT('',(-51.12710301207,-8.,30.374033894172));
#7270 = CARTESIAN_POINT('',(-50.71255456546,-8.,30.908576283647));
#7271 = CARTESIAN_POINT('',(-50.28924536618,-8.,31.436204653486));
#7272 = CARTESIAN_POINT('',(-49.42111835735,-8.,32.4827542384));
#7273 = CARTESIAN_POINT('',(-48.97612265677,-8.,33.001527925058));
#7274 = CARTESIAN_POINT('',(-48.52269694617,-8.,33.512946155344));
#7275 = CARTESIAN_POINT('',(-47.59642989774,-8.,34.524164799093));
#7276 = CARTESIAN_POINT('',(-47.12347939868,-8.,35.023865234412));
#7277 = CARTESIAN_POINT('',(-46.64251010862,-8.,35.515848264148));
#7278 = CARTESIAN_POINT('',(-46.15378227513,-8.,36.));
#7279 = PCURVE('',#3447,#7280);
#7280 = DEFINITIONAL_REPRESENTATION('',(#7281),#7308);
#7281 = B_SPLINE_CURVE_WITH_KNOTS('',4,(#7282,#7283,#7284,#7285,#7286,
    #7287,#7288,#7289,#7290,#7291,#7292,#7293,#7294,#7295,#7296,#7297,
    #7298,#7299,#7300,#7301,#7302,#7303,#7304,#7305,#7306,#7307),
  .UNSPECIFIED.,.F.,.F.,(5,3,3,3,3,3,3,3,5),(0.,0.120019918208,
    0.241117626545,0.364274502927,0.488578815195,0.614822316216,
    0.742048308349,0.870596559661,1.),.UNSPECIFIED.);
#7282 = CARTESIAN_POINT('',(17.489904537207,75.));
#7283 = CARTESIAN_POINT('',(16.900187862209,74.756435250024));
#7284 = CARTESIAN_POINT('',(16.314601968789,74.502866401236));
#7285 = CARTESIAN_POINT('',(15.733375359587,74.239462175266));
#7286 = CARTESIAN_POINT('',(14.574884194555,73.690894293216));
#7287 = CARTESIAN_POINT('',(13.997702053744,73.405556380948));
#7288 = CARTESIAN_POINT('',(13.425389193641,73.110577189801));
#7289 = CARTESIAN_POINT('',(12.281252566849,72.496554581198));
#7290 = CARTESIAN_POINT('',(11.709602578673,72.177187158549));
#7291 = CARTESIAN_POINT('',(11.143401944351,71.848259469711));
#7292 = CARTESIAN_POINT('',(10.017053500333,71.168564443317));
#7293 = CARTESIAN_POINT('',(9.457011231601,70.817622080103));
#7294 = CARTESIAN_POINT('',(8.902905918486,70.457383006761));
#7295 = CARTESIAN_POINT('',(7.798367287355,69.713007127052));
#7296 = CARTESIAN_POINT('',(7.248126122591,69.328585083741));
#7297 = CARTESIAN_POINT('',(6.704369243066,68.935048921081));
#7298 = CARTESIAN_POINT('',(5.625966105828,68.127103012073));
#7299 = CARTESIAN_POINT('',(5.091423716353,67.712554565463));
#7300 = CARTESIAN_POINT('',(4.563795346514,67.289245366185));
#7301 = CARTESIAN_POINT('',(3.5172457616,66.421118357358));
#7302 = CARTESIAN_POINT('',(2.998472074942,65.976122656778));
#7303 = CARTESIAN_POINT('',(2.487053844656,65.522696946171));
#7304 = CARTESIAN_POINT('',(1.475835200907,64.596429897745));
#7305 = CARTESIAN_POINT('',(0.976134765588,64.123479398681));
#7306 = CARTESIAN_POINT('',(0.484151735852,63.642510108621));
#7307 = CARTESIAN_POINT('',(0.,63.153782275132));
#7308 = ( GEOMETRIC_REPRESENTATION_CONTEXT(2) 
PARAMETRIC_REPRESENTATION_CONTEXT() REPRESENTATION_CONTEXT('2D SPACE',''
  ) );
#7309 = PCURVE('',#4198,#7310);
#7310 = DEFINITIONAL_REPRESENTATION('',(#7311),#7338);
#7311 = B_SPLINE_CURVE_WITH_KNOTS('',4,(#7312,#7313,#7314,#7315,#7316,
    #7317,#7318,#7319,#7320,#7321,#7322,#7323,#7324,#7325,#7326,#7327,
    #7328,#7329,#7330,#7331,#7332,#7333,#7334,#7335,#7336,#7337),
  .UNSPECIFIED.,.F.,.F.,(5,3,3,3,3,3,3,3,5),(0.,0.120019918208,
    0.241117626545,0.364274502927,0.488578815195,0.614822316216,
    0.742048308349,0.870596559661,1.),.UNSPECIFIED.);
#7312 = CARTESIAN_POINT('',(3.235916823699,0.362514282063));
#7313 = CARTESIAN_POINT('',(3.236310791233,0.373963588306));
#7314 = CARTESIAN_POINT('',(3.236725316735,0.385356965164));
#7315 = CARTESIAN_POINT('',(3.237161044003,0.396696126789));
#7316 = CARTESIAN_POINT('',(3.23808057491,0.419370981737));
#7317 = CARTESIAN_POINT('',(3.238564776081,0.430705718255));
#7318 = CARTESIAN_POINT('',(3.239072160218,0.441988893543));
#7319 = CARTESIAN_POINT('',(3.240144274459,0.464646740315));
#7320 = CARTESIAN_POINT('',(3.240709834138,0.476019705561));
#7321 = CARTESIAN_POINT('',(3.24130139769,0.487343101126));
#7322 = CARTESIAN_POINT('',(3.242544768521,0.509999587196));
#7323 = CARTESIAN_POINT('',(3.243197087288,0.521331785374));
#7324 = CARTESIAN_POINT('',(3.243878426033,0.532617355605));
#7325 = CARTESIAN_POINT('',(3.24531332672,0.555274474561));
#7326 = CARTESIAN_POINT('',(3.246067851693,0.56664461813));
#7327 = CARTESIAN_POINT('',(3.246855508816,0.577970694337));
#7328 = CARTESIAN_POINT('',(3.248507413612,0.600626566128));
#7329 = CARTESIAN_POINT('',(3.249372212575,0.611955704662));
#7330 = CARTESIAN_POINT('',(3.250274662436,0.623244203085));
#7331 = CARTESIAN_POINT('',(3.252169571714,0.645860939511));
#7332 = CARTESIAN_POINT('',(3.253162873181,0.657188371062));
#7333 = CARTESIAN_POINT('',(3.254199653918,0.668478520937));
#7334 = CARTESIAN_POINT('',(3.256373624399,0.691063314841));
#7335 = CARTESIAN_POINT('',(3.257511440811,0.702357486573));
#7336 = CARTESIAN_POINT('',(3.258699669062,0.713618137527));
#7337 = CARTESIAN_POINT('',(3.259942261067,0.724847357066));
#7338 = ( GEOMETRIC_REPRESENTATION_CONTEXT(2) 
PARAMETRIC_REPRESENTATION_CONTEXT() REPRESENTATION_CONTEXT('2D SPACE',''
  ) );
#7339 = ORIENTED_EDGE('',*,*,#7340,.F.);
#7340 = EDGE_CURVE('',#7341,#7249,#7343,.T.);
#7341 = VERTEX_POINT('',#7342);
#7342 = CARTESIAN_POINT('',(-61.02938273095,-8.,8.));
#7343 = SURFACE_CURVE('',#7344,(#7395,#7449),.PCURVE_S1.);
#7344 = B_SPLINE_CURVE_WITH_KNOTS('',4,(#7345,#7346,#7347,#7348,#7349,
    #7350,#7351,#7352,#7353,#7354,#7355,#7356,#7357,#7358,#7359,#7360,
    #7361,#7362,#7363,#7364,#7365,#7366,#7367,#7368,#7369,#7370,#7371,
    #7372,#7373,#7374,#7375,#7376,#7377,#7378,#7379,#7380,#7381,#7382,
    #7383,#7384,#7385,#7386,#7387,#7388,#7389,#7390,#7391,#7392,#7393,
    #7394),.UNSPECIFIED.,.F.,.F.,(5,3,3,3,3,3,3,3,3,3,3,3,3,3,3,3,5),(0.
    ,5.755452507009E-02,0.115666984082,0.174494445036,0.234033227806,
    0.294547178198,0.355493266684,0.417128000336,0.479439294216,
    0.542693831598,0.606314407383,0.670559256314,0.735405291994,
    0.800826510782,0.866794021053,0.933276133122,1.),.UNSPECIFIED.);
#7345 = CARTESIAN_POINT('',(-61.02938273095,-8.,8.));
#7346 = CARTESIAN_POINT('',(-60.95183198195,-8.,8.457135147617));
#7347 = CARTESIAN_POINT('',(-60.86841014556,-8.,8.913275042118));
#7348 = CARTESIAN_POINT('',(-60.77914920875,-8.,9.368308673184));
#7349 = CARTESIAN_POINT('',(-60.5881049306,-8.,10.280346603577));
#7350 = CARTESIAN_POINT('',(-60.48620856929,-8.,10.737327271482));
#7351 = CARTESIAN_POINT('',(-60.37843854956,-8.,11.19295874591));
#7352 = CARTESIAN_POINT('',(-60.1498461404,-8.,12.10689603765));
#7353 = CARTESIAN_POINT('',(-60.0288794531,-8.,12.565165809478));
#7354 = CARTESIAN_POINT('',(-59.90198916564,-8.,13.021831000201));
#7355 = CARTESIAN_POINT('',(-59.63486484722,-8.,13.93723844129));
#7356 = CARTESIAN_POINT('',(-59.49448799863,-8.,14.395939061304));
#7357 = CARTESIAN_POINT('',(-59.34815547096,-8.,14.852774615873));
#7358 = CARTESIAN_POINT('',(-59.04121062869,-8.,15.769952580347));
#7359 = CARTESIAN_POINT('',(-58.88040366028,-8.,16.230229897105));
#7360 = CARTESIAN_POINT('',(-58.71357430931,-8.,16.688358652645));
#7361 = CARTESIAN_POINT('',(-58.36677962349,-8.,17.603361864736));
#7362 = CARTESIAN_POINT('',(-58.18672896358,-8.,18.060204019046));
#7363 = CARTESIAN_POINT('',(-58.00071476288,-8.,18.514650396446));
#7364 = CARTESIAN_POINT('',(-57.61474711296,-8.,19.423653049381));
#7365 = CARTESIAN_POINT('',(-57.41465988137,-8.,19.878152560098));
#7366 = CARTESIAN_POINT('',(-57.20863415713,-8.,20.329990802416));
#7367 = CARTESIAN_POINT('',(-56.78255084912,-8.,21.233074938035));
#7368 = CARTESIAN_POINT('',(-56.56236403392,-8.,21.684259896113));
#7369 = CARTESIAN_POINT('',(-56.33628324068,-8.,22.132520043296));
#7370 = CARTESIAN_POINT('',(-55.86900836565,-8.,23.029738390774));
#7371 = CARTESIAN_POINT('',(-55.62763728043,-8.,23.478604446971));
#7372 = CARTESIAN_POINT('',(-55.38038427989,-8.,23.924256952961));
#7373 = CARTESIAN_POINT('',(-54.87285059165,-8.,24.811508224319));
#7374 = CARTESIAN_POINT('',(-54.61250276578,-8.,25.253068610891));
#7375 = CARTESIAN_POINT('',(-54.34640802168,-8.,25.691189068947));
#7376 = CARTESIAN_POINT('',(-53.80026777672,-8.,26.564639756247));
#7377 = CARTESIAN_POINT('',(-53.5201109768,-8.,26.999900421172));
#7378 = CARTESIAN_POINT('',(-53.23430854757,-8.,27.43147421725));
#7379 = CARTESIAN_POINT('',(-52.64890609042,-8.,28.291086481264));
#7380 = CARTESIAN_POINT('',(-52.34920194774,-8.,28.719054069667));
#7381 = CARTESIAN_POINT('',(-52.04397109466,-8.,29.143096711577));
#7382 = CARTESIAN_POINT('',(-51.41992957151,-8.,29.98690349454));
#7383 = CARTESIAN_POINT('',(-51.10102243778,-8.,30.406596314671));
#7384 = CARTESIAN_POINT('',(-50.77672419574,-8.,30.822136447704));
#7385 = CARTESIAN_POINT('',(-50.11483010522,-8.,31.648202554711));
#7386 = CARTESIAN_POINT('',(-49.77714580657,-8.,32.058657671992));
#7387 = CARTESIAN_POINT('',(-49.4342215783,-8.,32.464744020401));
#7388 = CARTESIAN_POINT('',(-48.73542108641,-8.,33.271180149285));
#7389 = CARTESIAN_POINT('',(-48.37946463363,-8.,33.671460453988));
#7390 = CARTESIAN_POINT('',(-48.01843376319,-8.,34.067168715963));
#7391 = CARTESIAN_POINT('',(-47.28513993806,-8.,34.850742254213));
#7392 = CARTESIAN_POINT('',(-46.91284089537,-8.,35.238573760938));
#7393 = CARTESIAN_POINT('',(-46.53568029515,-8.,35.621677799706));
#7394 = CARTESIAN_POINT('',(-46.15378227513,-8.,36.));
#7395 = PCURVE('',#3447,#7396);
#7396 = DEFINITIONAL_REPRESENTATION('',(#7397),#7448);
#7397 = B_SPLINE_CURVE_WITH_KNOTS('',4,(#7398,#7399,#7400,#7401,#7402,
    #7403,#7404,#7405,#7406,#7407,#7408,#7409,#7410,#7411,#7412,#7413,
    #7414,#7415,#7416,#7417,#7418,#7419,#7420,#7421,#7422,#7423,#7424,
    #7425,#7426,#7427,#7428,#7429,#7430,#7431,#7432,#7433,#7434,#7435,
    #7436,#7437,#7438,#7439,#7440,#7441,#7442,#7443,#7444,#7445,#7446,
    #7447),.UNSPECIFIED.,.F.,.F.,(5,3,3,3,3,3,3,3,3,3,3,3,3,3,3,3,5),(0.
    ,5.755452507009E-02,0.115666984082,0.174494445036,0.234033227806,
    0.294547178198,0.355493266684,0.417128000336,0.479439294216,
    0.542693831598,0.606314407383,0.670559256314,0.735405291994,
    0.800826510782,0.866794021053,0.933276133122,1.),.UNSPECIFIED.);
#7398 = CARTESIAN_POINT('',(28.,78.029382730952));
#7399 = CARTESIAN_POINT('',(27.542864852383,77.95183198195));
#7400 = CARTESIAN_POINT('',(27.086724957882,77.868410145566));
#7401 = CARTESIAN_POINT('',(26.631691326816,77.779149208757));
#7402 = CARTESIAN_POINT('',(25.719653396423,77.588104930603));
#7403 = CARTESIAN_POINT('',(25.262672728518,77.486208569296));
#7404 = CARTESIAN_POINT('',(24.80704125409,77.378438549563));
#7405 = CARTESIAN_POINT('',(23.89310396235,77.149846140404));
#7406 = CARTESIAN_POINT('',(23.434834190522,77.0288794531));
#7407 = CARTESIAN_POINT('',(22.978168999799,76.901989165645));
#7408 = CARTESIAN_POINT('',(22.06276155871,76.634864847221));
#7409 = CARTESIAN_POINT('',(21.604060938696,76.494487998634));
#7410 = CARTESIAN_POINT('',(21.147225384127,76.348155470967));
#7411 = CARTESIAN_POINT('',(20.230047419653,76.041210628693));
#7412 = CARTESIAN_POINT('',(19.769770102895,75.880403660282));
#7413 = CARTESIAN_POINT('',(19.311641347355,75.713574309311));
#7414 = CARTESIAN_POINT('',(18.396638135264,75.366779623493));
#7415 = CARTESIAN_POINT('',(17.939795980954,75.186728963581));
#7416 = CARTESIAN_POINT('',(17.485349603554,75.00071476288));
#7417 = CARTESIAN_POINT('',(16.576346950619,74.614747112962));
#7418 = CARTESIAN_POINT('',(16.121847439902,74.414659881376));
#7419 = CARTESIAN_POINT('',(15.670009197584,74.208634157133));
#7420 = CARTESIAN_POINT('',(14.766925061965,73.782550849127));
#7421 = CARTESIAN_POINT('',(14.315740103887,73.562364033921));
#7422 = CARTESIAN_POINT('',(13.867479956704,73.336283240686));
#7423 = CARTESIAN_POINT('',(12.970261609226,72.869008365658));
#7424 = CARTESIAN_POINT('',(12.521395553029,72.627637280431));
#7425 = CARTESIAN_POINT('',(12.075743047039,72.380384279891));
#7426 = CARTESIAN_POINT('',(11.188491775681,71.87285059165));
#7427 = CARTESIAN_POINT('',(10.746931389109,71.612502765786));
#7428 = CARTESIAN_POINT('',(10.308810931053,71.346408021685));
#7429 = CARTESIAN_POINT('',(9.435360243753,70.800267776725));
#7430 = CARTESIAN_POINT('',(9.000099578828,70.5201109768));
#7431 = CARTESIAN_POINT('',(8.56852578275,70.234308547572));
#7432 = CARTESIAN_POINT('',(7.708913518736,69.648906090428));
#7433 = CARTESIAN_POINT('',(7.280945930333,69.34920194774));
#7434 = CARTESIAN_POINT('',(6.856903288423,69.043971094667));
#7435 = CARTESIAN_POINT('',(6.01309650546,68.419929571514));
#7436 = CARTESIAN_POINT('',(5.593403685329,68.10102243778));
#7437 = CARTESIAN_POINT('',(5.177863552296,67.776724195747));
#7438 = CARTESIAN_POINT('',(4.351797445289,67.114830105227));
#7439 = CARTESIAN_POINT('',(3.941342328008,66.777145806574));
#7440 = CARTESIAN_POINT('',(3.535255979599,66.434221578304));
#7441 = CARTESIAN_POINT('',(2.728819850715,65.735421086411));
#7442 = CARTESIAN_POINT('',(2.328539546012,65.379464633634));
#7443 = CARTESIAN_POINT('',(1.932831284037,65.018433763198));
#7444 = CARTESIAN_POINT('',(1.149257745787,64.285139938061));
#7445 = CARTESIAN_POINT('',(0.761426239062,63.912840895371));
#7446 = CARTESIAN_POINT('',(0.378322200294,63.53568029515));
#7447 = CARTESIAN_POINT('',(0.,63.153782275132));
#7448 = ( GEOMETRIC_REPRESENTATION_CONTEXT(2) 
PARAMETRIC_REPRESENTATION_CONTEXT() REPRESENTATION_CONTEXT('2D SPACE',''
  ) );
#7449 = PCURVE('',#4198,#7450);
#7450 = DEFINITIONAL_REPRESENTATION('',(#7451),#7502);
#7451 = B_SPLINE_CURVE_WITH_KNOTS('',4,(#7452,#7453,#7454,#7455,#7456,
    #7457,#7458,#7459,#7460,#7461,#7462,#7463,#7464,#7465,#7466,#7467,
    #7468,#7469,#7470,#7471,#7472,#7473,#7474,#7475,#7476,#7477,#7478,
    #7479,#7480,#7481,#7482,#7483,#7484,#7485,#7486,#7487,#7488,#7489,
    #7490,#7491,#7492,#7493,#7494,#7495,#7496,#7497,#7498,#7499,#7500,
    #7501),.UNSPECIFIED.,.F.,.F.,(5,3,3,3,3,3,3,3,3,3,3,3,3,3,3,3,5),(0.
    ,5.755452507009E-02,0.115666984082,0.174494445036,0.234033227806,
    0.294547178198,0.355493266684,0.417128000336,0.479439294216,
    0.542693831598,0.606314407383,0.670559256314,0.735405291994,
    0.800826510782,0.866794021053,0.933276133122,1.),.UNSPECIFIED.);
#7452 = CARTESIAN_POINT('',(3.231258169831,0.15906729328));
#7453 = CARTESIAN_POINT('',(3.23137155331,0.167983692314));
#7454 = CARTESIAN_POINT('',(3.231493901493,0.176862339899));
#7455 = CARTESIAN_POINT('',(3.231625301793,0.185703954177));
#7456 = CARTESIAN_POINT('',(3.231907783237,0.203399895632));
#7457 = CARTESIAN_POINT('',(3.232059043196,0.212253514811));
#7458 = CARTESIAN_POINT('',(3.232219752454,0.221070832158));
#7459 = CARTESIAN_POINT('',(3.232562437021,0.238742348662));
#7460 = CARTESIAN_POINT('',(3.232744649726,0.247595667078));
#7461 = CARTESIAN_POINT('',(3.232936826365,0.256413266972));
#7462 = CARTESIAN_POINT('',(3.233343892284,0.2740847005));
#7463 = CARTESIAN_POINT('',(3.233559028196,0.282937683302));
#7464 = CARTESIAN_POINT('',(3.23378471936,0.291755598257));
#7465 = CARTESIAN_POINT('',(3.234261500384,0.309466672222));
#7466 = CARTESIAN_POINT('',(3.234512945821,0.318358698352));
#7467 = CARTESIAN_POINT('',(3.234775727786,0.327216077494));
#7468 = CARTESIAN_POINT('',(3.235326436209,0.344926133513));
#7469 = CARTESIAN_POINT('',(3.23561452898,0.353778325326));
#7470 = CARTESIAN_POINT('',(3.235914642143,0.362596984069));
#7471 = CARTESIAN_POINT('',(3.236543049873,0.38026811878));
#7472 = CARTESIAN_POINT('',(3.236871624744,0.389119851129));
#7473 = CARTESIAN_POINT('',(3.237213120983,0.397938943455));
#7474 = CARTESIAN_POINT('',(3.237926584373,0.415609964383));
#7475 = CARTESIAN_POINT('',(3.238298845097,0.424461190939));
#7476 = CARTESIAN_POINT('',(3.238685066599,0.433280762138));
#7477 = CARTESIAN_POINT('',(3.239492375255,0.45099134482));
#7478 = CARTESIAN_POINT('',(3.239913902003,0.459881416883));
#7479 = CARTESIAN_POINT('',(3.240350728885,0.468740643846));
#7480 = CARTESIAN_POINT('',(3.241258670128,0.486450285489));
#7481 = CARTESIAN_POINT('',(3.241729968665,0.495300352601));
#7482 = CARTESIAN_POINT('',(3.242217828433,0.504121027881));
#7483 = CARTESIAN_POINT('',(3.243232886887,0.521791679591));
#7484 = CARTESIAN_POINT('',(3.243760425105,0.530641094308));
#7485 = CARTESIAN_POINT('',(3.244306143256,0.539462394556));
#7486 = CARTESIAN_POINT('',(3.245440732113,0.557132919448));
#7487 = CARTESIAN_POINT('',(3.246029959473,0.565981632975));
#7488 = CARTESIAN_POINT('',(3.246639253298,0.574803607707));
#7489 = CARTESIAN_POINT('',(3.24790537226,0.592474006882));
#7490 = CARTESIAN_POINT('',(3.248562571873,0.601321971854));
#7491 = CARTESIAN_POINT('',(3.249242044226,0.610144669582));
#7492 = CARTESIAN_POINT('',(3.250653573871,0.627814946225));
#7493 = CARTESIAN_POINT('',(3.251386023935,0.636662117683));
#7494 = CARTESIAN_POINT('',(3.252143336929,0.645485584924));
#7495 = CARTESIAN_POINT('',(3.25371641335,0.663155744447));
#7496 = CARTESIAN_POINT('',(3.254532588014,0.672002080908));
#7497 = CARTESIAN_POINT('',(3.255376679656,0.68082636109));
#7498 = CARTESIAN_POINT('',(3.257127029065,0.698464828042));
#7499 = CARTESIAN_POINT('',(3.258033502401,0.707278859108));
#7500 = CARTESIAN_POINT('',(3.258971284188,0.71607270497));
#7501 = CARTESIAN_POINT('',(3.259942261067,0.724847357066));
#7502 = ( GEOMETRIC_REPRESENTATION_CONTEXT(2) 
PARAMETRIC_REPRESENTATION_CONTEXT() REPRESENTATION_CONTEXT('2D SPACE',''
  ) );
#7503 = ORIENTED_EDGE('',*,*,#7504,.T.);
#7504 = EDGE_CURVE('',#7341,#3471,#7505,.T.);
#7505 = SURFACE_CURVE('',#7506,(#7510,#7517),.PCURVE_S1.);
#7506 = LINE('',#7507,#7508);
#7507 = CARTESIAN_POINT('',(58.,-8.,8.));
#7508 = VECTOR('',#7509,1.);
#7509 = DIRECTION('',(-1.,0.,0.));
#7510 = PCURVE('',#3447,#7511);
#7511 = DEFINITIONAL_REPRESENTATION('',(#7512),#7516);
#7512 = LINE('',#7513,#7514);
#7513 = CARTESIAN_POINT('',(28.,-41.));
#7514 = VECTOR('',#7515,1.);
#7515 = DIRECTION('',(0.,1.));
#7516 = ( GEOMETRIC_REPRESENTATION_CONTEXT(2) 
PARAMETRIC_REPRESENTATION_CONTEXT() REPRESENTATION_CONTEXT('2D SPACE',''
  ) );
#7517 = PCURVE('',#3588,#7518);
#7518 = DEFINITIONAL_REPRESENTATION('',(#7519),#7523);
#7519 = LINE('',#7520,#7521);
#7520 = CARTESIAN_POINT('',(0.,-75.));
#7521 = VECTOR('',#7522,1.);
#7522 = DIRECTION('',(0.,1.));
#7523 = ( GEOMETRIC_REPRESENTATION_CONTEXT(2) 
PARAMETRIC_REPRESENTATION_CONTEXT() REPRESENTATION_CONTEXT('2D SPACE',''
  ) );
#7524 = ORIENTED_EDGE('',*,*,#3470,.T.);
#7525 = ORIENTED_EDGE('',*,*,#3407,.T.);
#7526 = ADVANCED_FACE('',(#7527),#3782,.T.);
#7527 = FACE_BOUND('',#7528,.T.);
#7528 = EDGE_LOOP('',(#7529,#7552,#7588,#7589));
#7529 = ORIENTED_EDGE('',*,*,#7530,.T.);
#7530 = EDGE_CURVE('',#3703,#7531,#7533,.T.);
#7531 = VERTEX_POINT('',#7532);
#7532 = CARTESIAN_POINT('',(-46.15378227513,8.,36.));
#7533 = SURFACE_CURVE('',#7534,(#7538,#7545),.PCURVE_S1.);
#7534 = LINE('',#7535,#7536);
#7535 = CARTESIAN_POINT('',(-58.,8.,36.));
#7536 = VECTOR('',#7537,1.);
#7537 = DIRECTION('',(1.,0.,0.));
#7538 = PCURVE('',#3782,#7539);
#7539 = DEFINITIONAL_REPRESENTATION('',(#7540),#7544);
#7540 = LINE('',#7541,#7542);
#7541 = CARTESIAN_POINT('',(0.,75.));
#7542 = VECTOR('',#7543,1.);
#7543 = DIRECTION('',(0.,-1.));
#7544 = ( GEOMETRIC_REPRESENTATION_CONTEXT(2) 
PARAMETRIC_REPRESENTATION_CONTEXT() REPRESENTATION_CONTEXT('2D SPACE',''
  ) );
#7545 = PCURVE('',#3667,#7546);
#7546 = DEFINITIONAL_REPRESENTATION('',(#7547),#7551);
#7547 = LINE('',#7548,#7549);
#7548 = CARTESIAN_POINT('',(28.,75.));
#7549 = VECTOR('',#7550,1.);
#7550 = DIRECTION('',(0.,-1.));
#7551 = ( GEOMETRIC_REPRESENTATION_CONTEXT(2) 
PARAMETRIC_REPRESENTATION_CONTEXT() REPRESENTATION_CONTEXT('2D SPACE',''
  ) );
#7552 = ORIENTED_EDGE('',*,*,#7553,.F.);
#7553 = EDGE_CURVE('',#7226,#7531,#7554,.T.);
#7554 = SURFACE_CURVE('',#7555,(#7564,#7576),.PCURVE_S1.);
#7555 = B_SPLINE_CURVE_WITH_KNOTS('',4,(#7556,#7557,#7558,#7559,#7560,
    #7561,#7562,#7563),.UNSPECIFIED.,.F.,.F.,(5,3,5),(0.,0.500000000003,
    1.),.UNSPECIFIED.);
#7556 = CARTESIAN_POINT('',(-46.15378227513,-8.,36.));
#7557 = CARTESIAN_POINT('',(-46.35132025512,-6.006518508053,36.));
#7558 = CARTESIAN_POINT('',(-46.48274850716,-4.006490139914,36.));
#7559 = CARTESIAN_POINT('',(-46.54846252767,-2.003248257961,36.));
#7560 = CARTESIAN_POINT('',(-46.54846252766,2.003248258032,36.));
#7561 = CARTESIAN_POINT('',(-46.48274850715,4.006490139961,36.));
#7562 = CARTESIAN_POINT('',(-46.35132025512,6.006518508076,36.));
#7563 = CARTESIAN_POINT('',(-46.15378227513,8.,36.));
#7564 = PCURVE('',#3782,#7565);
#7565 = DEFINITIONAL_REPRESENTATION('',(#7566),#7575);
#7566 = B_SPLINE_CURVE_WITH_KNOTS('',4,(#7567,#7568,#7569,#7570,#7571,
    #7572,#7573,#7574),.UNSPECIFIED.,.F.,.F.,(5,3,5),(0.,0.500000000003,
    1.),.UNSPECIFIED.);
#7567 = CARTESIAN_POINT('',(16.,63.153782275132));
#7568 = CARTESIAN_POINT('',(14.006518508053,63.351320255123));
#7569 = CARTESIAN_POINT('',(12.006490139914,63.48274850716));
#7570 = CARTESIAN_POINT('',(10.003248257961,63.548462527671));
#7571 = CARTESIAN_POINT('',(5.996751741968,63.548462527669));
#7572 = CARTESIAN_POINT('',(3.993509860039,63.482748507157));
#7573 = CARTESIAN_POINT('',(1.993481491924,63.351320255121));
#7574 = CARTESIAN_POINT('',(0.,63.153782275132));
#7575 = ( GEOMETRIC_REPRESENTATION_CONTEXT(2) 
PARAMETRIC_REPRESENTATION_CONTEXT() REPRESENTATION_CONTEXT('2D SPACE',''
  ) );
#7576 = PCURVE('',#4198,#7577);
#7577 = DEFINITIONAL_REPRESENTATION('',(#7578),#7587);
#7578 = B_SPLINE_CURVE_WITH_KNOTS('',4,(#7579,#7580,#7581,#7582,#7583,
    #7584,#7585,#7586),.UNSPECIFIED.,.F.,.F.,(5,3,5),(0.,0.500000000003,
    1.),.UNSPECIFIED.);
#7579 = CARTESIAN_POINT('',(3.259942269986,0.724847355294));
#7580 = CARTESIAN_POINT('',(3.230199111551,0.724847355294));
#7581 = CARTESIAN_POINT('',(3.200612335094,0.724847355294));
#7582 = CARTESIAN_POINT('',(3.171102470807,0.724847355294));
#7583 = CARTESIAN_POINT('',(3.112082836371,0.724847355294));
#7584 = CARTESIAN_POINT('',(3.082572972085,0.724847355294));
#7585 = CARTESIAN_POINT('',(3.052986195628,0.724847355294));
#7586 = CARTESIAN_POINT('',(3.023243037193,0.724847355294));
#7587 = ( GEOMETRIC_REPRESENTATION_CONTEXT(2) 
PARAMETRIC_REPRESENTATION_CONTEXT() REPRESENTATION_CONTEXT('2D SPACE',''
  ) );
#7588 = ORIENTED_EDGE('',*,*,#7225,.T.);
#7589 = ORIENTED_EDGE('',*,*,#3758,.T.);
#7590 = ADVANCED_FACE('',(#7591),#3588,.T.);
#7591 = FACE_BOUND('',#7592,.T.);
#7592 = EDGE_LOOP('',(#7593,#7594,#7632,#7653));
#7593 = ORIENTED_EDGE('',*,*,#7504,.F.);
#7594 = ORIENTED_EDGE('',*,*,#7595,.T.);
#7595 = EDGE_CURVE('',#7341,#7596,#7598,.T.);
#7596 = VERTEX_POINT('',#7597);
#7597 = CARTESIAN_POINT('',(-61.02938273095,8.,8.));
#7598 = SURFACE_CURVE('',#7599,(#7608,#7620),.PCURVE_S1.);
#7599 = B_SPLINE_CURVE_WITH_KNOTS('',4,(#7600,#7601,#7602,#7603,#7604,
    #7605,#7606,#7607),.UNSPECIFIED.,.F.,.F.,(5,3,5),(0.,0.500000000004,
    1.),.UNSPECIFIED.);
#7600 = CARTESIAN_POINT('',(-61.02938273095,-8.,8.));
#7601 = CARTESIAN_POINT('',(-61.17898044023,-6.003734840616,8.));
#7602 = CARTESIAN_POINT('',(-61.27859705072,-4.003725485144,8.));
#7603 = CARTESIAN_POINT('',(-61.32840534296,-2.001863790553,8.));
#7604 = CARTESIAN_POINT('',(-61.32840534296,2.001863790646,8.));
#7605 = CARTESIAN_POINT('',(-61.27859705072,4.003725485206,8.));
#7606 = CARTESIAN_POINT('',(-61.17898044023,6.003734840647,8.));
#7607 = CARTESIAN_POINT('',(-61.02938273095,8.,8.));
#7608 = PCURVE('',#3588,#7609);
#7609 = DEFINITIONAL_REPRESENTATION('',(#7610),#7619);
#7610 = B_SPLINE_CURVE_WITH_KNOTS('',4,(#7611,#7612,#7613,#7614,#7615,
    #7616,#7617,#7618),.UNSPECIFIED.,.F.,.F.,(5,3,5),(0.,0.500000000004,
    1.),.UNSPECIFIED.);
#7611 = CARTESIAN_POINT('',(0.,44.029382730952));
#7612 = CARTESIAN_POINT('',(1.996265159384,44.178980440235));
#7613 = CARTESIAN_POINT('',(3.996274514856,44.278597050725));
#7614 = CARTESIAN_POINT('',(5.998136209447,44.328405342963));
#7615 = CARTESIAN_POINT('',(10.001863790646,44.328405342961));
#7616 = CARTESIAN_POINT('',(12.003725485206,44.278597050722));
#7617 = CARTESIAN_POINT('',(14.003734840647,44.178980440233));
#7618 = CARTESIAN_POINT('',(16.,44.029382730952));
#7619 = ( GEOMETRIC_REPRESENTATION_CONTEXT(2) 
PARAMETRIC_REPRESENTATION_CONTEXT() REPRESENTATION_CONTEXT('2D SPACE',''
  ) );
#7620 = PCURVE('',#4198,#7621);
#7621 = DEFINITIONAL_REPRESENTATION('',(#7622),#7631);
#7622 = B_SPLINE_CURVE_WITH_KNOTS('',4,(#7623,#7624,#7625,#7626,#7627,
    #7628,#7629,#7630),.UNSPECIFIED.,.F.,.F.,(5,3,5),(0.,0.500000000004,
    1.),.UNSPECIFIED.);
#7623 = CARTESIAN_POINT('',(3.231258176254,0.159067293779));
#7624 = CARTESIAN_POINT('',(3.208774030726,0.159067293779));
#7625 = CARTESIAN_POINT('',(3.18635779875,0.159067293779));
#7626 = CARTESIAN_POINT('',(3.163975222932,0.159067293779));
#7627 = CARTESIAN_POINT('',(3.119210084247,0.159067293779));
#7628 = CARTESIAN_POINT('',(3.096827508429,0.159067293779));
#7629 = CARTESIAN_POINT('',(3.074411276453,0.159067293779));
#7630 = CARTESIAN_POINT('',(3.051927130925,0.159067293779));
#7631 = ( GEOMETRIC_REPRESENTATION_CONTEXT(2) 
PARAMETRIC_REPRESENTATION_CONTEXT() REPRESENTATION_CONTEXT('2D SPACE',''
  ) );
#7632 = ORIENTED_EDGE('',*,*,#7633,.F.);
#7633 = EDGE_CURVE('',#3563,#7596,#7634,.T.);
#7634 = SURFACE_CURVE('',#7635,(#7639,#7646),.PCURVE_S1.);
#7635 = LINE('',#7636,#7637);
#7636 = CARTESIAN_POINT('',(-92.,8.,8.));
#7637 = VECTOR('',#7638,1.);
#7638 = DIRECTION('',(1.,0.,0.));
#7639 = PCURVE('',#3588,#7640);
#7640 = DEFINITIONAL_REPRESENTATION('',(#7641),#7645);
#7641 = LINE('',#7642,#7643);
#7642 = CARTESIAN_POINT('',(16.,75.));
#7643 = VECTOR('',#7644,1.);
#7644 = DIRECTION('',(0.,-1.));
#7645 = ( GEOMETRIC_REPRESENTATION_CONTEXT(2) 
PARAMETRIC_REPRESENTATION_CONTEXT() REPRESENTATION_CONTEXT('2D SPACE',''
  ) );
#7646 = PCURVE('',#3667,#7647);
#7647 = DEFINITIONAL_REPRESENTATION('',(#7648),#7652);
#7648 = LINE('',#7649,#7650);
#7649 = CARTESIAN_POINT('',(0.,109.));
#7650 = VECTOR('',#7651,1.);
#7651 = DIRECTION('',(0.,-1.));
#7652 = ( GEOMETRIC_REPRESENTATION_CONTEXT(2) 
PARAMETRIC_REPRESENTATION_CONTEXT() REPRESENTATION_CONTEXT('2D SPACE',''
  ) );
#7653 = ORIENTED_EDGE('',*,*,#3562,.F.);
#7654 = ADVANCED_FACE('',(#7655),#3667,.T.);
#7655 = FACE_BOUND('',#7656,.T.);
#7656 = EDGE_LOOP('',(#7657,#7749,#7750,#7751,#7752,#7753));
#7657 = ORIENTED_EDGE('',*,*,#7658,.F.);
#7658 = EDGE_CURVE('',#7531,#7659,#7661,.T.);
#7659 = VERTEX_POINT('',#7660);
#7660 = CARTESIAN_POINT('',(-58.,8.,18.510095462793));
#7661 = SURFACE_CURVE('',#7662,(#7689,#7719),.PCURVE_S1.);
#7662 = B_SPLINE_CURVE_WITH_KNOTS('',4,(#7663,#7664,#7665,#7666,#7667,
    #7668,#7669,#7670,#7671,#7672,#7673,#7674,#7675,#7676,#7677,#7678,
    #7679,#7680,#7681,#7682,#7683,#7684,#7685,#7686,#7687,#7688),
  .UNSPECIFIED.,.F.,.F.,(5,3,3,3,3,3,3,3,5),(0.,0.129878137496,
    0.258422210603,0.386082851517,0.511881915769,0.636609671386,
    0.759331889942,0.880423615624,1.),.UNSPECIFIED.);
#7663 = CARTESIAN_POINT('',(-46.15378227513,8.,36.));
#7664 = CARTESIAN_POINT('',(-46.64430293366,8.,35.514072226197));
#7665 = CARTESIAN_POINT('',(-47.12700802217,8.,35.020255596969));
#7666 = CARTESIAN_POINT('',(-47.60163441799,8.,34.518665258498));
#7667 = CARTESIAN_POINT('',(-48.52940900428,8.,33.505435402795));
#7668 = CARTESIAN_POINT('',(-48.98272779795,8.,32.993952082775));
#7669 = CARTESIAN_POINT('',(-49.4276152309,8.,32.475114808766));
#7670 = CARTESIAN_POINT('',(-50.29701314091,8.,31.426646172092));
#7671 = CARTESIAN_POINT('',(-50.72164272256,8.,30.897113541992));
#7672 = CARTESIAN_POINT('',(-51.13744886551,8.,30.360621218747));
#7673 = CARTESIAN_POINT('',(-51.94498039946,8.,29.281972789821));
#7674 = CARTESIAN_POINT('',(-52.33696860875,8.,28.740013385424));
#7675 = CARTESIAN_POINT('',(-52.71990416861,8.,28.191617146937));
#7676 = CARTESIAN_POINT('',(-53.46401443432,8.,27.0870341417));
#7677 = CARTESIAN_POINT('',(-53.82534677849,8.,26.530953505919));
#7678 = CARTESIAN_POINT('',(-54.17731649573,8.,25.968897361772));
#7679 = CARTESIAN_POINT('',(-54.85657629558,8.,24.84235605106));
#7680 = CARTESIAN_POINT('',(-55.18417230823,8.,24.278055257322));
#7681 = CARTESIAN_POINT('',(-55.50227314979,8.,23.708345674046));
#7682 = CARTESIAN_POINT('',(-56.11497629038,8.,22.566159496931));
#7683 = CARTESIAN_POINT('',(-56.40983474093,8.,21.993820212752));
#7684 = CARTESIAN_POINT('',(-56.69505144667,8.,21.41661365865));
#7685 = CARTESIAN_POINT('',(-57.24238200439,8.,20.260180689653));
#7686 = CARTESIAN_POINT('',(-57.50474039356,8.,19.68106990713));
#7687 = CARTESIAN_POINT('',(-57.75733534379,8.,19.097632838632));
#7688 = CARTESIAN_POINT('',(-58.,8.,18.510095462793));
#7689 = PCURVE('',#3667,#7690);
#7690 = DEFINITIONAL_REPRESENTATION('',(#7691),#7718);
#7691 = B_SPLINE_CURVE_WITH_KNOTS('',4,(#7692,#7693,#7694,#7695,#7696,
    #7697,#7698,#7699,#7700,#7701,#7702,#7703,#7704,#7705,#7706,#7707,
    #7708,#7709,#7710,#7711,#7712,#7713,#7714,#7715,#7716,#7717),
  .UNSPECIFIED.,.F.,.F.,(5,3,3,3,3,3,3,3,5),(0.,0.129878137496,
    0.258422210603,0.386082851517,0.511881915769,0.636609671386,
    0.759331889942,0.880423615624,1.),.UNSPECIFIED.);
#7692 = CARTESIAN_POINT('',(28.,63.153782275132));
#7693 = CARTESIAN_POINT('',(27.514072226197,63.644302933665));
#7694 = CARTESIAN_POINT('',(27.020255596969,64.12700802217));
#7695 = CARTESIAN_POINT('',(26.518665258498,64.601634417996));
#7696 = CARTESIAN_POINT('',(25.505435402795,65.529409004283));
#7697 = CARTESIAN_POINT('',(24.993952082775,65.982727797952));
#7698 = CARTESIAN_POINT('',(24.475114808766,66.427615230904));
#7699 = CARTESIAN_POINT('',(23.426646172092,67.297013140912));
#7700 = CARTESIAN_POINT('',(22.897113541992,67.721642722561));
#7701 = CARTESIAN_POINT('',(22.360621218747,68.137448865516));
#7702 = CARTESIAN_POINT('',(21.281972789821,68.944980399464));
#7703 = CARTESIAN_POINT('',(20.740013385424,69.33696860875));
#7704 = CARTESIAN_POINT('',(20.191617146937,69.719904168612));
#7705 = CARTESIAN_POINT('',(19.0870341417,70.464014434327));
#7706 = CARTESIAN_POINT('',(18.530953505919,70.825346778496));
#7707 = CARTESIAN_POINT('',(17.968897361772,71.177316495739));
#7708 = CARTESIAN_POINT('',(16.84235605106,71.856576295584));
#7709 = CARTESIAN_POINT('',(16.278055257322,72.184172308238));
#7710 = CARTESIAN_POINT('',(15.708345674046,72.502273149796));
#7711 = CARTESIAN_POINT('',(14.566159496931,73.11497629038));
#7712 = CARTESIAN_POINT('',(13.993820212752,73.409834740933));
#7713 = CARTESIAN_POINT('',(13.41661365865,73.695051446674));
#7714 = CARTESIAN_POINT('',(12.260180689653,74.242382004399));
#7715 = CARTESIAN_POINT('',(11.68106990713,74.504740393567));
#7716 = CARTESIAN_POINT('',(11.097632838632,74.757335343792));
#7717 = CARTESIAN_POINT('',(10.510095462793,75.));
#7718 = ( GEOMETRIC_REPRESENTATION_CONTEXT(2) 
PARAMETRIC_REPRESENTATION_CONTEXT() REPRESENTATION_CONTEXT('2D SPACE',''
  ) );
#7719 = PCURVE('',#4198,#7720);
#7720 = DEFINITIONAL_REPRESENTATION('',(#7721),#7748);
#7721 = B_SPLINE_CURVE_WITH_KNOTS('',4,(#7722,#7723,#7724,#7725,#7726,
    #7727,#7728,#7729,#7730,#7731,#7732,#7733,#7734,#7735,#7736,#7737,
    #7738,#7739,#7740,#7741,#7742,#7743,#7744,#7745,#7746,#7747),
  .UNSPECIFIED.,.F.,.F.,(5,3,3,3,3,3,3,3,5),(0.,0.129878137496,
    0.258422210603,0.386082851517,0.511881915769,0.636609671386,
    0.759331889942,0.880423615624,1.),.UNSPECIFIED.);
#7722 = CARTESIAN_POINT('',(3.023243045945,0.724847357405));
#7723 = CARTESIAN_POINT('',(3.024490196215,0.713576945157));
#7724 = CARTESIAN_POINT('',(3.025682583542,0.702274869732));
#7725 = CARTESIAN_POINT('',(3.026824202449,0.690939020526));
#7726 = CARTESIAN_POINT('',(3.029001100747,0.668312246743));
#7727 = CARTESIAN_POINT('',(3.030037356311,0.657022059611));
#7728 = CARTESIAN_POINT('',(3.031030156037,0.645694577755));
#7729 = CARTESIAN_POINT('',(3.032927358542,0.623038914762));
#7730 = CARTESIAN_POINT('',(3.03383232596,0.611711273599));
#7731 = CARTESIAN_POINT('',(3.034699409668,0.600342691782));
#7732 = CARTESIAN_POINT('',(3.036349735677,0.577685878315));
#7733 = CARTESIAN_POINT('',(3.037134019057,0.566398892419));
#7734 = CARTESIAN_POINT('',(3.037885421604,0.55506812712));
#7735 = CARTESIAN_POINT('',(3.039319517335,0.532411904892));
#7736 = CARTESIAN_POINT('',(3.040002743241,0.521087224369));
#7737 = CARTESIAN_POINT('',(3.040656766783,0.509715576556));
#7738 = CARTESIAN_POINT('',(3.041898902866,0.487058053355));
#7739 = CARTESIAN_POINT('',(3.042487907634,0.475773738631));
#7740 = CARTESIAN_POINT('',(3.043051103439,0.464440183131));
#7741 = CARTESIAN_POINT('',(3.044120742083,0.441822095802));
#7742 = CARTESIAN_POINT('',(3.044627840642,0.430538912853));
#7743 = CARTESIAN_POINT('',(3.045111765026,0.419204160461));
#7744 = CARTESIAN_POINT('',(3.046029092996,0.396570412759));
#7745 = CARTESIAN_POINT('',(3.046463053926,0.385272755641));
#7746 = CARTESIAN_POINT('',(3.046875971857,0.373921277708));
#7747 = CARTESIAN_POINT('',(3.047268483484,0.362514282398));
#7748 = ( GEOMETRIC_REPRESENTATION_CONTEXT(2) 
PARAMETRIC_REPRESENTATION_CONTEXT() REPRESENTATION_CONTEXT('2D SPACE',''
  ) );
#7749 = ORIENTED_EDGE('',*,*,#7530,.F.);
#7750 = ORIENTED_EDGE('',*,*,#3702,.T.);
#7751 = ORIENTED_EDGE('',*,*,#3605,.T.);
#7752 = ORIENTED_EDGE('',*,*,#7633,.T.);
#7753 = ORIENTED_EDGE('',*,*,#7754,.F.);
#7754 = EDGE_CURVE('',#7659,#7596,#7755,.T.);
#7755 = SURFACE_CURVE('',#7756,(#7807,#7861),.PCURVE_S1.);
#7756 = B_SPLINE_CURVE_WITH_KNOTS('',4,(#7757,#7758,#7759,#7760,#7761,
    #7762,#7763,#7764,#7765,#7766,#7767,#7768,#7769,#7770,#7771,#7772,
    #7773,#7774,#7775,#7776,#7777,#7778,#7779,#7780,#7781,#7782,#7783,
    #7784,#7785,#7786,#7787,#7788,#7789,#7790,#7791,#7792,#7793,#7794,
    #7795,#7796,#7797,#7798,#7799,#7800,#7801,#7802,#7803,#7804,#7805,
    #7806),.UNSPECIFIED.,.F.,.F.,(5,3,3,3,3,3,3,3,3,3,3,3,3,3,3,3,5),(0.
    ,6.703765696097E-02,0.133517707532,0.199482942219,0.264901696542,
    0.330031970638,0.394271318012,0.457886170771,0.520856366018,
    0.583439985379,0.645068508167,0.706008276162,0.76624962225,
    0.825785082481,0.884609193733,0.942718284819,1.),.UNSPECIFIED.);
#7757 = CARTESIAN_POINT('',(-46.15378227513,8.,36.));
#7758 = CARTESIAN_POINT('',(-46.53747629146,8.,35.619898620102));
#7759 = CARTESIAN_POINT('',(-46.91638822455,8.,35.234970319445));
#7760 = CARTESIAN_POINT('',(-47.29039217722,8.,34.845270239594));
#7761 = CARTESIAN_POINT('',(-48.02526125679,8.,34.059731253301));
#7762 = CARTESIAN_POINT('',(-48.38620981197,8.,33.663970387177));
#7763 = CARTESIAN_POINT('',(-48.74208309639,8.,33.263638364432));
#7764 = CARTESIAN_POINT('',(-49.44071500346,8.,32.457102422696));
#7765 = CARTESIAN_POINT('',(-49.78355386397,8.,32.050967996288));
#7766 = CARTESIAN_POINT('',(-50.12115201275,8.,31.64046575951));
#7767 = CARTESIAN_POINT('',(-50.78287194202,8.,30.814309074863));
#7768 = CARTESIAN_POINT('',(-51.10708221883,8.,30.398725494226));
#7769 = CARTESIAN_POINT('',(-51.42590068131,8.,29.978990250285));
#7770 = CARTESIAN_POINT('',(-52.05113727066,8.,29.133243855267));
#7771 = CARTESIAN_POINT('',(-52.3576039056,8.,28.707268549894));
#7772 = CARTESIAN_POINT('',(-52.65849367912,8.,28.277334928715));
#7773 = CARTESIAN_POINT('',(-53.24485234546,8.,27.415657054217));
#7774 = CARTESIAN_POINT('',(-53.5304759076,8.,26.98401802262));
#7775 = CARTESIAN_POINT('',(-53.81045281071,8.,26.548694333018));
#7776 = CARTESIAN_POINT('',(-54.35623188759,8.,25.675124580252));
#7777 = CARTESIAN_POINT('',(-54.62214542814,8.,25.236948068186));
#7778 = CARTESIAN_POINT('',(-54.88231118939,8.,24.79533391601));
#7779 = CARTESIAN_POINT('',(-55.38836621132,8.,23.909929115455));
#7780 = CARTESIAN_POINT('',(-55.63437345837,8.,23.466205871387));
#7781 = CARTESIAN_POINT('',(-55.87455020811,8.,23.019299248502));
#7782 = CARTESIAN_POINT('',(-56.34161395078,8.,22.122080132377));
#7783 = CARTESIAN_POINT('',(-56.56857350784,8.,21.671805384286));
#7784 = CARTESIAN_POINT('',(-56.78958618239,8.,21.218581581001));
#7785 = CARTESIAN_POINT('',(-57.21625815339,8.,20.313404732589));
#7786 = CARTESIAN_POINT('',(-57.42210031429,8.,19.861537840843));
#7787 = CARTESIAN_POINT('',(-57.62200365489,8.,19.407012103723));
#7788 = CARTESIAN_POINT('',(-58.00760450335,8.,18.497963489742));
#7789 = CARTESIAN_POINT('',(-58.19343583384,8.,18.043497337908));
#7790 = CARTESIAN_POINT('',(-58.37330347604,8.,17.586637842931));
#7791 = CARTESIAN_POINT('',(-58.7189735723,8.,16.673611586796));
#7792 = CARTESIAN_POINT('',(-58.88491362567,8.,16.217496878385));
#7793 = CARTESIAN_POINT('',(-59.04488450614,8.,15.759254433689));
#7794 = CARTESIAN_POINT('',(-59.3509548949,8.,14.844127978798));
#7795 = CARTESIAN_POINT('',(-59.49719500232,8.,14.38729094911));
#7796 = CARTESIAN_POINT('',(-59.63747953387,8.,13.928590092051));
#7797 = CARTESIAN_POINT('',(-59.9044204536,8.,13.013185164542));
#7798 = CARTESIAN_POINT('',(-60.03121966934,8.,12.556522698842));
#7799 = CARTESIAN_POINT('',(-60.15209547541,8.,12.098256870466));
#7800 = CARTESIAN_POINT('',(-60.38050756804,8.,11.184330299814));
#7801 = CARTESIAN_POINT('',(-60.48818815873,8.,10.728705576539));
#7802 = CARTESIAN_POINT('',(-60.58999536479,8.,10.271732850818));
#7803 = CARTESIAN_POINT('',(-60.78041811234,8.,9.361837986209));
#7804 = CARTESIAN_POINT('',(-60.86920085692,8.,8.908950790549));
#7805 = CARTESIAN_POINT('',(-60.95219957445,8.,8.454968315578));
#7806 = CARTESIAN_POINT('',(-61.02938273095,8.,8.));
#7807 = PCURVE('',#3667,#7808);
#7808 = DEFINITIONAL_REPRESENTATION('',(#7809),#7860);
#7809 = B_SPLINE_CURVE_WITH_KNOTS('',4,(#7810,#7811,#7812,#7813,#7814,
    #7815,#7816,#7817,#7818,#7819,#7820,#7821,#7822,#7823,#7824,#7825,
    #7826,#7827,#7828,#7829,#7830,#7831,#7832,#7833,#7834,#7835,#7836,
    #7837,#7838,#7839,#7840,#7841,#7842,#7843,#7844,#7845,#7846,#7847,
    #7848,#7849,#7850,#7851,#7852,#7853,#7854,#7855,#7856,#7857,#7858,
    #7859),.UNSPECIFIED.,.F.,.F.,(5,3,3,3,3,3,3,3,3,3,3,3,3,3,3,3,5),(0.
    ,6.703765696097E-02,0.133517707532,0.199482942219,0.264901696542,
    0.330031970638,0.394271318012,0.457886170771,0.520856366018,
    0.583439985379,0.645068508167,0.706008276162,0.76624962225,
    0.825785082481,0.884609193733,0.942718284819,1.),.UNSPECIFIED.);
#7810 = CARTESIAN_POINT('',(28.,63.153782275132));
#7811 = CARTESIAN_POINT('',(27.619898620102,63.537476291462));
#7812 = CARTESIAN_POINT('',(27.234970319445,63.91638822455));
#7813 = CARTESIAN_POINT('',(26.845270239594,64.290392177224));
#7814 = CARTESIAN_POINT('',(26.059731253301,65.025261256797));
#7815 = CARTESIAN_POINT('',(25.663970387177,65.386209811976));
#7816 = CARTESIAN_POINT('',(25.263638364432,65.742083096396));
#7817 = CARTESIAN_POINT('',(24.457102422696,66.440715003464));
#7818 = CARTESIAN_POINT('',(24.050967996288,66.783553863979));
#7819 = CARTESIAN_POINT('',(23.64046575951,67.121152012759));
#7820 = CARTESIAN_POINT('',(22.814309074863,67.782871942027));
#7821 = CARTESIAN_POINT('',(22.398725494226,68.107082218839));
#7822 = CARTESIAN_POINT('',(21.978990250285,68.425900681317));
#7823 = CARTESIAN_POINT('',(21.133243855267,69.05113727066));
#7824 = CARTESIAN_POINT('',(20.707268549894,69.357603905607));
#7825 = CARTESIAN_POINT('',(20.277334928715,69.658493679126));
#7826 = CARTESIAN_POINT('',(19.415657054217,70.244852345467));
#7827 = CARTESIAN_POINT('',(18.98401802262,70.530475907606));
#7828 = CARTESIAN_POINT('',(18.548694333018,70.810452810715));
#7829 = CARTESIAN_POINT('',(17.675124580252,71.356231887591));
#7830 = CARTESIAN_POINT('',(17.236948068186,71.622145428147));
#7831 = CARTESIAN_POINT('',(16.79533391601,71.882311189392));
#7832 = CARTESIAN_POINT('',(15.909929115455,72.388366211323));
#7833 = CARTESIAN_POINT('',(15.466205871387,72.634373458377));
#7834 = CARTESIAN_POINT('',(15.019299248502,72.874550208113));
#7835 = CARTESIAN_POINT('',(14.122080132377,73.34161395078));
#7836 = CARTESIAN_POINT('',(13.671805384286,73.56857350784));
#7837 = CARTESIAN_POINT('',(13.218581581001,73.789586182391));
#7838 = CARTESIAN_POINT('',(12.313404732589,74.216258153392));
#7839 = CARTESIAN_POINT('',(11.861537840843,74.42210031429));
#7840 = CARTESIAN_POINT('',(11.407012103723,74.622003654894));
#7841 = CARTESIAN_POINT('',(10.497963489742,75.00760450335));
#7842 = CARTESIAN_POINT('',(10.043497337908,75.193435833848));
#7843 = CARTESIAN_POINT('',(9.586637842931,75.373303476043));
#7844 = CARTESIAN_POINT('',(8.673611586796,75.7189735723));
#7845 = CARTESIAN_POINT('',(8.217496878385,75.884913625677));
#7846 = CARTESIAN_POINT('',(7.759254433689,76.044884506141));
#7847 = CARTESIAN_POINT('',(6.844127978798,76.350954894909));
#7848 = CARTESIAN_POINT('',(6.38729094911,76.497195002327));
#7849 = CARTESIAN_POINT('',(5.928590092051,76.637479533876));
#7850 = CARTESIAN_POINT('',(5.013185164542,76.904420453604));
#7851 = CARTESIAN_POINT('',(4.556522698842,77.031219669348));
#7852 = CARTESIAN_POINT('',(4.098256870466,77.152095475413));
#7853 = CARTESIAN_POINT('',(3.184330299814,77.38050756804));
#7854 = CARTESIAN_POINT('',(2.728705576539,77.488188158737));
#7855 = CARTESIAN_POINT('',(2.271732850818,77.589995364799));
#7856 = CARTESIAN_POINT('',(1.361837986209,77.780418112341));
#7857 = CARTESIAN_POINT('',(0.908950790549,77.869200856925));
#7858 = CARTESIAN_POINT('',(0.454968315578,77.952199574454));
#7859 = CARTESIAN_POINT('',(0.,78.029382730952));
#7860 = ( GEOMETRIC_REPRESENTATION_CONTEXT(2) 
PARAMETRIC_REPRESENTATION_CONTEXT() REPRESENTATION_CONTEXT('2D SPACE',''
  ) );
#7861 = PCURVE('',#4198,#7862);
#7862 = DEFINITIONAL_REPRESENTATION('',(#7863),#7914);
#7863 = B_SPLINE_CURVE_WITH_KNOTS('',4,(#7864,#7865,#7866,#7867,#7868,
    #7869,#7870,#7871,#7872,#7873,#7874,#7875,#7876,#7877,#7878,#7879,
    #7880,#7881,#7882,#7883,#7884,#7885,#7886,#7887,#7888,#7889,#7890,
    #7891,#7892,#7893,#7894,#7895,#7896,#7897,#7898,#7899,#7900,#7901,
    #7902,#7903,#7904,#7905,#7906,#7907,#7908,#7909,#7910,#7911,#7912,
    #7913),.UNSPECIFIED.,.F.,.F.,(5,3,3,3,3,3,3,3,3,3,3,3,3,3,3,3,5),(0.
    ,6.703765696097E-02,0.133517707532,0.199482942219,0.264901696542,
    0.330031970638,0.394271318012,0.457886170771,0.520856366018,
    0.583439985379,0.645068508167,0.706008276162,0.76624962225,
    0.825785082481,0.884609193733,0.942718284819,1.),.UNSPECIFIED.);
#7864 = CARTESIAN_POINT('',(3.023243045945,0.724847357405));
#7865 = CARTESIAN_POINT('',(3.024218589151,0.716031439735));
#7866 = CARTESIAN_POINT('',(3.025160624679,0.707196146617));
#7867 = CARTESIAN_POINT('',(3.026071064971,0.698340474367));
#7868 = CARTESIAN_POINT('',(3.027824671985,0.680660131063));
#7869 = CARTESIAN_POINT('',(3.028668335768,0.671835817529));
#7870 = CARTESIAN_POINT('',(3.029484097939,0.662989439591));
#7871 = CARTESIAN_POINT('',(3.031056378162,0.645319212045));
#7872 = CARTESIAN_POINT('',(3.031813307414,0.636495718541));
#7873 = CARTESIAN_POINT('',(3.032545386778,0.627648513094));
#7874 = CARTESIAN_POINT('',(3.033956199967,0.60997818145));
#7875 = CARTESIAN_POINT('',(3.03463532651,0.601155462991));
#7876 = CARTESIAN_POINT('',(3.035292191428,0.592307469997));
#7877 = CARTESIAN_POINT('',(3.036560449581,0.574598111536));
#7878 = CARTESIAN_POINT('',(3.037172031367,0.565736977091));
#7879 = CARTESIAN_POINT('',(3.037763382356,0.556848855597));
#7880 = CARTESIAN_POINT('',(3.038899368778,0.539138664214));
#7881 = CARTESIAN_POINT('',(3.03944453321,0.530317353901));
#7882 = CARTESIAN_POINT('',(3.039971533615,0.521467916867));
#7883 = CARTESIAN_POINT('',(3.040985549048,0.503797234786));
#7884 = CARTESIAN_POINT('',(3.041472903469,0.494976551929));
#7885 = CARTESIAN_POINT('',(3.04194371034,0.486126465908));
#7886 = CARTESIAN_POINT('',(3.042848704436,0.468455663199));
#7887 = CARTESIAN_POINT('',(3.043283214788,0.45963555764));
#7888 = CARTESIAN_POINT('',(3.043702568877,0.450784871405));
#7889 = CARTESIAN_POINT('',(3.044509387291,0.433075100095));
#7890 = CARTESIAN_POINT('',(3.044897031888,0.424216400022));
#7891 = CARTESIAN_POINT('',(3.04527059925,0.415325755329));
#7892 = CARTESIAN_POINT('',(3.04598485429,0.397615021619));
#7893 = CARTESIAN_POINT('',(3.046325956983,0.388795926343));
#7894 = CARTESIAN_POINT('',(3.046654147142,0.379944182397));
#7895 = CARTESIAN_POINT('',(3.047281805331,0.362273033678));
#7896 = CARTESIAN_POINT('',(3.047581553555,0.353454372903));
#7897 = CARTESIAN_POINT('',(3.047869289052,0.344602171238));
#7898 = CARTESIAN_POINT('',(3.048418093682,0.326930917835));
#7899 = CARTESIAN_POINT('',(3.048679430789,0.318112648719));
#7900 = CARTESIAN_POINT('',(3.048929536435,0.309260033168));
#7901 = CARTESIAN_POINT('',(3.049404913072,0.291588682169));
#7902 = CARTESIAN_POINT('',(3.049630440844,0.282770764996));
#7903 = CARTESIAN_POINT('',(3.049845416347,0.273917776704));
#7904 = CARTESIAN_POINT('',(3.050252168716,0.25624633592));
#7905 = CARTESIAN_POINT('',(3.050444192169,0.247428734416));
#7906 = CARTESIAN_POINT('',(3.050626254286,0.238575411457));
#7907 = CARTESIAN_POINT('',(3.050968644193,0.220903889168));
#7908 = CARTESIAN_POINT('',(3.051129209341,0.212086570717));
#7909 = CARTESIAN_POINT('',(3.05128032745,0.203232947809));
#7910 = CARTESIAN_POINT('',(3.051561873294,0.185578223251));
#7911 = CARTESIAN_POINT('',(3.051692565374,0.176778169068));
#7912 = CARTESIAN_POINT('',(3.051814291297,0.167941428334));
#7913 = CARTESIAN_POINT('',(3.051927137335,0.159067293255));
#7914 = ( GEOMETRIC_REPRESENTATION_CONTEXT(2) 
PARAMETRIC_REPRESENTATION_CONTEXT() REPRESENTATION_CONTEXT('2D SPACE',''
  ) );
#7915 = ADVANCED_FACE('',(#7916,#7993),#4198,.F.);
#7916 = FACE_BOUND('',#7917,.F.);
#7917 = EDGE_LOOP('',(#7918,#7919,#7920,#7921,#7948,#7949,#7950,#7951,
    #7980,#7981,#7982,#7983,#7984,#7985,#7986,#7987,#7988,#7989,#7990,
    #7991,#7992));
#7918 = ORIENTED_EDGE('',*,*,#3824,.F.);
#7919 = ORIENTED_EDGE('',*,*,#7186,.F.);
#7920 = ORIENTED_EDGE('',*,*,#6492,.F.);
#7921 = ORIENTED_EDGE('',*,*,#7922,.T.);
#7922 = EDGE_CURVE('',#6493,#6600,#7923,.T.);
#7923 = SEAM_CURVE('',#7924,(#7930,#7939),.PCURVE_S1.);
#7924 = ( BOUNDED_CURVE() B_SPLINE_CURVE(2,(#7925,#7926,#7927,#7928,
#7929),.UNSPECIFIED.,.F.,.F.) B_SPLINE_CURVE_WITH_KNOTS((3,2,3),(
    4.712388980385,6.28318530718,7.853981633974),
.PIECEWISE_BEZIER_KNOTS.) CURVE() GEOMETRIC_REPRESENTATION_ITEM() 
RATIONAL_B_SPLINE_CURVE((1.,0.707106781187,1.,0.707106781187,1.)) 
REPRESENTATION_ITEM('') );
#7925 = CARTESIAN_POINT('',(-1.138921523207E-14,3.689409065348E-30,-54.5
    ));
#7926 = CARTESIAN_POINT('',(62.,-2.008420750602E-14,-54.5));
#7927 = CARTESIAN_POINT('',(62.,-2.008420750602E-14,-1.334865011071E-14)
  );
#7928 = CARTESIAN_POINT('',(62.,-2.008420750602E-14,54.5));
#7929 = CARTESIAN_POINT('',(1.898202538678E-14,-6.149015108914E-30,54.5)
  );
#7930 = PCURVE('',#4198,#7931);
#7931 = DEFINITIONAL_REPRESENTATION('',(#7932),#7938);
#7932 = B_SPLINE_CURVE_WITH_KNOTS('',2,(#7933,#7934,#7935,#7936,#7937),
  .UNSPECIFIED.,.F.,.F.,(3,2,3),(4.712388980385,6.28318530718,
    7.853981633974),.PIECEWISE_BEZIER_KNOTS.);
#7933 = CARTESIAN_POINT('',(0.,-1.570796326795));
#7934 = CARTESIAN_POINT('',(0.,-0.785398163397));
#7935 = CARTESIAN_POINT('',(0.,-2.720481184601E-16));
#7936 = CARTESIAN_POINT('',(0.,0.785398163397));
#7937 = CARTESIAN_POINT('',(0.,1.570796326795));
#7938 = ( GEOMETRIC_REPRESENTATION_CONTEXT(2) 
PARAMETRIC_REPRESENTATION_CONTEXT() REPRESENTATION_CONTEXT('2D SPACE',''
  ) );
#7939 = PCURVE('',#4198,#7940);
#7940 = DEFINITIONAL_REPRESENTATION('',(#7941),#7947);
#7941 = B_SPLINE_CURVE_WITH_KNOTS('',2,(#7942,#7943,#7944,#7945,#7946),
  .UNSPECIFIED.,.F.,.F.,(3,2,3),(4.712388980385,6.28318530718,
    7.853981633974),.PIECEWISE_BEZIER_KNOTS.);
#7942 = CARTESIAN_POINT('',(6.28318530718,-1.570796326795));
#7943 = CARTESIAN_POINT('',(6.28318530718,-0.785398163397));
#7944 = CARTESIAN_POINT('',(6.28318530718,-2.720481184601E-16));
#7945 = CARTESIAN_POINT('',(6.28318530718,0.785398163397));
#7946 = CARTESIAN_POINT('',(6.28318530718,1.570796326795));
#7947 = ( GEOMETRIC_REPRESENTATION_CONTEXT(2) 
PARAMETRIC_REPRESENTATION_CONTEXT() REPRESENTATION_CONTEXT('2D SPACE',''
  ) );
#7948 = ORIENTED_EDGE('',*,*,#6628,.T.);
#7949 = ORIENTED_EDGE('',*,*,#6977,.T.);
#7950 = ORIENTED_EDGE('',*,*,#6915,.F.);
#7951 = ORIENTED_EDGE('',*,*,#7952,.T.);
#7952 = EDGE_CURVE('',#6916,#7953,#7955,.T.);
#7953 = VERTEX_POINT('',#7954);
#7954 = CARTESIAN_POINT('',(3.796405077357E-15,-1.229803021783E-30,54.5)
  );
#7955 = SEAM_CURVE('',#7956,(#7962,#7971),.PCURVE_S1.);
#7956 = ( BOUNDED_CURVE() B_SPLINE_CURVE(2,(#7957,#7958,#7959,#7960,
#7961),.UNSPECIFIED.,.F.,.F.) B_SPLINE_CURVE_WITH_KNOTS((3,2,3),(
    4.712388980385,6.28318530718,7.853981633974),
.PIECEWISE_BEZIER_KNOTS.) CURVE() GEOMETRIC_REPRESENTATION_ITEM() 
RATIONAL_B_SPLINE_CURVE((1.,0.707106781187,1.,0.707106781187,1.)) 
REPRESENTATION_ITEM('') );
#7957 = CARTESIAN_POINT('',(-1.138921523207E-14,3.689409065348E-30,-54.5
    ));
#7958 = CARTESIAN_POINT('',(62.,-2.008420750602E-14,-54.5));
#7959 = CARTESIAN_POINT('',(62.,-2.008420750602E-14,-1.334865011071E-14)
  );
#7960 = CARTESIAN_POINT('',(62.,-2.008420750602E-14,54.5));
#7961 = CARTESIAN_POINT('',(1.898202538678E-14,-6.149015108914E-30,54.5)
  );
#7962 = PCURVE('',#4198,#7963);
#7963 = DEFINITIONAL_REPRESENTATION('',(#7964),#7970);
#7964 = B_SPLINE_CURVE_WITH_KNOTS('',2,(#7965,#7966,#7967,#7968,#7969),
  .UNSPECIFIED.,.F.,.F.,(3,2,3),(4.712388980385,6.28318530718,
    7.853981633974),.PIECEWISE_BEZIER_KNOTS.);
#7965 = CARTESIAN_POINT('',(0.,-1.570796326795));
#7966 = CARTESIAN_POINT('',(0.,-0.785398163397));
#7967 = CARTESIAN_POINT('',(0.,-2.720481184601E-16));
#7968 = CARTESIAN_POINT('',(0.,0.785398163397));
#7969 = CARTESIAN_POINT('',(0.,1.570796326795));
#7970 = ( GEOMETRIC_REPRESENTATION_CONTEXT(2) 
PARAMETRIC_REPRESENTATION_CONTEXT() REPRESENTATION_CONTEXT('2D SPACE',''
  ) );
#7971 = PCURVE('',#4198,#7972);
#7972 = DEFINITIONAL_REPRESENTATION('',(#7973),#7979);
#7973 = B_SPLINE_CURVE_WITH_KNOTS('',2,(#7974,#7975,#7976,#7977,#7978),
  .UNSPECIFIED.,.F.,.F.,(3,2,3),(4.712388980385,6.28318530718,
    7.853981633974),.PIECEWISE_BEZIER_KNOTS.);
#7974 = CARTESIAN_POINT('',(6.28318530718,-1.570796326795));
#7975 = CARTESIAN_POINT('',(6.28318530718,-0.785398163397));
#7976 = CARTESIAN_POINT('',(6.28318530718,-2.720481184601E-16));
#7977 = CARTESIAN_POINT('',(6.28318530718,0.785398163397));
#7978 = CARTESIAN_POINT('',(6.28318530718,1.570796326795));
#7979 = ( GEOMETRIC_REPRESENTATION_CONTEXT(2) 
PARAMETRIC_REPRESENTATION_CONTEXT() REPRESENTATION_CONTEXT('2D SPACE',''
  ) );
#7980 = ORIENTED_EDGE('',*,*,#7952,.F.);
#7981 = ORIENTED_EDGE('',*,*,#6944,.F.);
#7982 = ORIENTED_EDGE('',*,*,#6683,.T.);
#7983 = ORIENTED_EDGE('',*,*,#6599,.T.);
#7984 = ORIENTED_EDGE('',*,*,#7922,.F.);
#7985 = ORIENTED_EDGE('',*,*,#6521,.F.);
#7986 = ORIENTED_EDGE('',*,*,#6426,.F.);
#7987 = ORIENTED_EDGE('',*,*,#5841,.F.);
#7988 = ORIENTED_EDGE('',*,*,#5239,.T.);
#7989 = ORIENTED_EDGE('',*,*,#4634,.F.);
#7990 = ORIENTED_EDGE('',*,*,#4593,.F.);
#7991 = ORIENTED_EDGE('',*,*,#4529,.F.);
#7992 = ORIENTED_EDGE('',*,*,#4465,.F.);
#7993 = FACE_BOUND('',#7994,.F.);
#7994 = EDGE_LOOP('',(#7995,#7996,#7997,#7998,#7999,#8000));
#7995 = ORIENTED_EDGE('',*,*,#7248,.F.);
#7996 = ORIENTED_EDGE('',*,*,#7340,.F.);
#7997 = ORIENTED_EDGE('',*,*,#7595,.T.);
#7998 = ORIENTED_EDGE('',*,*,#7754,.F.);
#7999 = ORIENTED_EDGE('',*,*,#7658,.F.);
#8000 = ORIENTED_EDGE('',*,*,#7553,.F.);
#8001 = ( GEOMETRIC_REPRESENTATION_CONTEXT(3) 
GLOBAL_UNCERTAINTY_ASSIGNED_CONTEXT((#8005)) 
GLOBAL_UNIT_ASSIGNED_CONTEXT((#8002,#8003,#8004)) REPRESENTATION_CONTEXT
('Context #1','3D Context with UNIT and UNCERTAINTY') );
#8002 = ( LENGTH_UNIT() NAMED_UNIT(*) SI_UNIT(.MILLI.,.METRE.) );
#8003 = ( NAMED_UNIT(*) PLANE_ANGLE_UNIT() SI_UNIT($,.RADIAN.) );
#8004 = ( NAMED_UNIT(*) SI_UNIT($,.STERADIAN.) SOLID_ANGLE_UNIT() );
#8005 = UNCERTAINTY_MEASURE_WITH_UNIT(LENGTH_MEASURE(2.E-04),#8002,
  'distance_accuracy_value','confusion accuracy');
#8006 = PRODUCT_RELATED_PRODUCT_CATEGORY('part',$,(#7));
ENDSEC;
END-ISO-10303-21;
