ISO-10303-21;
HEADER;
FILE_DESCRIPTION(('Open CASCADE Model'),'2;1');
FILE_NAME('Open CASCADE Shape Model','2026-03-14T18:12:43',('Author'),(
    'Open CASCADE'),'Open CASCADE STEP processor 7.8','Open CASCADE 7.8'
  ,'Unknown');
FILE_SCHEMA(('AUTOMOTIVE_DESIGN { 1 0 10303 214 1 1 1 1 }'));
ENDSEC;
DATA;
#1 = APPLICATION_PROTOCOL_DEFINITION('international standard',
  'automotive_design',2000,#2);
#2 = APPLICATION_CONTEXT(
  'core data for automotive mechanical design processes');
#3 = SHAPE_DEFINITION_REPRESENTATION(#4,#10);
#4 = PRODUCT_DEFINITION_SHAPE('','',#5);
#5 = PRODUCT_DEFINITION('design','',#6,#9);
#6 = PRODUCT_DEFINITION_FORMATION('','',#7);
#7 = PRODUCT('Open CASCADE STEP translator 7.8 3',
  'Open CASCADE STEP translator 7.8 3','',(#8));
#8 = PRODUCT_CONTEXT('',#2,'mechanical');
#9 = PRODUCT_DEFINITION_CONTEXT('part definition',#2,'design');
#10 = ADVANCED_BREP_SHAPE_REPRESENTATION('',(#11,#15),#1434);
#11 = AXIS2_PLACEMENT_3D('',#12,#13,#14);
#12 = CARTESIAN_POINT('',(0.,0.,0.));
#13 = DIRECTION('',(0.,0.,1.));
#14 = DIRECTION('',(1.,0.,-0.));
#15 = MANIFOLD_SOLID_BREP('',#16);
#16 = CLOSED_SHELL('',(#17,#774,#1430));
#17 = ADVANCED_FACE('',(#18),#260,.T.);
#18 = FACE_BOUND('',#19,.T.);
#19 = EDGE_LOOP('',(#20));
#20 = ORIENTED_EDGE('',*,*,#21,.T.);
#21 = EDGE_CURVE('',#22,#22,#24,.T.);
#22 = VERTEX_POINT('',#23);
#23 = CARTESIAN_POINT('',(-23.40700383646,-60.,-35.07276172874));
#24 = SURFACE_CURVE('',#25,(#259,#532),.PCURVE_S1.);
#25 = B_SPLINE_CURVE_WITH_KNOTS('',8,(#26,#27,#28,#29,#30,#31,#32,#33,
    #34,#35,#36,#37,#38,#39,#40,#41,#42,#43,#44,#45,#46,#47,#48,#49,#50,
    #51,#52,#53,#54,#55,#56,#57,#58,#59,#60,#61,#62,#63,#64,#65,#66,#67,
    #68,#69,#70,#71,#72,#73,#74,#75,#76,#77,#78,#79,#80,#81,#82,#83,#84,
    #85,#86,#87,#88,#89,#90,#91,#92,#93,#94,#95,#96,#97,#98,#99,#100,
    #101,#102,#103,#104,#105,#106,#107,#108,#109,#110,#111,#112,#113,
    #114,#115,#116,#117,#118,#119,#120,#121,#122,#123,#124,#125,#126,
    #127,#128,#129,#130,#131,#132,#133,#134,#135,#136,#137,#138,#139,
    #140,#141,#142,#143,#144,#145,#146,#147,#148,#149,#150,#151,#152,
    #153,#154,#155,#156,#157,#158,#159,#160,#161,#162,#163,#164,#165,
    #166,#167,#168,#169,#170,#171,#172,#173,#174,#175,#176,#177,#178,
    #179,#180,#181,#182,#183,#184,#185,#186,#187,#188,#189,#190,#191,
    #192,#193,#194,#195,#196,#197,#198,#199,#200,#201,#202,#203,#204,
    #205,#206,#207,#208,#209,#210,#211,#212,#213,#214,#215,#216,#217,
    #218,#219,#220,#221,#222,#223,#224,#225,#226,#227,#228,#229,#230,
    #231,#232,#233,#234,#235,#236,#237,#238,#239,#240,#241,#242,#243,
    #244,#245,#246,#247,#248,#249,#250,#251,#252,#253,#254,#255,#256,
    #257,#258),.UNSPECIFIED.,.T.,.F.,(9,7,7,7,7,7,7,7,7,7,7,7,7,7,7,7,7,
    7,7,7,7,7,7,7,7,7,7,7,7,7,7,7,7,9),(0.,2.72032894559E-02,
    8.856973678261E-02,0.136852530484,0.157021661045,0.185655750246,
    0.228109460498,0.266529040949,0.28850246842,0.30278846445,
    0.319603547582,0.32746367062,0.331659272152,0.335854402074,
    0.383092216842,0.40540221151,0.444342397046,0.488218959554,
    0.516995093694,0.537559248299,0.586756483255,0.656622413835,
    0.686520009296,0.698184043501,0.729607713686,0.768618969912,
    0.837747666668,0.844860037898,0.899404207759,0.931341032413,
    0.962682585748,0.98003886567,0.989517029452,1.),.UNSPECIFIED.);
#26 = CARTESIAN_POINT('',(-23.40700383646,-60.,-35.07276172874));
#27 = CARTESIAN_POINT('',(-22.57555407802,-60.,-35.50699275305));
#28 = CARTESIAN_POINT('',(-21.73435393779,-60.,-35.9225438297));
#29 = CARTESIAN_POINT('',(-20.88397327473,-60.,-36.31931886689));
#30 = CARTESIAN_POINT('',(-20.02497220591,-60.,-36.69723460975));
#31 = CARTESIAN_POINT('',(-19.15790061465,-60.,-37.05621947584));
#32 = CARTESIAN_POINT('',(-18.28329765871,-60.,-37.39621239079));
#33 = CARTESIAN_POINT('',(-17.4016912785,-60.,-37.71716162379));
#34 = CARTESIAN_POINT('',(-14.51019486046,-60.,-38.69997798039));
#35 = CARTESIAN_POINT('',(-12.47389333705,-60.,-39.28376165695));
#36 = CARTESIAN_POINT('',(-10.41050456032,-60.,-39.76993458778));
#37 = CARTESIAN_POINT('',(-8.325716701139,-60.,-40.15816752044));
#38 = CARTESIAN_POINT('',(-6.225096586861,-60.,-40.44824759305));
#39 = CARTESIAN_POINT('',(-4.114088974013,-60.,-40.64006549007));
#40 = CARTESIAN_POINT('',(-1.998013182537,-60.,-40.73358417569));
#41 = CARTESIAN_POINT('',(1.782765883499,-60.,-40.72501654755));
#42 = CARTESIAN_POINT('',(3.447433038196,-60.,-40.66038335678));
#43 = CARTESIAN_POINT('',(5.109391262598,-60.,-40.53489271521));
#44 = CARTESIAN_POINT('',(6.766046513955,-60.,-40.34856147568));
#45 = CARTESIAN_POINT('',(8.414764984032,-60.,-40.10143253978));
#46 = CARTESIAN_POINT('',(10.052873769399,-60.,-39.79358256748));
#47 = CARTESIAN_POINT('',(11.677661044572,-60.,-39.42512511781));
#48 = CARTESIAN_POINT('',(13.958382765722,-60.,-38.817038546));
#49 = CARTESIAN_POINT('',(14.627579231594,-60.,-38.62731960128));
#50 = CARTESIAN_POINT('',(15.293761955394,-60.,-38.42706429093));
#51 = CARTESIAN_POINT('',(15.956724901795,-60.,-38.21628632528));
#52 = CARTESIAN_POINT('',(16.616259241883,-60.,-37.99500141118));
#53 = CARTESIAN_POINT('',(17.272153414681,-60.,-37.7632274425));
#54 = CARTESIAN_POINT('',(17.924193188684,-60.,-37.52098469059));
#55 = CARTESIAN_POINT('',(19.492081834271,-60.,-36.90955417238));
#56 = CARTESIAN_POINT('',(20.40379327886,-60.,-36.52975922228));
#57 = CARTESIAN_POINT('',(21.306676845529,-60.,-36.12897618531));
#58 = CARTESIAN_POINT('',(22.200097831441,-60.,-35.70728227261));
#59 = CARTESIAN_POINT('',(23.083406887204,-60.,-35.26476859653));
#60 = CARTESIAN_POINT('',(23.955940861548,-60.,-34.80154190145));
#61 = CARTESIAN_POINT('',(24.817023645991,-60.,-34.31772629467));
#62 = CARTESIAN_POINT('',(26.924634468202,-60.,-33.06583289055));
#63 = CARTESIAN_POINT('',(28.156610636878,-60.,-32.27326133197));
#64 = CARTESIAN_POINT('',(29.359652022805,-60.,-31.4362178402));
#65 = CARTESIAN_POINT('',(30.531431389377,-60.,-30.55527870521));
#66 = CARTESIAN_POINT('',(31.669550690223,-60.,-29.63114566927));
#67 = CARTESIAN_POINT('',(32.771555845982,-60.,-28.66466469141));
#68 = CARTESIAN_POINT('',(33.834953373749,-60.,-27.65684677565));
#69 = CARTESIAN_POINT('',(35.782363454781,-60.,-25.66051612078));
#70 = CARTESIAN_POINT('',(36.673821284775,-60.,-24.67926793034));
#71 = CARTESIAN_POINT('',(37.529718172443,-60.,-23.66605558649));
#72 = CARTESIAN_POINT('',(38.348162250131,-60.,-22.62191923237));
#73 = CARTESIAN_POINT('',(39.127267884153,-60.,-21.54804039068));
#74 = CARTESIAN_POINT('',(39.865173823725,-60.,-20.44575544775));
#75 = CARTESIAN_POINT('',(40.560065583969,-60.,-19.31657209021));
#76 = CARTESIAN_POINT('',(41.582036596268,-60.,-17.50195868822));
#77 = CARTESIAN_POINT('',(41.939232636276,-60.,-16.83348321661));
#78 = CARTESIAN_POINT('',(42.281464171225,-60.,-16.1570806913));
#79 = CARTESIAN_POINT('',(42.608415009003,-60.,-15.47308623486));
#80 = CARTESIAN_POINT('',(42.919780371304,-60.,-14.78185239784));
#81 = CARTESIAN_POINT('',(43.215268487779,-60.,-14.08374987622));
#82 = CARTESIAN_POINT('',(43.4946021902,-60.,-13.37916822879));
#83 = CARTESIAN_POINT('',(43.928456516911,-60.,-12.20648733503));
#84 = CARTESIAN_POINT('',(44.09245422008,-60.,-11.74189140409));
#85 = CARTESIAN_POINT('',(44.249442007493,-60.,-11.27484101701));
#86 = CARTESIAN_POINT('',(44.39935149625,-60.,-10.80545104571));
#87 = CARTESIAN_POINT('',(44.542117698352,-60.,-10.3338390701));
#88 = CARTESIAN_POINT('',(44.67767918988,-60.,-9.860125429417));
#89 = CARTESIAN_POINT('',(44.805978280177,-60.,-9.384433273439));
#90 = CARTESIAN_POINT('',(45.069362000056,-60.,-8.344802978831));
#91 = CARTESIAN_POINT('',(45.20162725384,-60.,-7.78014955591));
#92 = CARTESIAN_POINT('',(45.323669092754,-60.,-7.213134364932));
#93 = CARTESIAN_POINT('',(45.435407683887,-60.,-6.643966965323));
#94 = CARTESIAN_POINT('',(45.536771483701,-60.,-6.072860502793));
#95 = CARTESIAN_POINT('',(45.627697510694,-60.,-5.500031756024));
#96 = CARTESIAN_POINT('',(45.708131618064,-60.,-4.92570118336));
#97 = CARTESIAN_POINT('',(45.810701824317,-60.,-4.081027907692));
#98 = CARTESIAN_POINT('',(45.841072539994,-60.,-3.81168346661));
#99 = CARTESIAN_POINT('',(45.869136318428,-60.,-3.542082444786));
#100 = CARTESIAN_POINT('',(45.894889015452,-60.,-3.272247730969));
#101 = CARTESIAN_POINT('',(45.9183269377,-60.,-3.002202304131));
#102 = CARTESIAN_POINT('',(45.939446842606,-60.,-2.731969233464));
#103 = CARTESIAN_POINT('',(45.958245938406,-60.,-2.461571678384));
#104 = CARTESIAN_POINT('',(45.983516466974,-60.,-2.046623830838));
#105 = CARTESIAN_POINT('',(45.991637709433,-60.,-1.902362037611));
#106 = CARTESIAN_POINT('',(45.999088379995,-60.,-1.758249327667));
#107 = CARTESIAN_POINT('',(46.005871233387,-60.,-1.614287501566));
#108 = CARTESIAN_POINT('',(46.011989010583,-60.,-1.470478341607));
#109 = CARTESIAN_POINT('',(46.017444438802,-60.,-1.326823611823));
#110 = CARTESIAN_POINT('',(46.022240231512,-60.,-1.183325057988));
#111 = CARTESIAN_POINT('',(46.030517480107,-60.,-0.896659869575));
#112 = CARTESIAN_POINT('',(46.03399935606,-60.,-0.753459912955));
#113 = CARTESIAN_POINT('',(46.036827261384,-60.,-0.61042084644));
#114 = CARTESIAN_POINT('',(46.039003734014,-60.,-0.46756170666));
#115 = CARTESIAN_POINT('',(46.040531304722,-60.,-0.324884258187));
#116 = CARTESIAN_POINT('',(46.041412497117,-60.,-0.18237299353));
#117 = CARTESIAN_POINT('',(46.041649827645,-60.,-3.999513314334E-02));
#118 = CARTESIAN_POINT('',(46.036696454469,-60.,1.704557641727));
#119 = CARTESIAN_POINT('',(45.950713463943,-60.,3.306721473424));
#120 = CARTESIAN_POINT('',(45.783297179004,-60.,4.903755332183));
#121 = CARTESIAN_POINT('',(45.53506981614,-60.,6.490838667826));
#122 = CARTESIAN_POINT('',(45.207189053468,-60.,8.063353188497));
#123 = CARTESIAN_POINT('',(44.801292656171,-60.,9.616875074578));
#124 = CARTESIAN_POINT('',(44.319474137266,-60.,11.1471721355));
#125 = CARTESIAN_POINT('',(43.502080725535,-60.,13.36007523018));
#126 = CARTESIAN_POINT('',(43.223494029814,-60.,14.063898092305));
#127 = CARTESIAN_POINT('',(42.92878904909,-60.,14.7612666689));
#128 = CARTESIAN_POINT('',(42.618241607286,-60.,15.451792602577));
#129 = CARTESIAN_POINT('',(42.292142085679,-60.,16.135106293782));
#130 = CARTESIAN_POINT('',(41.950793838916,-60.,16.810856189083));
#131 = CARTESIAN_POINT('',(41.59451161103,-60.,17.478708069462));
#132 = CARTESIAN_POINT('',(40.576260314972,-60.,19.289682969071));
#133 = CARTESIAN_POINT('',(39.884389512264,-60.,20.416000170828));
#134 = CARTESIAN_POINT('',(39.149731828758,-60.,21.515610664507));
#135 = CARTESIAN_POINT('',(38.374084384686,-60.,22.587017646772));
#136 = CARTESIAN_POINT('',(37.559290868475,-60.,23.628893694706));
#137 = CARTESIAN_POINT('',(36.707219444133,-60.,24.640064575919));
#138 = CARTESIAN_POINT('',(35.819744832632,-60.,25.619495964339));
#139 = CARTESIAN_POINT('',(33.860969494452,-60.,27.633092648983));
#140 = CARTESIAN_POINT('',(32.78062636754,-60.,28.658457476212));
#141 = CARTESIAN_POINT('',(31.660347204696,-60.,29.641113259283));
#142 = CARTESIAN_POINT('',(30.502752138635,-60.,30.579996712424));
#143 = CARTESIAN_POINT('',(29.310419386722,-60.,31.474220723954));
#144 = CARTESIAN_POINT('',(28.085867255273,-60.,32.323051791266));
#145 = CARTESIAN_POINT('',(26.831538178063,-60.,33.125889715057));
#146 = CARTESIAN_POINT('',(24.709155866743,-60.,34.378302819129));
#147 = CARTESIAN_POINT('',(23.85673378392,-60.,34.854362732197));
#148 = CARTESIAN_POINT('',(22.993182205725,-60.,35.310292630021));
#149 = CARTESIAN_POINT('',(22.119153210732,-60.,35.745973927782));
#150 = CARTESIAN_POINT('',(21.235286501352,-60.,36.161304491742));
#151 = CARTESIAN_POINT('',(20.342208614229,-60.,36.556197013167));
#152 = CARTESIAN_POINT('',(19.440532130641,-60.,36.930577382264));
#153 = CARTESIAN_POINT('',(17.880776478518,-60.,37.537221565881));
#154 = CARTESIAN_POINT('',(17.226613597047,-60.,37.779552235812));
#155 = CARTESIAN_POINT('',(16.568584850496,-60.,38.011352145918));
#156 = CARTESIAN_POINT('',(15.906906214068,-60.,38.232600957292));
#157 = CARTESIAN_POINT('',(15.241790968222,-60.,38.443280725612));
#158 = CARTESIAN_POINT('',(14.573449636746,-60.,38.64337570865));
#159 = CARTESIAN_POINT('',(13.902089924823,-60.,38.83287217379));
#160 = CARTESIAN_POINT('',(11.615039235701,-60.,39.439721246241));
#161 = CARTESIAN_POINT('',(9.986092350391,-60.,39.806946744715));
#162 = CARTESIAN_POINT('',(8.343844408159,-60.,40.113285734916));
#163 = CARTESIAN_POINT('',(6.691024380233,-60.,40.358624892264));
#164 = CARTESIAN_POINT('',(5.030322146379,-60.,40.542887987507));
#165 = CARTESIAN_POINT('',(3.364388326111,-60.,40.666032703052));
#166 = CARTESIAN_POINT('',(1.695833596795,-60.,40.72804281176));
#167 = CARTESIAN_POINT('',(-2.342391808703,-60.,40.730155349272));
#168 = CARTESIAN_POINT('',(-4.711906654879,-60.,40.608097222306));
#169 = CARTESIAN_POINT('',(-7.07407671308,-60.,40.36277087841));
#170 = CARTESIAN_POINT('',(-9.421426591277,-60.,39.994227872433));
#171 = CARTESIAN_POINT('',(-11.74625935474,-60.,39.502643060285));
#172 = CARTESIAN_POINT('',(-14.04066450694,-60.,38.888373793887));
#173 = CARTESIAN_POINT('',(-16.29652017537,-60.,38.151984060263));
#174 = CARTESIAN_POINT('',(-19.45076920432,-60.,36.927188066093));
#175 = CARTESIAN_POINT('',(-20.38742659873,-60.,36.537927131782));
#176 = CARTESIAN_POINT('',(-21.31479184116,-60.,36.126527545962));
#177 = CARTESIAN_POINT('',(-22.23217801239,-60.,35.693072495488));
#178 = CARTESIAN_POINT('',(-23.13888183067,-60.,35.237660593267));
#179 = CARTESIAN_POINT('',(-24.03418461754,-60.,34.760407865037));
#180 = CARTESIAN_POINT('',(-24.91735326349,-60.,34.261449736145));
#181 = CARTESIAN_POINT('',(-26.12716910667,-60.,33.537876247676));
#182 = CARTESIAN_POINT('',(-26.4647364019,-60.,33.331529767368));
#183 = CARTESIAN_POINT('',(-26.80029708789,-60.,33.121913948984));
#184 = CARTESIAN_POINT('',(-27.13380943005,-60.,32.909036807362));
#185 = CARTESIAN_POINT('',(-27.46522728537,-60.,32.692909398465));
#186 = CARTESIAN_POINT('',(-27.79450336045,-60.,32.473543884065));
#187 = CARTESIAN_POINT('',(-28.12159337656,-60.,32.25095101381));
#188 = CARTESIAN_POINT('',(-29.32163543134,-60.,31.416804322069));
#189 = CARTESIAN_POINT('',(-30.18061252356,-60.,30.785134421175));
#190 = CARTESIAN_POINT('',(-31.0224758313,-60.,30.130377701508));
#191 = CARTESIAN_POINT('',(-31.84629860139,-60.,29.452814304501));
#192 = CARTESIAN_POINT('',(-32.65113666248,-60.,28.752765255383));
#193 = CARTESIAN_POINT('',(-33.43603218891,-60.,28.030596834478));
#194 = CARTESIAN_POINT('',(-34.20001746462,-60.,27.2867249485));
#195 = CARTESIAN_POINT('',(-35.86340821004,-60.,25.571771045486));
#196 = CARTESIAN_POINT('',(-36.75097802916,-60.,24.589188498138));
#197 = CARTESIAN_POINT('',(-37.60294887398,-60.,23.574785808416));
#198 = CARTESIAN_POINT('',(-38.41743493731,-60.,22.529607687639));
#199 = CARTESIAN_POINT('',(-39.19255769805,-60.,21.45484004209));
#200 = CARTESIAN_POINT('',(-39.92646403371,-60.,20.351823352093));
#201 = CARTESIAN_POINT('',(-40.61734858254,-60.,19.222068997934));
#202 = CARTESIAN_POINT('',(-42.40843829103,-60.,16.020967605585));
#203 = CARTESIAN_POINT('',(-43.41336468466,-60.,13.895157484341));
#204 = CARTESIAN_POINT('',(-44.26784222828,-60.,11.700235635228));
#205 = CARTESIAN_POINT('',(-44.96311465369,-60.,9.447711504343));
#206 = CARTESIAN_POINT('',(-45.49211872665,-60.,7.150198594503));
#207 = CARTESIAN_POINT('',(-45.84961671423,-60.,4.821435577964));
#208 = CARTESIAN_POINT('',(-46.03260213359,-60.,2.476373390731));
#209 = CARTESIAN_POINT('',(-46.04203120888,-60.,-0.10991415057));
#210 = CARTESIAN_POINT('',(-46.0410357886,-60.,-0.343350978547));
#211 = CARTESIAN_POINT('',(-46.0384070935,-60.,-0.577687269307));
#212 = CARTESIAN_POINT('',(-46.0339892938,-60.,-0.817962236121));
#213 = CARTESIAN_POINT('',(-46.02752937693,-60.,-1.065536224168));
#214 = CARTESIAN_POINT('',(-46.018801845,-60.,-1.31808869745));
#215 = CARTESIAN_POINT('',(-46.00799499073,-60.,-1.569633686571));
#216 = CARTESIAN_POINT('',(-45.90295509805,-60.,-3.657864993875));
#217 = CARTESIAN_POINT('',(-45.70172229496,-60.,-5.499988941286));
#218 = CARTESIAN_POINT('',(-45.39276790268,-60.,-7.329120052579));
#219 = CARTESIAN_POINT('',(-44.97777890703,-60.,-9.138011522544));
#220 = CARTESIAN_POINT('',(-44.45931201581,-60.,-10.91989150409));
#221 = CARTESIAN_POINT('',(-43.84066745106,-60.,-12.66843512505));
#222 = CARTESIAN_POINT('',(-43.12583120368,-60.,-14.37775307529));
#223 = CARTESIAN_POINT('',(-41.84729796542,-60.,-17.01707246574));
#224 = CARTESIAN_POINT('',(-41.34371269363,-60.,-17.97653437757));
#225 = CARTESIAN_POINT('',(-40.80958725656,-60.,-18.91973874363));
#226 = CARTESIAN_POINT('',(-40.24585994761,-60.,-19.84573530639));
#227 = CARTESIAN_POINT('',(-39.65350455685,-60.,-20.75365408321));
#228 = CARTESIAN_POINT('',(-39.03352098743,-60.,-21.64269957319));
#229 = CARTESIAN_POINT('',(-38.38692753519,-60.,-22.51214595836));
#230 = CARTESIAN_POINT('',(-37.05511077283,-60.,-24.19469261534));
#231 = CARTESIAN_POINT('',(-36.37082788509,-60.,-25.00854603155));
#232 = CARTESIAN_POINT('',(-35.66287402267,-60.,-25.80227753763));
#233 = CARTESIAN_POINT('',(-34.93222172171,-60.,-26.5753355015));
#234 = CARTESIAN_POINT('',(-34.17984312764,-60.,-27.32722784759));
#235 = CARTESIAN_POINT('',(-33.40670492261,-60.,-28.05751723505));
#236 = CARTESIAN_POINT('',(-32.61376325299,-60.,-28.76581623586));
#237 = CARTESIAN_POINT('',(-31.35239868555,-60.,-29.83165592247));
#238 = CARTESIAN_POINT('',(-30.89705380254,-60.,-30.20468078302));
#239 = CARTESIAN_POINT('',(-30.43608359173,-60.,-30.57079919102));
#240 = CARTESIAN_POINT('',(-29.96964638981,-60.,-30.92995735814));
#241 = CARTESIAN_POINT('',(-29.49789912683,-60.,-31.28210540236));
#242 = CARTESIAN_POINT('',(-29.02099716697,-60.,-31.627197139));
#243 = CARTESIAN_POINT('',(-28.53909414921,-60.,-31.96518987174));
#244 = CARTESIAN_POINT('',(-27.78652920909,-60.,-32.47672180413));
#245 = CARTESIAN_POINT('',(-27.51927037549,-60.,-32.65527063333));
#246 = CARTESIAN_POINT('',(-27.25059020624,-60.,-32.83168418247));
#247 = CARTESIAN_POINT('',(-26.98051332762,-60.,-33.00595627957));
#248 = CARTESIAN_POINT('',(-26.70906411322,-60.,-33.17808106951));
#249 = CARTESIAN_POINT('',(-26.43626668397,-60.,-33.34805301399));
#250 = CARTESIAN_POINT('',(-26.1621449081,-60.,-33.51586689158));
#251 = CARTESIAN_POINT('',(-25.58210158056,-60.,-33.86472982155));
#252 = CARTESIAN_POINT('',(-25.27588987918,-60.,-34.04529576643));
#253 = CARTESIAN_POINT('',(-24.96811956794,-60.,-34.22320878581));
#254 = CARTESIAN_POINT('',(-24.65882271049,-60.,-34.39846233828));
#255 = CARTESIAN_POINT('',(-24.34803116319,-60.,-34.57105018752));
#256 = CARTESIAN_POINT('',(-24.03577657511,-60.,-34.74096640228));
#257 = CARTESIAN_POINT('',(-23.72209038803,-60.,-34.90820535639));
#258 = CARTESIAN_POINT('',(-23.40700383646,-60.,-35.07276172874));
#259 = PCURVE('',#260,#296);
#260 = ( BOUNDED_SURFACE() B_SPLINE_SURFACE(2,2,(
    (#261,#262,#263,#264,#265)
    ,(#266,#267,#268,#269,#270)
    ,(#271,#272,#273,#274,#275)
    ,(#276,#277,#278,#279,#280)
    ,(#281,#282,#283,#284,#285)
    ,(#286,#287,#288,#289,#290)
    ,(#291,#292,#293,#294,#295
)),.UNSPECIFIED.,.T.,.F.,.F.) B_SPLINE_SURFACE_WITH_KNOTS((1,2,2,2,2,1),
  (3,2,3),(-2.094395102393,0.,2.094395102393,4.188790204786,
    6.28318530718,8.377580409573),(-1.570796326795,0.,1.570796326795),
.UNSPECIFIED.) GEOMETRIC_REPRESENTATION_ITEM() RATIONAL_B_SPLINE_SURFACE
((
    (1.,0.707106781187,1.,0.707106781187,1.)
    ,(0.5,0.353553390593,0.5,0.353553390593,0.5)
    ,(1.,0.707106781187,1.,0.707106781187,1.)
    ,(0.5,0.353553390593,0.5,0.353553390593,0.5)
    ,(1.,0.707106781187,1.,0.707106781187,1.)
    ,(0.5,0.353553390593,0.5,0.353553390593,0.5)
,(1.,0.707106781187,1.,0.707106781187,1.
))) REPRESENTATION_ITEM('') SURFACE() );
#261 = CARTESIAN_POINT('',(3.980102097229E-15,0.,-57.5));
#262 = CARTESIAN_POINT('',(65.,0.,-57.5));
#263 = CARTESIAN_POINT('',(65.,0.,0.));
#264 = CARTESIAN_POINT('',(65.,0.,57.5));
#265 = CARTESIAN_POINT('',(3.980102097229E-15,0.,57.5));
#266 = CARTESIAN_POINT('',(3.980102097229E-15,9.014889529162E-15,-57.5)
  );
#267 = CARTESIAN_POINT('',(65.,147.22431864335,-57.5));
#268 = CARTESIAN_POINT('',(65.,147.22431864335,0.));
#269 = CARTESIAN_POINT('',(65.,147.22431864335,57.5));
#270 = CARTESIAN_POINT('',(3.980102097229E-15,9.014889529162E-15,57.5));
#271 = CARTESIAN_POINT('',(-1.990051048614E-15,4.507444764581E-15,-57.5)
  );
#272 = CARTESIAN_POINT('',(-32.5,73.612159321677,-57.5));
#273 = CARTESIAN_POINT('',(-32.5,73.612159321677,0.));
#274 = CARTESIAN_POINT('',(-32.5,73.612159321677,57.5));
#275 = CARTESIAN_POINT('',(-1.990051048614E-15,4.507444764581E-15,57.5)
  );
#276 = CARTESIAN_POINT('',(-7.960204194458E-15,1.274795815263E-30,-57.5)
  );
#277 = CARTESIAN_POINT('',(-130.,2.081899558551E-14,-57.5));
#278 = CARTESIAN_POINT('',(-130.,2.081899558551E-14,0.));
#279 = CARTESIAN_POINT('',(-130.,2.081899558551E-14,57.5));
#280 = CARTESIAN_POINT('',(-7.960204194458E-15,1.274795815263E-30,57.5)
  );
#281 = CARTESIAN_POINT('',(-1.990051048614E-15,-4.507444764581E-15,-57.5
    ));
#282 = CARTESIAN_POINT('',(-32.5,-73.61215932167,-57.5));
#283 = CARTESIAN_POINT('',(-32.5,-73.61215932167,0.));
#284 = CARTESIAN_POINT('',(-32.5,-73.61215932167,57.5));
#285 = CARTESIAN_POINT('',(-1.990051048614E-15,-4.507444764581E-15,57.5)
  );
#286 = CARTESIAN_POINT('',(3.980102097229E-15,-9.014889529162E-15,-57.5)
  );
#287 = CARTESIAN_POINT('',(65.,-147.2243186433,-57.5));
#288 = CARTESIAN_POINT('',(65.,-147.2243186433,0.));
#289 = CARTESIAN_POINT('',(65.,-147.2243186433,57.5));
#290 = CARTESIAN_POINT('',(3.980102097229E-15,-9.014889529162E-15,57.5)
  );
#291 = CARTESIAN_POINT('',(3.980102097229E-15,0.,-57.5));
#292 = CARTESIAN_POINT('',(65.,0.,-57.5));
#293 = CARTESIAN_POINT('',(65.,0.,0.));
#294 = CARTESIAN_POINT('',(65.,0.,57.5));
#295 = CARTESIAN_POINT('',(3.980102097229E-15,0.,57.5));
#296 = DEFINITIONAL_REPRESENTATION('',(#297),#531);
#297 = B_SPLINE_CURVE_WITH_KNOTS('',8,(#298,#299,#300,#301,#302,#303,
    #304,#305,#306,#307,#308,#309,#310,#311,#312,#313,#314,#315,#316,
    #317,#318,#319,#320,#321,#322,#323,#324,#325,#326,#327,#328,#329,
    #330,#331,#332,#333,#334,#335,#336,#337,#338,#339,#340,#341,#342,
    #343,#344,#345,#346,#347,#348,#349,#350,#351,#352,#353,#354,#355,
    #356,#357,#358,#359,#360,#361,#362,#363,#364,#365,#366,#367,#368,
    #369,#370,#371,#372,#373,#374,#375,#376,#377,#378,#379,#380,#381,
    #382,#383,#384,#385,#386,#387,#388,#389,#390,#391,#392,#393,#394,
    #395,#396,#397,#398,#399,#400,#401,#402,#403,#404,#405,#406,#407,
    #408,#409,#410,#411,#412,#413,#414,#415,#416,#417,#418,#419,#420,
    #421,#422,#423,#424,#425,#426,#427,#428,#429,#430,#431,#432,#433,
    #434,#435,#436,#437,#438,#439,#440,#441,#442,#443,#444,#445,#446,
    #447,#448,#449,#450,#451,#452,#453,#454,#455,#456,#457,#458,#459,
    #460,#461,#462,#463,#464,#465,#466,#467,#468,#469,#470,#471,#472,
    #473,#474,#475,#476,#477,#478,#479,#480,#481,#482,#483,#484,#485,
    #486,#487,#488,#489,#490,#491,#492,#493,#494,#495,#496,#497,#498,
    #499,#500,#501,#502,#503,#504,#505,#506,#507,#508,#509,#510,#511,
    #512,#513,#514,#515,#516,#517,#518,#519,#520,#521,#522,#523,#524,
    #525,#526,#527,#528,#529,#530),.UNSPECIFIED.,.T.,.F.,(9,7,7,7,7,7,7,
    7,7,7,7,7,7,7,7,7,7,7,7,7,7,7,7,7,7,7,7,7,7,7,7,7,7,9),(0.,
    2.72032894559E-02,8.856973678261E-02,0.136852530484,0.157021661045,
    0.185655750246,0.228109460498,0.266529040949,0.28850246842,
    0.30278846445,0.319603547582,0.32746367062,0.331659272152,
    0.335854402074,0.383092216842,0.40540221151,0.444342397046,
    0.488218959554,0.516995093694,0.537559248299,0.586756483255,
    0.656622413835,0.686520009296,0.698184043501,0.729607713686,
    0.768618969912,0.837747666668,0.844860037898,0.899404207759,
    0.931341032413,0.962682585748,0.98003886567,0.989517029452,1.),
  .UNSPECIFIED.);
#298 = CARTESIAN_POINT('',(4.250590428248,-0.662560467675));
#299 = CARTESIAN_POINT('',(4.26747971498,-0.671633360959));
#300 = CARTESIAN_POINT('',(4.284699445394,-0.680385607498));
#301 = CARTESIAN_POINT('',(4.302237354364,-0.688808664127));
#302 = CARTESIAN_POINT('',(4.320079592052,-0.696893637555));
#303 = CARTESIAN_POINT('',(4.338210697031,-0.70463140313));
#304 = CARTESIAN_POINT('',(4.356613569407,-0.712012723601));
#305 = CARTESIAN_POINT('',(4.375269443943,-0.71902836788));
#306 = CARTESIAN_POINT('',(4.436767239026,-0.740649995417));
#307 = CARTESIAN_POINT('',(4.480557405177,-0.753722530013));
#308 = CARTESIAN_POINT('',(4.525297472345,-0.764784659713));
#309 = CARTESIAN_POINT('',(4.570708821497,-0.773733696024));
#310 = CARTESIAN_POINT('',(4.616472529158,-0.780481093951));
#311 = CARTESIAN_POINT('',(4.662245345927,-0.784963085339));
#312 = CARTESIAN_POINT('',(4.707684228209,-0.787147287472));
#313 = CARTESIAN_POINT('',(4.78772404382,-0.786947165442));
#314 = CARTESIAN_POINT('',(4.82256823222,-0.785437509548));
#315 = CARTESIAN_POINT('',(4.856859943008,-0.782506778031));
#316 = CARTESIAN_POINT('',(4.890455920204,-0.778168110471));
#317 = CARTESIAN_POINT('',(4.923229794644,-0.772446895276));
#318 = CARTESIAN_POINT('',(4.955076873587,-0.765379070578));
#319 = CARTESIAN_POINT('',(4.985915622505,-0.757008157977));
#320 = CARTESIAN_POINT('',(5.028121726412,-0.743359496724));
#321 = CARTESIAN_POINT('',(5.040371049226,-0.739118799064));
#322 = CARTESIAN_POINT('',(5.052429367444,-0.734662389519));
#323 = CARTESIAN_POINT('',(5.064292877514,-0.729993850511));
#324 = CARTESIAN_POINT('',(5.075958380651,-0.725116857677));
#325 = CARTESIAN_POINT('',(5.087423251099,-0.720035144051));
#326 = CARTESIAN_POINT('',(5.098685404402,-0.714752464235));
#327 = CARTESIAN_POINT('',(5.125442097366,-0.701492743454));
#328 = CARTESIAN_POINT('',(5.140729117712,-0.693315429089));
#329 = CARTESIAN_POINT('',(5.155599821069,-0.684751341103));
#330 = CARTESIAN_POINT('',(5.170051661507,-0.675811157768));
#331 = CARTESIAN_POINT('',(5.184083801757,-0.666505390279));
#332 = CARTESIAN_POINT('',(5.197696862173,-0.656844263029));
#333 = CARTESIAN_POINT('',(5.210892669686,-0.646837593867));
#334 = CARTESIAN_POINT('',(5.242623978478,-0.621159969493));
#335 = CARTESIAN_POINT('',(5.260662768225,-0.605086219627));
#336 = CARTESIAN_POINT('',(5.277799444593,-0.588303809355));
#337 = CARTESIAN_POINT('',(5.29404734977,-0.570841089087));
#338 = CARTESIAN_POINT('',(5.309422539521,-0.552723978816));
#339 = CARTESIAN_POINT('',(5.323942491378,-0.53397583226));
#340 = CARTESIAN_POINT('',(5.337625081046,-0.5146175614));
#341 = CARTESIAN_POINT('',(5.362128300862,-0.476614170452));
#342 = CARTESIAN_POINT('',(5.373097354709,-0.458076057265));
#343 = CARTESIAN_POINT('',(5.383407716779,-0.439068042029));
#344 = CARTESIAN_POINT('',(5.393071968968,-0.419603164995));
#345 = CARTESIAN_POINT('',(5.402102121842,-0.399693283153));
#346 = CARTESIAN_POINT('',(5.41050930525,-0.37934936017));
#347 = CARTESIAN_POINT('',(5.418303574541,-0.358581909584));
#348 = CARTESIAN_POINT('',(5.42960617844,-0.325287867397));
#349 = CARTESIAN_POINT('',(5.433520961382,-0.313039047477));
#350 = CARTESIAN_POINT('',(5.437239843694,-0.30065714251));
#351 = CARTESIAN_POINT('',(5.440764382747,-0.288144106098));
#352 = CARTESIAN_POINT('',(5.444096025317,-0.275501871378));
#353 = CARTESIAN_POINT('',(5.447236102079,-0.262732387968));
#354 = CARTESIAN_POINT('',(5.450185822105,-0.24983765891));
#355 = CARTESIAN_POINT('',(5.454740967349,-0.22835621858));
#356 = CARTESIAN_POINT('',(5.456455666139,-0.219840587314));
#357 = CARTESIAN_POINT('',(5.458090662681,-0.211273456392));
#358 = CARTESIAN_POINT('',(5.459646236855,-0.202655399798));
#359 = CARTESIAN_POINT('',(5.461122649164,-0.193986998154));
#360 = CARTESIAN_POINT('',(5.462520140405,-0.185268843941));
#361 = CARTESIAN_POINT('',(5.46383893136,-0.176501546731));
#362 = CARTESIAN_POINT('',(5.466539085541,-0.157309244572));
#363 = CARTESIAN_POINT('',(5.467890197726,-0.1468655187));
#364 = CARTESIAN_POINT('',(5.469132885114,-0.136355602294));
#365 = CARTESIAN_POINT('',(5.470267439821,-0.125780543415));
#366 = CARTESIAN_POINT('',(5.471294119613,-0.11514140987));
#367 = CARTESIAN_POINT('',(5.472213147535,-0.104439302405));
#368 = CARTESIAN_POINT('',(5.473024711536,-9.367536788819E-02));
#369 = CARTESIAN_POINT('',(5.474058163286,-7.779093045004E-02));
#370 = CARTESIAN_POINT('',(5.474363914749,-7.271779890266E-02));
#371 = CARTESIAN_POINT('',(5.474646234236,-6.763153863909E-02));
#372 = CARTESIAN_POINT('',(5.474905135928,-6.253227228911E-02));
#373 = CARTESIAN_POINT('',(5.47514063243,-5.742012432563E-02));
#374 = CARTESIAN_POINT('',(5.475352734774,-5.229522106475E-02));
#375 = CARTESIAN_POINT('',(5.475541452415,-4.715769066572E-02));
#376 = CARTESIAN_POINT('',(5.475795049387,-3.925866501593E-02));
#377 = CARTESIAN_POINT('',(5.475876530328,-3.650967564385E-02));
#378 = CARTESIAN_POINT('',(5.475951268663,-3.376069489242E-02));
#379 = CARTESIAN_POINT('',(5.476019296326,-3.101172264252E-02));
#380 = CARTESIAN_POINT('',(5.476080644583,-2.826275877828E-02));
#381 = CARTESIAN_POINT('',(5.476135344034,-2.551380318705E-02));
#382 = CARTESIAN_POINT('',(5.476183424607,-2.276485575939E-02));
#383 = CARTESIAN_POINT('',(5.476266401859,-1.726728601587E-02));
#384 = CARTESIAN_POINT('',(5.47630130277,-1.451908114999E-02));
#385 = CARTESIAN_POINT('',(5.476329646011,-1.177043512424E-02));
#386 = CARTESIAN_POINT('',(5.476351458735,-9.020972229591E-03));
#387 = CARTESIAN_POINT('',(5.476366767538,-6.270807715199E-03));
#388 = CARTESIAN_POINT('',(5.476375598453,-3.520547788408E-03));
#389 = CARTESIAN_POINT('',(5.476377976957,-7.71289614743E-04));
#390 = CARTESIAN_POINT('',(5.476328335711,3.290329049031E-02));
#391 = CARTESIAN_POINT('',(5.475466635054,6.342417472912E-02));
#392 = CARTESIAN_POINT('',(5.473788526923,9.350514111468E-02));
#393 = CARTESIAN_POINT('',(5.471292363696,0.123120075388));
#394 = CARTESIAN_POINT('',(5.467974310567,0.152246665169));
#395 = CARTESIAN_POINT('',(5.463828124291,0.180864016521));
#396 = CARTESIAN_POINT('',(5.45884554932,0.208950861224));
#397 = CARTESIAN_POINT('',(5.450264716433,0.249488175888));
#398 = CARTESIAN_POINT('',(5.447323337021,0.262369202626));
#399 = CARTESIAN_POINT('',(5.444192117121,0.275125348852));
#400 = CARTESIAN_POINT('',(5.440869854369,0.287754618592));
#401 = CARTESIAN_POINT('',(5.437355225447,0.300255069273));
#402 = CARTESIAN_POINT('',(5.433646791543,0.312624774979));
#403 = CARTESIAN_POINT('',(5.429743003793,0.324861789704));
#404 = CARTESIAN_POINT('',(5.41848462207,0.358087675556));
#405 = CARTESIAN_POINT('',(5.410726816889,0.378801034402));
#406 = CARTESIAN_POINT('',(5.402359985166,0.399093624465));
#407 = CARTESIAN_POINT('',(5.393374179599,0.41895503194));
#408 = CARTESIAN_POINT('',(5.383758390005,0.438374403431));
#409 = CARTESIAN_POINT('',(5.373500733163,0.457340008245));
#410 = CARTESIAN_POINT('',(5.362588756122,0.475838951436));
#411 = CARTESIAN_POINT('',(5.337963113168,0.514159244013));
#412 = CARTESIAN_POINT('',(5.324069628946,0.533850965452));
#413 = CARTESIAN_POINT('',(5.309311000882,0.552912453972));
#414 = CARTESIAN_POINT('',(5.293668431675,0.571321769397));
#415 = CARTESIAN_POINT('',(5.2771235432,0.589054357353));
#416 = CARTESIAN_POINT('',(5.259659489633,0.60608291503));
#417 = CARTESIAN_POINT('',(5.241262366629,0.622377544714));
#418 = CARTESIAN_POINT('',(5.20923927459,0.648090550908));
#419 = CARTESIAN_POINT('',(5.196150352441,0.657945394799));
#420 = CARTESIAN_POINT('',(5.182653540223,0.667461712833));
#421 = CARTESIAN_POINT('',(5.168747157279,0.676629993343));
#422 = CARTESIAN_POINT('',(5.154430689305,0.68544034111));
#423 = CARTESIAN_POINT('',(5.139705025476,0.693882591579));
#424 = CARTESIAN_POINT('',(5.124572695573,0.701946425072));
#425 = CARTESIAN_POINT('',(5.097936696558,0.715106270448));
#426 = CARTESIAN_POINT('',(5.086629882336,0.720392506244));
#427 = CARTESIAN_POINT('',(5.075119272712,0.72547641515));
#428 = CARTESIAN_POINT('',(5.063406993113,0.730354210427));
#429 = CARTESIAN_POINT('',(5.051495718085,0.735022128268));
#430 = CARTESIAN_POINT('',(5.039388703257,0.739476464228));
#431 = CARTESIAN_POINT('',(5.0270898173,0.743713609657));
#432 = CARTESIAN_POINT('',(4.984731757501,0.757339023614));
#433 = CARTESIAN_POINT('',(4.953788223855,0.765684741145));
#434 = CARTESIAN_POINT('',(4.92183406268,0.772720143711));
#435 = CARTESIAN_POINT('',(4.888951930382,0.778401570456));
#436 = CARTESIAN_POINT('',(4.855247845428,0.782693083036));
#437 = CARTESIAN_POINT('',(4.820849635637,0.785569453349));
#438 = CARTESIAN_POINT('',(4.785902037349,0.787017852641));
#439 = CARTESIAN_POINT('',(4.70036633982,0.787067197291));
#440 = CARTESIAN_POINT('',(4.649380183568,0.784216155661));
#441 = CARTESIAN_POINT('',(4.598036656105,0.778485525727));
#442 = CARTESIAN_POINT('',(4.546819710782,0.769925077509));
#443 = CARTESIAN_POINT('',(4.496212621642,0.758637736886));
#444 = CARTESIAN_POINT('',(4.446649966509,0.744761575122));
#445 = CARTESIAN_POINT('',(4.398488483717,0.728445647956));
#446 = CARTESIAN_POINT('',(4.332128744967,0.701871464338));
#447 = CARTESIAN_POINT('',(4.312551725903,0.693487734653));
#448 = CARTESIAN_POINT('',(4.293307539195,0.68469576683));
#449 = CARTESIAN_POINT('',(4.274416715797,0.675507129404));
#450 = CARTESIAN_POINT('',(4.255897568523,0.66593320608));
#451 = CARTESIAN_POINT('',(4.237766300577,0.655985059508));
#452 = CARTESIAN_POINT('',(4.22003711408,0.645673295065));
#453 = CARTESIAN_POINT('',(4.195967248039,0.630847013232));
#454 = CARTESIAN_POINT('',(4.189289368112,0.626632284391));
#455 = CARTESIAN_POINT('',(4.182593400084,0.622364355783));
#456 = CARTESIAN_POINT('',(4.176097930292,0.618043774398));
#457 = CARTESIAN_POINT('',(4.16974394044,0.613671125481));
#458 = CARTESIAN_POINT('',(4.163420401533,0.609246991933));
#459 = CARTESIAN_POINT('',(4.157249535862,0.604771902001));
#460 = CARTESIAN_POINT('',(4.134807407687,0.588054413425));
#461 = CARTESIAN_POINT('',(4.119206612584,0.57549653682));
#462 = CARTESIAN_POINT('',(4.10434303084,0.562583288821));
#463 = CARTESIAN_POINT('',(4.090189048354,0.549324490193));
#464 = CARTESIAN_POINT('',(4.076718455816,0.535729290232));
#465 = CARTESIAN_POINT('',(4.063906532306,0.521806190042));
#466 = CARTESIAN_POINT('',(4.051730128901,0.50756306583));
#467 = CARTESIAN_POINT('',(4.025813514379,0.474936644959));
#468 = CARTESIAN_POINT('',(4.012405483353,0.456383931072));
#469 = CARTESIAN_POINT('',(3.999902728146,0.437363293827));
#470 = CARTESIAN_POINT('',(3.988267984316,0.417887670253));
#471 = CARTESIAN_POINT('',(3.977467684437,0.397968829243));
#472 = CARTESIAN_POINT('',(3.967471914506,0.377617662571));
#473 = CARTESIAN_POINT('',(3.958254296326,0.356844628767));
#474 = CARTESIAN_POINT('',(3.934796082253,0.298121399978));
#475 = CARTESIAN_POINT('',(3.922165028015,0.259274881484));
#476 = CARTESIAN_POINT('',(3.911781465332,0.219197099612));
#477 = CARTESIAN_POINT('',(3.903547321586,0.177951096168));
#478 = CARTESIAN_POINT('',(3.897390435934,0.135593493507));
#479 = CARTESIAN_POINT('',(3.893266627716,9.218250573254E-02));
#480 = CARTESIAN_POINT('',(3.891156708706,4.779196082559E-02));
#481 = CARTESIAN_POINT('',(3.891047988939,-2.12000662808E-03));
#482 = CARTESIAN_POINT('',(3.891059466686,-6.642235953657E-03));
#483 = CARTESIAN_POINT('',(3.891089774705,-1.113009385958E-02));
#484 = CARTESIAN_POINT('',(3.891140714451,-1.577493258421E-02));
#485 = CARTESIAN_POINT('',(3.891215208761,-2.050925333125E-02));
#486 = CARTESIAN_POINT('',(3.891315876608,-2.535245640615E-02));
#487 = CARTESIAN_POINT('',(3.891440580022,-3.015909372157E-02));
#488 = CARTESIAN_POINT('',(3.89265316033,-7.000570918864E-02));
#489 = CARTESIAN_POINT('',(3.89497918975,-0.104684372124));
#490 = CARTESIAN_POINT('',(3.898563963458,-0.138742324011));
#491 = CARTESIAN_POINT('',(3.903420248061,-0.172143036726));
#492 = CARTESIAN_POINT('',(3.909570309598,-0.204855830428));
#493 = CARTESIAN_POINT('',(3.917046721533,-0.236851484087));
#494 = CARTESIAN_POINT('',(3.925891943122,-0.268099342381));
#495 = CARTESIAN_POINT('',(3.942167073089,-0.316403207081));
#496 = CARTESIAN_POINT('',(3.948664663028,-0.33397508712));
#497 = CARTESIAN_POINT('',(3.955660304134,-0.351274712596));
#498 = CARTESIAN_POINT('',(3.963166165578,-0.368296454375));
#499 = CARTESIAN_POINT('',(3.971195905586,-0.38503466203));
#500 = CARTESIAN_POINT('',(3.979764722312,-0.401483467958));
#501 = CARTESIAN_POINT('',(3.988889383159,-0.417636644007));
#502 = CARTESIAN_POINT('',(4.008106304807,-0.449042932446));
#503 = CARTESIAN_POINT('',(4.018177425435,-0.464307296247));
#504 = CARTESIAN_POINT('',(4.028819011309,-0.479274451085));
#505 = CARTESIAN_POINT('',(4.04005006773,-0.493937858708));
#506 = CARTESIAN_POINT('',(4.051891177707,-0.508290522368));
#507 = CARTESIAN_POINT('',(4.064364491242,-0.522324915669));
#508 = CARTESIAN_POINT('',(4.077493714619,-0.536032911418));
#509 = CARTESIAN_POINT('',(4.098951994703,-0.556811279723));
#510 = CARTESIAN_POINT('',(4.106808784379,-0.564114060236));
#511 = CARTESIAN_POINT('',(4.114878755783,-0.571312566086));
#512 = CARTESIAN_POINT('',(4.123166337066,-0.578405247687));
#513 = CARTESIAN_POINT('',(4.131676090182,-0.585390492197));
#514 = CARTESIAN_POINT('',(4.140412703593,-0.592266623916));
#515 = CARTESIAN_POINT('',(4.149380984982,-0.599031904695));
#516 = CARTESIAN_POINT('',(4.163612579514,-0.609317496788));
#517 = CARTESIAN_POINT('',(4.168704955329,-0.612916865383));
#518 = CARTESIAN_POINT('',(4.173872788402,-0.616482344966));
#519 = CARTESIAN_POINT('',(4.179119669884,-0.620013636148));
#520 = CARTESIAN_POINT('',(4.184442975073,-0.623510435309));
#521 = CARTESIAN_POINT('',(4.18983386342,-0.626972434593));
#522 = CARTESIAN_POINT('',(4.19527727853,-0.630399321911));
#523 = CARTESIAN_POINT('',(4.206807002885,-0.637541778065));
#524 = CARTESIAN_POINT('',(4.212913112871,-0.641249434247));
#525 = CARTESIAN_POINT('',(4.219069752088,-0.644913316789));
#526 = CARTESIAN_POINT('',(4.225276365263,-0.648532985669));
#527 = CARTESIAN_POINT('',(4.231532367869,-0.652107993536));
#528 = CARTESIAN_POINT('',(4.23783714613,-0.655637885716));
#529 = CARTESIAN_POINT('',(4.244190057016,-0.659122200205));
#530 = CARTESIAN_POINT('',(4.250590428248,-0.662560467675));
#531 = ( GEOMETRIC_REPRESENTATION_CONTEXT(2) 
PARAMETRIC_REPRESENTATION_CONTEXT() REPRESENTATION_CONTEXT('2D SPACE',''
  ) );
#532 = PCURVE('',#533,#538);
#533 = PLANE('',#534);
#534 = AXIS2_PLACEMENT_3D('',#535,#536,#537);
#535 = CARTESIAN_POINT('',(0.,-60.,0.));
#536 = DIRECTION('',(-0.,-1.,-0.));
#537 = DIRECTION('',(0.,0.,-1.));
#538 = DEFINITIONAL_REPRESENTATION('',(#539),#773);
#539 = B_SPLINE_CURVE_WITH_KNOTS('',8,(#540,#541,#542,#543,#544,#545,
    #546,#547,#548,#549,#550,#551,#552,#553,#554,#555,#556,#557,#558,
    #559,#560,#561,#562,#563,#564,#565,#566,#567,#568,#569,#570,#571,
    #572,#573,#574,#575,#576,#577,#578,#579,#580,#581,#582,#583,#584,
    #585,#586,#587,#588,#589,#590,#591,#592,#593,#594,#595,#596,#597,
    #598,#599,#600,#601,#602,#603,#604,#605,#606,#607,#608,#609,#610,
    #611,#612,#613,#614,#615,#616,#617,#618,#619,#620,#621,#622,#623,
    #624,#625,#626,#627,#628,#629,#630,#631,#632,#633,#634,#635,#636,
    #637,#638,#639,#640,#641,#642,#643,#644,#645,#646,#647,#648,#649,
    #650,#651,#652,#653,#654,#655,#656,#657,#658,#659,#660,#661,#662,
    #663,#664,#665,#666,#667,#668,#669,#670,#671,#672,#673,#674,#675,
    #676,#677,#678,#679,#680,#681,#682,#683,#684,#685,#686,#687,#688,
    #689,#690,#691,#692,#693,#694,#695,#696,#697,#698,#699,#700,#701,
    #702,#703,#704,#705,#706,#707,#708,#709,#710,#711,#712,#713,#714,
    #715,#716,#717,#718,#719,#720,#721,#722,#723,#724,#725,#726,#727,
    #728,#729,#730,#731,#732,#733,#734,#735,#736,#737,#738,#739,#740,
    #741,#742,#743,#744,#745,#746,#747,#748,#749,#750,#751,#752,#753,
    #754,#755,#756,#757,#758,#759,#760,#761,#762,#763,#764,#765,#766,
    #767,#768,#769,#770,#771,#772),.UNSPECIFIED.,.T.,.F.,(9,7,7,7,7,7,7,
    7,7,7,7,7,7,7,7,7,7,7,7,7,7,7,7,7,7,7,7,7,7,7,7,7,7,9),(0.,
    2.72032894559E-02,8.856973678261E-02,0.136852530484,0.157021661045,
    0.185655750246,0.228109460498,0.266529040949,0.28850246842,
    0.30278846445,0.319603547582,0.32746367062,0.331659272152,
    0.335854402074,0.383092216842,0.40540221151,0.444342397046,
    0.488218959554,0.516995093694,0.537559248299,0.586756483255,
    0.656622413835,0.686520009296,0.698184043501,0.729607713686,
    0.768618969912,0.837747666668,0.844860037898,0.899404207759,
    0.931341032413,0.962682585748,0.98003886567,0.989517029452,1.),
  .UNSPECIFIED.);
#540 = CARTESIAN_POINT('',(35.072761728743,-23.40700383646));
#541 = CARTESIAN_POINT('',(35.506992753057,-22.57555407802));
#542 = CARTESIAN_POINT('',(35.922543829702,-21.73435393779));
#543 = CARTESIAN_POINT('',(36.319318866895,-20.88397327473));
#544 = CARTESIAN_POINT('',(36.69723460975,-20.02497220591));
#545 = CARTESIAN_POINT('',(37.056219475849,-19.15790061465));
#546 = CARTESIAN_POINT('',(37.396212390798,-18.28329765871));
#547 = CARTESIAN_POINT('',(37.717161623793,-17.4016912785));
#548 = CARTESIAN_POINT('',(38.699977980399,-14.51019486046));
#549 = CARTESIAN_POINT('',(39.283761656953,-12.47389333705));
#550 = CARTESIAN_POINT('',(39.769934587788,-10.41050456032));
#551 = CARTESIAN_POINT('',(40.158167520441,-8.325716701139));
#552 = CARTESIAN_POINT('',(40.448247593051,-6.225096586861));
#553 = CARTESIAN_POINT('',(40.640065490074,-4.114088974013));
#554 = CARTESIAN_POINT('',(40.733584175697,-1.998013182537));
#555 = CARTESIAN_POINT('',(40.725016547551,1.782765883499));
#556 = CARTESIAN_POINT('',(40.660383356781,3.447433038196));
#557 = CARTESIAN_POINT('',(40.534892715211,5.109391262598));
#558 = CARTESIAN_POINT('',(40.34856147568,6.766046513955));
#559 = CARTESIAN_POINT('',(40.101432539785,8.414764984032));
#560 = CARTESIAN_POINT('',(39.793582567483,10.052873769399));
#561 = CARTESIAN_POINT('',(39.425125117819,11.677661044572));
#562 = CARTESIAN_POINT('',(38.817038546001,13.958382765722));
#563 = CARTESIAN_POINT('',(38.627319601284,14.627579231594));
#564 = CARTESIAN_POINT('',(38.427064290934,15.293761955394));
#565 = CARTESIAN_POINT('',(38.216286325285,15.956724901795));
#566 = CARTESIAN_POINT('',(37.995001411189,16.616259241883));
#567 = CARTESIAN_POINT('',(37.763227442504,17.272153414681));
#568 = CARTESIAN_POINT('',(37.520984690599,17.924193188684));
#569 = CARTESIAN_POINT('',(36.909554172388,19.492081834271));
#570 = CARTESIAN_POINT('',(36.529759222281,20.40379327886));
#571 = CARTESIAN_POINT('',(36.128976185312,21.306676845529));
#572 = CARTESIAN_POINT('',(35.707282272618,22.200097831441));
#573 = CARTESIAN_POINT('',(35.264768596534,23.083406887204));
#574 = CARTESIAN_POINT('',(34.80154190145,23.955940861548));
#575 = CARTESIAN_POINT('',(34.317726294671,24.817023645991));
#576 = CARTESIAN_POINT('',(33.065832890555,26.924634468202));
#577 = CARTESIAN_POINT('',(32.273261331977,28.156610636878));
#578 = CARTESIAN_POINT('',(31.436217840202,29.359652022805));
#579 = CARTESIAN_POINT('',(30.555278705218,30.531431389377));
#580 = CARTESIAN_POINT('',(29.631145669272,31.669550690223));
#581 = CARTESIAN_POINT('',(28.664664691414,32.771555845982));
#582 = CARTESIAN_POINT('',(27.656846775652,33.834953373749));
#583 = CARTESIAN_POINT('',(25.660516120786,35.782363454781));
#584 = CARTESIAN_POINT('',(24.679267930345,36.673821284775));
#585 = CARTESIAN_POINT('',(23.666055586496,37.529718172443));
#586 = CARTESIAN_POINT('',(22.621919232374,38.348162250131));
#587 = CARTESIAN_POINT('',(21.54804039068,39.127267884153));
#588 = CARTESIAN_POINT('',(20.445755447757,39.865173823725));
#589 = CARTESIAN_POINT('',(19.316572090217,40.560065583969));
#590 = CARTESIAN_POINT('',(17.501958688227,41.582036596268));
#591 = CARTESIAN_POINT('',(16.833483216618,41.939232636276));
#592 = CARTESIAN_POINT('',(16.157080691305,42.281464171225));
#593 = CARTESIAN_POINT('',(15.473086234863,42.608415009003));
#594 = CARTESIAN_POINT('',(14.781852397849,42.919780371304));
#595 = CARTESIAN_POINT('',(14.083749876229,43.215268487779));
#596 = CARTESIAN_POINT('',(13.379168228799,43.4946021902));
#597 = CARTESIAN_POINT('',(12.20648733503,43.928456516911));
#598 = CARTESIAN_POINT('',(11.741891404092,44.09245422008));
#599 = CARTESIAN_POINT('',(11.274841017012,44.249442007493));
#600 = CARTESIAN_POINT('',(10.805451045711,44.39935149625));
#601 = CARTESIAN_POINT('',(10.333839070108,44.542117698352));
#602 = CARTESIAN_POINT('',(9.860125429417,44.67767918988));
#603 = CARTESIAN_POINT('',(9.384433273439,44.805978280177));
#604 = CARTESIAN_POINT('',(8.344802978831,45.069362000056));
#605 = CARTESIAN_POINT('',(7.78014955591,45.20162725384));
#606 = CARTESIAN_POINT('',(7.213134364932,45.323669092754));
#607 = CARTESIAN_POINT('',(6.643966965323,45.435407683887));
#608 = CARTESIAN_POINT('',(6.072860502793,45.536771483701));
#609 = CARTESIAN_POINT('',(5.500031756024,45.627697510694));
#610 = CARTESIAN_POINT('',(4.92570118336,45.708131618064));
#611 = CARTESIAN_POINT('',(4.081027907692,45.810701824317));
#612 = CARTESIAN_POINT('',(3.81168346661,45.841072539994));
#613 = CARTESIAN_POINT('',(3.542082444786,45.869136318428));
#614 = CARTESIAN_POINT('',(3.272247730969,45.894889015452));
#615 = CARTESIAN_POINT('',(3.002202304131,45.9183269377));
#616 = CARTESIAN_POINT('',(2.731969233464,45.939446842606));
#617 = CARTESIAN_POINT('',(2.461571678384,45.958245938406));
#618 = CARTESIAN_POINT('',(2.046623830838,45.983516466974));
#619 = CARTESIAN_POINT('',(1.902362037611,45.991637709433));
#620 = CARTESIAN_POINT('',(1.758249327667,45.999088379995));
#621 = CARTESIAN_POINT('',(1.614287501566,46.005871233387));
#622 = CARTESIAN_POINT('',(1.470478341607,46.011989010583));
#623 = CARTESIAN_POINT('',(1.326823611823,46.017444438802));
#624 = CARTESIAN_POINT('',(1.183325057988,46.022240231512));
#625 = CARTESIAN_POINT('',(0.896659869575,46.030517480107));
#626 = CARTESIAN_POINT('',(0.753459912955,46.03399935606));
#627 = CARTESIAN_POINT('',(0.61042084644,46.036827261384));
#628 = CARTESIAN_POINT('',(0.46756170666,46.039003734014));
#629 = CARTESIAN_POINT('',(0.324884258187,46.040531304722));
#630 = CARTESIAN_POINT('',(0.18237299353,46.041412497117));
#631 = CARTESIAN_POINT('',(3.999513314334E-02,46.041649827645));
#632 = CARTESIAN_POINT('',(-1.704557641727,46.036696454469));
#633 = CARTESIAN_POINT('',(-3.306721473424,45.950713463943));
#634 = CARTESIAN_POINT('',(-4.903755332183,45.783297179004));
#635 = CARTESIAN_POINT('',(-6.490838667826,45.53506981614));
#636 = CARTESIAN_POINT('',(-8.063353188497,45.207189053468));
#637 = CARTESIAN_POINT('',(-9.616875074578,44.801292656171));
#638 = CARTESIAN_POINT('',(-11.1471721355,44.319474137266));
#639 = CARTESIAN_POINT('',(-13.36007523018,43.502080725535));
#640 = CARTESIAN_POINT('',(-14.0638980923,43.223494029814));
#641 = CARTESIAN_POINT('',(-14.7612666689,42.92878904909));
#642 = CARTESIAN_POINT('',(-15.45179260257,42.618241607286));
#643 = CARTESIAN_POINT('',(-16.13510629378,42.292142085679));
#644 = CARTESIAN_POINT('',(-16.81085618908,41.950793838916));
#645 = CARTESIAN_POINT('',(-17.47870806946,41.59451161103));
#646 = CARTESIAN_POINT('',(-19.28968296907,40.576260314972));
#647 = CARTESIAN_POINT('',(-20.41600017082,39.884389512264));
#648 = CARTESIAN_POINT('',(-21.5156106645,39.149731828758));
#649 = CARTESIAN_POINT('',(-22.58701764677,38.374084384686));
#650 = CARTESIAN_POINT('',(-23.6288936947,37.559290868475));
#651 = CARTESIAN_POINT('',(-24.64006457591,36.707219444133));
#652 = CARTESIAN_POINT('',(-25.61949596433,35.819744832632));
#653 = CARTESIAN_POINT('',(-27.63309264898,33.860969494452));
#654 = CARTESIAN_POINT('',(-28.65845747621,32.78062636754));
#655 = CARTESIAN_POINT('',(-29.64111325928,31.660347204696));
#656 = CARTESIAN_POINT('',(-30.57999671242,30.502752138635));
#657 = CARTESIAN_POINT('',(-31.47422072395,29.310419386722));
#658 = CARTESIAN_POINT('',(-32.32305179126,28.085867255273));
#659 = CARTESIAN_POINT('',(-33.12588971505,26.831538178063));
#660 = CARTESIAN_POINT('',(-34.37830281912,24.709155866743));
#661 = CARTESIAN_POINT('',(-34.85436273219,23.85673378392));
#662 = CARTESIAN_POINT('',(-35.31029263002,22.993182205725));
#663 = CARTESIAN_POINT('',(-35.74597392778,22.119153210732));
#664 = CARTESIAN_POINT('',(-36.16130449174,21.235286501352));
#665 = CARTESIAN_POINT('',(-36.55619701316,20.342208614229));
#666 = CARTESIAN_POINT('',(-36.93057738226,19.440532130641));
#667 = CARTESIAN_POINT('',(-37.53722156588,17.880776478518));
#668 = CARTESIAN_POINT('',(-37.77955223581,17.226613597047));
#669 = CARTESIAN_POINT('',(-38.01135214591,16.568584850496));
#670 = CARTESIAN_POINT('',(-38.23260095729,15.906906214068));
#671 = CARTESIAN_POINT('',(-38.44328072561,15.241790968222));
#672 = CARTESIAN_POINT('',(-38.64337570865,14.573449636746));
#673 = CARTESIAN_POINT('',(-38.83287217379,13.902089924823));
#674 = CARTESIAN_POINT('',(-39.43972124624,11.615039235701));
#675 = CARTESIAN_POINT('',(-39.80694674471,9.986092350391));
#676 = CARTESIAN_POINT('',(-40.11328573491,8.343844408159));
#677 = CARTESIAN_POINT('',(-40.35862489226,6.691024380233));
#678 = CARTESIAN_POINT('',(-40.5428879875,5.030322146379));
#679 = CARTESIAN_POINT('',(-40.66603270305,3.364388326111));
#680 = CARTESIAN_POINT('',(-40.72804281176,1.695833596795));
#681 = CARTESIAN_POINT('',(-40.73015534927,-2.342391808703));
#682 = CARTESIAN_POINT('',(-40.6080972223,-4.711906654879));
#683 = CARTESIAN_POINT('',(-40.36277087841,-7.07407671308));
#684 = CARTESIAN_POINT('',(-39.99422787243,-9.421426591277));
#685 = CARTESIAN_POINT('',(-39.50264306028,-11.74625935474));
#686 = CARTESIAN_POINT('',(-38.88837379388,-14.04066450694));
#687 = CARTESIAN_POINT('',(-38.15198406026,-16.29652017537));
#688 = CARTESIAN_POINT('',(-36.92718806609,-19.45076920432));
#689 = CARTESIAN_POINT('',(-36.53792713178,-20.38742659873));
#690 = CARTESIAN_POINT('',(-36.12652754596,-21.31479184116));
#691 = CARTESIAN_POINT('',(-35.69307249548,-22.23217801239));
#692 = CARTESIAN_POINT('',(-35.23766059326,-23.13888183067));
#693 = CARTESIAN_POINT('',(-34.76040786503,-24.03418461754));
#694 = CARTESIAN_POINT('',(-34.26144973614,-24.91735326349));
#695 = CARTESIAN_POINT('',(-33.53787624767,-26.12716910667));
#696 = CARTESIAN_POINT('',(-33.33152976736,-26.4647364019));
#697 = CARTESIAN_POINT('',(-33.12191394898,-26.80029708789));
#698 = CARTESIAN_POINT('',(-32.90903680736,-27.13380943005));
#699 = CARTESIAN_POINT('',(-32.69290939846,-27.46522728537));
#700 = CARTESIAN_POINT('',(-32.47354388406,-27.79450336045));
#701 = CARTESIAN_POINT('',(-32.25095101381,-28.12159337656));
#702 = CARTESIAN_POINT('',(-31.41680432206,-29.32163543134));
#703 = CARTESIAN_POINT('',(-30.78513442117,-30.18061252356));
#704 = CARTESIAN_POINT('',(-30.1303777015,-31.0224758313));
#705 = CARTESIAN_POINT('',(-29.4528143045,-31.84629860139));
#706 = CARTESIAN_POINT('',(-28.75276525538,-32.65113666248));
#707 = CARTESIAN_POINT('',(-28.03059683447,-33.43603218891));
#708 = CARTESIAN_POINT('',(-27.2867249485,-34.20001746462));
#709 = CARTESIAN_POINT('',(-25.57177104548,-35.86340821004));
#710 = CARTESIAN_POINT('',(-24.58918849813,-36.75097802916));
#711 = CARTESIAN_POINT('',(-23.57478580841,-37.60294887398));
#712 = CARTESIAN_POINT('',(-22.52960768763,-38.41743493731));
#713 = CARTESIAN_POINT('',(-21.45484004209,-39.19255769805));
#714 = CARTESIAN_POINT('',(-20.35182335209,-39.92646403371));
#715 = CARTESIAN_POINT('',(-19.22206899793,-40.61734858254));
#716 = CARTESIAN_POINT('',(-16.02096760558,-42.40843829103));
#717 = CARTESIAN_POINT('',(-13.89515748434,-43.41336468466));
#718 = CARTESIAN_POINT('',(-11.70023563522,-44.26784222828));
#719 = CARTESIAN_POINT('',(-9.447711504343,-44.96311465369));
#720 = CARTESIAN_POINT('',(-7.150198594503,-45.49211872665));
#721 = CARTESIAN_POINT('',(-4.821435577964,-45.84961671423));
#722 = CARTESIAN_POINT('',(-2.476373390731,-46.03260213359));
#723 = CARTESIAN_POINT('',(0.10991415057,-46.04203120888));
#724 = CARTESIAN_POINT('',(0.343350978547,-46.0410357886));
#725 = CARTESIAN_POINT('',(0.577687269307,-46.0384070935));
#726 = CARTESIAN_POINT('',(0.817962236121,-46.0339892938));
#727 = CARTESIAN_POINT('',(1.065536224168,-46.02752937693));
#728 = CARTESIAN_POINT('',(1.31808869745,-46.018801845));
#729 = CARTESIAN_POINT('',(1.569633686571,-46.00799499073));
#730 = CARTESIAN_POINT('',(3.657864993875,-45.90295509805));
#731 = CARTESIAN_POINT('',(5.499988941286,-45.70172229496));
#732 = CARTESIAN_POINT('',(7.329120052579,-45.39276790268));
#733 = CARTESIAN_POINT('',(9.138011522544,-44.97777890703));
#734 = CARTESIAN_POINT('',(10.919891504099,-44.45931201581));
#735 = CARTESIAN_POINT('',(12.668435125059,-43.84066745106));
#736 = CARTESIAN_POINT('',(14.377753075292,-43.12583120368));
#737 = CARTESIAN_POINT('',(17.017072465749,-41.84729796542));
#738 = CARTESIAN_POINT('',(17.976534377576,-41.34371269363));
#739 = CARTESIAN_POINT('',(18.919738743637,-40.80958725656));
#740 = CARTESIAN_POINT('',(19.845735306391,-40.24585994761));
#741 = CARTESIAN_POINT('',(20.753654083219,-39.65350455685));
#742 = CARTESIAN_POINT('',(21.642699573197,-39.03352098743));
#743 = CARTESIAN_POINT('',(22.512145958366,-38.38692753519));
#744 = CARTESIAN_POINT('',(24.194692615343,-37.05511077283));
#745 = CARTESIAN_POINT('',(25.008546031552,-36.37082788509));
#746 = CARTESIAN_POINT('',(25.802277537637,-35.66287402267));
#747 = CARTESIAN_POINT('',(26.575335501502,-34.93222172171));
#748 = CARTESIAN_POINT('',(27.327227847592,-34.17984312764));
#749 = CARTESIAN_POINT('',(28.057517235051,-33.40670492261));
#750 = CARTESIAN_POINT('',(28.765816235865,-32.61376325299));
#751 = CARTESIAN_POINT('',(29.831655922477,-31.35239868555));
#752 = CARTESIAN_POINT('',(30.204680783025,-30.89705380254));
#753 = CARTESIAN_POINT('',(30.570799191027,-30.43608359173));
#754 = CARTESIAN_POINT('',(30.929957358145,-29.96964638981));
#755 = CARTESIAN_POINT('',(31.282105402362,-29.49789912683));
#756 = CARTESIAN_POINT('',(31.627197139001,-29.02099716697));
#757 = CARTESIAN_POINT('',(31.965189871748,-28.53909414921));
#758 = CARTESIAN_POINT('',(32.476721804138,-27.78652920909));
#759 = CARTESIAN_POINT('',(32.655270633338,-27.51927037549));
#760 = CARTESIAN_POINT('',(32.83168418247,-27.25059020624));
#761 = CARTESIAN_POINT('',(33.00595627957,-26.98051332762));
#762 = CARTESIAN_POINT('',(33.17808106951,-26.70906411322));
#763 = CARTESIAN_POINT('',(33.348053013998,-26.43626668397));
#764 = CARTESIAN_POINT('',(33.51586689158,-26.1621449081));
#765 = CARTESIAN_POINT('',(33.864729821553,-25.58210158056));
#766 = CARTESIAN_POINT('',(34.045295766436,-25.27588987918));
#767 = CARTESIAN_POINT('',(34.223208785812,-24.96811956794));
#768 = CARTESIAN_POINT('',(34.398462338283,-24.65882271049));
#769 = CARTESIAN_POINT('',(34.571050187525,-24.34803116319));
#770 = CARTESIAN_POINT('',(34.740966402288,-24.03577657511));
#771 = CARTESIAN_POINT('',(34.908205356395,-23.72209038803));
#772 = CARTESIAN_POINT('',(35.072761728743,-23.40700383646));
#773 = ( GEOMETRIC_REPRESENTATION_CONTEXT(2) 
PARAMETRIC_REPRESENTATION_CONTEXT() REPRESENTATION_CONTEXT('2D SPACE',''
  ) );
#774 = ADVANCED_FACE('',(#775,#778),#533,.F.);
#775 = FACE_BOUND('',#776,.F.);
#776 = EDGE_LOOP('',(#777));
#777 = ORIENTED_EDGE('',*,*,#21,.T.);
#778 = FACE_BOUND('',#779,.F.);
#779 = EDGE_LOOP('',(#780));
#780 = ORIENTED_EDGE('',*,*,#781,.F.);
#781 = EDGE_CURVE('',#782,#782,#784,.T.);
#782 = VERTEX_POINT('',#783);
#783 = CARTESIAN_POINT('',(-19.43984721033,-60.,-32.98458491561));
#784 = SURFACE_CURVE('',#785,(#986,#1190),.PCURVE_S1.);
#785 = B_SPLINE_CURVE_WITH_KNOTS('',7,(#786,#787,#788,#789,#790,#791,
    #792,#793,#794,#795,#796,#797,#798,#799,#800,#801,#802,#803,#804,
    #805,#806,#807,#808,#809,#810,#811,#812,#813,#814,#815,#816,#817,
    #818,#819,#820,#821,#822,#823,#824,#825,#826,#827,#828,#829,#830,
    #831,#832,#833,#834,#835,#836,#837,#838,#839,#840,#841,#842,#843,
    #844,#845,#846,#847,#848,#849,#850,#851,#852,#853,#854,#855,#856,
    #857,#858,#859,#860,#861,#862,#863,#864,#865,#866,#867,#868,#869,
    #870,#871,#872,#873,#874,#875,#876,#877,#878,#879,#880,#881,#882,
    #883,#884,#885,#886,#887,#888,#889,#890,#891,#892,#893,#894,#895,
    #896,#897,#898,#899,#900,#901,#902,#903,#904,#905,#906,#907,#908,
    #909,#910,#911,#912,#913,#914,#915,#916,#917,#918,#919,#920,#921,
    #922,#923,#924,#925,#926,#927,#928,#929,#930,#931,#932,#933,#934,
    #935,#936,#937,#938,#939,#940,#941,#942,#943,#944,#945,#946,#947,
    #948,#949,#950,#951,#952,#953,#954,#955,#956,#957,#958,#959,#960,
    #961,#962,#963,#964,#965,#966,#967,#968,#969,#970,#971,#972,#973,
    #974,#975,#976,#977,#978,#979,#980,#981,#982,#983,#984,#985),
  .UNSPECIFIED.,.T.,.F.,(8,6,6,6,6,6,6,6,6,6,6,6,6,6,6,6,6,6,6,6,6,6,6,6
    ,6,6,6,6,6,6,6,6,6,8),(0.,2.304000050718E-02,7.728303747005E-02,
    0.125978851963,0.173742612366,0.215149952509,0.25252131291,
    0.274006020903,0.287754567808,0.303465056452,0.311401709963,
    0.315032408174,0.319267660282,0.364100411069,0.385872385259,
    0.423664601185,0.466377710562,0.494565927012,0.563735635852,
    0.613200797126,0.633598209031,0.662082478785,0.673424026193,
    0.682253154279,0.707269109968,0.748494793706,0.820734928003,
    0.827891301059,0.887069996231,0.921609160927,0.956812420247,
    0.966187030955,0.973672577173,1.),.UNSPECIFIED.);
#786 = CARTESIAN_POINT('',(-19.43984721033,-60.,-32.98458491561));
#787 = CARTESIAN_POINT('',(-18.66503840673,-60.,-33.33743156375));
#788 = CARTESIAN_POINT('',(-17.88238341038,-60.,-33.67304056832));
#789 = CARTESIAN_POINT('',(-17.09240681162,-60.,-33.99134931189));
#790 = CARTESIAN_POINT('',(-16.29562278135,-60.,-34.29230552564));
#791 = CARTESIAN_POINT('',(-15.49253462374,-60.,-34.5758660804));
#792 = CARTESIAN_POINT('',(-14.68363432884,-60.,-34.84199577764));
#793 = CARTESIAN_POINT('',(-11.95245652902,-60.,-35.67611038475));
#794 = CARTESIAN_POINT('',(-10.00604461644,-60.,-36.16475577355));
#795 = CARTESIAN_POINT('',(-8.036323282202,-60.,-36.55628078814));
#796 = CARTESIAN_POINT('',(-6.049300093484,-60.,-36.85046407198));
#797 = CARTESIAN_POINT('',(-4.050836666017,-60.,-37.04719648266));
#798 = CARTESIAN_POINT('',(-2.046646311457,-60.,-37.14645157908));
#799 = CARTESIAN_POINT('',(1.757096333058,-60.,-37.14979721719));
#800 = CARTESIAN_POINT('',(3.556517431965,-60.,-37.07280831498));
#801 = CARTESIAN_POINT('',(5.351937198963,-60.,-36.91725207989));
#802 = CARTESIAN_POINT('',(7.139225224548,-60.,-36.68314487741));
#803 = CARTESIAN_POINT('',(8.914164495517,-60.,-36.37055270823));
#804 = CARTESIAN_POINT('',(10.672452512336,-60.,-35.97960651501));
#805 = CARTESIAN_POINT('',(14.113695714506,-60.,-35.05036299734));
#806 = CARTESIAN_POINT('',(15.79737113974,-60.,-34.51505027882));
#807 = CARTESIAN_POINT('',(17.456575412257,-60.,-33.90475037859));
#808 = CARTESIAN_POINT('',(19.086910327449,-60.,-33.21976089219));
#809 = CARTESIAN_POINT('',(20.683754868329,-60.,-32.46054445088));
#810 = CARTESIAN_POINT('',(22.242286527992,-60.,-31.62777996237));
#811 = CARTESIAN_POINT('',(25.071066925281,-60.,-29.93751658141));
#812 = CARTESIAN_POINT('',(26.352040712708,-60.,-29.09808060243));
#813 = CARTESIAN_POINT('',(27.597131049383,-60.,-28.20473085732));
#814 = CARTESIAN_POINT('',(28.802879607404,-60.,-27.25830095151));
#815 = CARTESIAN_POINT('',(29.96569260151,-60.,-26.25986651303));
#816 = CARTESIAN_POINT('',(31.081880877938,-60.,-25.21079551137));
#817 = CARTESIAN_POINT('',(33.109646544948,-60.,-23.12183785643));
#818 = CARTESIAN_POINT('',(34.030563512348,-60.,-22.09102256892));
#819 = CARTESIAN_POINT('',(34.907678573164,-60.,-21.02165540065));
#820 = CARTESIAN_POINT('',(35.738189765407,-60.,-19.91527598961));
#821 = CARTESIAN_POINT('',(36.519308387716,-60.,-18.77369560883));
#822 = CARTESIAN_POINT('',(37.248311201901,-60.,-17.59903550864));
#823 = CARTESIAN_POINT('',(38.310260861229,-60.,-15.70087578916));
#824 = CARTESIAN_POINT('',(38.679833974699,-60.,-14.99785920308));
#825 = CARTESIAN_POINT('',(39.030835521667,-60.,-14.28519938947));
#826 = CARTESIAN_POINT('',(39.362791291806,-60.,-13.56340133422));
#827 = CARTESIAN_POINT('',(39.675249705914,-60.,-12.83300418602));
#828 = CARTESIAN_POINT('',(39.967786074409,-60.,-12.09458315457));
#829 = CARTESIAN_POINT('',(40.414207044284,-60.,-10.87147693317));
#830 = CARTESIAN_POINT('',(40.580088437293,-60.,-10.39116661165));
#831 = CARTESIAN_POINT('',(40.737548075179,-60.,-9.907980782076));
#832 = CARTESIAN_POINT('',(40.886488824786,-60.,-9.422084602057));
#833 = CARTESIAN_POINT('',(41.026819796848,-60.,-8.933648173719));
#834 = CARTESIAN_POINT('',(41.158456763385,-60.,-8.442846668443));
#835 = CARTESIAN_POINT('',(41.421721553462,-60.,-7.386524237661));
#836 = CARTESIAN_POINT('',(41.550667792852,-60.,-6.82033387278));
#837 = CARTESIAN_POINT('',(41.668046019116,-60.,-6.251559102348));
#838 = CARTESIAN_POINT('',(41.773753854622,-60.,-5.680475402128));
#839 = CARTESIAN_POINT('',(41.867702400418,-60.,-5.107364077706));
#840 = CARTESIAN_POINT('',(41.949816818403,-60.,-4.532512363921));
#841 = CARTESIAN_POINT('',(42.055510830117,-60.,-3.665077817896));
#842 = CARTESIAN_POINT('',(42.087949253493,-60.,-3.37357252842));
#843 = CARTESIAN_POINT('',(42.11734442824,-60.,-3.081735315417));
#844 = CARTESIAN_POINT('',(42.143689589264,-60.,-2.789604037413));
#845 = CARTESIAN_POINT('',(42.166978961757,-60.,-2.497216751894));
#846 = CARTESIAN_POINT('',(42.187207761198,-60.,-2.204611715314));
#847 = CARTESIAN_POINT('',(42.212224227342,-60.,-1.777890384356));
#848 = CARTESIAN_POINT('',(42.219424676183,-60.,-1.644091703799));
#849 = CARTESIAN_POINT('',(42.225976333547,-60.,-1.510433064107));
#850 = CARTESIAN_POINT('',(42.231881973579,-60.,-1.376916169308));
#851 = CARTESIAN_POINT('',(42.237144350895,-60.,-1.243542704771));
#852 = CARTESIAN_POINT('',(42.241766200587,-60.,-1.110314337201));
#853 = CARTESIAN_POINT('',(42.25039766491,-60.,-0.821991438802));
#854 = CARTESIAN_POINT('',(42.254177601451,-60.,-0.666900151958));
#855 = CARTESIAN_POINT('',(42.257094086266,-60.,-0.512023425845));
#856 = CARTESIAN_POINT('',(42.259151127408,-60.,-0.357387157334));
#857 = CARTESIAN_POINT('',(42.260352702557,-60.,-0.202978568432));
#858 = CARTESIAN_POINT('',(42.260702759021,-60.,-4.874620628215E-02));
#859 = CARTESIAN_POINT('',(42.254938390556,-60.,1.737133144547));
#860 = CARTESIAN_POINT('',(42.154543954264,-60.,3.368717004563));
#861 = CARTESIAN_POINT('',(41.959027724773,-60.,4.993212013234));
#862 = CARTESIAN_POINT('',(41.669465918042,-60.,6.604048958356));
#863 = CARTESIAN_POINT('',(41.287809638688,-60.,8.19500050027));
#864 = CARTESIAN_POINT('',(40.816792475753,-60.,9.76016883303));
#865 = CARTESIAN_POINT('',(39.98951943727,-60.,12.038853609984));
#866 = CARTESIAN_POINT('',(39.698839594983,-60.,12.776367264058));
#867 = CARTESIAN_POINT('',(39.388291564695,-60.,13.505919477713));
#868 = CARTESIAN_POINT('',(39.058296326658,-60.,14.226936837368));
#869 = CARTESIAN_POINT('',(38.709301732931,-60.,14.938881674899));
#870 = CARTESIAN_POINT('',(38.341778288863,-60.,15.641250196517));
#871 = CARTESIAN_POINT('',(37.286946571026,-60.,17.535313843135));
#872 = CARTESIAN_POINT('',(36.563318095525,-60.,18.706789948453));
#873 = CARTESIAN_POINT('',(35.787883882751,-60.,19.8455382103));
#874 = CARTESIAN_POINT('',(34.963331703787,-60.,20.949452233433));
#875 = CARTESIAN_POINT('',(34.092415417924,-60.,22.016731406906));
#876 = CARTESIAN_POINT('',(33.177903550471,-60.,23.045843318862));
#877 = CARTESIAN_POINT('',(31.142787347212,-60.,25.154012939487));
#878 = CARTESIAN_POINT('',(30.010853334568,-60.,26.22212515221));
#879 = CARTESIAN_POINT('',(28.830663099404,-60.,27.238017234651));
#880 = CARTESIAN_POINT('',(27.606088093252,-60.,28.200247477127));
#881 = CARTESIAN_POINT('',(26.34089885554,-60.,29.107686270966));
#882 = CARTESIAN_POINT('',(25.038721573756,-60.,29.959461660386));
#883 = CARTESIAN_POINT('',(22.821503561333,-60.,31.27986579357));
#884 = CARTESIAN_POINT('',(21.925400905238,-60.,31.780285308266));
#885 = CARTESIAN_POINT('',(21.015685097479,-60.,32.25598189528));
#886 = CARTESIAN_POINT('',(20.093323400173,-60.,32.706799139915));
#887 = CARTESIAN_POINT('',(19.159257417759,-60.,33.132609853654));
#888 = CARTESIAN_POINT('',(18.214401056319,-60.,33.533311903266));
#889 = CARTESIAN_POINT('',(14.916792516213,-60.,34.830275214567));
#890 = CARTESIAN_POINT('',(12.514578801064,-60.,35.599937285567));
#891 = CARTESIAN_POINT('',(10.065713313025,-60.,36.216820901134));
#892 = CARTESIAN_POINT('',(7.582460047898,-60.,36.680270993587));
#893 = CARTESIAN_POINT('',(5.076642315296,-60.,36.990005684865));
#894 = CARTESIAN_POINT('',(2.559628567997,-60.,37.146000021333));
#895 = CARTESIAN_POINT('',(-1.757923302491,-60.,37.149798199599));
#896 = CARTESIAN_POINT('',(-3.558156662326,-60.,37.072737435144));
#897 = CARTESIAN_POINT('',(-5.354362620362,-60.,36.91703988219));
#898 = CARTESIAN_POINT('',(-7.142407061843,-60.,36.682725054314));
#899 = CARTESIAN_POINT('',(-8.918070061067,-60.,36.369861658537));
#900 = CARTESIAN_POINT('',(-10.67704680655,-60.,35.97858270045));
#901 = CARTESIAN_POINT('',(-13.13158440937,-60.,35.315473972704));
#902 = CARTESIAN_POINT('',(-13.84463032562,-60.,35.108570451186));
#903 = CARTESIAN_POINT('',(-14.55377108906,-60.,34.888382975092));
#904 = CARTESIAN_POINT('',(-15.25868809885,-60.,34.654929955784));
#905 = CARTESIAN_POINT('',(-15.95905682058,-60.,34.408233575112));
#906 = CARTESIAN_POINT('',(-16.65454695438,-60.,34.148320307281));
#907 = CARTESIAN_POINT('',(-18.30876831658,-60.,33.493848459587));
#908 = CARTESIAN_POINT('',(-19.2625419328,-60.,33.086763351418));
#909 = CARTESIAN_POINT('',(-20.20523047538,-60.,32.654050832531));
#910 = CARTESIAN_POINT('',(-21.13588982409,-60.,32.195817535336));
#911 = CARTESIAN_POINT('',(-22.05354688593,-60.,31.712196436857));
#912 = CARTESIAN_POINT('',(-22.95720176644,-60.,31.203351287285));
#913 = CARTESIAN_POINT('',(-24.19965395184,-60.,30.456910564073));
#914 = CARTESIAN_POINT('',(-24.54557056905,-60.,30.243692081758));
#915 = CARTESIAN_POINT('',(-24.88401351501,-60.,30.029841928437));
#916 = CARTESIAN_POINT('',(-25.21536827145,-60.,29.815369791547));
#917 = CARTESIAN_POINT('',(-25.5399750627,-60.,29.600283348709));
#918 = CARTESIAN_POINT('',(-25.85813183875,-60.,29.384592907338));
#919 = CARTESIAN_POINT('',(-26.41295500531,-60.,28.999949589701));
#920 = CARTESIAN_POINT('',(-26.65442888726,-60.,28.829585872182));
#921 = CARTESIAN_POINT('',(-26.89449403774,-60.,28.657231078354));
#922 = CARTESIAN_POINT('',(-27.13312539843,-60.,28.48289174825));
#923 = CARTESIAN_POINT('',(-27.37029771924,-60.,28.306574775288));
#924 = CARTESIAN_POINT('',(-27.60598555834,-60.,28.128287406262));
#925 = CARTESIAN_POINT('',(-28.50366929379,-60.,27.437326546634));
#926 = CARTESIAN_POINT('',(-29.15505231764,-60.,26.910858919718));
#927 = CARTESIAN_POINT('',(-29.79373051498,-60.,26.368807051744));
#928 = CARTESIAN_POINT('',(-30.41910987852,-60.,25.811367953194));
#929 = CARTESIAN_POINT('',(-31.03058676135,-60.,25.238765760063));
#930 = CARTESIAN_POINT('',(-31.62755040594,-60.,24.651254540029));
#931 = CARTESIAN_POINT('',(-33.16823544708,-60.,23.056819899674));
#932 = CARTESIAN_POINT('',(-34.08601156493,-60.,22.024794516155));
#933 = CARTESIAN_POINT('',(-34.95993881533,-60.,20.954346308709));
#934 = CARTESIAN_POINT('',(-35.78722111203,-60.,19.847021159855));
#935 = CARTESIAN_POINT('',(-36.56507728067,-60.,18.704636457303));
#936 = CARTESIAN_POINT('',(-37.29079323956,-60.,17.529319239727));
#937 = CARTESIAN_POINT('',(-39.13758465441,-60.,14.21068492941));
#938 = CARTESIAN_POINT('',(-40.14595664857,-60.,12.003252866511));
#939 = CARTESIAN_POINT('',(-40.97189240562,-60.,9.715980902448));
#940 = CARTESIAN_POINT('',(-41.60332154945,-60.,7.365626276546));
#941 = CARTESIAN_POINT('',(-42.03123115863,-60.,4.970950581457));
#942 = CARTESIAN_POINT('',(-42.25012607981,-60.,2.552822060716));
#943 = CARTESIAN_POINT('',(-42.26108551004,-60.,-0.104898789113));
#944 = CARTESIAN_POINT('',(-42.26002308371,-60.,-0.344459479107));
#945 = CARTESIAN_POINT('',(-42.25691026707,-60.,-0.584008618373));
#946 = CARTESIAN_POINT('',(-42.25174734637,-60.,-0.823523490351));
#947 = CARTESIAN_POINT('',(-42.24453509126,-60.,-1.062984425827));
#948 = CARTESIAN_POINT('',(-42.23527470354,-60.,-1.302369645292));
#949 = CARTESIAN_POINT('',(-42.13046731323,-60.,-3.520425262032));
#950 = CARTESIAN_POINT('',(-41.89700943762,-60.,-5.492904591527));
#951 = CARTESIAN_POINT('',(-41.52448704419,-60.,-7.446580269438));
#952 = CARTESIAN_POINT('',(-41.01612947848,-60.,-9.37007251962));
#953 = CARTESIAN_POINT('',(-40.37681323705,-60.,-11.25298278468));
#954 = CARTESIAN_POINT('',(-39.61284167807,-60.,-13.08584428183));
#955 = CARTESIAN_POINT('',(-38.21769064302,-60.,-15.89565502902));
#956 = CARTESIAN_POINT('',(-37.6635899316,-60.,-16.91137680083));
#957 = CARTESIAN_POINT('',(-37.07101067784,-60.,-17.90568335174));
#958 = CARTESIAN_POINT('',(-36.44148919016,-60.,-18.87715756965));
#959 = CARTESIAN_POINT('',(-35.77661917635,-60.,-19.82454320975));
#960 = CARTESIAN_POINT('',(-35.07802733774,-60.,-20.74672936357));
#961 = CARTESIAN_POINT('',(-33.60263580214,-60.,-22.55597693245));
#962 = CARTESIAN_POINT('',(-32.82458558606,-60.,-23.44202765228));
#963 = CARTESIAN_POINT('',(-32.01493213573,-60.,-24.2998722143));
#964 = CARTESIAN_POINT('',(-31.17540497403,-60.,-25.1286403227));
#965 = CARTESIAN_POINT('',(-30.30771992988,-60.,-25.92759432249));
#966 = CARTESIAN_POINT('',(-29.41356271961,-60.,-26.69611296491));
#967 = CARTESIAN_POINT('',(-28.2498458906,-60.,-27.63008762727));
#968 = CARTESIAN_POINT('',(-28.00119715004,-60.,-27.82603925343));
#969 = CARTESIAN_POINT('',(-27.74851663555,-60.,-28.02151833685));
#970 = CARTESIAN_POINT('',(-27.4916837492,-60.,-28.21651454534));
#971 = CARTESIAN_POINT('',(-27.23056623038,-60.,-28.41101795494));
#972 = CARTESIAN_POINT('',(-26.96501941986,-60.,-28.60501807592));
#973 = CARTESIAN_POINT('',(-26.47918592587,-60.,-28.95299883378));
#974 = CARTESIAN_POINT('',(-26.2623396591,-60.,-29.10589271362));
#975 = CARTESIAN_POINT('',(-26.04436469032,-60.,-29.25717987884));
#976 = CARTESIAN_POINT('',(-25.82527892649,-60.,-29.4068558459));
#977 = CARTESIAN_POINT('',(-25.60510021485,-60.,-29.55491628714));
#978 = CARTESIAN_POINT('',(-25.38384634296,-60.,-29.70135703085));
#979 = CARTESIAN_POINT('',(-24.37964370615,-60.,-30.35551019776));
#980 = CARTESIAN_POINT('',(-23.58467367964,-60.,-30.84475983947));
#981 = CARTESIAN_POINT('',(-22.77739092772,-60.,-31.31375178118));
#982 = CARTESIAN_POINT('',(-21.95854510588,-60.,-31.76234133778));
#983 = CARTESIAN_POINT('',(-21.12886794376,-60.,-32.19040740459));
#984 = CARTESIAN_POINT('',(-20.28907163219,-60.,-32.59784951795));
#985 = CARTESIAN_POINT('',(-19.43984721033,-60.,-32.98458491561));
#986 = PCURVE('',#533,#987);
#987 = DEFINITIONAL_REPRESENTATION('',(#988),#1189);
#988 = B_SPLINE_CURVE_WITH_KNOTS('',7,(#989,#990,#991,#992,#993,#994,
    #995,#996,#997,#998,#999,#1000,#1001,#1002,#1003,#1004,#1005,#1006,
    #1007,#1008,#1009,#1010,#1011,#1012,#1013,#1014,#1015,#1016,#1017,
    #1018,#1019,#1020,#1021,#1022,#1023,#1024,#1025,#1026,#1027,#1028,
    #1029,#1030,#1031,#1032,#1033,#1034,#1035,#1036,#1037,#1038,#1039,
    #1040,#1041,#1042,#1043,#1044,#1045,#1046,#1047,#1048,#1049,#1050,
    #1051,#1052,#1053,#1054,#1055,#1056,#1057,#1058,#1059,#1060,#1061,
    #1062,#1063,#1064,#1065,#1066,#1067,#1068,#1069,#1070,#1071,#1072,
    #1073,#1074,#1075,#1076,#1077,#1078,#1079,#1080,#1081,#1082,#1083,
    #1084,#1085,#1086,#1087,#1088,#1089,#1090,#1091,#1092,#1093,#1094,
    #1095,#1096,#1097,#1098,#1099,#1100,#1101,#1102,#1103,#1104,#1105,
    #1106,#1107,#1108,#1109,#1110,#1111,#1112,#1113,#1114,#1115,#1116,
    #1117,#1118,#1119,#1120,#1121,#1122,#1123,#1124,#1125,#1126,#1127,
    #1128,#1129,#1130,#1131,#1132,#1133,#1134,#1135,#1136,#1137,#1138,
    #1139,#1140,#1141,#1142,#1143,#1144,#1145,#1146,#1147,#1148,#1149,
    #1150,#1151,#1152,#1153,#1154,#1155,#1156,#1157,#1158,#1159,#1160,
    #1161,#1162,#1163,#1164,#1165,#1166,#1167,#1168,#1169,#1170,#1171,
    #1172,#1173,#1174,#1175,#1176,#1177,#1178,#1179,#1180,#1181,#1182,
    #1183,#1184,#1185,#1186,#1187,#1188),.UNSPECIFIED.,.T.,.F.,(8,6,6,6,
    6,6,6,6,6,6,6,6,6,6,6,6,6,6,6,6,6,6,6,6,6,6,6,6,6,6,6,6,6,8),(0.,
    2.304000050718E-02,7.728303747005E-02,0.125978851963,0.173742612366,
    0.215149952509,0.25252131291,0.274006020903,0.287754567808,
    0.303465056452,0.311401709963,0.315032408174,0.319267660282,
    0.364100411069,0.385872385259,0.423664601185,0.466377710562,
    0.494565927012,0.563735635852,0.613200797126,0.633598209031,
    0.662082478785,0.673424026193,0.682253154279,0.707269109968,
    0.748494793706,0.820734928003,0.827891301059,0.887069996231,
    0.921609160927,0.956812420247,0.966187030955,0.973672577173,1.),
  .UNSPECIFIED.);
#989 = CARTESIAN_POINT('',(32.984584915614,-19.43984721033));
#990 = CARTESIAN_POINT('',(33.337431563759,-18.66503840673));
#991 = CARTESIAN_POINT('',(33.673040568329,-17.88238341038));
#992 = CARTESIAN_POINT('',(33.991349311894,-17.09240681162));
#993 = CARTESIAN_POINT('',(34.292305525643,-16.29562278135));
#994 = CARTESIAN_POINT('',(34.575866080404,-15.49253462374));
#995 = CARTESIAN_POINT('',(34.841995777647,-14.68363432884));
#996 = CARTESIAN_POINT('',(35.676110384753,-11.95245652902));
#997 = CARTESIAN_POINT('',(36.164755773554,-10.00604461644));
#998 = CARTESIAN_POINT('',(36.556280788146,-8.036323282202));
#999 = CARTESIAN_POINT('',(36.850464071986,-6.049300093484));
#1000 = CARTESIAN_POINT('',(37.047196482667,-4.050836666017));
#1001 = CARTESIAN_POINT('',(37.146451579086,-2.046646311457));
#1002 = CARTESIAN_POINT('',(37.149797217197,1.757096333058));
#1003 = CARTESIAN_POINT('',(37.072808314988,3.556517431965));
#1004 = CARTESIAN_POINT('',(36.91725207989,5.351937198963));
#1005 = CARTESIAN_POINT('',(36.68314487741,7.139225224548));
#1006 = CARTESIAN_POINT('',(36.370552708231,8.914164495517));
#1007 = CARTESIAN_POINT('',(35.979606515012,10.672452512336));
#1008 = CARTESIAN_POINT('',(35.050362997344,14.113695714506));
#1009 = CARTESIAN_POINT('',(34.515050278823,15.79737113974));
#1010 = CARTESIAN_POINT('',(33.904750378592,17.456575412257));
#1011 = CARTESIAN_POINT('',(33.219760892197,19.086910327449));
#1012 = CARTESIAN_POINT('',(32.460544450882,20.683754868329));
#1013 = CARTESIAN_POINT('',(31.627779962371,22.242286527992));
#1014 = CARTESIAN_POINT('',(29.937516581418,25.071066925281));
#1015 = CARTESIAN_POINT('',(29.098080602438,26.352040712708));
#1016 = CARTESIAN_POINT('',(28.204730857321,27.597131049383));
#1017 = CARTESIAN_POINT('',(27.258300951513,28.802879607404));
#1018 = CARTESIAN_POINT('',(26.259866513031,29.96569260151));
#1019 = CARTESIAN_POINT('',(25.210795511372,31.081880877938));
#1020 = CARTESIAN_POINT('',(23.121837856435,33.109646544948));
#1021 = CARTESIAN_POINT('',(22.091022568925,34.030563512348));
#1022 = CARTESIAN_POINT('',(21.021655400659,34.907678573164));
#1023 = CARTESIAN_POINT('',(19.915275989612,35.738189765407));
#1024 = CARTESIAN_POINT('',(18.773695608835,36.519308387716));
#1025 = CARTESIAN_POINT('',(17.599035508645,37.248311201901));
#1026 = CARTESIAN_POINT('',(15.700875789163,38.310260861229));
#1027 = CARTESIAN_POINT('',(14.997859203086,38.679833974699));
#1028 = CARTESIAN_POINT('',(14.285199389476,39.030835521667));
#1029 = CARTESIAN_POINT('',(13.563401334221,39.362791291806));
#1030 = CARTESIAN_POINT('',(12.833004186022,39.675249705914));
#1031 = CARTESIAN_POINT('',(12.094583154574,39.967786074409));
#1032 = CARTESIAN_POINT('',(10.87147693317,40.414207044284));
#1033 = CARTESIAN_POINT('',(10.391166611654,40.580088437293));
#1034 = CARTESIAN_POINT('',(9.907980782076,40.737548075179));
#1035 = CARTESIAN_POINT('',(9.422084602057,40.886488824786));
#1036 = CARTESIAN_POINT('',(8.933648173719,41.026819796848));
#1037 = CARTESIAN_POINT('',(8.442846668443,41.158456763385));
#1038 = CARTESIAN_POINT('',(7.386524237661,41.421721553462));
#1039 = CARTESIAN_POINT('',(6.82033387278,41.550667792852));
#1040 = CARTESIAN_POINT('',(6.251559102348,41.668046019116));
#1041 = CARTESIAN_POINT('',(5.680475402128,41.773753854622));
#1042 = CARTESIAN_POINT('',(5.107364077706,41.867702400418));
#1043 = CARTESIAN_POINT('',(4.532512363921,41.949816818403));
#1044 = CARTESIAN_POINT('',(3.665077817896,42.055510830117));
#1045 = CARTESIAN_POINT('',(3.37357252842,42.087949253493));
#1046 = CARTESIAN_POINT('',(3.081735315417,42.11734442824));
#1047 = CARTESIAN_POINT('',(2.789604037413,42.143689589264));
#1048 = CARTESIAN_POINT('',(2.497216751894,42.166978961757));
#1049 = CARTESIAN_POINT('',(2.204611715314,42.187207761198));
#1050 = CARTESIAN_POINT('',(1.777890384356,42.212224227342));
#1051 = CARTESIAN_POINT('',(1.644091703799,42.219424676183));
#1052 = CARTESIAN_POINT('',(1.510433064107,42.225976333547));
#1053 = CARTESIAN_POINT('',(1.376916169308,42.231881973579));
#1054 = CARTESIAN_POINT('',(1.243542704771,42.237144350895));
#1055 = CARTESIAN_POINT('',(1.110314337201,42.241766200587));
#1056 = CARTESIAN_POINT('',(0.821991438802,42.25039766491));
#1057 = CARTESIAN_POINT('',(0.666900151958,42.254177601451));
#1058 = CARTESIAN_POINT('',(0.512023425845,42.257094086266));
#1059 = CARTESIAN_POINT('',(0.357387157334,42.259151127408));
#1060 = CARTESIAN_POINT('',(0.202978568432,42.260352702557));
#1061 = CARTESIAN_POINT('',(4.874620628215E-02,42.260702759021));
#1062 = CARTESIAN_POINT('',(-1.737133144547,42.254938390556));
#1063 = CARTESIAN_POINT('',(-3.368717004563,42.154543954264));
#1064 = CARTESIAN_POINT('',(-4.993212013234,41.959027724773));
#1065 = CARTESIAN_POINT('',(-6.604048958356,41.669465918042));
#1066 = CARTESIAN_POINT('',(-8.19500050027,41.287809638688));
#1067 = CARTESIAN_POINT('',(-9.76016883303,40.816792475753));
#1068 = CARTESIAN_POINT('',(-12.03885360998,39.98951943727));
#1069 = CARTESIAN_POINT('',(-12.77636726405,39.698839594983));
#1070 = CARTESIAN_POINT('',(-13.50591947771,39.388291564695));
#1071 = CARTESIAN_POINT('',(-14.22693683736,39.058296326658));
#1072 = CARTESIAN_POINT('',(-14.93888167489,38.709301732931));
#1073 = CARTESIAN_POINT('',(-15.64125019651,38.341778288863));
#1074 = CARTESIAN_POINT('',(-17.53531384313,37.286946571026));
#1075 = CARTESIAN_POINT('',(-18.70678994845,36.563318095525));
#1076 = CARTESIAN_POINT('',(-19.8455382103,35.787883882751));
#1077 = CARTESIAN_POINT('',(-20.94945223343,34.963331703787));
#1078 = CARTESIAN_POINT('',(-22.0167314069,34.092415417924));
#1079 = CARTESIAN_POINT('',(-23.04584331886,33.177903550471));
#1080 = CARTESIAN_POINT('',(-25.15401293948,31.142787347212));
#1081 = CARTESIAN_POINT('',(-26.22212515221,30.010853334568));
#1082 = CARTESIAN_POINT('',(-27.23801723465,28.830663099404));
#1083 = CARTESIAN_POINT('',(-28.20024747712,27.606088093252));
#1084 = CARTESIAN_POINT('',(-29.10768627096,26.34089885554));
#1085 = CARTESIAN_POINT('',(-29.95946166038,25.038721573756));
#1086 = CARTESIAN_POINT('',(-31.27986579357,22.821503561333));
#1087 = CARTESIAN_POINT('',(-31.78028530826,21.925400905238));
#1088 = CARTESIAN_POINT('',(-32.25598189528,21.015685097479));
#1089 = CARTESIAN_POINT('',(-32.70679913991,20.093323400173));
#1090 = CARTESIAN_POINT('',(-33.13260985365,19.159257417759));
#1091 = CARTESIAN_POINT('',(-33.53331190326,18.214401056319));
#1092 = CARTESIAN_POINT('',(-34.83027521456,14.916792516213));
#1093 = CARTESIAN_POINT('',(-35.59993728556,12.514578801064));
#1094 = CARTESIAN_POINT('',(-36.21682090113,10.065713313025));
#1095 = CARTESIAN_POINT('',(-36.68027099358,7.582460047898));
#1096 = CARTESIAN_POINT('',(-36.99000568486,5.076642315296));
#1097 = CARTESIAN_POINT('',(-37.14600002133,2.559628567997));
#1098 = CARTESIAN_POINT('',(-37.14979819959,-1.757923302491));
#1099 = CARTESIAN_POINT('',(-37.07273743514,-3.558156662326));
#1100 = CARTESIAN_POINT('',(-36.91703988219,-5.354362620362));
#1101 = CARTESIAN_POINT('',(-36.68272505431,-7.142407061843));
#1102 = CARTESIAN_POINT('',(-36.36986165853,-8.918070061067));
#1103 = CARTESIAN_POINT('',(-35.97858270045,-10.67704680655));
#1104 = CARTESIAN_POINT('',(-35.3154739727,-13.13158440937));
#1105 = CARTESIAN_POINT('',(-35.10857045118,-13.84463032562));
#1106 = CARTESIAN_POINT('',(-34.88838297509,-14.55377108906));
#1107 = CARTESIAN_POINT('',(-34.65492995578,-15.25868809885));
#1108 = CARTESIAN_POINT('',(-34.40823357511,-15.95905682058));
#1109 = CARTESIAN_POINT('',(-34.14832030728,-16.65454695438));
#1110 = CARTESIAN_POINT('',(-33.49384845958,-18.30876831658));
#1111 = CARTESIAN_POINT('',(-33.08676335141,-19.2625419328));
#1112 = CARTESIAN_POINT('',(-32.65405083253,-20.20523047538));
#1113 = CARTESIAN_POINT('',(-32.19581753533,-21.13588982409));
#1114 = CARTESIAN_POINT('',(-31.71219643685,-22.05354688593));
#1115 = CARTESIAN_POINT('',(-31.20335128728,-22.95720176644));
#1116 = CARTESIAN_POINT('',(-30.45691056407,-24.19965395184));
#1117 = CARTESIAN_POINT('',(-30.24369208175,-24.54557056905));
#1118 = CARTESIAN_POINT('',(-30.02984192843,-24.88401351501));
#1119 = CARTESIAN_POINT('',(-29.81536979154,-25.21536827145));
#1120 = CARTESIAN_POINT('',(-29.6002833487,-25.5399750627));
#1121 = CARTESIAN_POINT('',(-29.38459290733,-25.85813183875));
#1122 = CARTESIAN_POINT('',(-28.9999495897,-26.41295500531));
#1123 = CARTESIAN_POINT('',(-28.82958587218,-26.65442888726));
#1124 = CARTESIAN_POINT('',(-28.65723107835,-26.89449403774));
#1125 = CARTESIAN_POINT('',(-28.48289174825,-27.13312539843));
#1126 = CARTESIAN_POINT('',(-28.30657477528,-27.37029771924));
#1127 = CARTESIAN_POINT('',(-28.12828740626,-27.60598555834));
#1128 = CARTESIAN_POINT('',(-27.43732654663,-28.50366929379));
#1129 = CARTESIAN_POINT('',(-26.91085891971,-29.15505231764));
#1130 = CARTESIAN_POINT('',(-26.36880705174,-29.79373051498));
#1131 = CARTESIAN_POINT('',(-25.81136795319,-30.41910987852));
#1132 = CARTESIAN_POINT('',(-25.23876576006,-31.03058676135));
#1133 = CARTESIAN_POINT('',(-24.65125454002,-31.62755040594));
#1134 = CARTESIAN_POINT('',(-23.05681989967,-33.16823544708));
#1135 = CARTESIAN_POINT('',(-22.02479451615,-34.08601156493));
#1136 = CARTESIAN_POINT('',(-20.9543463087,-34.95993881533));
#1137 = CARTESIAN_POINT('',(-19.84702115985,-35.78722111203));
#1138 = CARTESIAN_POINT('',(-18.7046364573,-36.56507728067));
#1139 = CARTESIAN_POINT('',(-17.52931923972,-37.29079323956));
#1140 = CARTESIAN_POINT('',(-14.21068492941,-39.13758465441));
#1141 = CARTESIAN_POINT('',(-12.00325286651,-40.14595664857));
#1142 = CARTESIAN_POINT('',(-9.715980902448,-40.97189240562));
#1143 = CARTESIAN_POINT('',(-7.365626276546,-41.60332154945));
#1144 = CARTESIAN_POINT('',(-4.970950581457,-42.03123115863));
#1145 = CARTESIAN_POINT('',(-2.552822060716,-42.25012607981));
#1146 = CARTESIAN_POINT('',(0.104898789113,-42.26108551004));
#1147 = CARTESIAN_POINT('',(0.344459479107,-42.26002308371));
#1148 = CARTESIAN_POINT('',(0.584008618373,-42.25691026707));
#1149 = CARTESIAN_POINT('',(0.823523490351,-42.25174734637));
#1150 = CARTESIAN_POINT('',(1.062984425827,-42.24453509126));
#1151 = CARTESIAN_POINT('',(1.302369645292,-42.23527470354));
#1152 = CARTESIAN_POINT('',(3.520425262032,-42.13046731323));
#1153 = CARTESIAN_POINT('',(5.492904591527,-41.89700943762));
#1154 = CARTESIAN_POINT('',(7.446580269438,-41.52448704419));
#1155 = CARTESIAN_POINT('',(9.37007251962,-41.01612947848));
#1156 = CARTESIAN_POINT('',(11.252982784681,-40.37681323705));
#1157 = CARTESIAN_POINT('',(13.085844281834,-39.61284167807));
#1158 = CARTESIAN_POINT('',(15.895655029022,-38.21769064302));
#1159 = CARTESIAN_POINT('',(16.911376800835,-37.6635899316));
#1160 = CARTESIAN_POINT('',(17.905683351745,-37.07101067784));
#1161 = CARTESIAN_POINT('',(18.877157569657,-36.44148919016));
#1162 = CARTESIAN_POINT('',(19.824543209759,-35.77661917635));
#1163 = CARTESIAN_POINT('',(20.746729363575,-35.07802733774));
#1164 = CARTESIAN_POINT('',(22.555976932458,-33.60263580214));
#1165 = CARTESIAN_POINT('',(23.442027652285,-32.82458558606));
#1166 = CARTESIAN_POINT('',(24.299872214306,-32.01493213573));
#1167 = CARTESIAN_POINT('',(25.128640322702,-31.17540497403));
#1168 = CARTESIAN_POINT('',(25.927594322497,-30.30771992988));
#1169 = CARTESIAN_POINT('',(26.696112964912,-29.41356271961));
#1170 = CARTESIAN_POINT('',(27.63008762727,-28.2498458906));
#1171 = CARTESIAN_POINT('',(27.826039253438,-28.00119715004));
#1172 = CARTESIAN_POINT('',(28.021518336853,-27.74851663555));
#1173 = CARTESIAN_POINT('',(28.216514545343,-27.4916837492));
#1174 = CARTESIAN_POINT('',(28.411017954947,-27.23056623038));
#1175 = CARTESIAN_POINT('',(28.605018075926,-26.96501941986));
#1176 = CARTESIAN_POINT('',(28.95299883378,-26.47918592587));
#1177 = CARTESIAN_POINT('',(29.105892713625,-26.2623396591));
#1178 = CARTESIAN_POINT('',(29.257179878849,-26.04436469032));
#1179 = CARTESIAN_POINT('',(29.406855845903,-25.82527892649));
#1180 = CARTESIAN_POINT('',(29.554916287147,-25.60510021485));
#1181 = CARTESIAN_POINT('',(29.701357030853,-25.38384634296));
#1182 = CARTESIAN_POINT('',(30.355510197766,-24.37964370615));
#1183 = CARTESIAN_POINT('',(30.84475983947,-23.58467367964));
#1184 = CARTESIAN_POINT('',(31.313751781187,-22.77739092772));
#1185 = CARTESIAN_POINT('',(31.762341337782,-21.95854510588));
#1186 = CARTESIAN_POINT('',(32.190407404598,-21.12886794376));
#1187 = CARTESIAN_POINT('',(32.59784951795,-20.28907163219));
#1188 = CARTESIAN_POINT('',(32.984584915614,-19.43984721033));
#1189 = ( GEOMETRIC_REPRESENTATION_CONTEXT(2) 
PARAMETRIC_REPRESENTATION_CONTEXT() REPRESENTATION_CONTEXT('2D SPACE',''
  ) );
#1190 = PCURVE('',#1191,#1227);
#1191 = ( BOUNDED_SURFACE() B_SPLINE_SURFACE(2,2,(
    (#1192,#1193,#1194,#1195,#1196)
    ,(#1197,#1198,#1199,#1200,#1201)
    ,(#1202,#1203,#1204,#1205,#1206)
    ,(#1207,#1208,#1209,#1210,#1211)
    ,(#1212,#1213,#1214,#1215,#1216)
    ,(#1217,#1218,#1219,#1220,#1221)
    ,(#1222,#1223,#1224,#1225,#1226
)),.UNSPECIFIED.,.T.,.F.,.F.) B_SPLINE_SURFACE_WITH_KNOTS((1,2,2,2,2,1),
  (3,2,3),(-2.094395102393,0.,2.094395102393,4.188790204786,
    6.28318530718,8.377580409573),(-1.570796326795,0.,1.570796326795),
.UNSPECIFIED.) GEOMETRIC_REPRESENTATION_ITEM() RATIONAL_B_SPLINE_SURFACE
((
    (1.,0.707106781187,1.,0.707106781187,1.)
    ,(0.5,0.353553390593,0.5,0.353553390593,0.5)
    ,(1.,0.707106781187,1.,0.707106781187,1.)
    ,(0.5,0.353553390593,0.5,0.353553390593,0.5)
    ,(1.,0.707106781187,1.,0.707106781187,1.)
    ,(0.5,0.353553390593,0.5,0.353553390593,0.5)
,(1.,0.707106781187,1.,0.707106781187,1.
))) REPRESENTATION_ITEM('') SURFACE() );
#1192 = CARTESIAN_POINT('',(3.796405077357E-15,0.,-54.5));
#1193 = CARTESIAN_POINT('',(62.,0.,-54.5));
#1194 = CARTESIAN_POINT('',(62.,0.,0.));
#1195 = CARTESIAN_POINT('',(62.,0.,54.5));
#1196 = CARTESIAN_POINT('',(3.796405077357E-15,0.,54.5));
#1197 = CARTESIAN_POINT('',(3.796405077357E-15,8.696716957544E-15,-54.5)
  );
#1198 = CARTESIAN_POINT('',(62.,142.02816622064,-54.5));
#1199 = CARTESIAN_POINT('',(62.,142.02816622064,0.));
#1200 = CARTESIAN_POINT('',(62.,142.02816622064,54.5));
#1201 = CARTESIAN_POINT('',(3.796405077357E-15,8.696716957544E-15,54.5)
  );
#1202 = CARTESIAN_POINT('',(-1.898202538678E-15,4.348358478772E-15,-54.5
    ));
#1203 = CARTESIAN_POINT('',(-31.,71.014083110324,-54.5));
#1204 = CARTESIAN_POINT('',(-31.,71.014083110324,0.));
#1205 = CARTESIAN_POINT('',(-31.,71.014083110324,54.5));
#1206 = CARTESIAN_POINT('',(-1.898202538678E-15,4.348358478772E-15,54.5)
  );
#1207 = CARTESIAN_POINT('',(-7.592810154714E-15,1.229803021783E-30,-54.5
    ));
#1208 = CARTESIAN_POINT('',(-124.,2.008420750602E-14,-54.5));
#1209 = CARTESIAN_POINT('',(-124.,2.008420750602E-14,0.));
#1210 = CARTESIAN_POINT('',(-124.,2.008420750602E-14,54.5));
#1211 = CARTESIAN_POINT('',(-7.592810154714E-15,1.229803021783E-30,54.5)
  );
#1212 = CARTESIAN_POINT('',(-1.898202538678E-15,-4.348358478772E-15,
    -54.5));
#1213 = CARTESIAN_POINT('',(-31.,-71.01408311032,-54.5));
#1214 = CARTESIAN_POINT('',(-31.,-71.01408311032,0.));
#1215 = CARTESIAN_POINT('',(-31.,-71.01408311032,54.5));
#1216 = CARTESIAN_POINT('',(-1.898202538678E-15,-4.348358478772E-15,54.5
    ));
#1217 = CARTESIAN_POINT('',(3.796405077357E-15,-8.696716957544E-15,-54.5
    ));
#1218 = CARTESIAN_POINT('',(62.,-142.0281662206,-54.5));
#1219 = CARTESIAN_POINT('',(62.,-142.0281662206,0.));
#1220 = CARTESIAN_POINT('',(62.,-142.0281662206,54.5));
#1221 = CARTESIAN_POINT('',(3.796405077357E-15,-8.696716957544E-15,54.5)
  );
#1222 = CARTESIAN_POINT('',(3.796405077357E-15,0.,-54.5));
#1223 = CARTESIAN_POINT('',(62.,0.,-54.5));
#1224 = CARTESIAN_POINT('',(62.,0.,0.));
#1225 = CARTESIAN_POINT('',(62.,0.,54.5));
#1226 = CARTESIAN_POINT('',(3.796405077357E-15,0.,54.5));
#1227 = DEFINITIONAL_REPRESENTATION('',(#1228),#1429);
#1228 = B_SPLINE_CURVE_WITH_KNOTS('',7,(#1229,#1230,#1231,#1232,#1233,
    #1234,#1235,#1236,#1237,#1238,#1239,#1240,#1241,#1242,#1243,#1244,
    #1245,#1246,#1247,#1248,#1249,#1250,#1251,#1252,#1253,#1254,#1255,
    #1256,#1257,#1258,#1259,#1260,#1261,#1262,#1263,#1264,#1265,#1266,
    #1267,#1268,#1269,#1270,#1271,#1272,#1273,#1274,#1275,#1276,#1277,
    #1278,#1279,#1280,#1281,#1282,#1283,#1284,#1285,#1286,#1287,#1288,
    #1289,#1290,#1291,#1292,#1293,#1294,#1295,#1296,#1297,#1298,#1299,
    #1300,#1301,#1302,#1303,#1304,#1305,#1306,#1307,#1308,#1309,#1310,
    #1311,#1312,#1313,#1314,#1315,#1316,#1317,#1318,#1319,#1320,#1321,
    #1322,#1323,#1324,#1325,#1326,#1327,#1328,#1329,#1330,#1331,#1332,
    #1333,#1334,#1335,#1336,#1337,#1338,#1339,#1340,#1341,#1342,#1343,
    #1344,#1345,#1346,#1347,#1348,#1349,#1350,#1351,#1352,#1353,#1354,
    #1355,#1356,#1357,#1358,#1359,#1360,#1361,#1362,#1363,#1364,#1365,
    #1366,#1367,#1368,#1369,#1370,#1371,#1372,#1373,#1374,#1375,#1376,
    #1377,#1378,#1379,#1380,#1381,#1382,#1383,#1384,#1385,#1386,#1387,
    #1388,#1389,#1390,#1391,#1392,#1393,#1394,#1395,#1396,#1397,#1398,
    #1399,#1400,#1401,#1402,#1403,#1404,#1405,#1406,#1407,#1408,#1409,
    #1410,#1411,#1412,#1413,#1414,#1415,#1416,#1417,#1418,#1419,#1420,
    #1421,#1422,#1423,#1424,#1425,#1426,#1427,#1428),.UNSPECIFIED.,.T.,
  .F.,(8,6,6,6,6,6,6,6,6,6,6,6,6,6,6,6,6,6,6,6,6,6,6,6,6,6,6,6,6,6,6,6,6
    ,8),(0.,2.304000050718E-02,7.728303747005E-02,0.125978851963,
    0.173742612366,0.215149952509,0.25252131291,0.274006020903,
    0.287754567808,0.303465056452,0.311401709963,0.315032408174,
    0.319267660282,0.364100411069,0.385872385259,0.423664601185,
    0.466377710562,0.494565927012,0.563735635852,0.613200797126,
    0.633598209031,0.662082478785,0.673424026193,0.682253154279,
    0.707269109968,0.748494793706,0.820734928003,0.827891301059,
    0.887069996231,0.921609160927,0.956812420247,0.966187030955,
    0.973672577173,1.),.UNSPECIFIED.);
#1229 = CARTESIAN_POINT('',(4.327788818385,-0.656878463932));
#1230 = CARTESIAN_POINT('',(4.34415586196,-0.664624358725));
#1231 = CARTESIAN_POINT('',(4.360786815262,-0.67204273661));
#1232 = CARTESIAN_POINT('',(4.37766691317,-0.679125861238));
#1233 = CARTESIAN_POINT('',(4.394779901614,-0.685865850246));
#1234 = CARTESIAN_POINT('',(4.412108095287,-0.692254820312));
#1235 = CARTESIAN_POINT('',(4.429632435342,-0.698285032193));
#1236 = CARTESIAN_POINT('',(4.489003892366,-0.717283790515));
#1237 = CARTESIAN_POINT('',(4.531647502306,-0.728588071011));
#1238 = CARTESIAN_POINT('',(4.575000924952,-0.737766315768));
#1239 = CARTESIAN_POINT('',(4.618756496411,-0.744728273833));
#1240 = CARTESIAN_POINT('',(4.662576533795,-0.749406712431));
#1241 = CARTESIAN_POINT('',(4.706119272253,-0.751767060199));
#1242 = CARTESIAN_POINT('',(4.787638850444,-0.751846624218));
#1243 = CARTESIAN_POINT('',(4.825727241309,-0.750015754276));
#1244 = CARTESIAN_POINT('',(4.863116187343,-0.746316011126));
#1245 = CARTESIAN_POINT('',(4.89959552904,-0.740769094481));
#1246 = CARTESIAN_POINT('',(4.93498819214,-0.733418323909));
#1247 = CARTESIAN_POINT('',(4.969158048268,-0.724323427635));
#1248 = CARTESIAN_POINT('',(5.034227058988,-0.70298389868));
#1249 = CARTESIAN_POINT('',(5.065174868133,-0.690803418799));
#1250 = CARTESIAN_POINT('',(5.094757408714,-0.677072013308));
#1251 = CARTESIAN_POINT('',(5.12291456665,-0.661860619988));
#1252 = CARTESIAN_POINT('',(5.1496157235,-0.645241566862));
#1253 = CARTESIAN_POINT('',(5.174853523064,-0.627283643473));
#1254 = CARTESIAN_POINT('',(5.219251136384,-0.591373929636));
#1255 = CARTESIAN_POINT('',(5.238772282666,-0.573739851227));
#1256 = CARTESIAN_POINT('',(5.257202338272,-0.555187623515));
#1257 = CARTESIAN_POINT('',(5.274552953038,-0.535755543885));
#1258 = CARTESIAN_POINT('',(5.290840202481,-0.515478249425));
#1259 = CARTESIAN_POINT('',(5.306082119443,-0.494386609196));
#1260 = CARTESIAN_POINT('',(5.333126008606,-0.452762873988));
#1261 = CARTESIAN_POINT('',(5.345118473427,-0.432376618068));
#1262 = CARTESIAN_POINT('',(5.356287120869,-0.411370874409));
#1263 = CARTESIAN_POINT('',(5.366645091342,-0.389765001981));
#1264 = CARTESIAN_POINT('',(5.376204762449,-0.367576846274));
#1265 = CARTESIAN_POINT('',(5.384977126468,-0.344823630723));
#1266 = CARTESIAN_POINT('',(5.397567510603,-0.308128278657));
#1267 = CARTESIAN_POINT('',(5.401906379539,-0.294552256136));
#1268 = CARTESIAN_POINT('',(5.405989919232,-0.280798890884));
#1269 = CARTESIAN_POINT('',(5.409819762076,-0.266871612427));
#1270 = CARTESIAN_POINT('',(5.41339738536,-0.252773900035));
#1271 = CARTESIAN_POINT('',(5.416724095618,-0.238509380756));
#1272 = CARTESIAN_POINT('',(5.421770001471,-0.214849476227));
#1273 = CARTESIAN_POINT('',(5.423636704864,-0.205550281674));
#1274 = CARTESIAN_POINT('',(5.42540141927,-0.196185354212));
#1275 = CARTESIAN_POINT('',(5.427064416632,-0.186755717005));
#1276 = CARTESIAN_POINT('',(5.428625943856,-0.177262418896));
#1277 = CARTESIAN_POINT('',(5.430086221935,-0.16770654734));
#1278 = CARTESIAN_POINT('',(5.432998631738,-0.147099528924));
#1279 = CARTESIAN_POINT('',(5.434419867925,-0.136029569503));
#1280 = CARTESIAN_POINT('',(5.435709442567,-0.12488107628));
#1281 = CARTESIAN_POINT('',(5.436867607537,-0.113655789182));
#1282 = CARTESIAN_POINT('',(5.437894576744,-0.1023555029));
#1283 = CARTESIAN_POINT('',(5.43879052523,-9.098209490839E-02));
#1284 = CARTESIAN_POINT('',(5.439942084211,-7.375597905065E-02));
#1285 = CARTESIAN_POINT('',(5.440295177483,-6.795624603921E-02));
#1286 = CARTESIAN_POINT('',(5.440614885819,-6.213860680171E-02));
#1287 = CARTESIAN_POINT('',(5.440901224651,-5.630331857277E-02));
#1288 = CARTESIAN_POINT('',(5.441154207097,-5.045064348652E-02));
#1289 = CARTESIAN_POINT('',(5.441373843965,-4.458084857661E-02));
#1290 = CARTESIAN_POINT('',(5.441645368375,-3.600130461147E-02));
#1291 = CARTESIAN_POINT('',(5.441723504694,-3.330841317864E-02));
#1292 = CARTESIAN_POINT('',(5.441794587831,-3.061553133735E-02));
#1293 = CARTESIAN_POINT('',(5.441858652084,-2.79226589514E-02));
#1294 = CARTESIAN_POINT('',(5.441915730926,-2.522979588873E-02));
#1295 = CARTESIAN_POINT('',(5.441965857001,-2.253694202145E-02));
#1296 = CARTESIAN_POINT('',(5.442059461426,-1.670286214253E-02));
#1297 = CARTESIAN_POINT('',(5.442100447543,-1.356211465553E-02));
#1298 = CARTESIAN_POINT('',(5.442132068038,-1.042052275956E-02));
#1299 = CARTESIAN_POINT('',(5.442154369083,-7.277717681504E-03));
#1300 = CARTESIAN_POINT('',(5.442167395475,-4.134293880375E-03));
#1301 = CARTESIAN_POINT('',(5.442171190629,-9.918090472893E-04));
#1302 = CARTESIAN_POINT('',(5.442108697248,3.537572729084E-02));
#1303 = CARTESIAN_POINT('',(5.441020281331,6.812398198172E-02));
#1304 = CARTESIAN_POINT('',(5.438900143422,0.100336183101));
#1305 = CARTESIAN_POINT('',(5.435746704649,0.131969216581));
#1306 = CARTESIAN_POINT('',(5.431555179543,0.162985789351));
#1307 = CARTESIAN_POINT('',(5.426317798378,0.193349602913));
#1308 = CARTESIAN_POINT('',(5.416970959031,0.237432539214));
#1309 = CARTESIAN_POINT('',(5.413666857918,0.2516804064));
#1310 = CARTESIAN_POINT('',(5.410112874576,0.265762306093));
#1311 = CARTESIAN_POINT('',(5.406307717203,0.279674626149));
#1312 = CARTESIAN_POINT('',(5.40224992464,0.293413902591));
#1313 = CARTESIAN_POINT('',(5.397937881742,0.306976722187));
#1314 = CARTESIAN_POINT('',(5.385440530017,0.343589927864));
#1315 = CARTESIAN_POINT('',(5.376739814874,0.366278297503));
#1316 = CARTESIAN_POINT('',(5.367258486551,0.388406808958));
#1317 = CARTESIAN_POINT('',(5.356985730129,0.409958448754));
#1318 = CARTESIAN_POINT('',(5.345909358483,0.430915613265));
#1319 = CARTESIAN_POINT('',(5.334016416869,0.451259227171));
#1320 = CARTESIAN_POINT('',(5.306915331792,0.493244062821));
#1321 = CARTESIAN_POINT('',(5.291477161944,0.514709313555));
#1322 = CARTESIAN_POINT('',(5.274960640998,0.535335115741));
#1323 = CARTESIAN_POINT('',(5.257346797235,0.555089196753));
#1324 = CARTESIAN_POINT('',(5.238618705278,0.573935260452));
#1325 = CARTESIAN_POINT('',(5.218764155399,0.59183310103));
#1326 = CARTESIAN_POINT('',(5.183929953721,0.619897091349));
#1327 = CARTESIAN_POINT('',(5.169588584983,0.630622710061));
#1328 = CARTESIAN_POINT('',(5.154753668945,0.640904218488));
#1329 = CARTESIAN_POINT('',(5.13942570256,0.650728553427));
#1330 = CARTESIAN_POINT('',(5.123607334487,0.660082184022));
#1331 = CARTESIAN_POINT('',(5.107303819346,0.668951369587));
#1332 = CARTESIAN_POINT('',(5.049346984477,0.697863729177));
#1333 = CARTESIAN_POINT('',(5.005303977965,0.715402703278));
#1334 = CARTESIAN_POINT('',(4.958513234847,0.729744233882));
#1335 = CARTESIAN_POINT('',(4.909206369167,0.740680451204));
#1336 = CARTESIAN_POINT('',(4.857786955185,0.748046950146));
#1337 = CARTESIAN_POINT('',(4.804810853642,0.751756321516));
#1338 = CARTESIAN_POINT('',(4.712325830943,0.751846647581));
#1339 = CARTESIAN_POINT('',(4.673282846691,0.750014069328));
#1340 = CARTESIAN_POINT('',(4.633982905438,0.746310963531));
#1341 = CARTESIAN_POINT('',(4.594670959057,0.740759147953));
#1342 = CARTESIAN_POINT('',(4.555592183827,0.733402077639));
#1343 = CARTESIAN_POINT('',(4.516976084733,0.724299613436));
#1344 = CARTESIAN_POINT('',(4.463375959369,0.709072141315));
#1345 = CARTESIAN_POINT('',(4.447839938353,0.704340797211));
#1346 = CARTESIAN_POINT('',(4.432431594753,0.699328699371));
#1347 = CARTESIAN_POINT('',(4.417164584342,0.694040791796));
#1348 = CARTESIAN_POINT('',(4.402051811271,0.688482177521));
#1349 = CARTESIAN_POINT('',(4.387105369443,0.682658038235));
#1350 = CARTESIAN_POINT('',(4.351712253642,0.668076785093));
#1351 = CARTESIAN_POINT('',(4.331434338173,0.659072336703));
#1352 = CARTESIAN_POINT('',(4.311533366955,0.649574334989));
#1353 = CARTESIAN_POINT('',(4.292036837082,0.639596941517));
#1354 = CARTESIAN_POINT('',(4.272969234928,0.629154085394));
#1355 = CARTESIAN_POINT('',(4.254352157802,0.618259195489));
#1356 = CARTESIAN_POINT('',(4.228978578888,0.60241198288));
#1357 = CARTESIAN_POINT('',(4.221939969633,0.597899849876));
#1358 = CARTESIAN_POINT('',(4.215078173017,0.593388593867));
#1359 = CARTESIAN_POINT('',(4.208383872643,0.588878135253));
#1360 = CARTESIAN_POINT('',(4.201848789537,0.58436835208));
#1361 = CARTESIAN_POINT('',(4.195465601148,0.579859177501));
#1362 = CARTESIAN_POINT('',(4.18437192576,0.571840951335));
#1363 = CARTESIAN_POINT('',(4.179580273583,0.568297399428));
#1364 = CARTESIAN_POINT('',(4.174854376786,0.564720312674));
#1365 = CARTESIAN_POINT('',(4.170194833373,0.561109957645));
#1366 = CARTESIAN_POINT('',(4.165601366393,0.55746659634));
#1367 = CARTESIAN_POINT('',(4.161072823941,0.553790486183));
#1368 = CARTESIAN_POINT('',(4.143954472,0.539574123597));
#1369 = CARTESIAN_POINT('',(4.131813200626,0.528805493228));
#1370 = CARTESIAN_POINT('',(4.120168345853,0.517781732153));
#1371 = CARTESIAN_POINT('',(4.109005544343,0.506508275518));
#1372 = CARTESIAN_POINT('',(4.098311138519,0.494990267404));
#1373 = CARTESIAN_POINT('',(4.088072226488,0.483232577858));
#1374 = CARTESIAN_POINT('',(4.062133943354,0.451476047878));
#1375 = CARTESIAN_POINT('',(4.047195148551,0.431073620831));
#1376 = CARTESIAN_POINT('',(4.033406532178,0.41005356478));
#1377 = CARTESIAN_POINT('',(4.02071990545,0.38843514922));
#1378 = CARTESIAN_POINT('',(4.00909298749,0.366236149609));
#1379 = CARTESIAN_POINT('',(3.998489406708,0.343473741915));
#1380 = CARTESIAN_POINT('',(3.972036953225,0.27932371589));
#1381 = CARTESIAN_POINT('',(3.958234780376,0.236786246838));
#1382 = CARTESIAN_POINT('',(3.947323724877,0.192677419472));
#1383 = CARTESIAN_POINT('',(3.939181380294,0.147102092862));
#1384 = CARTESIAN_POINT('',(3.933731362529,0.10016154032));
#1385 = CARTESIAN_POINT('',(3.930944877355,5.197544498474E-02));
#1386 = CARTESIAN_POINT('',(3.930805369518,-2.134287098301E-03));
#1387 = CARTESIAN_POINT('',(3.930818894044,-7.029772659811E-03));
#1388 = CARTESIAN_POINT('',(3.930858516428,-1.187332854027E-02));
#1389 = CARTESIAN_POINT('',(3.93092423923,-1.674706399777E-02));
#1390 = CARTESIAN_POINT('',(3.931016068006,-2.158366358293E-02));
#1391 = CARTESIAN_POINT('',(3.931134011944,-2.641952610849E-02));
#1392 = CARTESIAN_POINT('',(3.93246946359,-7.112562242865E-02));
#1393 = CARTESIAN_POINT('',(3.935447705803,-0.110257614253));
#1394 = CARTESIAN_POINT('',(3.940220406194,-0.148540001967));
#1395 = CARTESIAN_POINT('',(3.946808248626,-0.18590454165));
#1396 = CARTESIAN_POINT('',(3.955252135549,-0.222292522439));
#1397 = CARTESIAN_POINT('',(3.965612855508,-0.257645452407));
#1398 = CARTESIAN_POINT('',(3.985174469699,-0.31189009955));
#1399 = CARTESIAN_POINT('',(3.993063169671,-0.331509715211));
#1400 = CARTESIAN_POINT('',(4.001647195724,-0.35074647136));
#1401 = CARTESIAN_POINT('',(4.010945149618,-0.369590157593));
#1402 = CARTESIAN_POINT('',(4.020978434385,-0.388030576508));
#1403 = CARTESIAN_POINT('',(4.031771288942,-0.406057083129));
#1404 = CARTESIAN_POINT('',(4.055152780258,-0.44159808325));
#1405 = CARTESIAN_POINT('',(4.067772042018,-0.459096166765));
#1406 = CARTESIAN_POINT('',(4.081237255654,-0.476140985614));
#1407 = CARTESIAN_POINT('',(4.095580459559,-0.492720185076));
#1408 = CARTESIAN_POINT('',(4.110836802947,-0.508820514718));
#1409 = CARTESIAN_POINT('',(4.127044374557,-0.524427651846));
#1410 = CARTESIAN_POINT('',(4.148824291534,-0.543546714317));
#1411 = CARTESIAN_POINT('',(4.153515350596,-0.547566830798));
#1412 = CARTESIAN_POINT('',(4.158321802911,-0.551586324182));
#1413 = CARTESIAN_POINT('',(4.163248651283,-0.555605171743));
#1414 = CARTESIAN_POINT('',(4.168301363567,-0.559623358));
#1415 = CARTESIAN_POINT('',(4.173485929289,-0.563640854455));
#1416 = CARTESIAN_POINT('',(4.183059275692,-0.570864935685));
#1417 = CARTESIAN_POINT('',(4.187371230947,-0.574045354742));
#1418 = CARTESIAN_POINT('',(4.191729623178,-0.577198667324));
#1419 = CARTESIAN_POINT('',(4.196124027124,-0.580324680222));
#1420 = CARTESIAN_POINT('',(4.200548751116,-0.58342319621));
#1421 = CARTESIAN_POINT('',(4.205002837075,-0.586494014052));
#1422 = CARTESIAN_POINT('',(4.225272079008,-0.600239166226));
#1423 = CARTESIAN_POINT('',(4.241449936826,-0.610596212324));
#1424 = CARTESIAN_POINT('',(4.258011401989,-0.620599235979));
#1425 = CARTESIAN_POINT('',(4.274942603968,-0.630238874039));
#1426 = CARTESIAN_POINT('',(4.292227913265,-0.639505355101));
#1427 = CARTESIAN_POINT('',(4.309849820981,-0.648388623605));
#1428 = CARTESIAN_POINT('',(4.327788818385,-0.656878463932));
#1429 = ( GEOMETRIC_REPRESENTATION_CONTEXT(2) 
PARAMETRIC_REPRESENTATION_CONTEXT() REPRESENTATION_CONTEXT('2D SPACE',''
  ) );
#1430 = ADVANCED_FACE('',(#1431),#1191,.F.);
#1431 = FACE_BOUND('',#1432,.F.);
#1432 = EDGE_LOOP('',(#1433));
#1433 = ORIENTED_EDGE('',*,*,#781,.T.);
#1434 = ( GEOMETRIC_REPRESENTATION_CONTEXT(3) 
GLOBAL_UNCERTAINTY_ASSIGNED_CONTEXT((#1438)) 
GLOBAL_UNIT_ASSIGNED_CONTEXT((#1435,#1436,#1437)) REPRESENTATION_CONTEXT
('Context #1','3D Context with UNIT and UNCERTAINTY') );
#1435 = ( LENGTH_UNIT() NAMED_UNIT(*) SI_UNIT(.MILLI.,.METRE.) );
#1436 = ( NAMED_UNIT(*) PLANE_ANGLE_UNIT() SI_UNIT($,.RADIAN.) );
#1437 = ( NAMED_UNIT(*) SI_UNIT($,.STERADIAN.) SOLID_ANGLE_UNIT() );
#1438 = UNCERTAINTY_MEASURE_WITH_UNIT(LENGTH_MEASURE(1.E-04),#1435,
  'distance_accuracy_value','confusion accuracy');
#1439 = PRODUCT_RELATED_PRODUCT_CATEGORY('part',$,(#7));
ENDSEC;
END-ISO-10303-21;
