ISO-10303-21;
HEADER;
FILE_DESCRIPTION(('Open CASCADE Model'),'2;1');
FILE_NAME('Open CASCADE Shape Model','2026-03-14T09:11:54',('Author'),(
    'Open CASCADE'),'Open CASCADE STEP processor 7.8','Open CASCADE 7.8'
  ,'Unknown');
FILE_SCHEMA(('AUTOMOTIVE_DESIGN { 1 0 10303 214 1 1 1 1 }'));
ENDSEC;
DATA;
#1 = APPLICATION_PROTOCOL_DEFINITION('international standard',
  'automotive_design',2000,#2);
#2 = APPLICATION_CONTEXT(
  'core data for automotive mechanical design processes');
#3 = SHAPE_DEFINITION_REPRESENTATION(#4,#10);
#4 = PRODUCT_DEFINITION_SHAPE('','',#5);
#5 = PRODUCT_DEFINITION('design','',#6,#9);
#6 = PRODUCT_DEFINITION_FORMATION('','',#7);
#7 = PRODUCT('Open CASCADE STEP translator 7.8 5',
  'Open CASCADE STEP translator 7.8 5','',(#8));
#8 = PRODUCT_CONTEXT('',#2,'mechanical');
#9 = PRODUCT_DEFINITION_CONTEXT('part definition',#2,'design');
#10 = ADVANCED_BREP_SHAPE_REPRESENTATION('',(#11,#15),#4063);
#11 = AXIS2_PLACEMENT_3D('',#12,#13,#14);
#12 = CARTESIAN_POINT('',(0.,0.,0.));
#13 = DIRECTION('',(0.,0.,1.));
#14 = DIRECTION('',(1.,0.,-0.));
#15 = MANIFOLD_SOLID_BREP('',#16);
#16 = CLOSED_SHELL('',(#17,#137,#575,#625,#679,#1792,#1819,#1846,#1873,
    #1900,#1907,#1984,#2033,#2087,#2136,#2186,#2235,#2289,#2316,#2431,
    #2459,#2464,#2492,#2499,#2504,#2619,#2647,#2652,#2680,#2687,#2692,
    #2807,#2835,#2840,#2868,#2875,#2880,#2995,#3000,#3028,#3056,#3063,
    #3068,#3558,#3584,#3612,#3617,#3643,#3671,#3676,#3847,#3874,#3903,
    #3908,#3958,#3963,#3969,#4004,#4059));
#17 = ADVANCED_FACE('',(#18),#32,.F.);
#18 = FACE_BOUND('',#19,.F.);
#19 = EDGE_LOOP('',(#20,#55,#83,#111));
#20 = ORIENTED_EDGE('',*,*,#21,.F.);
#21 = EDGE_CURVE('',#22,#24,#26,.T.);
#22 = VERTEX_POINT('',#23);
#23 = CARTESIAN_POINT('',(-65.,-75.,55.));
#24 = VERTEX_POINT('',#25);
#25 = CARTESIAN_POINT('',(-65.,75.,55.));
#26 = SURFACE_CURVE('',#27,(#31,#43),.PCURVE_S1.);
#27 = LINE('',#28,#29);
#28 = CARTESIAN_POINT('',(-65.,-85.,55.));
#29 = VECTOR('',#30,1.);
#30 = DIRECTION('',(0.,1.,0.));
#31 = PCURVE('',#32,#37);
#32 = PLANE('',#33);
#33 = AXIS2_PLACEMENT_3D('',#34,#35,#36);
#34 = CARTESIAN_POINT('',(-65.,-85.,0.));
#35 = DIRECTION('',(1.,0.,0.));
#36 = DIRECTION('',(0.,0.,1.));
#37 = DEFINITIONAL_REPRESENTATION('',(#38),#42);
#38 = LINE('',#39,#40);
#39 = CARTESIAN_POINT('',(55.,0.));
#40 = VECTOR('',#41,1.);
#41 = DIRECTION('',(0.,-1.));
#42 = ( GEOMETRIC_REPRESENTATION_CONTEXT(2) 
PARAMETRIC_REPRESENTATION_CONTEXT() REPRESENTATION_CONTEXT('2D SPACE',''
  ) );
#43 = PCURVE('',#44,#49);
#44 = PLANE('',#45);
#45 = AXIS2_PLACEMENT_3D('',#46,#47,#48);
#46 = CARTESIAN_POINT('',(-65.,-85.,55.));
#47 = DIRECTION('',(0.,0.,1.));
#48 = DIRECTION('',(1.,0.,0.));
#49 = DEFINITIONAL_REPRESENTATION('',(#50),#54);
#50 = LINE('',#51,#52);
#51 = CARTESIAN_POINT('',(0.,0.));
#52 = VECTOR('',#53,1.);
#53 = DIRECTION('',(0.,1.));
#54 = ( GEOMETRIC_REPRESENTATION_CONTEXT(2) 
PARAMETRIC_REPRESENTATION_CONTEXT() REPRESENTATION_CONTEXT('2D SPACE',''
  ) );
#55 = ORIENTED_EDGE('',*,*,#56,.F.);
#56 = EDGE_CURVE('',#57,#22,#59,.T.);
#57 = VERTEX_POINT('',#58);
#58 = CARTESIAN_POINT('',(-65.,-75.,0.));
#59 = SURFACE_CURVE('',#60,(#64,#71),.PCURVE_S1.);
#60 = LINE('',#61,#62);
#61 = CARTESIAN_POINT('',(-65.,-75.,0.));
#62 = VECTOR('',#63,1.);
#63 = DIRECTION('',(0.,0.,1.));
#64 = PCURVE('',#32,#65);
#65 = DEFINITIONAL_REPRESENTATION('',(#66),#70);
#66 = LINE('',#67,#68);
#67 = CARTESIAN_POINT('',(0.,-10.));
#68 = VECTOR('',#69,1.);
#69 = DIRECTION('',(1.,0.));
#70 = ( GEOMETRIC_REPRESENTATION_CONTEXT(2) 
PARAMETRIC_REPRESENTATION_CONTEXT() REPRESENTATION_CONTEXT('2D SPACE',''
  ) );
#71 = PCURVE('',#72,#77);
#72 = CYLINDRICAL_SURFACE('',#73,10.);
#73 = AXIS2_PLACEMENT_3D('',#74,#75,#76);
#74 = CARTESIAN_POINT('',(-55.,-75.,0.));
#75 = DIRECTION('',(0.,0.,1.));
#76 = DIRECTION('',(-1.,-0.,0.));
#77 = DEFINITIONAL_REPRESENTATION('',(#78),#82);
#78 = LINE('',#79,#80);
#79 = CARTESIAN_POINT('',(0.,0.));
#80 = VECTOR('',#81,1.);
#81 = DIRECTION('',(0.,1.));
#82 = ( GEOMETRIC_REPRESENTATION_CONTEXT(2) 
PARAMETRIC_REPRESENTATION_CONTEXT() REPRESENTATION_CONTEXT('2D SPACE',''
  ) );
#83 = ORIENTED_EDGE('',*,*,#84,.T.);
#84 = EDGE_CURVE('',#57,#85,#87,.T.);
#85 = VERTEX_POINT('',#86);
#86 = CARTESIAN_POINT('',(-65.,75.,0.));
#87 = SURFACE_CURVE('',#88,(#92,#99),.PCURVE_S1.);
#88 = LINE('',#89,#90);
#89 = CARTESIAN_POINT('',(-65.,-85.,0.));
#90 = VECTOR('',#91,1.);
#91 = DIRECTION('',(0.,1.,0.));
#92 = PCURVE('',#32,#93);
#93 = DEFINITIONAL_REPRESENTATION('',(#94),#98);
#94 = LINE('',#95,#96);
#95 = CARTESIAN_POINT('',(0.,0.));
#96 = VECTOR('',#97,1.);
#97 = DIRECTION('',(0.,-1.));
#98 = ( GEOMETRIC_REPRESENTATION_CONTEXT(2) 
PARAMETRIC_REPRESENTATION_CONTEXT() REPRESENTATION_CONTEXT('2D SPACE',''
  ) );
#99 = PCURVE('',#100,#105);
#100 = PLANE('',#101);
#101 = AXIS2_PLACEMENT_3D('',#102,#103,#104);
#102 = CARTESIAN_POINT('',(-65.,-85.,0.));
#103 = DIRECTION('',(0.,0.,1.));
#104 = DIRECTION('',(1.,0.,0.));
#105 = DEFINITIONAL_REPRESENTATION('',(#106),#110);
#106 = LINE('',#107,#108);
#107 = CARTESIAN_POINT('',(0.,0.));
#108 = VECTOR('',#109,1.);
#109 = DIRECTION('',(0.,1.));
#110 = ( GEOMETRIC_REPRESENTATION_CONTEXT(2) 
PARAMETRIC_REPRESENTATION_CONTEXT() REPRESENTATION_CONTEXT('2D SPACE',''
  ) );
#111 = ORIENTED_EDGE('',*,*,#112,.T.);
#112 = EDGE_CURVE('',#85,#24,#113,.T.);
#113 = SURFACE_CURVE('',#114,(#118,#125),.PCURVE_S1.);
#114 = LINE('',#115,#116);
#115 = CARTESIAN_POINT('',(-65.,75.,0.));
#116 = VECTOR('',#117,1.);
#117 = DIRECTION('',(0.,0.,1.));
#118 = PCURVE('',#32,#119);
#119 = DEFINITIONAL_REPRESENTATION('',(#120),#124);
#120 = LINE('',#121,#122);
#121 = CARTESIAN_POINT('',(0.,-160.));
#122 = VECTOR('',#123,1.);
#123 = DIRECTION('',(1.,0.));
#124 = ( GEOMETRIC_REPRESENTATION_CONTEXT(2) 
PARAMETRIC_REPRESENTATION_CONTEXT() REPRESENTATION_CONTEXT('2D SPACE',''
  ) );
#125 = PCURVE('',#126,#131);
#126 = CYLINDRICAL_SURFACE('',#127,10.);
#127 = AXIS2_PLACEMENT_3D('',#128,#129,#130);
#128 = CARTESIAN_POINT('',(-55.,75.,0.));
#129 = DIRECTION('',(0.,0.,1.));
#130 = DIRECTION('',(-1.,-0.,0.));
#131 = DEFINITIONAL_REPRESENTATION('',(#132),#136);
#132 = LINE('',#133,#134);
#133 = CARTESIAN_POINT('',(-0.,0.));
#134 = VECTOR('',#135,1.);
#135 = DIRECTION('',(-0.,1.));
#136 = ( GEOMETRIC_REPRESENTATION_CONTEXT(2) 
PARAMETRIC_REPRESENTATION_CONTEXT() REPRESENTATION_CONTEXT('2D SPACE',''
  ) );
#137 = ADVANCED_FACE('',(#138,#337),#44,.T.);
#138 = FACE_BOUND('',#139,.T.);
#139 = EDGE_LOOP('',(#140,#141,#165,#193,#226,#254,#283,#311));
#140 = ORIENTED_EDGE('',*,*,#21,.F.);
#141 = ORIENTED_EDGE('',*,*,#142,.T.);
#142 = EDGE_CURVE('',#22,#143,#145,.T.);
#143 = VERTEX_POINT('',#144);
#144 = CARTESIAN_POINT('',(-55.,-85.,55.));
#145 = SURFACE_CURVE('',#146,(#151,#158),.PCURVE_S1.);
#146 = CIRCLE('',#147,10.);
#147 = AXIS2_PLACEMENT_3D('',#148,#149,#150);
#148 = CARTESIAN_POINT('',(-55.,-75.,55.));
#149 = DIRECTION('',(0.,0.,1.));
#150 = DIRECTION('',(0.,-1.,0.));
#151 = PCURVE('',#44,#152);
#152 = DEFINITIONAL_REPRESENTATION('',(#153),#157);
#153 = CIRCLE('',#154,10.);
#154 = AXIS2_PLACEMENT_2D('',#155,#156);
#155 = CARTESIAN_POINT('',(10.,10.));
#156 = DIRECTION('',(0.,-1.));
#157 = ( GEOMETRIC_REPRESENTATION_CONTEXT(2) 
PARAMETRIC_REPRESENTATION_CONTEXT() REPRESENTATION_CONTEXT('2D SPACE',''
  ) );
#158 = PCURVE('',#72,#159);
#159 = DEFINITIONAL_REPRESENTATION('',(#160),#164);
#160 = LINE('',#161,#162);
#161 = CARTESIAN_POINT('',(-4.712388980385,55.));
#162 = VECTOR('',#163,1.);
#163 = DIRECTION('',(1.,0.));
#164 = ( GEOMETRIC_REPRESENTATION_CONTEXT(2) 
PARAMETRIC_REPRESENTATION_CONTEXT() REPRESENTATION_CONTEXT('2D SPACE',''
  ) );
#165 = ORIENTED_EDGE('',*,*,#166,.T.);
#166 = EDGE_CURVE('',#143,#167,#169,.T.);
#167 = VERTEX_POINT('',#168);
#168 = CARTESIAN_POINT('',(55.,-85.,55.));
#169 = SURFACE_CURVE('',#170,(#174,#181),.PCURVE_S1.);
#170 = LINE('',#171,#172);
#171 = CARTESIAN_POINT('',(-65.,-85.,55.));
#172 = VECTOR('',#173,1.);
#173 = DIRECTION('',(1.,0.,0.));
#174 = PCURVE('',#44,#175);
#175 = DEFINITIONAL_REPRESENTATION('',(#176),#180);
#176 = LINE('',#177,#178);
#177 = CARTESIAN_POINT('',(0.,0.));
#178 = VECTOR('',#179,1.);
#179 = DIRECTION('',(1.,0.));
#180 = ( GEOMETRIC_REPRESENTATION_CONTEXT(2) 
PARAMETRIC_REPRESENTATION_CONTEXT() REPRESENTATION_CONTEXT('2D SPACE',''
  ) );
#181 = PCURVE('',#182,#187);
#182 = PLANE('',#183);
#183 = AXIS2_PLACEMENT_3D('',#184,#185,#186);
#184 = CARTESIAN_POINT('',(-65.,-85.,0.));
#185 = DIRECTION('',(0.,1.,0.));
#186 = DIRECTION('',(0.,0.,1.));
#187 = DEFINITIONAL_REPRESENTATION('',(#188),#192);
#188 = LINE('',#189,#190);
#189 = CARTESIAN_POINT('',(55.,0.));
#190 = VECTOR('',#191,1.);
#191 = DIRECTION('',(0.,1.));
#192 = ( GEOMETRIC_REPRESENTATION_CONTEXT(2) 
PARAMETRIC_REPRESENTATION_CONTEXT() REPRESENTATION_CONTEXT('2D SPACE',''
  ) );
#193 = ORIENTED_EDGE('',*,*,#194,.F.);
#194 = EDGE_CURVE('',#195,#167,#197,.T.);
#195 = VERTEX_POINT('',#196);
#196 = CARTESIAN_POINT('',(65.,-75.,55.));
#197 = SURFACE_CURVE('',#198,(#203,#214),.PCURVE_S1.);
#198 = CIRCLE('',#199,10.);
#199 = AXIS2_PLACEMENT_3D('',#200,#201,#202);
#200 = CARTESIAN_POINT('',(55.,-75.,55.));
#201 = DIRECTION('',(-0.,-0.,-1.));
#202 = DIRECTION('',(0.,-1.,0.));
#203 = PCURVE('',#44,#204);
#204 = DEFINITIONAL_REPRESENTATION('',(#205),#213);
#205 = ( BOUNDED_CURVE() B_SPLINE_CURVE(2,(#206,#207,#208,#209,#210,#211
,#212),.UNSPECIFIED.,.T.,.F.) B_SPLINE_CURVE_WITH_KNOTS((1,2,2,2,2,1),(
    -2.094395102393,0.,2.094395102393,4.188790204786,6.28318530718,
8.377580409573),.UNSPECIFIED.) CURVE() GEOMETRIC_REPRESENTATION_ITEM() 
RATIONAL_B_SPLINE_CURVE((1.,0.5,1.,0.5,1.,0.5,1.)) REPRESENTATION_ITEM(
  '') );
#206 = CARTESIAN_POINT('',(120.,0.));
#207 = CARTESIAN_POINT('',(102.67949192431,0.));
#208 = CARTESIAN_POINT('',(111.33974596215,15.));
#209 = CARTESIAN_POINT('',(120.,30.));
#210 = CARTESIAN_POINT('',(128.66025403784,15.));
#211 = CARTESIAN_POINT('',(137.32050807568,1.59872115546E-14));
#212 = CARTESIAN_POINT('',(120.,0.));
#213 = ( GEOMETRIC_REPRESENTATION_CONTEXT(2) 
PARAMETRIC_REPRESENTATION_CONTEXT() REPRESENTATION_CONTEXT('2D SPACE',''
  ) );
#214 = PCURVE('',#215,#220);
#215 = CYLINDRICAL_SURFACE('',#216,10.);
#216 = AXIS2_PLACEMENT_3D('',#217,#218,#219);
#217 = CARTESIAN_POINT('',(55.,-75.,0.));
#218 = DIRECTION('',(0.,0.,1.));
#219 = DIRECTION('',(1.,0.,-0.));
#220 = DEFINITIONAL_REPRESENTATION('',(#221),#225);
#221 = LINE('',#222,#223);
#222 = CARTESIAN_POINT('',(4.712388980385,55.));
#223 = VECTOR('',#224,1.);
#224 = DIRECTION('',(-1.,0.));
#225 = ( GEOMETRIC_REPRESENTATION_CONTEXT(2) 
PARAMETRIC_REPRESENTATION_CONTEXT() REPRESENTATION_CONTEXT('2D SPACE',''
  ) );
#226 = ORIENTED_EDGE('',*,*,#227,.T.);
#227 = EDGE_CURVE('',#195,#228,#230,.T.);
#228 = VERTEX_POINT('',#229);
#229 = CARTESIAN_POINT('',(65.,75.,55.));
#230 = SURFACE_CURVE('',#231,(#235,#242),.PCURVE_S1.);
#231 = LINE('',#232,#233);
#232 = CARTESIAN_POINT('',(65.,-85.,55.));
#233 = VECTOR('',#234,1.);
#234 = DIRECTION('',(0.,1.,0.));
#235 = PCURVE('',#44,#236);
#236 = DEFINITIONAL_REPRESENTATION('',(#237),#241);
#237 = LINE('',#238,#239);
#238 = CARTESIAN_POINT('',(130.,0.));
#239 = VECTOR('',#240,1.);
#240 = DIRECTION('',(0.,1.));
#241 = ( GEOMETRIC_REPRESENTATION_CONTEXT(2) 
PARAMETRIC_REPRESENTATION_CONTEXT() REPRESENTATION_CONTEXT('2D SPACE',''
  ) );
#242 = PCURVE('',#243,#248);
#243 = PLANE('',#244);
#244 = AXIS2_PLACEMENT_3D('',#245,#246,#247);
#245 = CARTESIAN_POINT('',(65.,-85.,0.));
#246 = DIRECTION('',(1.,0.,0.));
#247 = DIRECTION('',(0.,0.,1.));
#248 = DEFINITIONAL_REPRESENTATION('',(#249),#253);
#249 = LINE('',#250,#251);
#250 = CARTESIAN_POINT('',(55.,0.));
#251 = VECTOR('',#252,1.);
#252 = DIRECTION('',(0.,-1.));
#253 = ( GEOMETRIC_REPRESENTATION_CONTEXT(2) 
PARAMETRIC_REPRESENTATION_CONTEXT() REPRESENTATION_CONTEXT('2D SPACE',''
  ) );
#254 = ORIENTED_EDGE('',*,*,#255,.T.);
#255 = EDGE_CURVE('',#228,#256,#258,.T.);
#256 = VERTEX_POINT('',#257);
#257 = CARTESIAN_POINT('',(55.,85.,55.));
#258 = SURFACE_CURVE('',#259,(#264,#271),.PCURVE_S1.);
#259 = CIRCLE('',#260,10.);
#260 = AXIS2_PLACEMENT_3D('',#261,#262,#263);
#261 = CARTESIAN_POINT('',(55.,75.,55.));
#262 = DIRECTION('',(0.,0.,1.));
#263 = DIRECTION('',(0.,-1.,0.));
#264 = PCURVE('',#44,#265);
#265 = DEFINITIONAL_REPRESENTATION('',(#266),#270);
#266 = CIRCLE('',#267,10.);
#267 = AXIS2_PLACEMENT_2D('',#268,#269);
#268 = CARTESIAN_POINT('',(120.,160.));
#269 = DIRECTION('',(0.,-1.));
#270 = ( GEOMETRIC_REPRESENTATION_CONTEXT(2) 
PARAMETRIC_REPRESENTATION_CONTEXT() REPRESENTATION_CONTEXT('2D SPACE',''
  ) );
#271 = PCURVE('',#272,#277);
#272 = CYLINDRICAL_SURFACE('',#273,10.);
#273 = AXIS2_PLACEMENT_3D('',#274,#275,#276);
#274 = CARTESIAN_POINT('',(55.,75.,0.));
#275 = DIRECTION('',(0.,0.,1.));
#276 = DIRECTION('',(1.,0.,-0.));
#277 = DEFINITIONAL_REPRESENTATION('',(#278),#282);
#278 = LINE('',#279,#280);
#279 = CARTESIAN_POINT('',(-1.570796326795,55.));
#280 = VECTOR('',#281,1.);
#281 = DIRECTION('',(1.,0.));
#282 = ( GEOMETRIC_REPRESENTATION_CONTEXT(2) 
PARAMETRIC_REPRESENTATION_CONTEXT() REPRESENTATION_CONTEXT('2D SPACE',''
  ) );
#283 = ORIENTED_EDGE('',*,*,#284,.F.);
#284 = EDGE_CURVE('',#285,#256,#287,.T.);
#285 = VERTEX_POINT('',#286);
#286 = CARTESIAN_POINT('',(-55.,85.,55.));
#287 = SURFACE_CURVE('',#288,(#292,#299),.PCURVE_S1.);
#288 = LINE('',#289,#290);
#289 = CARTESIAN_POINT('',(-65.,85.,55.));
#290 = VECTOR('',#291,1.);
#291 = DIRECTION('',(1.,0.,0.));
#292 = PCURVE('',#44,#293);
#293 = DEFINITIONAL_REPRESENTATION('',(#294),#298);
#294 = LINE('',#295,#296);
#295 = CARTESIAN_POINT('',(0.,170.));
#296 = VECTOR('',#297,1.);
#297 = DIRECTION('',(1.,0.));
#298 = ( GEOMETRIC_REPRESENTATION_CONTEXT(2) 
PARAMETRIC_REPRESENTATION_CONTEXT() REPRESENTATION_CONTEXT('2D SPACE',''
  ) );
#299 = PCURVE('',#300,#305);
#300 = PLANE('',#301);
#301 = AXIS2_PLACEMENT_3D('',#302,#303,#304);
#302 = CARTESIAN_POINT('',(-65.,85.,0.));
#303 = DIRECTION('',(0.,1.,0.));
#304 = DIRECTION('',(0.,0.,1.));
#305 = DEFINITIONAL_REPRESENTATION('',(#306),#310);
#306 = LINE('',#307,#308);
#307 = CARTESIAN_POINT('',(55.,0.));
#308 = VECTOR('',#309,1.);
#309 = DIRECTION('',(0.,1.));
#310 = ( GEOMETRIC_REPRESENTATION_CONTEXT(2) 
PARAMETRIC_REPRESENTATION_CONTEXT() REPRESENTATION_CONTEXT('2D SPACE',''
  ) );
#311 = ORIENTED_EDGE('',*,*,#312,.F.);
#312 = EDGE_CURVE('',#24,#285,#313,.T.);
#313 = SURFACE_CURVE('',#314,(#319,#330),.PCURVE_S1.);
#314 = CIRCLE('',#315,10.);
#315 = AXIS2_PLACEMENT_3D('',#316,#317,#318);
#316 = CARTESIAN_POINT('',(-55.,75.,55.));
#317 = DIRECTION('',(-0.,-0.,-1.));
#318 = DIRECTION('',(0.,-1.,0.));
#319 = PCURVE('',#44,#320);
#320 = DEFINITIONAL_REPRESENTATION('',(#321),#329);
#321 = ( BOUNDED_CURVE() B_SPLINE_CURVE(2,(#322,#323,#324,#325,#326,#327
,#328),.UNSPECIFIED.,.T.,.F.) B_SPLINE_CURVE_WITH_KNOTS((1,2,2,2,2,1),(
    -2.094395102393,0.,2.094395102393,4.188790204786,6.28318530718,
8.377580409573),.UNSPECIFIED.) CURVE() GEOMETRIC_REPRESENTATION_ITEM() 
RATIONAL_B_SPLINE_CURVE((1.,0.5,1.,0.5,1.,0.5,1.)) REPRESENTATION_ITEM(
  '') );
#322 = CARTESIAN_POINT('',(10.,150.));
#323 = CARTESIAN_POINT('',(-7.320508075689,150.));
#324 = CARTESIAN_POINT('',(1.339745962156,165.));
#325 = CARTESIAN_POINT('',(10.,180.));
#326 = CARTESIAN_POINT('',(18.660254037844,165.));
#327 = CARTESIAN_POINT('',(27.320508075689,150.));
#328 = CARTESIAN_POINT('',(10.,150.));
#329 = ( GEOMETRIC_REPRESENTATION_CONTEXT(2) 
PARAMETRIC_REPRESENTATION_CONTEXT() REPRESENTATION_CONTEXT('2D SPACE',''
  ) );
#330 = PCURVE('',#126,#331);
#331 = DEFINITIONAL_REPRESENTATION('',(#332),#336);
#332 = LINE('',#333,#334);
#333 = CARTESIAN_POINT('',(1.570796326795,55.));
#334 = VECTOR('',#335,1.);
#335 = DIRECTION('',(-1.,0.));
#336 = ( GEOMETRIC_REPRESENTATION_CONTEXT(2) 
PARAMETRIC_REPRESENTATION_CONTEXT() REPRESENTATION_CONTEXT('2D SPACE',''
  ) );
#337 = FACE_BOUND('',#338,.T.);
#338 = EDGE_LOOP('',(#339,#370,#398,#431,#459,#488,#516,#549));
#339 = ORIENTED_EDGE('',*,*,#340,.F.);
#340 = EDGE_CURVE('',#341,#343,#345,.T.);
#341 = VERTEX_POINT('',#342);
#342 = CARTESIAN_POINT('',(-62.,-75.,55.));
#343 = VERTEX_POINT('',#344);
#344 = CARTESIAN_POINT('',(-55.,-82.,55.));
#345 = SURFACE_CURVE('',#346,(#351,#358),.PCURVE_S1.);
#346 = CIRCLE('',#347,7.);
#347 = AXIS2_PLACEMENT_3D('',#348,#349,#350);
#348 = CARTESIAN_POINT('',(-55.,-75.,55.));
#349 = DIRECTION('',(0.,0.,1.));
#350 = DIRECTION('',(0.,-1.,0.));
#351 = PCURVE('',#44,#352);
#352 = DEFINITIONAL_REPRESENTATION('',(#353),#357);
#353 = CIRCLE('',#354,7.);
#354 = AXIS2_PLACEMENT_2D('',#355,#356);
#355 = CARTESIAN_POINT('',(10.,10.));
#356 = DIRECTION('',(0.,-1.));
#357 = ( GEOMETRIC_REPRESENTATION_CONTEXT(2) 
PARAMETRIC_REPRESENTATION_CONTEXT() REPRESENTATION_CONTEXT('2D SPACE',''
  ) );
#358 = PCURVE('',#359,#364);
#359 = CYLINDRICAL_SURFACE('',#360,7.);
#360 = AXIS2_PLACEMENT_3D('',#361,#362,#363);
#361 = CARTESIAN_POINT('',(-55.,-75.,3.));
#362 = DIRECTION('',(0.,0.,1.));
#363 = DIRECTION('',(-1.,-0.,0.));
#364 = DEFINITIONAL_REPRESENTATION('',(#365),#369);
#365 = LINE('',#366,#367);
#366 = CARTESIAN_POINT('',(-4.712388980385,52.));
#367 = VECTOR('',#368,1.);
#368 = DIRECTION('',(1.,0.));
#369 = ( GEOMETRIC_REPRESENTATION_CONTEXT(2) 
PARAMETRIC_REPRESENTATION_CONTEXT() REPRESENTATION_CONTEXT('2D SPACE',''
  ) );
#370 = ORIENTED_EDGE('',*,*,#371,.T.);
#371 = EDGE_CURVE('',#341,#372,#374,.T.);
#372 = VERTEX_POINT('',#373);
#373 = CARTESIAN_POINT('',(-62.,75.,55.));
#374 = SURFACE_CURVE('',#375,(#379,#386),.PCURVE_S1.);
#375 = LINE('',#376,#377);
#376 = CARTESIAN_POINT('',(-62.,-82.,55.));
#377 = VECTOR('',#378,1.);
#378 = DIRECTION('',(0.,1.,0.));
#379 = PCURVE('',#44,#380);
#380 = DEFINITIONAL_REPRESENTATION('',(#381),#385);
#381 = LINE('',#382,#383);
#382 = CARTESIAN_POINT('',(3.,3.));
#383 = VECTOR('',#384,1.);
#384 = DIRECTION('',(0.,1.));
#385 = ( GEOMETRIC_REPRESENTATION_CONTEXT(2) 
PARAMETRIC_REPRESENTATION_CONTEXT() REPRESENTATION_CONTEXT('2D SPACE',''
  ) );
#386 = PCURVE('',#387,#392);
#387 = PLANE('',#388);
#388 = AXIS2_PLACEMENT_3D('',#389,#390,#391);
#389 = CARTESIAN_POINT('',(-62.,-82.,3.));
#390 = DIRECTION('',(1.,0.,0.));
#391 = DIRECTION('',(0.,0.,1.));
#392 = DEFINITIONAL_REPRESENTATION('',(#393),#397);
#393 = LINE('',#394,#395);
#394 = CARTESIAN_POINT('',(52.,0.));
#395 = VECTOR('',#396,1.);
#396 = DIRECTION('',(0.,-1.));
#397 = ( GEOMETRIC_REPRESENTATION_CONTEXT(2) 
PARAMETRIC_REPRESENTATION_CONTEXT() REPRESENTATION_CONTEXT('2D SPACE',''
  ) );
#398 = ORIENTED_EDGE('',*,*,#399,.T.);
#399 = EDGE_CURVE('',#372,#400,#402,.T.);
#400 = VERTEX_POINT('',#401);
#401 = CARTESIAN_POINT('',(-55.,82.,55.));
#402 = SURFACE_CURVE('',#403,(#408,#419),.PCURVE_S1.);
#403 = CIRCLE('',#404,7.);
#404 = AXIS2_PLACEMENT_3D('',#405,#406,#407);
#405 = CARTESIAN_POINT('',(-55.,75.,55.));
#406 = DIRECTION('',(-0.,-0.,-1.));
#407 = DIRECTION('',(0.,-1.,0.));
#408 = PCURVE('',#44,#409);
#409 = DEFINITIONAL_REPRESENTATION('',(#410),#418);
#410 = ( BOUNDED_CURVE() B_SPLINE_CURVE(2,(#411,#412,#413,#414,#415,#416
,#417),.UNSPECIFIED.,.T.,.F.) B_SPLINE_CURVE_WITH_KNOTS((1,2,2,2,2,1),(
    -2.094395102393,0.,2.094395102393,4.188790204786,6.28318530718,
8.377580409573),.UNSPECIFIED.) CURVE() GEOMETRIC_REPRESENTATION_ITEM() 
RATIONAL_B_SPLINE_CURVE((1.,0.5,1.,0.5,1.,0.5,1.)) REPRESENTATION_ITEM(
  '') );
#411 = CARTESIAN_POINT('',(10.,153.));
#412 = CARTESIAN_POINT('',(-2.124355652982,153.));
#413 = CARTESIAN_POINT('',(3.937822173509,163.5));
#414 = CARTESIAN_POINT('',(10.,174.));
#415 = CARTESIAN_POINT('',(16.062177826491,163.5));
#416 = CARTESIAN_POINT('',(22.124355652982,153.));
#417 = CARTESIAN_POINT('',(10.,153.));
#418 = ( GEOMETRIC_REPRESENTATION_CONTEXT(2) 
PARAMETRIC_REPRESENTATION_CONTEXT() REPRESENTATION_CONTEXT('2D SPACE',''
  ) );
#419 = PCURVE('',#420,#425);
#420 = CYLINDRICAL_SURFACE('',#421,7.);
#421 = AXIS2_PLACEMENT_3D('',#422,#423,#424);
#422 = CARTESIAN_POINT('',(-55.,75.,3.));
#423 = DIRECTION('',(0.,0.,1.));
#424 = DIRECTION('',(-1.,-0.,0.));
#425 = DEFINITIONAL_REPRESENTATION('',(#426),#430);
#426 = LINE('',#427,#428);
#427 = CARTESIAN_POINT('',(1.570796326795,52.));
#428 = VECTOR('',#429,1.);
#429 = DIRECTION('',(-1.,0.));
#430 = ( GEOMETRIC_REPRESENTATION_CONTEXT(2) 
PARAMETRIC_REPRESENTATION_CONTEXT() REPRESENTATION_CONTEXT('2D SPACE',''
  ) );
#431 = ORIENTED_EDGE('',*,*,#432,.T.);
#432 = EDGE_CURVE('',#400,#433,#435,.T.);
#433 = VERTEX_POINT('',#434);
#434 = CARTESIAN_POINT('',(55.,82.,55.));
#435 = SURFACE_CURVE('',#436,(#440,#447),.PCURVE_S1.);
#436 = LINE('',#437,#438);
#437 = CARTESIAN_POINT('',(-62.,82.,55.));
#438 = VECTOR('',#439,1.);
#439 = DIRECTION('',(1.,0.,0.));
#440 = PCURVE('',#44,#441);
#441 = DEFINITIONAL_REPRESENTATION('',(#442),#446);
#442 = LINE('',#443,#444);
#443 = CARTESIAN_POINT('',(3.,167.));
#444 = VECTOR('',#445,1.);
#445 = DIRECTION('',(1.,0.));
#446 = ( GEOMETRIC_REPRESENTATION_CONTEXT(2) 
PARAMETRIC_REPRESENTATION_CONTEXT() REPRESENTATION_CONTEXT('2D SPACE',''
  ) );
#447 = PCURVE('',#448,#453);
#448 = PLANE('',#449);
#449 = AXIS2_PLACEMENT_3D('',#450,#451,#452);
#450 = CARTESIAN_POINT('',(-62.,82.,3.));
#451 = DIRECTION('',(0.,1.,0.));
#452 = DIRECTION('',(0.,0.,1.));
#453 = DEFINITIONAL_REPRESENTATION('',(#454),#458);
#454 = LINE('',#455,#456);
#455 = CARTESIAN_POINT('',(52.,0.));
#456 = VECTOR('',#457,1.);
#457 = DIRECTION('',(0.,1.));
#458 = ( GEOMETRIC_REPRESENTATION_CONTEXT(2) 
PARAMETRIC_REPRESENTATION_CONTEXT() REPRESENTATION_CONTEXT('2D SPACE',''
  ) );
#459 = ORIENTED_EDGE('',*,*,#460,.F.);
#460 = EDGE_CURVE('',#461,#433,#463,.T.);
#461 = VERTEX_POINT('',#462);
#462 = CARTESIAN_POINT('',(62.,75.,55.));
#463 = SURFACE_CURVE('',#464,(#469,#476),.PCURVE_S1.);
#464 = CIRCLE('',#465,7.);
#465 = AXIS2_PLACEMENT_3D('',#466,#467,#468);
#466 = CARTESIAN_POINT('',(55.,75.,55.));
#467 = DIRECTION('',(0.,0.,1.));
#468 = DIRECTION('',(0.,-1.,0.));
#469 = PCURVE('',#44,#470);
#470 = DEFINITIONAL_REPRESENTATION('',(#471),#475);
#471 = CIRCLE('',#472,7.);
#472 = AXIS2_PLACEMENT_2D('',#473,#474);
#473 = CARTESIAN_POINT('',(120.,160.));
#474 = DIRECTION('',(0.,-1.));
#475 = ( GEOMETRIC_REPRESENTATION_CONTEXT(2) 
PARAMETRIC_REPRESENTATION_CONTEXT() REPRESENTATION_CONTEXT('2D SPACE',''
  ) );
#476 = PCURVE('',#477,#482);
#477 = CYLINDRICAL_SURFACE('',#478,7.);
#478 = AXIS2_PLACEMENT_3D('',#479,#480,#481);
#479 = CARTESIAN_POINT('',(55.,75.,3.));
#480 = DIRECTION('',(0.,0.,1.));
#481 = DIRECTION('',(1.,0.,-0.));
#482 = DEFINITIONAL_REPRESENTATION('',(#483),#487);
#483 = LINE('',#484,#485);
#484 = CARTESIAN_POINT('',(-1.570796326795,52.));
#485 = VECTOR('',#486,1.);
#486 = DIRECTION('',(1.,0.));
#487 = ( GEOMETRIC_REPRESENTATION_CONTEXT(2) 
PARAMETRIC_REPRESENTATION_CONTEXT() REPRESENTATION_CONTEXT('2D SPACE',''
  ) );
#488 = ORIENTED_EDGE('',*,*,#489,.F.);
#489 = EDGE_CURVE('',#490,#461,#492,.T.);
#490 = VERTEX_POINT('',#491);
#491 = CARTESIAN_POINT('',(62.,-75.,55.));
#492 = SURFACE_CURVE('',#493,(#497,#504),.PCURVE_S1.);
#493 = LINE('',#494,#495);
#494 = CARTESIAN_POINT('',(62.,-82.,55.));
#495 = VECTOR('',#496,1.);
#496 = DIRECTION('',(0.,1.,0.));
#497 = PCURVE('',#44,#498);
#498 = DEFINITIONAL_REPRESENTATION('',(#499),#503);
#499 = LINE('',#500,#501);
#500 = CARTESIAN_POINT('',(127.,3.));
#501 = VECTOR('',#502,1.);
#502 = DIRECTION('',(0.,1.));
#503 = ( GEOMETRIC_REPRESENTATION_CONTEXT(2) 
PARAMETRIC_REPRESENTATION_CONTEXT() REPRESENTATION_CONTEXT('2D SPACE',''
  ) );
#504 = PCURVE('',#505,#510);
#505 = PLANE('',#506);
#506 = AXIS2_PLACEMENT_3D('',#507,#508,#509);
#507 = CARTESIAN_POINT('',(62.,-82.,3.));
#508 = DIRECTION('',(1.,0.,0.));
#509 = DIRECTION('',(0.,0.,1.));
#510 = DEFINITIONAL_REPRESENTATION('',(#511),#515);
#511 = LINE('',#512,#513);
#512 = CARTESIAN_POINT('',(52.,0.));
#513 = VECTOR('',#514,1.);
#514 = DIRECTION('',(0.,-1.));
#515 = ( GEOMETRIC_REPRESENTATION_CONTEXT(2) 
PARAMETRIC_REPRESENTATION_CONTEXT() REPRESENTATION_CONTEXT('2D SPACE',''
  ) );
#516 = ORIENTED_EDGE('',*,*,#517,.T.);
#517 = EDGE_CURVE('',#490,#518,#520,.T.);
#518 = VERTEX_POINT('',#519);
#519 = CARTESIAN_POINT('',(55.,-82.,55.));
#520 = SURFACE_CURVE('',#521,(#526,#537),.PCURVE_S1.);
#521 = CIRCLE('',#522,7.);
#522 = AXIS2_PLACEMENT_3D('',#523,#524,#525);
#523 = CARTESIAN_POINT('',(55.,-75.,55.));
#524 = DIRECTION('',(-0.,-0.,-1.));
#525 = DIRECTION('',(0.,-1.,0.));
#526 = PCURVE('',#44,#527);
#527 = DEFINITIONAL_REPRESENTATION('',(#528),#536);
#528 = ( BOUNDED_CURVE() B_SPLINE_CURVE(2,(#529,#530,#531,#532,#533,#534
,#535),.UNSPECIFIED.,.T.,.F.) B_SPLINE_CURVE_WITH_KNOTS((1,2,2,2,2,1),(
    -2.094395102393,0.,2.094395102393,4.188790204786,6.28318530718,
8.377580409573),.UNSPECIFIED.) CURVE() GEOMETRIC_REPRESENTATION_ITEM() 
RATIONAL_B_SPLINE_CURVE((1.,0.5,1.,0.5,1.,0.5,1.)) REPRESENTATION_ITEM(
  '') );
#529 = CARTESIAN_POINT('',(120.,3.));
#530 = CARTESIAN_POINT('',(107.87564434701,3.));
#531 = CARTESIAN_POINT('',(113.9378221735,13.5));
#532 = CARTESIAN_POINT('',(120.,24.));
#533 = CARTESIAN_POINT('',(126.06217782649,13.5));
#534 = CARTESIAN_POINT('',(132.12435565298,3.));
#535 = CARTESIAN_POINT('',(120.,3.));
#536 = ( GEOMETRIC_REPRESENTATION_CONTEXT(2) 
PARAMETRIC_REPRESENTATION_CONTEXT() REPRESENTATION_CONTEXT('2D SPACE',''
  ) );
#537 = PCURVE('',#538,#543);
#538 = CYLINDRICAL_SURFACE('',#539,7.);
#539 = AXIS2_PLACEMENT_3D('',#540,#541,#542);
#540 = CARTESIAN_POINT('',(55.,-75.,3.));
#541 = DIRECTION('',(0.,0.,1.));
#542 = DIRECTION('',(1.,0.,-0.));
#543 = DEFINITIONAL_REPRESENTATION('',(#544),#548);
#544 = LINE('',#545,#546);
#545 = CARTESIAN_POINT('',(4.712388980385,52.));
#546 = VECTOR('',#547,1.);
#547 = DIRECTION('',(-1.,0.));
#548 = ( GEOMETRIC_REPRESENTATION_CONTEXT(2) 
PARAMETRIC_REPRESENTATION_CONTEXT() REPRESENTATION_CONTEXT('2D SPACE',''
  ) );
#549 = ORIENTED_EDGE('',*,*,#550,.F.);
#550 = EDGE_CURVE('',#343,#518,#551,.T.);
#551 = SURFACE_CURVE('',#552,(#556,#563),.PCURVE_S1.);
#552 = LINE('',#553,#554);
#553 = CARTESIAN_POINT('',(-62.,-82.,55.));
#554 = VECTOR('',#555,1.);
#555 = DIRECTION('',(1.,0.,0.));
#556 = PCURVE('',#44,#557);
#557 = DEFINITIONAL_REPRESENTATION('',(#558),#562);
#558 = LINE('',#559,#560);
#559 = CARTESIAN_POINT('',(3.,3.));
#560 = VECTOR('',#561,1.);
#561 = DIRECTION('',(1.,0.));
#562 = ( GEOMETRIC_REPRESENTATION_CONTEXT(2) 
PARAMETRIC_REPRESENTATION_CONTEXT() REPRESENTATION_CONTEXT('2D SPACE',''
  ) );
#563 = PCURVE('',#564,#569);
#564 = PLANE('',#565);
#565 = AXIS2_PLACEMENT_3D('',#566,#567,#568);
#566 = CARTESIAN_POINT('',(-62.,-82.,3.));
#567 = DIRECTION('',(0.,1.,0.));
#568 = DIRECTION('',(0.,0.,1.));
#569 = DEFINITIONAL_REPRESENTATION('',(#570),#574);
#570 = LINE('',#571,#572);
#571 = CARTESIAN_POINT('',(52.,0.));
#572 = VECTOR('',#573,1.);
#573 = DIRECTION('',(0.,1.));
#574 = ( GEOMETRIC_REPRESENTATION_CONTEXT(2) 
PARAMETRIC_REPRESENTATION_CONTEXT() REPRESENTATION_CONTEXT('2D SPACE',''
  ) );
#575 = ADVANCED_FACE('',(#576),#72,.T.);
#576 = FACE_BOUND('',#577,.T.);
#577 = EDGE_LOOP('',(#578,#602,#623,#624));
#578 = ORIENTED_EDGE('',*,*,#579,.T.);
#579 = EDGE_CURVE('',#57,#580,#582,.T.);
#580 = VERTEX_POINT('',#581);
#581 = CARTESIAN_POINT('',(-55.,-85.,0.));
#582 = SURFACE_CURVE('',#583,(#588,#595),.PCURVE_S1.);
#583 = CIRCLE('',#584,10.);
#584 = AXIS2_PLACEMENT_3D('',#585,#586,#587);
#585 = CARTESIAN_POINT('',(-55.,-75.,0.));
#586 = DIRECTION('',(0.,0.,1.));
#587 = DIRECTION('',(0.,-1.,0.));
#588 = PCURVE('',#72,#589);
#589 = DEFINITIONAL_REPRESENTATION('',(#590),#594);
#590 = LINE('',#591,#592);
#591 = CARTESIAN_POINT('',(-4.712388980385,0.));
#592 = VECTOR('',#593,1.);
#593 = DIRECTION('',(1.,0.));
#594 = ( GEOMETRIC_REPRESENTATION_CONTEXT(2) 
PARAMETRIC_REPRESENTATION_CONTEXT() REPRESENTATION_CONTEXT('2D SPACE',''
  ) );
#595 = PCURVE('',#100,#596);
#596 = DEFINITIONAL_REPRESENTATION('',(#597),#601);
#597 = CIRCLE('',#598,10.);
#598 = AXIS2_PLACEMENT_2D('',#599,#600);
#599 = CARTESIAN_POINT('',(10.,10.));
#600 = DIRECTION('',(0.,-1.));
#601 = ( GEOMETRIC_REPRESENTATION_CONTEXT(2) 
PARAMETRIC_REPRESENTATION_CONTEXT() REPRESENTATION_CONTEXT('2D SPACE',''
  ) );
#602 = ORIENTED_EDGE('',*,*,#603,.T.);
#603 = EDGE_CURVE('',#580,#143,#604,.T.);
#604 = SURFACE_CURVE('',#605,(#609,#616),.PCURVE_S1.);
#605 = LINE('',#606,#607);
#606 = CARTESIAN_POINT('',(-55.,-85.,0.));
#607 = VECTOR('',#608,1.);
#608 = DIRECTION('',(0.,0.,1.));
#609 = PCURVE('',#72,#610);
#610 = DEFINITIONAL_REPRESENTATION('',(#611),#615);
#611 = LINE('',#612,#613);
#612 = CARTESIAN_POINT('',(1.570796326795,0.));
#613 = VECTOR('',#614,1.);
#614 = DIRECTION('',(0.,1.));
#615 = ( GEOMETRIC_REPRESENTATION_CONTEXT(2) 
PARAMETRIC_REPRESENTATION_CONTEXT() REPRESENTATION_CONTEXT('2D SPACE',''
  ) );
#616 = PCURVE('',#182,#617);
#617 = DEFINITIONAL_REPRESENTATION('',(#618),#622);
#618 = LINE('',#619,#620);
#619 = CARTESIAN_POINT('',(0.,10.));
#620 = VECTOR('',#621,1.);
#621 = DIRECTION('',(1.,0.));
#622 = ( GEOMETRIC_REPRESENTATION_CONTEXT(2) 
PARAMETRIC_REPRESENTATION_CONTEXT() REPRESENTATION_CONTEXT('2D SPACE',''
  ) );
#623 = ORIENTED_EDGE('',*,*,#142,.F.);
#624 = ORIENTED_EDGE('',*,*,#56,.F.);
#625 = ADVANCED_FACE('',(#626),#126,.T.);
#626 = FACE_BOUND('',#627,.F.);
#627 = EDGE_LOOP('',(#628,#656,#677,#678));
#628 = ORIENTED_EDGE('',*,*,#629,.T.);
#629 = EDGE_CURVE('',#85,#630,#632,.T.);
#630 = VERTEX_POINT('',#631);
#631 = CARTESIAN_POINT('',(-55.,85.,0.));
#632 = SURFACE_CURVE('',#633,(#638,#645),.PCURVE_S1.);
#633 = CIRCLE('',#634,10.);
#634 = AXIS2_PLACEMENT_3D('',#635,#636,#637);
#635 = CARTESIAN_POINT('',(-55.,75.,0.));
#636 = DIRECTION('',(-0.,-0.,-1.));
#637 = DIRECTION('',(0.,-1.,0.));
#638 = PCURVE('',#126,#639);
#639 = DEFINITIONAL_REPRESENTATION('',(#640),#644);
#640 = LINE('',#641,#642);
#641 = CARTESIAN_POINT('',(1.570796326795,-0.));
#642 = VECTOR('',#643,1.);
#643 = DIRECTION('',(-1.,0.));
#644 = ( GEOMETRIC_REPRESENTATION_CONTEXT(2) 
PARAMETRIC_REPRESENTATION_CONTEXT() REPRESENTATION_CONTEXT('2D SPACE',''
  ) );
#645 = PCURVE('',#100,#646);
#646 = DEFINITIONAL_REPRESENTATION('',(#647),#655);
#647 = ( BOUNDED_CURVE() B_SPLINE_CURVE(2,(#648,#649,#650,#651,#652,#653
,#654),.UNSPECIFIED.,.T.,.F.) B_SPLINE_CURVE_WITH_KNOTS((1,2,2,2,2,1),(
    -2.094395102393,0.,2.094395102393,4.188790204786,6.28318530718,
8.377580409573),.UNSPECIFIED.) CURVE() GEOMETRIC_REPRESENTATION_ITEM() 
RATIONAL_B_SPLINE_CURVE((1.,0.5,1.,0.5,1.,0.5,1.)) REPRESENTATION_ITEM(
  '') );
#648 = CARTESIAN_POINT('',(10.,150.));
#649 = CARTESIAN_POINT('',(-7.320508075689,150.));
#650 = CARTESIAN_POINT('',(1.339745962156,165.));
#651 = CARTESIAN_POINT('',(10.,180.));
#652 = CARTESIAN_POINT('',(18.660254037844,165.));
#653 = CARTESIAN_POINT('',(27.320508075689,150.));
#654 = CARTESIAN_POINT('',(10.,150.));
#655 = ( GEOMETRIC_REPRESENTATION_CONTEXT(2) 
PARAMETRIC_REPRESENTATION_CONTEXT() REPRESENTATION_CONTEXT('2D SPACE',''
  ) );
#656 = ORIENTED_EDGE('',*,*,#657,.T.);
#657 = EDGE_CURVE('',#630,#285,#658,.T.);
#658 = SURFACE_CURVE('',#659,(#663,#670),.PCURVE_S1.);
#659 = LINE('',#660,#661);
#660 = CARTESIAN_POINT('',(-55.,85.,0.));
#661 = VECTOR('',#662,1.);
#662 = DIRECTION('',(0.,0.,1.));
#663 = PCURVE('',#126,#664);
#664 = DEFINITIONAL_REPRESENTATION('',(#665),#669);
#665 = LINE('',#666,#667);
#666 = CARTESIAN_POINT('',(-1.570796326795,0.));
#667 = VECTOR('',#668,1.);
#668 = DIRECTION('',(-0.,1.));
#669 = ( GEOMETRIC_REPRESENTATION_CONTEXT(2) 
PARAMETRIC_REPRESENTATION_CONTEXT() REPRESENTATION_CONTEXT('2D SPACE',''
  ) );
#670 = PCURVE('',#300,#671);
#671 = DEFINITIONAL_REPRESENTATION('',(#672),#676);
#672 = LINE('',#673,#674);
#673 = CARTESIAN_POINT('',(0.,10.));
#674 = VECTOR('',#675,1.);
#675 = DIRECTION('',(1.,0.));
#676 = ( GEOMETRIC_REPRESENTATION_CONTEXT(2) 
PARAMETRIC_REPRESENTATION_CONTEXT() REPRESENTATION_CONTEXT('2D SPACE',''
  ) );
#677 = ORIENTED_EDGE('',*,*,#312,.F.);
#678 = ORIENTED_EDGE('',*,*,#112,.F.);
#679 = ADVANCED_FACE('',(#680,#804,#1051,#1298,#1545),#100,.F.);
#680 = FACE_BOUND('',#681,.F.);
#681 = EDGE_LOOP('',(#682,#683,#684,#707,#735,#758,#782,#803));
#682 = ORIENTED_EDGE('',*,*,#84,.F.);
#683 = ORIENTED_EDGE('',*,*,#579,.T.);
#684 = ORIENTED_EDGE('',*,*,#685,.T.);
#685 = EDGE_CURVE('',#580,#686,#688,.T.);
#686 = VERTEX_POINT('',#687);
#687 = CARTESIAN_POINT('',(55.,-85.,0.));
#688 = SURFACE_CURVE('',#689,(#693,#700),.PCURVE_S1.);
#689 = LINE('',#690,#691);
#690 = CARTESIAN_POINT('',(-65.,-85.,0.));
#691 = VECTOR('',#692,1.);
#692 = DIRECTION('',(1.,0.,0.));
#693 = PCURVE('',#100,#694);
#694 = DEFINITIONAL_REPRESENTATION('',(#695),#699);
#695 = LINE('',#696,#697);
#696 = CARTESIAN_POINT('',(0.,0.));
#697 = VECTOR('',#698,1.);
#698 = DIRECTION('',(1.,0.));
#699 = ( GEOMETRIC_REPRESENTATION_CONTEXT(2) 
PARAMETRIC_REPRESENTATION_CONTEXT() REPRESENTATION_CONTEXT('2D SPACE',''
  ) );
#700 = PCURVE('',#182,#701);
#701 = DEFINITIONAL_REPRESENTATION('',(#702),#706);
#702 = LINE('',#703,#704);
#703 = CARTESIAN_POINT('',(0.,0.));
#704 = VECTOR('',#705,1.);
#705 = DIRECTION('',(0.,1.));
#706 = ( GEOMETRIC_REPRESENTATION_CONTEXT(2) 
PARAMETRIC_REPRESENTATION_CONTEXT() REPRESENTATION_CONTEXT('2D SPACE',''
  ) );
#707 = ORIENTED_EDGE('',*,*,#708,.F.);
#708 = EDGE_CURVE('',#709,#686,#711,.T.);
#709 = VERTEX_POINT('',#710);
#710 = CARTESIAN_POINT('',(65.,-75.,0.));
#711 = SURFACE_CURVE('',#712,(#717,#728),.PCURVE_S1.);
#712 = CIRCLE('',#713,10.);
#713 = AXIS2_PLACEMENT_3D('',#714,#715,#716);
#714 = CARTESIAN_POINT('',(55.,-75.,0.));
#715 = DIRECTION('',(-0.,-0.,-1.));
#716 = DIRECTION('',(0.,-1.,0.));
#717 = PCURVE('',#100,#718);
#718 = DEFINITIONAL_REPRESENTATION('',(#719),#727);
#719 = ( BOUNDED_CURVE() B_SPLINE_CURVE(2,(#720,#721,#722,#723,#724,#725
,#726),.UNSPECIFIED.,.T.,.F.) B_SPLINE_CURVE_WITH_KNOTS((1,2,2,2,2,1),(
    -2.094395102393,0.,2.094395102393,4.188790204786,6.28318530718,
8.377580409573),.UNSPECIFIED.) CURVE() GEOMETRIC_REPRESENTATION_ITEM() 
RATIONAL_B_SPLINE_CURVE((1.,0.5,1.,0.5,1.,0.5,1.)) REPRESENTATION_ITEM(
  '') );
#720 = CARTESIAN_POINT('',(120.,0.));
#721 = CARTESIAN_POINT('',(102.67949192431,0.));
#722 = CARTESIAN_POINT('',(111.33974596215,15.));
#723 = CARTESIAN_POINT('',(120.,30.));
#724 = CARTESIAN_POINT('',(128.66025403784,15.));
#725 = CARTESIAN_POINT('',(137.32050807568,1.59872115546E-14));
#726 = CARTESIAN_POINT('',(120.,0.));
#727 = ( GEOMETRIC_REPRESENTATION_CONTEXT(2) 
PARAMETRIC_REPRESENTATION_CONTEXT() REPRESENTATION_CONTEXT('2D SPACE',''
  ) );
#728 = PCURVE('',#215,#729);
#729 = DEFINITIONAL_REPRESENTATION('',(#730),#734);
#730 = LINE('',#731,#732);
#731 = CARTESIAN_POINT('',(4.712388980385,-0.));
#732 = VECTOR('',#733,1.);
#733 = DIRECTION('',(-1.,0.));
#734 = ( GEOMETRIC_REPRESENTATION_CONTEXT(2) 
PARAMETRIC_REPRESENTATION_CONTEXT() REPRESENTATION_CONTEXT('2D SPACE',''
  ) );
#735 = ORIENTED_EDGE('',*,*,#736,.T.);
#736 = EDGE_CURVE('',#709,#737,#739,.T.);
#737 = VERTEX_POINT('',#738);
#738 = CARTESIAN_POINT('',(65.,75.,0.));
#739 = SURFACE_CURVE('',#740,(#744,#751),.PCURVE_S1.);
#740 = LINE('',#741,#742);
#741 = CARTESIAN_POINT('',(65.,-85.,0.));
#742 = VECTOR('',#743,1.);
#743 = DIRECTION('',(0.,1.,0.));
#744 = PCURVE('',#100,#745);
#745 = DEFINITIONAL_REPRESENTATION('',(#746),#750);
#746 = LINE('',#747,#748);
#747 = CARTESIAN_POINT('',(130.,0.));
#748 = VECTOR('',#749,1.);
#749 = DIRECTION('',(0.,1.));
#750 = ( GEOMETRIC_REPRESENTATION_CONTEXT(2) 
PARAMETRIC_REPRESENTATION_CONTEXT() REPRESENTATION_CONTEXT('2D SPACE',''
  ) );
#751 = PCURVE('',#243,#752);
#752 = DEFINITIONAL_REPRESENTATION('',(#753),#757);
#753 = LINE('',#754,#755);
#754 = CARTESIAN_POINT('',(0.,0.));
#755 = VECTOR('',#756,1.);
#756 = DIRECTION('',(0.,-1.));
#757 = ( GEOMETRIC_REPRESENTATION_CONTEXT(2) 
PARAMETRIC_REPRESENTATION_CONTEXT() REPRESENTATION_CONTEXT('2D SPACE',''
  ) );
#758 = ORIENTED_EDGE('',*,*,#759,.T.);
#759 = EDGE_CURVE('',#737,#760,#762,.T.);
#760 = VERTEX_POINT('',#761);
#761 = CARTESIAN_POINT('',(55.,85.,0.));
#762 = SURFACE_CURVE('',#763,(#768,#775),.PCURVE_S1.);
#763 = CIRCLE('',#764,10.);
#764 = AXIS2_PLACEMENT_3D('',#765,#766,#767);
#765 = CARTESIAN_POINT('',(55.,75.,0.));
#766 = DIRECTION('',(0.,0.,1.));
#767 = DIRECTION('',(0.,-1.,0.));
#768 = PCURVE('',#100,#769);
#769 = DEFINITIONAL_REPRESENTATION('',(#770),#774);
#770 = CIRCLE('',#771,10.);
#771 = AXIS2_PLACEMENT_2D('',#772,#773);
#772 = CARTESIAN_POINT('',(120.,160.));
#773 = DIRECTION('',(0.,-1.));
#774 = ( GEOMETRIC_REPRESENTATION_CONTEXT(2) 
PARAMETRIC_REPRESENTATION_CONTEXT() REPRESENTATION_CONTEXT('2D SPACE',''
  ) );
#775 = PCURVE('',#272,#776);
#776 = DEFINITIONAL_REPRESENTATION('',(#777),#781);
#777 = LINE('',#778,#779);
#778 = CARTESIAN_POINT('',(-1.570796326795,0.));
#779 = VECTOR('',#780,1.);
#780 = DIRECTION('',(1.,0.));
#781 = ( GEOMETRIC_REPRESENTATION_CONTEXT(2) 
PARAMETRIC_REPRESENTATION_CONTEXT() REPRESENTATION_CONTEXT('2D SPACE',''
  ) );
#782 = ORIENTED_EDGE('',*,*,#783,.F.);
#783 = EDGE_CURVE('',#630,#760,#784,.T.);
#784 = SURFACE_CURVE('',#785,(#789,#796),.PCURVE_S1.);
#785 = LINE('',#786,#787);
#786 = CARTESIAN_POINT('',(-65.,85.,0.));
#787 = VECTOR('',#788,1.);
#788 = DIRECTION('',(1.,0.,0.));
#789 = PCURVE('',#100,#790);
#790 = DEFINITIONAL_REPRESENTATION('',(#791),#795);
#791 = LINE('',#792,#793);
#792 = CARTESIAN_POINT('',(0.,170.));
#793 = VECTOR('',#794,1.);
#794 = DIRECTION('',(1.,0.));
#795 = ( GEOMETRIC_REPRESENTATION_CONTEXT(2) 
PARAMETRIC_REPRESENTATION_CONTEXT() REPRESENTATION_CONTEXT('2D SPACE',''
  ) );
#796 = PCURVE('',#300,#797);
#797 = DEFINITIONAL_REPRESENTATION('',(#798),#802);
#798 = LINE('',#799,#800);
#799 = CARTESIAN_POINT('',(0.,0.));
#800 = VECTOR('',#801,1.);
#801 = DIRECTION('',(0.,1.));
#802 = ( GEOMETRIC_REPRESENTATION_CONTEXT(2) 
PARAMETRIC_REPRESENTATION_CONTEXT() REPRESENTATION_CONTEXT('2D SPACE',''
  ) );
#803 = ORIENTED_EDGE('',*,*,#629,.F.);
#804 = FACE_BOUND('',#805,.F.);
#805 = EDGE_LOOP('',(#806,#836,#862,#890,#916,#943,#964,#985,#1006,#1027
    ));
#806 = ORIENTED_EDGE('',*,*,#807,.F.);
#807 = EDGE_CURVE('',#808,#810,#812,.T.);
#808 = VERTEX_POINT('',#809);
#809 = CARTESIAN_POINT('',(-16.79188309203,-22.09188309203,0.));
#810 = VERTEX_POINT('',#811);
#811 = CARTESIAN_POINT('',(-16.79188309203,-20.09188309203,0.));
#812 = SURFACE_CURVE('',#813,(#817,#824),.PCURVE_S1.);
#813 = LINE('',#814,#815);
#814 = CARTESIAN_POINT('',(-16.79188309203,-25.09188309203,0.));
#815 = VECTOR('',#816,1.);
#816 = DIRECTION('',(-0.,1.,-0.));
#817 = PCURVE('',#100,#818);
#818 = DEFINITIONAL_REPRESENTATION('',(#819),#823);
#819 = LINE('',#820,#821);
#820 = CARTESIAN_POINT('',(48.208116907963,59.908116907963));
#821 = VECTOR('',#822,1.);
#822 = DIRECTION('',(0.,1.));
#823 = ( GEOMETRIC_REPRESENTATION_CONTEXT(2) 
PARAMETRIC_REPRESENTATION_CONTEXT() REPRESENTATION_CONTEXT('2D SPACE',''
  ) );
#824 = PCURVE('',#825,#830);
#825 = CYLINDRICAL_SURFACE('',#826,2.3);
#826 = AXIS2_PLACEMENT_3D('',#827,#828,#829);
#827 = CARTESIAN_POINT('',(-19.09188309203,-25.09188309203,0.));
#828 = DIRECTION('',(0.,-1.,0.));
#829 = DIRECTION('',(1.,0.,0.));
#830 = DEFINITIONAL_REPRESENTATION('',(#831),#835);
#831 = LINE('',#832,#833);
#832 = CARTESIAN_POINT('',(0.,0.));
#833 = VECTOR('',#834,1.);
#834 = DIRECTION('',(0.,-1.));
#835 = ( GEOMETRIC_REPRESENTATION_CONTEXT(2) 
PARAMETRIC_REPRESENTATION_CONTEXT() REPRESENTATION_CONTEXT('2D SPACE',''
  ) );
#836 = ORIENTED_EDGE('',*,*,#837,.T.);
#837 = EDGE_CURVE('',#808,#838,#840,.T.);
#838 = VERTEX_POINT('',#839);
#839 = CARTESIAN_POINT('',(-15.59188309203,-22.09188309203,0.));
#840 = SURFACE_CURVE('',#841,(#845,#851),.PCURVE_S1.);
#841 = LINE('',#842,#843);
#842 = CARTESIAN_POINT('',(-42.04594154601,-22.09188309203,0.));
#843 = VECTOR('',#844,1.);
#844 = DIRECTION('',(1.,0.,0.));
#845 = PCURVE('',#100,#846);
#846 = DEFINITIONAL_REPRESENTATION('',(#847),#850);
#847 = B_SPLINE_CURVE_WITH_KNOTS('',1,(#848,#849),.UNSPECIFIED.,.F.,.F.,
  (2,2),(19.454058453982,26.454058453982),.PIECEWISE_BEZIER_KNOTS.);
#848 = CARTESIAN_POINT('',(42.408116907963,62.908116907963));
#849 = CARTESIAN_POINT('',(49.408116907963,62.908116907963));
#850 = ( GEOMETRIC_REPRESENTATION_CONTEXT(2) 
PARAMETRIC_REPRESENTATION_CONTEXT() REPRESENTATION_CONTEXT('2D SPACE',''
  ) );
#851 = PCURVE('',#852,#857);
#852 = PLANE('',#853);
#853 = AXIS2_PLACEMENT_3D('',#854,#855,#856);
#854 = CARTESIAN_POINT('',(-19.09188309203,-22.09188309203,
    2.47821720825E-16));
#855 = DIRECTION('',(-0.,-1.,-0.));
#856 = DIRECTION('',(0.,0.,-1.));
#857 = DEFINITIONAL_REPRESENTATION('',(#858),#861);
#858 = B_SPLINE_CURVE_WITH_KNOTS('',1,(#859,#860),.UNSPECIFIED.,.F.,.F.,
  (2,2),(19.454058453982,26.454058453982),.PIECEWISE_BEZIER_KNOTS.);
#859 = CARTESIAN_POINT('',(2.47821720825E-16,-3.5));
#860 = CARTESIAN_POINT('',(2.47821720825E-16,3.5));
#861 = ( GEOMETRIC_REPRESENTATION_CONTEXT(2) 
PARAMETRIC_REPRESENTATION_CONTEXT() REPRESENTATION_CONTEXT('2D SPACE',''
  ) );
#862 = ORIENTED_EDGE('',*,*,#863,.T.);
#863 = EDGE_CURVE('',#838,#864,#866,.T.);
#864 = VERTEX_POINT('',#865);
#865 = CARTESIAN_POINT('',(-15.59188309203,-25.09188309203,0.));
#866 = SURFACE_CURVE('',#867,(#871,#878),.PCURVE_S1.);
#867 = LINE('',#868,#869);
#868 = CARTESIAN_POINT('',(-15.59188309203,-22.09188309203,0.));
#869 = VECTOR('',#870,1.);
#870 = DIRECTION('',(0.,-1.,0.));
#871 = PCURVE('',#100,#872);
#872 = DEFINITIONAL_REPRESENTATION('',(#873),#877);
#873 = LINE('',#874,#875);
#874 = CARTESIAN_POINT('',(49.408116907963,62.908116907963));
#875 = VECTOR('',#876,1.);
#876 = DIRECTION('',(0.,-1.));
#877 = ( GEOMETRIC_REPRESENTATION_CONTEXT(2) 
PARAMETRIC_REPRESENTATION_CONTEXT() REPRESENTATION_CONTEXT('2D SPACE',''
  ) );
#878 = PCURVE('',#879,#884);
#879 = CYLINDRICAL_SURFACE('',#880,3.5);
#880 = AXIS2_PLACEMENT_3D('',#881,#882,#883);
#881 = CARTESIAN_POINT('',(-19.09188309203,-22.09188309203,0.));
#882 = DIRECTION('',(-0.,1.,-0.));
#883 = DIRECTION('',(1.,0.,0.));
#884 = DEFINITIONAL_REPRESENTATION('',(#885),#889);
#885 = LINE('',#886,#887);
#886 = CARTESIAN_POINT('',(-6.28318530718,0.));
#887 = VECTOR('',#888,1.);
#888 = DIRECTION('',(-0.,-1.));
#889 = ( GEOMETRIC_REPRESENTATION_CONTEXT(2) 
PARAMETRIC_REPRESENTATION_CONTEXT() REPRESENTATION_CONTEXT('2D SPACE',''
  ) );
#890 = ORIENTED_EDGE('',*,*,#891,.F.);
#891 = EDGE_CURVE('',#892,#864,#894,.T.);
#892 = VERTEX_POINT('',#893);
#893 = CARTESIAN_POINT('',(-16.79188309203,-25.09188309203,0.));
#894 = SURFACE_CURVE('',#895,(#899,#905),.PCURVE_S1.);
#895 = LINE('',#896,#897);
#896 = CARTESIAN_POINT('',(-42.04594154601,-25.09188309203,0.));
#897 = VECTOR('',#898,1.);
#898 = DIRECTION('',(1.,0.,0.));
#899 = PCURVE('',#100,#900);
#900 = DEFINITIONAL_REPRESENTATION('',(#901),#904);
#901 = B_SPLINE_CURVE_WITH_KNOTS('',1,(#902,#903),.UNSPECIFIED.,.F.,.F.,
  (2,2),(19.454058453982,26.454058453982),.PIECEWISE_BEZIER_KNOTS.);
#902 = CARTESIAN_POINT('',(42.408116907963,59.908116907963));
#903 = CARTESIAN_POINT('',(49.408116907963,59.908116907963));
#904 = ( GEOMETRIC_REPRESENTATION_CONTEXT(2) 
PARAMETRIC_REPRESENTATION_CONTEXT() REPRESENTATION_CONTEXT('2D SPACE',''
  ) );
#905 = PCURVE('',#906,#911);
#906 = PLANE('',#907);
#907 = AXIS2_PLACEMENT_3D('',#908,#909,#910);
#908 = CARTESIAN_POINT('',(-19.09188309203,-25.09188309203,
    2.47821720825E-16));
#909 = DIRECTION('',(-0.,-1.,-0.));
#910 = DIRECTION('',(0.,0.,-1.));
#911 = DEFINITIONAL_REPRESENTATION('',(#912),#915);
#912 = B_SPLINE_CURVE_WITH_KNOTS('',1,(#913,#914),.UNSPECIFIED.,.F.,.F.,
  (2,2),(19.454058453982,26.454058453982),.PIECEWISE_BEZIER_KNOTS.);
#913 = CARTESIAN_POINT('',(2.47821720825E-16,-3.5));
#914 = CARTESIAN_POINT('',(2.47821720825E-16,3.5));
#915 = ( GEOMETRIC_REPRESENTATION_CONTEXT(2) 
PARAMETRIC_REPRESENTATION_CONTEXT() REPRESENTATION_CONTEXT('2D SPACE',''
  ) );
#916 = ORIENTED_EDGE('',*,*,#917,.F.);
#917 = EDGE_CURVE('',#918,#892,#920,.T.);
#918 = VERTEX_POINT('',#919);
#919 = CARTESIAN_POINT('',(-21.39188309203,-25.09188309203,
    -9.331773983104E-14));
#920 = SURFACE_CURVE('',#921,(#925,#931),.PCURVE_S1.);
#921 = LINE('',#922,#923);
#922 = CARTESIAN_POINT('',(-42.04594154601,-25.09188309203,0.));
#923 = VECTOR('',#924,1.);
#924 = DIRECTION('',(1.,0.,0.));
#925 = PCURVE('',#100,#926);
#926 = DEFINITIONAL_REPRESENTATION('',(#927),#930);
#927 = B_SPLINE_CURVE_WITH_KNOTS('',1,(#928,#929),.UNSPECIFIED.,.F.,.F.,
  (2,2),(19.454058453982,26.454058453982),.PIECEWISE_BEZIER_KNOTS.);
#928 = CARTESIAN_POINT('',(42.408116907963,59.908116907963));
#929 = CARTESIAN_POINT('',(49.408116907963,59.908116907963));
#930 = ( GEOMETRIC_REPRESENTATION_CONTEXT(2) 
PARAMETRIC_REPRESENTATION_CONTEXT() REPRESENTATION_CONTEXT('2D SPACE',''
  ) );
#931 = PCURVE('',#932,#937);
#932 = PLANE('',#933);
#933 = AXIS2_PLACEMENT_3D('',#934,#935,#936);
#934 = CARTESIAN_POINT('',(-19.09188309203,-25.09188309203,
    -1.957218942705E-17));
#935 = DIRECTION('',(-0.,-1.,-0.));
#936 = DIRECTION('',(0.,0.,-1.));
#937 = DEFINITIONAL_REPRESENTATION('',(#938),#942);
#938 = LINE('',#939,#940);
#939 = CARTESIAN_POINT('',(-1.957218942705E-17,-22.95405845398));
#940 = VECTOR('',#941,1.);
#941 = DIRECTION('',(0.,1.));
#942 = ( GEOMETRIC_REPRESENTATION_CONTEXT(2) 
PARAMETRIC_REPRESENTATION_CONTEXT() REPRESENTATION_CONTEXT('2D SPACE',''
  ) );
#943 = ORIENTED_EDGE('',*,*,#944,.F.);
#944 = EDGE_CURVE('',#945,#918,#947,.T.);
#945 = VERTEX_POINT('',#946);
#946 = CARTESIAN_POINT('',(-22.59188309203,-25.09188309203,
    4.286263797016E-16));
#947 = SURFACE_CURVE('',#948,(#952,#958),.PCURVE_S1.);
#948 = LINE('',#949,#950);
#949 = CARTESIAN_POINT('',(-42.04594154601,-25.09188309203,0.));
#950 = VECTOR('',#951,1.);
#951 = DIRECTION('',(1.,0.,0.));
#952 = PCURVE('',#100,#953);
#953 = DEFINITIONAL_REPRESENTATION('',(#954),#957);
#954 = B_SPLINE_CURVE_WITH_KNOTS('',1,(#955,#956),.UNSPECIFIED.,.F.,.F.,
  (2,2),(19.454058453982,26.454058453982),.PIECEWISE_BEZIER_KNOTS.);
#955 = CARTESIAN_POINT('',(42.408116907963,59.908116907963));
#956 = CARTESIAN_POINT('',(49.408116907963,59.908116907963));
#957 = ( GEOMETRIC_REPRESENTATION_CONTEXT(2) 
PARAMETRIC_REPRESENTATION_CONTEXT() REPRESENTATION_CONTEXT('2D SPACE',''
  ) );
#958 = PCURVE('',#906,#959);
#959 = DEFINITIONAL_REPRESENTATION('',(#960),#963);
#960 = B_SPLINE_CURVE_WITH_KNOTS('',1,(#961,#962),.UNSPECIFIED.,.F.,.F.,
  (2,2),(19.454058453982,26.454058453982),.PIECEWISE_BEZIER_KNOTS.);
#961 = CARTESIAN_POINT('',(2.47821720825E-16,-3.5));
#962 = CARTESIAN_POINT('',(2.47821720825E-16,3.5));
#963 = ( GEOMETRIC_REPRESENTATION_CONTEXT(2) 
PARAMETRIC_REPRESENTATION_CONTEXT() REPRESENTATION_CONTEXT('2D SPACE',''
  ) );
#964 = ORIENTED_EDGE('',*,*,#965,.T.);
#965 = EDGE_CURVE('',#945,#966,#968,.T.);
#966 = VERTEX_POINT('',#967);
#967 = CARTESIAN_POINT('',(-22.59188309203,-22.09188309203,
    4.286263797016E-16));
#968 = SURFACE_CURVE('',#969,(#973,#979),.PCURVE_S1.);
#969 = LINE('',#970,#971);
#970 = CARTESIAN_POINT('',(-22.59188309203,-22.09188309203,0.));
#971 = VECTOR('',#972,1.);
#972 = DIRECTION('',(-0.,1.,-0.));
#973 = PCURVE('',#100,#974);
#974 = DEFINITIONAL_REPRESENTATION('',(#975),#978);
#975 = B_SPLINE_CURVE_WITH_KNOTS('',1,(#976,#977),.UNSPECIFIED.,.F.,.F.,
  (2,2),(-3.0000006,5.999999999062E-07),.PIECEWISE_BEZIER_KNOTS.);
#976 = CARTESIAN_POINT('',(42.408116907963,59.908116307963));
#977 = CARTESIAN_POINT('',(42.408116907963,62.908117507963));
#978 = ( GEOMETRIC_REPRESENTATION_CONTEXT(2) 
PARAMETRIC_REPRESENTATION_CONTEXT() REPRESENTATION_CONTEXT('2D SPACE',''
  ) );
#979 = PCURVE('',#879,#980);
#980 = DEFINITIONAL_REPRESENTATION('',(#981),#984);
#981 = B_SPLINE_CURVE_WITH_KNOTS('',1,(#982,#983),.UNSPECIFIED.,.F.,.F.,
  (2,2),(-3.0000006,5.999999999062E-07),.PIECEWISE_BEZIER_KNOTS.);
#982 = CARTESIAN_POINT('',(-3.14159265359,-3.0000006));
#983 = CARTESIAN_POINT('',(-3.14159265359,5.999999999062E-07));
#984 = ( GEOMETRIC_REPRESENTATION_CONTEXT(2) 
PARAMETRIC_REPRESENTATION_CONTEXT() REPRESENTATION_CONTEXT('2D SPACE',''
  ) );
#985 = ORIENTED_EDGE('',*,*,#986,.T.);
#986 = EDGE_CURVE('',#966,#987,#989,.T.);
#987 = VERTEX_POINT('',#988);
#988 = CARTESIAN_POINT('',(-21.39188309203,-22.09188309203,0.));
#989 = SURFACE_CURVE('',#990,(#994,#1000),.PCURVE_S1.);
#990 = LINE('',#991,#992);
#991 = CARTESIAN_POINT('',(-42.04594154601,-22.09188309203,0.));
#992 = VECTOR('',#993,1.);
#993 = DIRECTION('',(1.,0.,0.));
#994 = PCURVE('',#100,#995);
#995 = DEFINITIONAL_REPRESENTATION('',(#996),#999);
#996 = B_SPLINE_CURVE_WITH_KNOTS('',1,(#997,#998),.UNSPECIFIED.,.F.,.F.,
  (2,2),(19.454058453982,26.454058453982),.PIECEWISE_BEZIER_KNOTS.);
#997 = CARTESIAN_POINT('',(42.408116907963,62.908116907963));
#998 = CARTESIAN_POINT('',(49.408116907963,62.908116907963));
#999 = ( GEOMETRIC_REPRESENTATION_CONTEXT(2) 
PARAMETRIC_REPRESENTATION_CONTEXT() REPRESENTATION_CONTEXT('2D SPACE',''
  ) );
#1000 = PCURVE('',#852,#1001);
#1001 = DEFINITIONAL_REPRESENTATION('',(#1002),#1005);
#1002 = B_SPLINE_CURVE_WITH_KNOTS('',1,(#1003,#1004),.UNSPECIFIED.,.F.,
  .F.,(2,2),(19.454058453982,26.454058453982),.PIECEWISE_BEZIER_KNOTS.);
#1003 = CARTESIAN_POINT('',(2.47821720825E-16,-3.5));
#1004 = CARTESIAN_POINT('',(2.47821720825E-16,3.5));
#1005 = ( GEOMETRIC_REPRESENTATION_CONTEXT(2) 
PARAMETRIC_REPRESENTATION_CONTEXT() REPRESENTATION_CONTEXT('2D SPACE',''
  ) );
#1006 = ORIENTED_EDGE('',*,*,#1007,.F.);
#1007 = EDGE_CURVE('',#1008,#987,#1010,.T.);
#1008 = VERTEX_POINT('',#1009);
#1009 = CARTESIAN_POINT('',(-21.39188309203,-20.09188309203,
    2.816687638039E-16));
#1010 = SURFACE_CURVE('',#1011,(#1015,#1021),.PCURVE_S1.);
#1011 = LINE('',#1012,#1013);
#1012 = CARTESIAN_POINT('',(-21.39188309203,-25.09188309203,0.));
#1013 = VECTOR('',#1014,1.);
#1014 = DIRECTION('',(0.,-1.,0.));
#1015 = PCURVE('',#100,#1016);
#1016 = DEFINITIONAL_REPRESENTATION('',(#1017),#1020);
#1017 = B_SPLINE_CURVE_WITH_KNOTS('',1,(#1018,#1019),.UNSPECIFIED.,.F.,
  .F.,(2,2),(-5.0000006,5.999999999062E-07),.PIECEWISE_BEZIER_KNOTS.);
#1018 = CARTESIAN_POINT('',(43.608116907963,64.908117507963));
#1019 = CARTESIAN_POINT('',(43.608116907963,59.908116307963));
#1020 = ( GEOMETRIC_REPRESENTATION_CONTEXT(2) 
PARAMETRIC_REPRESENTATION_CONTEXT() REPRESENTATION_CONTEXT('2D SPACE',''
  ) );
#1021 = PCURVE('',#825,#1022);
#1022 = DEFINITIONAL_REPRESENTATION('',(#1023),#1026);
#1023 = B_SPLINE_CURVE_WITH_KNOTS('',1,(#1024,#1025),.UNSPECIFIED.,.F.,
  .F.,(2,2),(-5.0000006,5.999999999062E-07),.PIECEWISE_BEZIER_KNOTS.);
#1024 = CARTESIAN_POINT('',(3.14159265359,-5.0000006));
#1025 = CARTESIAN_POINT('',(3.14159265359,5.999999999062E-07));
#1026 = ( GEOMETRIC_REPRESENTATION_CONTEXT(2) 
PARAMETRIC_REPRESENTATION_CONTEXT() REPRESENTATION_CONTEXT('2D SPACE',''
  ) );
#1027 = ORIENTED_EDGE('',*,*,#1028,.T.);
#1028 = EDGE_CURVE('',#1008,#810,#1029,.T.);
#1029 = SURFACE_CURVE('',#1030,(#1034,#1040),.PCURVE_S1.);
#1030 = LINE('',#1031,#1032);
#1031 = CARTESIAN_POINT('',(-42.04594154601,-20.09188309203,0.));
#1032 = VECTOR('',#1033,1.);
#1033 = DIRECTION('',(1.,0.,0.));
#1034 = PCURVE('',#100,#1035);
#1035 = DEFINITIONAL_REPRESENTATION('',(#1036),#1039);
#1036 = B_SPLINE_CURVE_WITH_KNOTS('',1,(#1037,#1038),.UNSPECIFIED.,.F.,
  .F.,(2,2),(20.654058453982,25.254058453982),.PIECEWISE_BEZIER_KNOTS.);
#1037 = CARTESIAN_POINT('',(43.608116907963,64.908116907963));
#1038 = CARTESIAN_POINT('',(48.208116907963,64.908116907963));
#1039 = ( GEOMETRIC_REPRESENTATION_CONTEXT(2) 
PARAMETRIC_REPRESENTATION_CONTEXT() REPRESENTATION_CONTEXT('2D SPACE',''
  ) );
#1040 = PCURVE('',#1041,#1046);
#1041 = PLANE('',#1042);
#1042 = AXIS2_PLACEMENT_3D('',#1043,#1044,#1045);
#1043 = CARTESIAN_POINT('',(-19.09188309203,-20.09188309203,
    -1.957218942705E-17));
#1044 = DIRECTION('',(-0.,-1.,-0.));
#1045 = DIRECTION('',(0.,0.,-1.));
#1046 = DEFINITIONAL_REPRESENTATION('',(#1047),#1050);
#1047 = B_SPLINE_CURVE_WITH_KNOTS('',1,(#1048,#1049),.UNSPECIFIED.,.F.,
  .F.,(2,2),(20.654058453982,25.254058453982),.PIECEWISE_BEZIER_KNOTS.);
#1048 = CARTESIAN_POINT('',(-1.957218942705E-17,-2.3));
#1049 = CARTESIAN_POINT('',(-1.957218942705E-17,2.3));
#1050 = ( GEOMETRIC_REPRESENTATION_CONTEXT(2) 
PARAMETRIC_REPRESENTATION_CONTEXT() REPRESENTATION_CONTEXT('2D SPACE',''
  ) );
#1051 = FACE_BOUND('',#1052,.F.);
#1052 = EDGE_LOOP('',(#1053,#1083,#1109,#1137,#1163,#1190,#1211,#1232,
    #1253,#1274));
#1053 = ORIENTED_EDGE('',*,*,#1054,.F.);
#1054 = EDGE_CURVE('',#1055,#1057,#1059,.T.);
#1055 = VERTEX_POINT('',#1056);
#1056 = CARTESIAN_POINT('',(21.391883092037,-22.09188309203,0.));
#1057 = VERTEX_POINT('',#1058);
#1058 = CARTESIAN_POINT('',(21.391883092037,-20.09188309203,0.));
#1059 = SURFACE_CURVE('',#1060,(#1064,#1071),.PCURVE_S1.);
#1060 = LINE('',#1061,#1062);
#1061 = CARTESIAN_POINT('',(21.391883092037,-25.09188309203,0.));
#1062 = VECTOR('',#1063,1.);
#1063 = DIRECTION('',(-0.,1.,-0.));
#1064 = PCURVE('',#100,#1065);
#1065 = DEFINITIONAL_REPRESENTATION('',(#1066),#1070);
#1066 = LINE('',#1067,#1068);
#1067 = CARTESIAN_POINT('',(86.391883092037,59.908116907963));
#1068 = VECTOR('',#1069,1.);
#1069 = DIRECTION('',(0.,1.));
#1070 = ( GEOMETRIC_REPRESENTATION_CONTEXT(2) 
PARAMETRIC_REPRESENTATION_CONTEXT() REPRESENTATION_CONTEXT('2D SPACE',''
  ) );
#1071 = PCURVE('',#1072,#1077);
#1072 = CYLINDRICAL_SURFACE('',#1073,2.3);
#1073 = AXIS2_PLACEMENT_3D('',#1074,#1075,#1076);
#1074 = CARTESIAN_POINT('',(19.091883092037,-25.09188309203,0.));
#1075 = DIRECTION('',(0.,-1.,0.));
#1076 = DIRECTION('',(1.,0.,0.));
#1077 = DEFINITIONAL_REPRESENTATION('',(#1078),#1082);
#1078 = LINE('',#1079,#1080);
#1079 = CARTESIAN_POINT('',(0.,0.));
#1080 = VECTOR('',#1081,1.);
#1081 = DIRECTION('',(0.,-1.));
#1082 = ( GEOMETRIC_REPRESENTATION_CONTEXT(2) 
PARAMETRIC_REPRESENTATION_CONTEXT() REPRESENTATION_CONTEXT('2D SPACE',''
  ) );
#1083 = ORIENTED_EDGE('',*,*,#1084,.T.);
#1084 = EDGE_CURVE('',#1055,#1085,#1087,.T.);
#1085 = VERTEX_POINT('',#1086);
#1086 = CARTESIAN_POINT('',(22.591883092037,-22.09188309203,0.));
#1087 = SURFACE_CURVE('',#1088,(#1092,#1098),.PCURVE_S1.);
#1088 = LINE('',#1089,#1090);
#1089 = CARTESIAN_POINT('',(-22.95405845398,-22.09188309203,0.));
#1090 = VECTOR('',#1091,1.);
#1091 = DIRECTION('',(1.,0.,0.));
#1092 = PCURVE('',#100,#1093);
#1093 = DEFINITIONAL_REPRESENTATION('',(#1094),#1097);
#1094 = B_SPLINE_CURVE_WITH_KNOTS('',1,(#1095,#1096),.UNSPECIFIED.,.F.,
  .F.,(2,2),(38.545941546018,45.545941546018),.PIECEWISE_BEZIER_KNOTS.);
#1095 = CARTESIAN_POINT('',(80.591883092037,62.908116907963));
#1096 = CARTESIAN_POINT('',(87.591883092037,62.908116907963));
#1097 = ( GEOMETRIC_REPRESENTATION_CONTEXT(2) 
PARAMETRIC_REPRESENTATION_CONTEXT() REPRESENTATION_CONTEXT('2D SPACE',''
  ) );
#1098 = PCURVE('',#1099,#1104);
#1099 = PLANE('',#1100);
#1100 = AXIS2_PLACEMENT_3D('',#1101,#1102,#1103);
#1101 = CARTESIAN_POINT('',(19.091883092037,-22.09188309203,
    2.47821720825E-16));
#1102 = DIRECTION('',(-0.,-1.,-0.));
#1103 = DIRECTION('',(0.,0.,-1.));
#1104 = DEFINITIONAL_REPRESENTATION('',(#1105),#1108);
#1105 = B_SPLINE_CURVE_WITH_KNOTS('',1,(#1106,#1107),.UNSPECIFIED.,.F.,
  .F.,(2,2),(38.545941546018,45.545941546018),.PIECEWISE_BEZIER_KNOTS.);
#1106 = CARTESIAN_POINT('',(2.47821720825E-16,-3.5));
#1107 = CARTESIAN_POINT('',(2.47821720825E-16,3.5));
#1108 = ( GEOMETRIC_REPRESENTATION_CONTEXT(2) 
PARAMETRIC_REPRESENTATION_CONTEXT() REPRESENTATION_CONTEXT('2D SPACE',''
  ) );
#1109 = ORIENTED_EDGE('',*,*,#1110,.T.);
#1110 = EDGE_CURVE('',#1085,#1111,#1113,.T.);
#1111 = VERTEX_POINT('',#1112);
#1112 = CARTESIAN_POINT('',(22.591883092037,-25.09188309203,0.));
#1113 = SURFACE_CURVE('',#1114,(#1118,#1125),.PCURVE_S1.);
#1114 = LINE('',#1115,#1116);
#1115 = CARTESIAN_POINT('',(22.591883092037,-22.09188309203,0.));
#1116 = VECTOR('',#1117,1.);
#1117 = DIRECTION('',(0.,-1.,0.));
#1118 = PCURVE('',#100,#1119);
#1119 = DEFINITIONAL_REPRESENTATION('',(#1120),#1124);
#1120 = LINE('',#1121,#1122);
#1121 = CARTESIAN_POINT('',(87.591883092037,62.908116907963));
#1122 = VECTOR('',#1123,1.);
#1123 = DIRECTION('',(0.,-1.));
#1124 = ( GEOMETRIC_REPRESENTATION_CONTEXT(2) 
PARAMETRIC_REPRESENTATION_CONTEXT() REPRESENTATION_CONTEXT('2D SPACE',''
  ) );
#1125 = PCURVE('',#1126,#1131);
#1126 = CYLINDRICAL_SURFACE('',#1127,3.5);
#1127 = AXIS2_PLACEMENT_3D('',#1128,#1129,#1130);
#1128 = CARTESIAN_POINT('',(19.091883092037,-22.09188309203,0.));
#1129 = DIRECTION('',(-0.,1.,-0.));
#1130 = DIRECTION('',(1.,0.,0.));
#1131 = DEFINITIONAL_REPRESENTATION('',(#1132),#1136);
#1132 = LINE('',#1133,#1134);
#1133 = CARTESIAN_POINT('',(-6.28318530718,0.));
#1134 = VECTOR('',#1135,1.);
#1135 = DIRECTION('',(-0.,-1.));
#1136 = ( GEOMETRIC_REPRESENTATION_CONTEXT(2) 
PARAMETRIC_REPRESENTATION_CONTEXT() REPRESENTATION_CONTEXT('2D SPACE',''
  ) );
#1137 = ORIENTED_EDGE('',*,*,#1138,.F.);
#1138 = EDGE_CURVE('',#1139,#1111,#1141,.T.);
#1139 = VERTEX_POINT('',#1140);
#1140 = CARTESIAN_POINT('',(21.391883092037,-25.09188309203,0.));
#1141 = SURFACE_CURVE('',#1142,(#1146,#1152),.PCURVE_S1.);
#1142 = LINE('',#1143,#1144);
#1143 = CARTESIAN_POINT('',(-22.95405845398,-25.09188309203,0.));
#1144 = VECTOR('',#1145,1.);
#1145 = DIRECTION('',(1.,0.,0.));
#1146 = PCURVE('',#100,#1147);
#1147 = DEFINITIONAL_REPRESENTATION('',(#1148),#1151);
#1148 = B_SPLINE_CURVE_WITH_KNOTS('',1,(#1149,#1150),.UNSPECIFIED.,.F.,
  .F.,(2,2),(38.545941546018,45.545941546018),.PIECEWISE_BEZIER_KNOTS.);
#1149 = CARTESIAN_POINT('',(80.591883092037,59.908116907963));
#1150 = CARTESIAN_POINT('',(87.591883092037,59.908116907963));
#1151 = ( GEOMETRIC_REPRESENTATION_CONTEXT(2) 
PARAMETRIC_REPRESENTATION_CONTEXT() REPRESENTATION_CONTEXT('2D SPACE',''
  ) );
#1152 = PCURVE('',#1153,#1158);
#1153 = PLANE('',#1154);
#1154 = AXIS2_PLACEMENT_3D('',#1155,#1156,#1157);
#1155 = CARTESIAN_POINT('',(19.091883092037,-25.09188309203,
    2.47821720825E-16));
#1156 = DIRECTION('',(-0.,-1.,-0.));
#1157 = DIRECTION('',(0.,0.,-1.));
#1158 = DEFINITIONAL_REPRESENTATION('',(#1159),#1162);
#1159 = B_SPLINE_CURVE_WITH_KNOTS('',1,(#1160,#1161),.UNSPECIFIED.,.F.,
  .F.,(2,2),(38.545941546018,45.545941546018),.PIECEWISE_BEZIER_KNOTS.);
#1160 = CARTESIAN_POINT('',(2.47821720825E-16,-3.5));
#1161 = CARTESIAN_POINT('',(2.47821720825E-16,3.5));
#1162 = ( GEOMETRIC_REPRESENTATION_CONTEXT(2) 
PARAMETRIC_REPRESENTATION_CONTEXT() REPRESENTATION_CONTEXT('2D SPACE',''
  ) );
#1163 = ORIENTED_EDGE('',*,*,#1164,.F.);
#1164 = EDGE_CURVE('',#1165,#1139,#1167,.T.);
#1165 = VERTEX_POINT('',#1166);
#1166 = CARTESIAN_POINT('',(16.791883092037,-25.09188309203,
    -9.331773983104E-14));
#1167 = SURFACE_CURVE('',#1168,(#1172,#1178),.PCURVE_S1.);
#1168 = LINE('',#1169,#1170);
#1169 = CARTESIAN_POINT('',(-22.95405845398,-25.09188309203,0.));
#1170 = VECTOR('',#1171,1.);
#1171 = DIRECTION('',(1.,0.,0.));
#1172 = PCURVE('',#100,#1173);
#1173 = DEFINITIONAL_REPRESENTATION('',(#1174),#1177);
#1174 = B_SPLINE_CURVE_WITH_KNOTS('',1,(#1175,#1176),.UNSPECIFIED.,.F.,
  .F.,(2,2),(38.545941546018,45.545941546018),.PIECEWISE_BEZIER_KNOTS.);
#1175 = CARTESIAN_POINT('',(80.591883092037,59.908116907963));
#1176 = CARTESIAN_POINT('',(87.591883092037,59.908116907963));
#1177 = ( GEOMETRIC_REPRESENTATION_CONTEXT(2) 
PARAMETRIC_REPRESENTATION_CONTEXT() REPRESENTATION_CONTEXT('2D SPACE',''
  ) );
#1178 = PCURVE('',#1179,#1184);
#1179 = PLANE('',#1180);
#1180 = AXIS2_PLACEMENT_3D('',#1181,#1182,#1183);
#1181 = CARTESIAN_POINT('',(19.091883092037,-25.09188309203,
    -1.957218942705E-17));
#1182 = DIRECTION('',(-0.,-1.,-0.));
#1183 = DIRECTION('',(0.,0.,-1.));
#1184 = DEFINITIONAL_REPRESENTATION('',(#1185),#1189);
#1185 = LINE('',#1186,#1187);
#1186 = CARTESIAN_POINT('',(-1.957218942705E-17,-42.04594154601));
#1187 = VECTOR('',#1188,1.);
#1188 = DIRECTION('',(0.,1.));
#1189 = ( GEOMETRIC_REPRESENTATION_CONTEXT(2) 
PARAMETRIC_REPRESENTATION_CONTEXT() REPRESENTATION_CONTEXT('2D SPACE',''
  ) );
#1190 = ORIENTED_EDGE('',*,*,#1191,.F.);
#1191 = EDGE_CURVE('',#1192,#1165,#1194,.T.);
#1192 = VERTEX_POINT('',#1193);
#1193 = CARTESIAN_POINT('',(15.591883092037,-25.09188309203,
    4.286263797016E-16));
#1194 = SURFACE_CURVE('',#1195,(#1199,#1205),.PCURVE_S1.);
#1195 = LINE('',#1196,#1197);
#1196 = CARTESIAN_POINT('',(-22.95405845398,-25.09188309203,0.));
#1197 = VECTOR('',#1198,1.);
#1198 = DIRECTION('',(1.,0.,0.));
#1199 = PCURVE('',#100,#1200);
#1200 = DEFINITIONAL_REPRESENTATION('',(#1201),#1204);
#1201 = B_SPLINE_CURVE_WITH_KNOTS('',1,(#1202,#1203),.UNSPECIFIED.,.F.,
  .F.,(2,2),(38.545941546018,45.545941546018),.PIECEWISE_BEZIER_KNOTS.);
#1202 = CARTESIAN_POINT('',(80.591883092037,59.908116907963));
#1203 = CARTESIAN_POINT('',(87.591883092037,59.908116907963));
#1204 = ( GEOMETRIC_REPRESENTATION_CONTEXT(2) 
PARAMETRIC_REPRESENTATION_CONTEXT() REPRESENTATION_CONTEXT('2D SPACE',''
  ) );
#1205 = PCURVE('',#1153,#1206);
#1206 = DEFINITIONAL_REPRESENTATION('',(#1207),#1210);
#1207 = B_SPLINE_CURVE_WITH_KNOTS('',1,(#1208,#1209),.UNSPECIFIED.,.F.,
  .F.,(2,2),(38.545941546018,45.545941546018),.PIECEWISE_BEZIER_KNOTS.);
#1208 = CARTESIAN_POINT('',(2.47821720825E-16,-3.5));
#1209 = CARTESIAN_POINT('',(2.47821720825E-16,3.5));
#1210 = ( GEOMETRIC_REPRESENTATION_CONTEXT(2) 
PARAMETRIC_REPRESENTATION_CONTEXT() REPRESENTATION_CONTEXT('2D SPACE',''
  ) );
#1211 = ORIENTED_EDGE('',*,*,#1212,.T.);
#1212 = EDGE_CURVE('',#1192,#1213,#1215,.T.);
#1213 = VERTEX_POINT('',#1214);
#1214 = CARTESIAN_POINT('',(15.591883092037,-22.09188309203,
    4.286263797016E-16));
#1215 = SURFACE_CURVE('',#1216,(#1220,#1226),.PCURVE_S1.);
#1216 = LINE('',#1217,#1218);
#1217 = CARTESIAN_POINT('',(15.591883092037,-22.09188309203,0.));
#1218 = VECTOR('',#1219,1.);
#1219 = DIRECTION('',(-0.,1.,-0.));
#1220 = PCURVE('',#100,#1221);
#1221 = DEFINITIONAL_REPRESENTATION('',(#1222),#1225);
#1222 = B_SPLINE_CURVE_WITH_KNOTS('',1,(#1223,#1224),.UNSPECIFIED.,.F.,
  .F.,(2,2),(-3.0000006,5.999999999062E-07),.PIECEWISE_BEZIER_KNOTS.);
#1223 = CARTESIAN_POINT('',(80.591883092037,59.908116307963));
#1224 = CARTESIAN_POINT('',(80.591883092037,62.908117507963));
#1225 = ( GEOMETRIC_REPRESENTATION_CONTEXT(2) 
PARAMETRIC_REPRESENTATION_CONTEXT() REPRESENTATION_CONTEXT('2D SPACE',''
  ) );
#1226 = PCURVE('',#1126,#1227);
#1227 = DEFINITIONAL_REPRESENTATION('',(#1228),#1231);
#1228 = B_SPLINE_CURVE_WITH_KNOTS('',1,(#1229,#1230),.UNSPECIFIED.,.F.,
  .F.,(2,2),(-3.0000006,5.999999999062E-07),.PIECEWISE_BEZIER_KNOTS.);
#1229 = CARTESIAN_POINT('',(-3.14159265359,-3.0000006));
#1230 = CARTESIAN_POINT('',(-3.14159265359,5.999999999062E-07));
#1231 = ( GEOMETRIC_REPRESENTATION_CONTEXT(2) 
PARAMETRIC_REPRESENTATION_CONTEXT() REPRESENTATION_CONTEXT('2D SPACE',''
  ) );
#1232 = ORIENTED_EDGE('',*,*,#1233,.T.);
#1233 = EDGE_CURVE('',#1213,#1234,#1236,.T.);
#1234 = VERTEX_POINT('',#1235);
#1235 = CARTESIAN_POINT('',(16.791883092037,-22.09188309203,0.));
#1236 = SURFACE_CURVE('',#1237,(#1241,#1247),.PCURVE_S1.);
#1237 = LINE('',#1238,#1239);
#1238 = CARTESIAN_POINT('',(-22.95405845398,-22.09188309203,0.));
#1239 = VECTOR('',#1240,1.);
#1240 = DIRECTION('',(1.,0.,0.));
#1241 = PCURVE('',#100,#1242);
#1242 = DEFINITIONAL_REPRESENTATION('',(#1243),#1246);
#1243 = B_SPLINE_CURVE_WITH_KNOTS('',1,(#1244,#1245),.UNSPECIFIED.,.F.,
  .F.,(2,2),(38.545941546018,45.545941546018),.PIECEWISE_BEZIER_KNOTS.);
#1244 = CARTESIAN_POINT('',(80.591883092037,62.908116907963));
#1245 = CARTESIAN_POINT('',(87.591883092037,62.908116907963));
#1246 = ( GEOMETRIC_REPRESENTATION_CONTEXT(2) 
PARAMETRIC_REPRESENTATION_CONTEXT() REPRESENTATION_CONTEXT('2D SPACE',''
  ) );
#1247 = PCURVE('',#1099,#1248);
#1248 = DEFINITIONAL_REPRESENTATION('',(#1249),#1252);
#1249 = B_SPLINE_CURVE_WITH_KNOTS('',1,(#1250,#1251),.UNSPECIFIED.,.F.,
  .F.,(2,2),(38.545941546018,45.545941546018),.PIECEWISE_BEZIER_KNOTS.);
#1250 = CARTESIAN_POINT('',(2.47821720825E-16,-3.5));
#1251 = CARTESIAN_POINT('',(2.47821720825E-16,3.5));
#1252 = ( GEOMETRIC_REPRESENTATION_CONTEXT(2) 
PARAMETRIC_REPRESENTATION_CONTEXT() REPRESENTATION_CONTEXT('2D SPACE',''
  ) );
#1253 = ORIENTED_EDGE('',*,*,#1254,.F.);
#1254 = EDGE_CURVE('',#1255,#1234,#1257,.T.);
#1255 = VERTEX_POINT('',#1256);
#1256 = CARTESIAN_POINT('',(16.791883092037,-20.09188309203,
    2.816687638039E-16));
#1257 = SURFACE_CURVE('',#1258,(#1262,#1268),.PCURVE_S1.);
#1258 = LINE('',#1259,#1260);
#1259 = CARTESIAN_POINT('',(16.791883092037,-25.09188309203,0.));
#1260 = VECTOR('',#1261,1.);
#1261 = DIRECTION('',(0.,-1.,0.));
#1262 = PCURVE('',#100,#1263);
#1263 = DEFINITIONAL_REPRESENTATION('',(#1264),#1267);
#1264 = B_SPLINE_CURVE_WITH_KNOTS('',1,(#1265,#1266),.UNSPECIFIED.,.F.,
  .F.,(2,2),(-5.0000006,5.999999999062E-07),.PIECEWISE_BEZIER_KNOTS.);
#1265 = CARTESIAN_POINT('',(81.791883092037,64.908117507963));
#1266 = CARTESIAN_POINT('',(81.791883092037,59.908116307963));
#1267 = ( GEOMETRIC_REPRESENTATION_CONTEXT(2) 
PARAMETRIC_REPRESENTATION_CONTEXT() REPRESENTATION_CONTEXT('2D SPACE',''
  ) );
#1268 = PCURVE('',#1072,#1269);
#1269 = DEFINITIONAL_REPRESENTATION('',(#1270),#1273);
#1270 = B_SPLINE_CURVE_WITH_KNOTS('',1,(#1271,#1272),.UNSPECIFIED.,.F.,
  .F.,(2,2),(-5.0000006,5.999999999062E-07),.PIECEWISE_BEZIER_KNOTS.);
#1271 = CARTESIAN_POINT('',(3.14159265359,-5.0000006));
#1272 = CARTESIAN_POINT('',(3.14159265359,5.999999999062E-07));
#1273 = ( GEOMETRIC_REPRESENTATION_CONTEXT(2) 
PARAMETRIC_REPRESENTATION_CONTEXT() REPRESENTATION_CONTEXT('2D SPACE',''
  ) );
#1274 = ORIENTED_EDGE('',*,*,#1275,.T.);
#1275 = EDGE_CURVE('',#1255,#1057,#1276,.T.);
#1276 = SURFACE_CURVE('',#1277,(#1281,#1287),.PCURVE_S1.);
#1277 = LINE('',#1278,#1279);
#1278 = CARTESIAN_POINT('',(-22.95405845398,-20.09188309203,0.));
#1279 = VECTOR('',#1280,1.);
#1280 = DIRECTION('',(1.,0.,0.));
#1281 = PCURVE('',#100,#1282);
#1282 = DEFINITIONAL_REPRESENTATION('',(#1283),#1286);
#1283 = B_SPLINE_CURVE_WITH_KNOTS('',1,(#1284,#1285),.UNSPECIFIED.,.F.,
  .F.,(2,2),(39.745941546018,44.345941546018),.PIECEWISE_BEZIER_KNOTS.);
#1284 = CARTESIAN_POINT('',(81.791883092037,64.908116907963));
#1285 = CARTESIAN_POINT('',(86.391883092037,64.908116907963));
#1286 = ( GEOMETRIC_REPRESENTATION_CONTEXT(2) 
PARAMETRIC_REPRESENTATION_CONTEXT() REPRESENTATION_CONTEXT('2D SPACE',''
  ) );
#1287 = PCURVE('',#1288,#1293);
#1288 = PLANE('',#1289);
#1289 = AXIS2_PLACEMENT_3D('',#1290,#1291,#1292);
#1290 = CARTESIAN_POINT('',(19.091883092037,-20.09188309203,
    -1.957218942705E-17));
#1291 = DIRECTION('',(-0.,-1.,-0.));
#1292 = DIRECTION('',(0.,0.,-1.));
#1293 = DEFINITIONAL_REPRESENTATION('',(#1294),#1297);
#1294 = B_SPLINE_CURVE_WITH_KNOTS('',1,(#1295,#1296),.UNSPECIFIED.,.F.,
  .F.,(2,2),(39.745941546018,44.345941546018),.PIECEWISE_BEZIER_KNOTS.);
#1295 = CARTESIAN_POINT('',(-1.957218942705E-17,-2.3));
#1296 = CARTESIAN_POINT('',(-1.957218942705E-17,2.3));
#1297 = ( GEOMETRIC_REPRESENTATION_CONTEXT(2) 
PARAMETRIC_REPRESENTATION_CONTEXT() REPRESENTATION_CONTEXT('2D SPACE',''
  ) );
#1298 = FACE_BOUND('',#1299,.F.);
#1299 = EDGE_LOOP('',(#1300,#1330,#1356,#1384,#1410,#1437,#1458,#1479,
    #1500,#1521));
#1300 = ORIENTED_EDGE('',*,*,#1301,.F.);
#1301 = EDGE_CURVE('',#1302,#1304,#1306,.T.);
#1302 = VERTEX_POINT('',#1303);
#1303 = CARTESIAN_POINT('',(-16.79188309203,16.091883092037,0.));
#1304 = VERTEX_POINT('',#1305);
#1305 = CARTESIAN_POINT('',(-16.79188309203,18.091883092037,0.));
#1306 = SURFACE_CURVE('',#1307,(#1311,#1318),.PCURVE_S1.);
#1307 = LINE('',#1308,#1309);
#1308 = CARTESIAN_POINT('',(-16.79188309203,13.091883092037,0.));
#1309 = VECTOR('',#1310,1.);
#1310 = DIRECTION('',(-0.,1.,-0.));
#1311 = PCURVE('',#100,#1312);
#1312 = DEFINITIONAL_REPRESENTATION('',(#1313),#1317);
#1313 = LINE('',#1314,#1315);
#1314 = CARTESIAN_POINT('',(48.208116907963,98.091883092037));
#1315 = VECTOR('',#1316,1.);
#1316 = DIRECTION('',(0.,1.));
#1317 = ( GEOMETRIC_REPRESENTATION_CONTEXT(2) 
PARAMETRIC_REPRESENTATION_CONTEXT() REPRESENTATION_CONTEXT('2D SPACE',''
  ) );
#1318 = PCURVE('',#1319,#1324);
#1319 = CYLINDRICAL_SURFACE('',#1320,2.3);
#1320 = AXIS2_PLACEMENT_3D('',#1321,#1322,#1323);
#1321 = CARTESIAN_POINT('',(-19.09188309203,13.091883092037,0.));
#1322 = DIRECTION('',(0.,-1.,0.));
#1323 = DIRECTION('',(1.,0.,0.));
#1324 = DEFINITIONAL_REPRESENTATION('',(#1325),#1329);
#1325 = LINE('',#1326,#1327);
#1326 = CARTESIAN_POINT('',(0.,0.));
#1327 = VECTOR('',#1328,1.);
#1328 = DIRECTION('',(0.,-1.));
#1329 = ( GEOMETRIC_REPRESENTATION_CONTEXT(2) 
PARAMETRIC_REPRESENTATION_CONTEXT() REPRESENTATION_CONTEXT('2D SPACE',''
  ) );
#1330 = ORIENTED_EDGE('',*,*,#1331,.T.);
#1331 = EDGE_CURVE('',#1302,#1332,#1334,.T.);
#1332 = VERTEX_POINT('',#1333);
#1333 = CARTESIAN_POINT('',(-15.59188309203,16.091883092037,0.));
#1334 = SURFACE_CURVE('',#1335,(#1339,#1345),.PCURVE_S1.);
#1335 = LINE('',#1336,#1337);
#1336 = CARTESIAN_POINT('',(-42.04594154601,16.091883092037,0.));
#1337 = VECTOR('',#1338,1.);
#1338 = DIRECTION('',(1.,0.,0.));
#1339 = PCURVE('',#100,#1340);
#1340 = DEFINITIONAL_REPRESENTATION('',(#1341),#1344);
#1341 = B_SPLINE_CURVE_WITH_KNOTS('',1,(#1342,#1343),.UNSPECIFIED.,.F.,
  .F.,(2,2),(19.454058453982,26.454058453982),.PIECEWISE_BEZIER_KNOTS.);
#1342 = CARTESIAN_POINT('',(42.408116907963,101.09188309203));
#1343 = CARTESIAN_POINT('',(49.408116907963,101.09188309203));
#1344 = ( GEOMETRIC_REPRESENTATION_CONTEXT(2) 
PARAMETRIC_REPRESENTATION_CONTEXT() REPRESENTATION_CONTEXT('2D SPACE',''
  ) );
#1345 = PCURVE('',#1346,#1351);
#1346 = PLANE('',#1347);
#1347 = AXIS2_PLACEMENT_3D('',#1348,#1349,#1350);
#1348 = CARTESIAN_POINT('',(-19.09188309203,16.091883092037,
    2.47821720825E-16));
#1349 = DIRECTION('',(-0.,-1.,-0.));
#1350 = DIRECTION('',(0.,0.,-1.));
#1351 = DEFINITIONAL_REPRESENTATION('',(#1352),#1355);
#1352 = B_SPLINE_CURVE_WITH_KNOTS('',1,(#1353,#1354),.UNSPECIFIED.,.F.,
  .F.,(2,2),(19.454058453982,26.454058453982),.PIECEWISE_BEZIER_KNOTS.);
#1353 = CARTESIAN_POINT('',(2.47821720825E-16,-3.5));
#1354 = CARTESIAN_POINT('',(2.47821720825E-16,3.5));
#1355 = ( GEOMETRIC_REPRESENTATION_CONTEXT(2) 
PARAMETRIC_REPRESENTATION_CONTEXT() REPRESENTATION_CONTEXT('2D SPACE',''
  ) );
#1356 = ORIENTED_EDGE('',*,*,#1357,.T.);
#1357 = EDGE_CURVE('',#1332,#1358,#1360,.T.);
#1358 = VERTEX_POINT('',#1359);
#1359 = CARTESIAN_POINT('',(-15.59188309203,13.091883092037,0.));
#1360 = SURFACE_CURVE('',#1361,(#1365,#1372),.PCURVE_S1.);
#1361 = LINE('',#1362,#1363);
#1362 = CARTESIAN_POINT('',(-15.59188309203,16.091883092037,0.));
#1363 = VECTOR('',#1364,1.);
#1364 = DIRECTION('',(0.,-1.,0.));
#1365 = PCURVE('',#100,#1366);
#1366 = DEFINITIONAL_REPRESENTATION('',(#1367),#1371);
#1367 = LINE('',#1368,#1369);
#1368 = CARTESIAN_POINT('',(49.408116907963,101.09188309203));
#1369 = VECTOR('',#1370,1.);
#1370 = DIRECTION('',(0.,-1.));
#1371 = ( GEOMETRIC_REPRESENTATION_CONTEXT(2) 
PARAMETRIC_REPRESENTATION_CONTEXT() REPRESENTATION_CONTEXT('2D SPACE',''
  ) );
#1372 = PCURVE('',#1373,#1378);
#1373 = CYLINDRICAL_SURFACE('',#1374,3.5);
#1374 = AXIS2_PLACEMENT_3D('',#1375,#1376,#1377);
#1375 = CARTESIAN_POINT('',(-19.09188309203,16.091883092037,0.));
#1376 = DIRECTION('',(-0.,1.,-0.));
#1377 = DIRECTION('',(1.,0.,0.));
#1378 = DEFINITIONAL_REPRESENTATION('',(#1379),#1383);
#1379 = LINE('',#1380,#1381);
#1380 = CARTESIAN_POINT('',(-6.28318530718,0.));
#1381 = VECTOR('',#1382,1.);
#1382 = DIRECTION('',(-0.,-1.));
#1383 = ( GEOMETRIC_REPRESENTATION_CONTEXT(2) 
PARAMETRIC_REPRESENTATION_CONTEXT() REPRESENTATION_CONTEXT('2D SPACE',''
  ) );
#1384 = ORIENTED_EDGE('',*,*,#1385,.F.);
#1385 = EDGE_CURVE('',#1386,#1358,#1388,.T.);
#1386 = VERTEX_POINT('',#1387);
#1387 = CARTESIAN_POINT('',(-16.79188309203,13.091883092037,0.));
#1388 = SURFACE_CURVE('',#1389,(#1393,#1399),.PCURVE_S1.);
#1389 = LINE('',#1390,#1391);
#1390 = CARTESIAN_POINT('',(-42.04594154601,13.091883092037,0.));
#1391 = VECTOR('',#1392,1.);
#1392 = DIRECTION('',(1.,0.,0.));
#1393 = PCURVE('',#100,#1394);
#1394 = DEFINITIONAL_REPRESENTATION('',(#1395),#1398);
#1395 = B_SPLINE_CURVE_WITH_KNOTS('',1,(#1396,#1397),.UNSPECIFIED.,.F.,
  .F.,(2,2),(19.454058453982,26.454058453982),.PIECEWISE_BEZIER_KNOTS.);
#1396 = CARTESIAN_POINT('',(42.408116907963,98.091883092037));
#1397 = CARTESIAN_POINT('',(49.408116907963,98.091883092037));
#1398 = ( GEOMETRIC_REPRESENTATION_CONTEXT(2) 
PARAMETRIC_REPRESENTATION_CONTEXT() REPRESENTATION_CONTEXT('2D SPACE',''
  ) );
#1399 = PCURVE('',#1400,#1405);
#1400 = PLANE('',#1401);
#1401 = AXIS2_PLACEMENT_3D('',#1402,#1403,#1404);
#1402 = CARTESIAN_POINT('',(-19.09188309203,13.091883092037,
    2.47821720825E-16));
#1403 = DIRECTION('',(-0.,-1.,-0.));
#1404 = DIRECTION('',(0.,0.,-1.));
#1405 = DEFINITIONAL_REPRESENTATION('',(#1406),#1409);
#1406 = B_SPLINE_CURVE_WITH_KNOTS('',1,(#1407,#1408),.UNSPECIFIED.,.F.,
  .F.,(2,2),(19.454058453982,26.454058453982),.PIECEWISE_BEZIER_KNOTS.);
#1407 = CARTESIAN_POINT('',(2.47821720825E-16,-3.5));
#1408 = CARTESIAN_POINT('',(2.47821720825E-16,3.5));
#1409 = ( GEOMETRIC_REPRESENTATION_CONTEXT(2) 
PARAMETRIC_REPRESENTATION_CONTEXT() REPRESENTATION_CONTEXT('2D SPACE',''
  ) );
#1410 = ORIENTED_EDGE('',*,*,#1411,.F.);
#1411 = EDGE_CURVE('',#1412,#1386,#1414,.T.);
#1412 = VERTEX_POINT('',#1413);
#1413 = CARTESIAN_POINT('',(-21.39188309203,13.091883092037,
    -9.331773983104E-14));
#1414 = SURFACE_CURVE('',#1415,(#1419,#1425),.PCURVE_S1.);
#1415 = LINE('',#1416,#1417);
#1416 = CARTESIAN_POINT('',(-42.04594154601,13.091883092037,0.));
#1417 = VECTOR('',#1418,1.);
#1418 = DIRECTION('',(1.,0.,0.));
#1419 = PCURVE('',#100,#1420);
#1420 = DEFINITIONAL_REPRESENTATION('',(#1421),#1424);
#1421 = B_SPLINE_CURVE_WITH_KNOTS('',1,(#1422,#1423),.UNSPECIFIED.,.F.,
  .F.,(2,2),(19.454058453982,26.454058453982),.PIECEWISE_BEZIER_KNOTS.);
#1422 = CARTESIAN_POINT('',(42.408116907963,98.091883092037));
#1423 = CARTESIAN_POINT('',(49.408116907963,98.091883092037));
#1424 = ( GEOMETRIC_REPRESENTATION_CONTEXT(2) 
PARAMETRIC_REPRESENTATION_CONTEXT() REPRESENTATION_CONTEXT('2D SPACE',''
  ) );
#1425 = PCURVE('',#1426,#1431);
#1426 = PLANE('',#1427);
#1427 = AXIS2_PLACEMENT_3D('',#1428,#1429,#1430);
#1428 = CARTESIAN_POINT('',(-19.09188309203,13.091883092037,
    -1.957218942705E-17));
#1429 = DIRECTION('',(-0.,-1.,-0.));
#1430 = DIRECTION('',(0.,0.,-1.));
#1431 = DEFINITIONAL_REPRESENTATION('',(#1432),#1436);
#1432 = LINE('',#1433,#1434);
#1433 = CARTESIAN_POINT('',(-1.957218942705E-17,-22.95405845398));
#1434 = VECTOR('',#1435,1.);
#1435 = DIRECTION('',(0.,1.));
#1436 = ( GEOMETRIC_REPRESENTATION_CONTEXT(2) 
PARAMETRIC_REPRESENTATION_CONTEXT() REPRESENTATION_CONTEXT('2D SPACE',''
  ) );
#1437 = ORIENTED_EDGE('',*,*,#1438,.F.);
#1438 = EDGE_CURVE('',#1439,#1412,#1441,.T.);
#1439 = VERTEX_POINT('',#1440);
#1440 = CARTESIAN_POINT('',(-22.59188309203,13.091883092037,
    4.286263797016E-16));
#1441 = SURFACE_CURVE('',#1442,(#1446,#1452),.PCURVE_S1.);
#1442 = LINE('',#1443,#1444);
#1443 = CARTESIAN_POINT('',(-42.04594154601,13.091883092037,0.));
#1444 = VECTOR('',#1445,1.);
#1445 = DIRECTION('',(1.,0.,0.));
#1446 = PCURVE('',#100,#1447);
#1447 = DEFINITIONAL_REPRESENTATION('',(#1448),#1451);
#1448 = B_SPLINE_CURVE_WITH_KNOTS('',1,(#1449,#1450),.UNSPECIFIED.,.F.,
  .F.,(2,2),(19.454058453982,26.454058453982),.PIECEWISE_BEZIER_KNOTS.);
#1449 = CARTESIAN_POINT('',(42.408116907963,98.091883092037));
#1450 = CARTESIAN_POINT('',(49.408116907963,98.091883092037));
#1451 = ( GEOMETRIC_REPRESENTATION_CONTEXT(2) 
PARAMETRIC_REPRESENTATION_CONTEXT() REPRESENTATION_CONTEXT('2D SPACE',''
  ) );
#1452 = PCURVE('',#1400,#1453);
#1453 = DEFINITIONAL_REPRESENTATION('',(#1454),#1457);
#1454 = B_SPLINE_CURVE_WITH_KNOTS('',1,(#1455,#1456),.UNSPECIFIED.,.F.,
  .F.,(2,2),(19.454058453982,26.454058453982),.PIECEWISE_BEZIER_KNOTS.);
#1455 = CARTESIAN_POINT('',(2.47821720825E-16,-3.5));
#1456 = CARTESIAN_POINT('',(2.47821720825E-16,3.5));
#1457 = ( GEOMETRIC_REPRESENTATION_CONTEXT(2) 
PARAMETRIC_REPRESENTATION_CONTEXT() REPRESENTATION_CONTEXT('2D SPACE',''
  ) );
#1458 = ORIENTED_EDGE('',*,*,#1459,.T.);
#1459 = EDGE_CURVE('',#1439,#1460,#1462,.T.);
#1460 = VERTEX_POINT('',#1461);
#1461 = CARTESIAN_POINT('',(-22.59188309203,16.091883092037,
    4.286263797016E-16));
#1462 = SURFACE_CURVE('',#1463,(#1467,#1473),.PCURVE_S1.);
#1463 = LINE('',#1464,#1465);
#1464 = CARTESIAN_POINT('',(-22.59188309203,16.091883092037,0.));
#1465 = VECTOR('',#1466,1.);
#1466 = DIRECTION('',(-0.,1.,-0.));
#1467 = PCURVE('',#100,#1468);
#1468 = DEFINITIONAL_REPRESENTATION('',(#1469),#1472);
#1469 = B_SPLINE_CURVE_WITH_KNOTS('',1,(#1470,#1471),.UNSPECIFIED.,.F.,
  .F.,(2,2),(-3.0000006,5.999999999062E-07),.PIECEWISE_BEZIER_KNOTS.);
#1470 = CARTESIAN_POINT('',(42.408116907963,98.091882492037));
#1471 = CARTESIAN_POINT('',(42.408116907963,101.09188369203));
#1472 = ( GEOMETRIC_REPRESENTATION_CONTEXT(2) 
PARAMETRIC_REPRESENTATION_CONTEXT() REPRESENTATION_CONTEXT('2D SPACE',''
  ) );
#1473 = PCURVE('',#1373,#1474);
#1474 = DEFINITIONAL_REPRESENTATION('',(#1475),#1478);
#1475 = B_SPLINE_CURVE_WITH_KNOTS('',1,(#1476,#1477),.UNSPECIFIED.,.F.,
  .F.,(2,2),(-3.0000006,5.999999999062E-07),.PIECEWISE_BEZIER_KNOTS.);
#1476 = CARTESIAN_POINT('',(-3.14159265359,-3.0000006));
#1477 = CARTESIAN_POINT('',(-3.14159265359,5.999999999062E-07));
#1478 = ( GEOMETRIC_REPRESENTATION_CONTEXT(2) 
PARAMETRIC_REPRESENTATION_CONTEXT() REPRESENTATION_CONTEXT('2D SPACE',''
  ) );
#1479 = ORIENTED_EDGE('',*,*,#1480,.T.);
#1480 = EDGE_CURVE('',#1460,#1481,#1483,.T.);
#1481 = VERTEX_POINT('',#1482);
#1482 = CARTESIAN_POINT('',(-21.39188309203,16.091883092037,0.));
#1483 = SURFACE_CURVE('',#1484,(#1488,#1494),.PCURVE_S1.);
#1484 = LINE('',#1485,#1486);
#1485 = CARTESIAN_POINT('',(-42.04594154601,16.091883092037,0.));
#1486 = VECTOR('',#1487,1.);
#1487 = DIRECTION('',(1.,0.,0.));
#1488 = PCURVE('',#100,#1489);
#1489 = DEFINITIONAL_REPRESENTATION('',(#1490),#1493);
#1490 = B_SPLINE_CURVE_WITH_KNOTS('',1,(#1491,#1492),.UNSPECIFIED.,.F.,
  .F.,(2,2),(19.454058453982,26.454058453982),.PIECEWISE_BEZIER_KNOTS.);
#1491 = CARTESIAN_POINT('',(42.408116907963,101.09188309203));
#1492 = CARTESIAN_POINT('',(49.408116907963,101.09188309203));
#1493 = ( GEOMETRIC_REPRESENTATION_CONTEXT(2) 
PARAMETRIC_REPRESENTATION_CONTEXT() REPRESENTATION_CONTEXT('2D SPACE',''
  ) );
#1494 = PCURVE('',#1346,#1495);
#1495 = DEFINITIONAL_REPRESENTATION('',(#1496),#1499);
#1496 = B_SPLINE_CURVE_WITH_KNOTS('',1,(#1497,#1498),.UNSPECIFIED.,.F.,
  .F.,(2,2),(19.454058453982,26.454058453982),.PIECEWISE_BEZIER_KNOTS.);
#1497 = CARTESIAN_POINT('',(2.47821720825E-16,-3.5));
#1498 = CARTESIAN_POINT('',(2.47821720825E-16,3.5));
#1499 = ( GEOMETRIC_REPRESENTATION_CONTEXT(2) 
PARAMETRIC_REPRESENTATION_CONTEXT() REPRESENTATION_CONTEXT('2D SPACE',''
  ) );
#1500 = ORIENTED_EDGE('',*,*,#1501,.F.);
#1501 = EDGE_CURVE('',#1502,#1481,#1504,.T.);
#1502 = VERTEX_POINT('',#1503);
#1503 = CARTESIAN_POINT('',(-21.39188309203,18.091883092037,
    2.816687638039E-16));
#1504 = SURFACE_CURVE('',#1505,(#1509,#1515),.PCURVE_S1.);
#1505 = LINE('',#1506,#1507);
#1506 = CARTESIAN_POINT('',(-21.39188309203,13.091883092037,0.));
#1507 = VECTOR('',#1508,1.);
#1508 = DIRECTION('',(0.,-1.,0.));
#1509 = PCURVE('',#100,#1510);
#1510 = DEFINITIONAL_REPRESENTATION('',(#1511),#1514);
#1511 = B_SPLINE_CURVE_WITH_KNOTS('',1,(#1512,#1513),.UNSPECIFIED.,.F.,
  .F.,(2,2),(-5.0000006,5.999999999062E-07),.PIECEWISE_BEZIER_KNOTS.);
#1512 = CARTESIAN_POINT('',(43.608116907963,103.09188369203));
#1513 = CARTESIAN_POINT('',(43.608116907963,98.091882492037));
#1514 = ( GEOMETRIC_REPRESENTATION_CONTEXT(2) 
PARAMETRIC_REPRESENTATION_CONTEXT() REPRESENTATION_CONTEXT('2D SPACE',''
  ) );
#1515 = PCURVE('',#1319,#1516);
#1516 = DEFINITIONAL_REPRESENTATION('',(#1517),#1520);
#1517 = B_SPLINE_CURVE_WITH_KNOTS('',1,(#1518,#1519),.UNSPECIFIED.,.F.,
  .F.,(2,2),(-5.0000006,5.999999999062E-07),.PIECEWISE_BEZIER_KNOTS.);
#1518 = CARTESIAN_POINT('',(3.14159265359,-5.0000006));
#1519 = CARTESIAN_POINT('',(3.14159265359,5.999999999062E-07));
#1520 = ( GEOMETRIC_REPRESENTATION_CONTEXT(2) 
PARAMETRIC_REPRESENTATION_CONTEXT() REPRESENTATION_CONTEXT('2D SPACE',''
  ) );
#1521 = ORIENTED_EDGE('',*,*,#1522,.T.);
#1522 = EDGE_CURVE('',#1502,#1304,#1523,.T.);
#1523 = SURFACE_CURVE('',#1524,(#1528,#1534),.PCURVE_S1.);
#1524 = LINE('',#1525,#1526);
#1525 = CARTESIAN_POINT('',(-42.04594154601,18.091883092037,0.));
#1526 = VECTOR('',#1527,1.);
#1527 = DIRECTION('',(1.,0.,0.));
#1528 = PCURVE('',#100,#1529);
#1529 = DEFINITIONAL_REPRESENTATION('',(#1530),#1533);
#1530 = B_SPLINE_CURVE_WITH_KNOTS('',1,(#1531,#1532),.UNSPECIFIED.,.F.,
  .F.,(2,2),(20.654058453982,25.254058453982),.PIECEWISE_BEZIER_KNOTS.);
#1531 = CARTESIAN_POINT('',(43.608116907963,103.09188309203));
#1532 = CARTESIAN_POINT('',(48.208116907963,103.09188309203));
#1533 = ( GEOMETRIC_REPRESENTATION_CONTEXT(2) 
PARAMETRIC_REPRESENTATION_CONTEXT() REPRESENTATION_CONTEXT('2D SPACE',''
  ) );
#1534 = PCURVE('',#1535,#1540);
#1535 = PLANE('',#1536);
#1536 = AXIS2_PLACEMENT_3D('',#1537,#1538,#1539);
#1537 = CARTESIAN_POINT('',(-19.09188309203,18.091883092037,
    -1.957218942705E-17));
#1538 = DIRECTION('',(-0.,-1.,-0.));
#1539 = DIRECTION('',(0.,0.,-1.));
#1540 = DEFINITIONAL_REPRESENTATION('',(#1541),#1544);
#1541 = B_SPLINE_CURVE_WITH_KNOTS('',1,(#1542,#1543),.UNSPECIFIED.,.F.,
  .F.,(2,2),(20.654058453982,25.254058453982),.PIECEWISE_BEZIER_KNOTS.);
#1542 = CARTESIAN_POINT('',(-1.957218942705E-17,-2.3));
#1543 = CARTESIAN_POINT('',(-1.957218942705E-17,2.3));
#1544 = ( GEOMETRIC_REPRESENTATION_CONTEXT(2) 
PARAMETRIC_REPRESENTATION_CONTEXT() REPRESENTATION_CONTEXT('2D SPACE',''
  ) );
#1545 = FACE_BOUND('',#1546,.F.);
#1546 = EDGE_LOOP('',(#1547,#1577,#1603,#1631,#1657,#1684,#1705,#1726,
    #1747,#1768));
#1547 = ORIENTED_EDGE('',*,*,#1548,.F.);
#1548 = EDGE_CURVE('',#1549,#1551,#1553,.T.);
#1549 = VERTEX_POINT('',#1550);
#1550 = CARTESIAN_POINT('',(21.391883092037,16.091883092037,0.));
#1551 = VERTEX_POINT('',#1552);
#1552 = CARTESIAN_POINT('',(21.391883092037,18.091883092037,0.));
#1553 = SURFACE_CURVE('',#1554,(#1558,#1565),.PCURVE_S1.);
#1554 = LINE('',#1555,#1556);
#1555 = CARTESIAN_POINT('',(21.391883092037,13.091883092037,0.));
#1556 = VECTOR('',#1557,1.);
#1557 = DIRECTION('',(-0.,1.,-0.));
#1558 = PCURVE('',#100,#1559);
#1559 = DEFINITIONAL_REPRESENTATION('',(#1560),#1564);
#1560 = LINE('',#1561,#1562);
#1561 = CARTESIAN_POINT('',(86.391883092037,98.091883092037));
#1562 = VECTOR('',#1563,1.);
#1563 = DIRECTION('',(0.,1.));
#1564 = ( GEOMETRIC_REPRESENTATION_CONTEXT(2) 
PARAMETRIC_REPRESENTATION_CONTEXT() REPRESENTATION_CONTEXT('2D SPACE',''
  ) );
#1565 = PCURVE('',#1566,#1571);
#1566 = CYLINDRICAL_SURFACE('',#1567,2.3);
#1567 = AXIS2_PLACEMENT_3D('',#1568,#1569,#1570);
#1568 = CARTESIAN_POINT('',(19.091883092037,13.091883092037,0.));
#1569 = DIRECTION('',(0.,-1.,0.));
#1570 = DIRECTION('',(1.,0.,0.));
#1571 = DEFINITIONAL_REPRESENTATION('',(#1572),#1576);
#1572 = LINE('',#1573,#1574);
#1573 = CARTESIAN_POINT('',(0.,0.));
#1574 = VECTOR('',#1575,1.);
#1575 = DIRECTION('',(0.,-1.));
#1576 = ( GEOMETRIC_REPRESENTATION_CONTEXT(2) 
PARAMETRIC_REPRESENTATION_CONTEXT() REPRESENTATION_CONTEXT('2D SPACE',''
  ) );
#1577 = ORIENTED_EDGE('',*,*,#1578,.T.);
#1578 = EDGE_CURVE('',#1549,#1579,#1581,.T.);
#1579 = VERTEX_POINT('',#1580);
#1580 = CARTESIAN_POINT('',(22.591883092037,16.091883092037,0.));
#1581 = SURFACE_CURVE('',#1582,(#1586,#1592),.PCURVE_S1.);
#1582 = LINE('',#1583,#1584);
#1583 = CARTESIAN_POINT('',(-22.95405845398,16.091883092037,0.));
#1584 = VECTOR('',#1585,1.);
#1585 = DIRECTION('',(1.,0.,0.));
#1586 = PCURVE('',#100,#1587);
#1587 = DEFINITIONAL_REPRESENTATION('',(#1588),#1591);
#1588 = B_SPLINE_CURVE_WITH_KNOTS('',1,(#1589,#1590),.UNSPECIFIED.,.F.,
  .F.,(2,2),(38.545941546018,45.545941546018),.PIECEWISE_BEZIER_KNOTS.);
#1589 = CARTESIAN_POINT('',(80.591883092037,101.09188309203));
#1590 = CARTESIAN_POINT('',(87.591883092037,101.09188309203));
#1591 = ( GEOMETRIC_REPRESENTATION_CONTEXT(2) 
PARAMETRIC_REPRESENTATION_CONTEXT() REPRESENTATION_CONTEXT('2D SPACE',''
  ) );
#1592 = PCURVE('',#1593,#1598);
#1593 = PLANE('',#1594);
#1594 = AXIS2_PLACEMENT_3D('',#1595,#1596,#1597);
#1595 = CARTESIAN_POINT('',(19.091883092037,16.091883092037,
    2.47821720825E-16));
#1596 = DIRECTION('',(-0.,-1.,-0.));
#1597 = DIRECTION('',(0.,0.,-1.));
#1598 = DEFINITIONAL_REPRESENTATION('',(#1599),#1602);
#1599 = B_SPLINE_CURVE_WITH_KNOTS('',1,(#1600,#1601),.UNSPECIFIED.,.F.,
  .F.,(2,2),(38.545941546018,45.545941546018),.PIECEWISE_BEZIER_KNOTS.);
#1600 = CARTESIAN_POINT('',(2.47821720825E-16,-3.5));
#1601 = CARTESIAN_POINT('',(2.47821720825E-16,3.5));
#1602 = ( GEOMETRIC_REPRESENTATION_CONTEXT(2) 
PARAMETRIC_REPRESENTATION_CONTEXT() REPRESENTATION_CONTEXT('2D SPACE',''
  ) );
#1603 = ORIENTED_EDGE('',*,*,#1604,.T.);
#1604 = EDGE_CURVE('',#1579,#1605,#1607,.T.);
#1605 = VERTEX_POINT('',#1606);
#1606 = CARTESIAN_POINT('',(22.591883092037,13.091883092037,0.));
#1607 = SURFACE_CURVE('',#1608,(#1612,#1619),.PCURVE_S1.);
#1608 = LINE('',#1609,#1610);
#1609 = CARTESIAN_POINT('',(22.591883092037,16.091883092037,0.));
#1610 = VECTOR('',#1611,1.);
#1611 = DIRECTION('',(0.,-1.,0.));
#1612 = PCURVE('',#100,#1613);
#1613 = DEFINITIONAL_REPRESENTATION('',(#1614),#1618);
#1614 = LINE('',#1615,#1616);
#1615 = CARTESIAN_POINT('',(87.591883092037,101.09188309203));
#1616 = VECTOR('',#1617,1.);
#1617 = DIRECTION('',(0.,-1.));
#1618 = ( GEOMETRIC_REPRESENTATION_CONTEXT(2) 
PARAMETRIC_REPRESENTATION_CONTEXT() REPRESENTATION_CONTEXT('2D SPACE',''
  ) );
#1619 = PCURVE('',#1620,#1625);
#1620 = CYLINDRICAL_SURFACE('',#1621,3.5);
#1621 = AXIS2_PLACEMENT_3D('',#1622,#1623,#1624);
#1622 = CARTESIAN_POINT('',(19.091883092037,16.091883092037,0.));
#1623 = DIRECTION('',(-0.,1.,-0.));
#1624 = DIRECTION('',(1.,0.,0.));
#1625 = DEFINITIONAL_REPRESENTATION('',(#1626),#1630);
#1626 = LINE('',#1627,#1628);
#1627 = CARTESIAN_POINT('',(-6.28318530718,0.));
#1628 = VECTOR('',#1629,1.);
#1629 = DIRECTION('',(-0.,-1.));
#1630 = ( GEOMETRIC_REPRESENTATION_CONTEXT(2) 
PARAMETRIC_REPRESENTATION_CONTEXT() REPRESENTATION_CONTEXT('2D SPACE',''
  ) );
#1631 = ORIENTED_EDGE('',*,*,#1632,.F.);
#1632 = EDGE_CURVE('',#1633,#1605,#1635,.T.);
#1633 = VERTEX_POINT('',#1634);
#1634 = CARTESIAN_POINT('',(21.391883092037,13.091883092037,0.));
#1635 = SURFACE_CURVE('',#1636,(#1640,#1646),.PCURVE_S1.);
#1636 = LINE('',#1637,#1638);
#1637 = CARTESIAN_POINT('',(-22.95405845398,13.091883092037,0.));
#1638 = VECTOR('',#1639,1.);
#1639 = DIRECTION('',(1.,0.,0.));
#1640 = PCURVE('',#100,#1641);
#1641 = DEFINITIONAL_REPRESENTATION('',(#1642),#1645);
#1642 = B_SPLINE_CURVE_WITH_KNOTS('',1,(#1643,#1644),.UNSPECIFIED.,.F.,
  .F.,(2,2),(38.545941546018,45.545941546018),.PIECEWISE_BEZIER_KNOTS.);
#1643 = CARTESIAN_POINT('',(80.591883092037,98.091883092037));
#1644 = CARTESIAN_POINT('',(87.591883092037,98.091883092037));
#1645 = ( GEOMETRIC_REPRESENTATION_CONTEXT(2) 
PARAMETRIC_REPRESENTATION_CONTEXT() REPRESENTATION_CONTEXT('2D SPACE',''
  ) );
#1646 = PCURVE('',#1647,#1652);
#1647 = PLANE('',#1648);
#1648 = AXIS2_PLACEMENT_3D('',#1649,#1650,#1651);
#1649 = CARTESIAN_POINT('',(19.091883092037,13.091883092037,
    2.47821720825E-16));
#1650 = DIRECTION('',(-0.,-1.,-0.));
#1651 = DIRECTION('',(0.,0.,-1.));
#1652 = DEFINITIONAL_REPRESENTATION('',(#1653),#1656);
#1653 = B_SPLINE_CURVE_WITH_KNOTS('',1,(#1654,#1655),.UNSPECIFIED.,.F.,
  .F.,(2,2),(38.545941546018,45.545941546018),.PIECEWISE_BEZIER_KNOTS.);
#1654 = CARTESIAN_POINT('',(2.47821720825E-16,-3.5));
#1655 = CARTESIAN_POINT('',(2.47821720825E-16,3.5));
#1656 = ( GEOMETRIC_REPRESENTATION_CONTEXT(2) 
PARAMETRIC_REPRESENTATION_CONTEXT() REPRESENTATION_CONTEXT('2D SPACE',''
  ) );
#1657 = ORIENTED_EDGE('',*,*,#1658,.F.);
#1658 = EDGE_CURVE('',#1659,#1633,#1661,.T.);
#1659 = VERTEX_POINT('',#1660);
#1660 = CARTESIAN_POINT('',(16.791883092037,13.091883092037,
    -9.331773983104E-14));
#1661 = SURFACE_CURVE('',#1662,(#1666,#1672),.PCURVE_S1.);
#1662 = LINE('',#1663,#1664);
#1663 = CARTESIAN_POINT('',(-22.95405845398,13.091883092037,0.));
#1664 = VECTOR('',#1665,1.);
#1665 = DIRECTION('',(1.,0.,0.));
#1666 = PCURVE('',#100,#1667);
#1667 = DEFINITIONAL_REPRESENTATION('',(#1668),#1671);
#1668 = B_SPLINE_CURVE_WITH_KNOTS('',1,(#1669,#1670),.UNSPECIFIED.,.F.,
  .F.,(2,2),(38.545941546018,45.545941546018),.PIECEWISE_BEZIER_KNOTS.);
#1669 = CARTESIAN_POINT('',(80.591883092037,98.091883092037));
#1670 = CARTESIAN_POINT('',(87.591883092037,98.091883092037));
#1671 = ( GEOMETRIC_REPRESENTATION_CONTEXT(2) 
PARAMETRIC_REPRESENTATION_CONTEXT() REPRESENTATION_CONTEXT('2D SPACE',''
  ) );
#1672 = PCURVE('',#1673,#1678);
#1673 = PLANE('',#1674);
#1674 = AXIS2_PLACEMENT_3D('',#1675,#1676,#1677);
#1675 = CARTESIAN_POINT('',(19.091883092037,13.091883092037,
    -1.957218942705E-17));
#1676 = DIRECTION('',(-0.,-1.,-0.));
#1677 = DIRECTION('',(0.,0.,-1.));
#1678 = DEFINITIONAL_REPRESENTATION('',(#1679),#1683);
#1679 = LINE('',#1680,#1681);
#1680 = CARTESIAN_POINT('',(-1.957218942705E-17,-42.04594154601));
#1681 = VECTOR('',#1682,1.);
#1682 = DIRECTION('',(0.,1.));
#1683 = ( GEOMETRIC_REPRESENTATION_CONTEXT(2) 
PARAMETRIC_REPRESENTATION_CONTEXT() REPRESENTATION_CONTEXT('2D SPACE',''
  ) );
#1684 = ORIENTED_EDGE('',*,*,#1685,.F.);
#1685 = EDGE_CURVE('',#1686,#1659,#1688,.T.);
#1686 = VERTEX_POINT('',#1687);
#1687 = CARTESIAN_POINT('',(15.591883092037,13.091883092037,
    4.286263797016E-16));
#1688 = SURFACE_CURVE('',#1689,(#1693,#1699),.PCURVE_S1.);
#1689 = LINE('',#1690,#1691);
#1690 = CARTESIAN_POINT('',(-22.95405845398,13.091883092037,0.));
#1691 = VECTOR('',#1692,1.);
#1692 = DIRECTION('',(1.,0.,0.));
#1693 = PCURVE('',#100,#1694);
#1694 = DEFINITIONAL_REPRESENTATION('',(#1695),#1698);
#1695 = B_SPLINE_CURVE_WITH_KNOTS('',1,(#1696,#1697),.UNSPECIFIED.,.F.,
  .F.,(2,2),(38.545941546018,45.545941546018),.PIECEWISE_BEZIER_KNOTS.);
#1696 = CARTESIAN_POINT('',(80.591883092037,98.091883092037));
#1697 = CARTESIAN_POINT('',(87.591883092037,98.091883092037));
#1698 = ( GEOMETRIC_REPRESENTATION_CONTEXT(2) 
PARAMETRIC_REPRESENTATION_CONTEXT() REPRESENTATION_CONTEXT('2D SPACE',''
  ) );
#1699 = PCURVE('',#1647,#1700);
#1700 = DEFINITIONAL_REPRESENTATION('',(#1701),#1704);
#1701 = B_SPLINE_CURVE_WITH_KNOTS('',1,(#1702,#1703),.UNSPECIFIED.,.F.,
  .F.,(2,2),(38.545941546018,45.545941546018),.PIECEWISE_BEZIER_KNOTS.);
#1702 = CARTESIAN_POINT('',(2.47821720825E-16,-3.5));
#1703 = CARTESIAN_POINT('',(2.47821720825E-16,3.5));
#1704 = ( GEOMETRIC_REPRESENTATION_CONTEXT(2) 
PARAMETRIC_REPRESENTATION_CONTEXT() REPRESENTATION_CONTEXT('2D SPACE',''
  ) );
#1705 = ORIENTED_EDGE('',*,*,#1706,.T.);
#1706 = EDGE_CURVE('',#1686,#1707,#1709,.T.);
#1707 = VERTEX_POINT('',#1708);
#1708 = CARTESIAN_POINT('',(15.591883092037,16.091883092037,
    4.286263797016E-16));
#1709 = SURFACE_CURVE('',#1710,(#1714,#1720),.PCURVE_S1.);
#1710 = LINE('',#1711,#1712);
#1711 = CARTESIAN_POINT('',(15.591883092037,16.091883092037,0.));
#1712 = VECTOR('',#1713,1.);
#1713 = DIRECTION('',(-0.,1.,-0.));
#1714 = PCURVE('',#100,#1715);
#1715 = DEFINITIONAL_REPRESENTATION('',(#1716),#1719);
#1716 = B_SPLINE_CURVE_WITH_KNOTS('',1,(#1717,#1718),.UNSPECIFIED.,.F.,
  .F.,(2,2),(-3.0000006,5.999999999062E-07),.PIECEWISE_BEZIER_KNOTS.);
#1717 = CARTESIAN_POINT('',(80.591883092037,98.091882492037));
#1718 = CARTESIAN_POINT('',(80.591883092037,101.09188369203));
#1719 = ( GEOMETRIC_REPRESENTATION_CONTEXT(2) 
PARAMETRIC_REPRESENTATION_CONTEXT() REPRESENTATION_CONTEXT('2D SPACE',''
  ) );
#1720 = PCURVE('',#1620,#1721);
#1721 = DEFINITIONAL_REPRESENTATION('',(#1722),#1725);
#1722 = B_SPLINE_CURVE_WITH_KNOTS('',1,(#1723,#1724),.UNSPECIFIED.,.F.,
  .F.,(2,2),(-3.0000006,5.999999999062E-07),.PIECEWISE_BEZIER_KNOTS.);
#1723 = CARTESIAN_POINT('',(-3.14159265359,-3.0000006));
#1724 = CARTESIAN_POINT('',(-3.14159265359,5.999999999062E-07));
#1725 = ( GEOMETRIC_REPRESENTATION_CONTEXT(2) 
PARAMETRIC_REPRESENTATION_CONTEXT() REPRESENTATION_CONTEXT('2D SPACE',''
  ) );
#1726 = ORIENTED_EDGE('',*,*,#1727,.T.);
#1727 = EDGE_CURVE('',#1707,#1728,#1730,.T.);
#1728 = VERTEX_POINT('',#1729);
#1729 = CARTESIAN_POINT('',(16.791883092037,16.091883092037,0.));
#1730 = SURFACE_CURVE('',#1731,(#1735,#1741),.PCURVE_S1.);
#1731 = LINE('',#1732,#1733);
#1732 = CARTESIAN_POINT('',(-22.95405845398,16.091883092037,0.));
#1733 = VECTOR('',#1734,1.);
#1734 = DIRECTION('',(1.,0.,0.));
#1735 = PCURVE('',#100,#1736);
#1736 = DEFINITIONAL_REPRESENTATION('',(#1737),#1740);
#1737 = B_SPLINE_CURVE_WITH_KNOTS('',1,(#1738,#1739),.UNSPECIFIED.,.F.,
  .F.,(2,2),(38.545941546018,45.545941546018),.PIECEWISE_BEZIER_KNOTS.);
#1738 = CARTESIAN_POINT('',(80.591883092037,101.09188309203));
#1739 = CARTESIAN_POINT('',(87.591883092037,101.09188309203));
#1740 = ( GEOMETRIC_REPRESENTATION_CONTEXT(2) 
PARAMETRIC_REPRESENTATION_CONTEXT() REPRESENTATION_CONTEXT('2D SPACE',''
  ) );
#1741 = PCURVE('',#1593,#1742);
#1742 = DEFINITIONAL_REPRESENTATION('',(#1743),#1746);
#1743 = B_SPLINE_CURVE_WITH_KNOTS('',1,(#1744,#1745),.UNSPECIFIED.,.F.,
  .F.,(2,2),(38.545941546018,45.545941546018),.PIECEWISE_BEZIER_KNOTS.);
#1744 = CARTESIAN_POINT('',(2.47821720825E-16,-3.5));
#1745 = CARTESIAN_POINT('',(2.47821720825E-16,3.5));
#1746 = ( GEOMETRIC_REPRESENTATION_CONTEXT(2) 
PARAMETRIC_REPRESENTATION_CONTEXT() REPRESENTATION_CONTEXT('2D SPACE',''
  ) );
#1747 = ORIENTED_EDGE('',*,*,#1748,.F.);
#1748 = EDGE_CURVE('',#1749,#1728,#1751,.T.);
#1749 = VERTEX_POINT('',#1750);
#1750 = CARTESIAN_POINT('',(16.791883092037,18.091883092037,
    2.816687638039E-16));
#1751 = SURFACE_CURVE('',#1752,(#1756,#1762),.PCURVE_S1.);
#1752 = LINE('',#1753,#1754);
#1753 = CARTESIAN_POINT('',(16.791883092037,13.091883092037,0.));
#1754 = VECTOR('',#1755,1.);
#1755 = DIRECTION('',(0.,-1.,0.));
#1756 = PCURVE('',#100,#1757);
#1757 = DEFINITIONAL_REPRESENTATION('',(#1758),#1761);
#1758 = B_SPLINE_CURVE_WITH_KNOTS('',1,(#1759,#1760),.UNSPECIFIED.,.F.,
  .F.,(2,2),(-5.0000006,5.999999999062E-07),.PIECEWISE_BEZIER_KNOTS.);
#1759 = CARTESIAN_POINT('',(81.791883092037,103.09188369203));
#1760 = CARTESIAN_POINT('',(81.791883092037,98.091882492037));
#1761 = ( GEOMETRIC_REPRESENTATION_CONTEXT(2) 
PARAMETRIC_REPRESENTATION_CONTEXT() REPRESENTATION_CONTEXT('2D SPACE',''
  ) );
#1762 = PCURVE('',#1566,#1763);
#1763 = DEFINITIONAL_REPRESENTATION('',(#1764),#1767);
#1764 = B_SPLINE_CURVE_WITH_KNOTS('',1,(#1765,#1766),.UNSPECIFIED.,.F.,
  .F.,(2,2),(-5.0000006,5.999999999062E-07),.PIECEWISE_BEZIER_KNOTS.);
#1765 = CARTESIAN_POINT('',(3.14159265359,-5.0000006));
#1766 = CARTESIAN_POINT('',(3.14159265359,5.999999999062E-07));
#1767 = ( GEOMETRIC_REPRESENTATION_CONTEXT(2) 
PARAMETRIC_REPRESENTATION_CONTEXT() REPRESENTATION_CONTEXT('2D SPACE',''
  ) );
#1768 = ORIENTED_EDGE('',*,*,#1769,.T.);
#1769 = EDGE_CURVE('',#1749,#1551,#1770,.T.);
#1770 = SURFACE_CURVE('',#1771,(#1775,#1781),.PCURVE_S1.);
#1771 = LINE('',#1772,#1773);
#1772 = CARTESIAN_POINT('',(-22.95405845398,18.091883092037,0.));
#1773 = VECTOR('',#1774,1.);
#1774 = DIRECTION('',(1.,0.,0.));
#1775 = PCURVE('',#100,#1776);
#1776 = DEFINITIONAL_REPRESENTATION('',(#1777),#1780);
#1777 = B_SPLINE_CURVE_WITH_KNOTS('',1,(#1778,#1779),.UNSPECIFIED.,.F.,
  .F.,(2,2),(39.745941546018,44.345941546018),.PIECEWISE_BEZIER_KNOTS.);
#1778 = CARTESIAN_POINT('',(81.791883092037,103.09188309203));
#1779 = CARTESIAN_POINT('',(86.391883092037,103.09188309203));
#1780 = ( GEOMETRIC_REPRESENTATION_CONTEXT(2) 
PARAMETRIC_REPRESENTATION_CONTEXT() REPRESENTATION_CONTEXT('2D SPACE',''
  ) );
#1781 = PCURVE('',#1782,#1787);
#1782 = PLANE('',#1783);
#1783 = AXIS2_PLACEMENT_3D('',#1784,#1785,#1786);
#1784 = CARTESIAN_POINT('',(19.091883092037,18.091883092037,
    -1.957218942705E-17));
#1785 = DIRECTION('',(-0.,-1.,-0.));
#1786 = DIRECTION('',(0.,0.,-1.));
#1787 = DEFINITIONAL_REPRESENTATION('',(#1788),#1791);
#1788 = B_SPLINE_CURVE_WITH_KNOTS('',1,(#1789,#1790),.UNSPECIFIED.,.F.,
  .F.,(2,2),(39.745941546018,44.345941546018),.PIECEWISE_BEZIER_KNOTS.);
#1789 = CARTESIAN_POINT('',(-1.957218942705E-17,-2.3));
#1790 = CARTESIAN_POINT('',(-1.957218942705E-17,2.3));
#1791 = ( GEOMETRIC_REPRESENTATION_CONTEXT(2) 
PARAMETRIC_REPRESENTATION_CONTEXT() REPRESENTATION_CONTEXT('2D SPACE',''
  ) );
#1792 = ADVANCED_FACE('',(#1793),#182,.F.);
#1793 = FACE_BOUND('',#1794,.F.);
#1794 = EDGE_LOOP('',(#1795,#1796,#1797,#1798));
#1795 = ORIENTED_EDGE('',*,*,#685,.F.);
#1796 = ORIENTED_EDGE('',*,*,#603,.T.);
#1797 = ORIENTED_EDGE('',*,*,#166,.T.);
#1798 = ORIENTED_EDGE('',*,*,#1799,.F.);
#1799 = EDGE_CURVE('',#686,#167,#1800,.T.);
#1800 = SURFACE_CURVE('',#1801,(#1805,#1812),.PCURVE_S1.);
#1801 = LINE('',#1802,#1803);
#1802 = CARTESIAN_POINT('',(55.,-85.,0.));
#1803 = VECTOR('',#1804,1.);
#1804 = DIRECTION('',(0.,0.,1.));
#1805 = PCURVE('',#182,#1806);
#1806 = DEFINITIONAL_REPRESENTATION('',(#1807),#1811);
#1807 = LINE('',#1808,#1809);
#1808 = CARTESIAN_POINT('',(0.,120.));
#1809 = VECTOR('',#1810,1.);
#1810 = DIRECTION('',(1.,0.));
#1811 = ( GEOMETRIC_REPRESENTATION_CONTEXT(2) 
PARAMETRIC_REPRESENTATION_CONTEXT() REPRESENTATION_CONTEXT('2D SPACE',''
  ) );
#1812 = PCURVE('',#215,#1813);
#1813 = DEFINITIONAL_REPRESENTATION('',(#1814),#1818);
#1814 = LINE('',#1815,#1816);
#1815 = CARTESIAN_POINT('',(-1.570796326795,0.));
#1816 = VECTOR('',#1817,1.);
#1817 = DIRECTION('',(-0.,1.));
#1818 = ( GEOMETRIC_REPRESENTATION_CONTEXT(2) 
PARAMETRIC_REPRESENTATION_CONTEXT() REPRESENTATION_CONTEXT('2D SPACE',''
  ) );
#1819 = ADVANCED_FACE('',(#1820),#300,.T.);
#1820 = FACE_BOUND('',#1821,.T.);
#1821 = EDGE_LOOP('',(#1822,#1823,#1824,#1825));
#1822 = ORIENTED_EDGE('',*,*,#783,.F.);
#1823 = ORIENTED_EDGE('',*,*,#657,.T.);
#1824 = ORIENTED_EDGE('',*,*,#284,.T.);
#1825 = ORIENTED_EDGE('',*,*,#1826,.F.);
#1826 = EDGE_CURVE('',#760,#256,#1827,.T.);
#1827 = SURFACE_CURVE('',#1828,(#1832,#1839),.PCURVE_S1.);
#1828 = LINE('',#1829,#1830);
#1829 = CARTESIAN_POINT('',(55.,85.,0.));
#1830 = VECTOR('',#1831,1.);
#1831 = DIRECTION('',(0.,0.,1.));
#1832 = PCURVE('',#300,#1833);
#1833 = DEFINITIONAL_REPRESENTATION('',(#1834),#1838);
#1834 = LINE('',#1835,#1836);
#1835 = CARTESIAN_POINT('',(0.,120.));
#1836 = VECTOR('',#1837,1.);
#1837 = DIRECTION('',(1.,0.));
#1838 = ( GEOMETRIC_REPRESENTATION_CONTEXT(2) 
PARAMETRIC_REPRESENTATION_CONTEXT() REPRESENTATION_CONTEXT('2D SPACE',''
  ) );
#1839 = PCURVE('',#272,#1840);
#1840 = DEFINITIONAL_REPRESENTATION('',(#1841),#1845);
#1841 = LINE('',#1842,#1843);
#1842 = CARTESIAN_POINT('',(1.570796326795,0.));
#1843 = VECTOR('',#1844,1.);
#1844 = DIRECTION('',(0.,1.));
#1845 = ( GEOMETRIC_REPRESENTATION_CONTEXT(2) 
PARAMETRIC_REPRESENTATION_CONTEXT() REPRESENTATION_CONTEXT('2D SPACE',''
  ) );
#1846 = ADVANCED_FACE('',(#1847),#215,.T.);
#1847 = FACE_BOUND('',#1848,.F.);
#1848 = EDGE_LOOP('',(#1849,#1850,#1851,#1852));
#1849 = ORIENTED_EDGE('',*,*,#708,.T.);
#1850 = ORIENTED_EDGE('',*,*,#1799,.T.);
#1851 = ORIENTED_EDGE('',*,*,#194,.F.);
#1852 = ORIENTED_EDGE('',*,*,#1853,.F.);
#1853 = EDGE_CURVE('',#709,#195,#1854,.T.);
#1854 = SURFACE_CURVE('',#1855,(#1859,#1866),.PCURVE_S1.);
#1855 = LINE('',#1856,#1857);
#1856 = CARTESIAN_POINT('',(65.,-75.,0.));
#1857 = VECTOR('',#1858,1.);
#1858 = DIRECTION('',(0.,0.,1.));
#1859 = PCURVE('',#215,#1860);
#1860 = DEFINITIONAL_REPRESENTATION('',(#1861),#1865);
#1861 = LINE('',#1862,#1863);
#1862 = CARTESIAN_POINT('',(-0.,0.));
#1863 = VECTOR('',#1864,1.);
#1864 = DIRECTION('',(-0.,1.));
#1865 = ( GEOMETRIC_REPRESENTATION_CONTEXT(2) 
PARAMETRIC_REPRESENTATION_CONTEXT() REPRESENTATION_CONTEXT('2D SPACE',''
  ) );
#1866 = PCURVE('',#243,#1867);
#1867 = DEFINITIONAL_REPRESENTATION('',(#1868),#1872);
#1868 = LINE('',#1869,#1870);
#1869 = CARTESIAN_POINT('',(0.,-10.));
#1870 = VECTOR('',#1871,1.);
#1871 = DIRECTION('',(1.,0.));
#1872 = ( GEOMETRIC_REPRESENTATION_CONTEXT(2) 
PARAMETRIC_REPRESENTATION_CONTEXT() REPRESENTATION_CONTEXT('2D SPACE',''
  ) );
#1873 = ADVANCED_FACE('',(#1874),#272,.T.);
#1874 = FACE_BOUND('',#1875,.T.);
#1875 = EDGE_LOOP('',(#1876,#1877,#1878,#1879));
#1876 = ORIENTED_EDGE('',*,*,#759,.T.);
#1877 = ORIENTED_EDGE('',*,*,#1826,.T.);
#1878 = ORIENTED_EDGE('',*,*,#255,.F.);
#1879 = ORIENTED_EDGE('',*,*,#1880,.F.);
#1880 = EDGE_CURVE('',#737,#228,#1881,.T.);
#1881 = SURFACE_CURVE('',#1882,(#1886,#1893),.PCURVE_S1.);
#1882 = LINE('',#1883,#1884);
#1883 = CARTESIAN_POINT('',(65.,75.,0.));
#1884 = VECTOR('',#1885,1.);
#1885 = DIRECTION('',(0.,0.,1.));
#1886 = PCURVE('',#272,#1887);
#1887 = DEFINITIONAL_REPRESENTATION('',(#1888),#1892);
#1888 = LINE('',#1889,#1890);
#1889 = CARTESIAN_POINT('',(0.,0.));
#1890 = VECTOR('',#1891,1.);
#1891 = DIRECTION('',(0.,1.));
#1892 = ( GEOMETRIC_REPRESENTATION_CONTEXT(2) 
PARAMETRIC_REPRESENTATION_CONTEXT() REPRESENTATION_CONTEXT('2D SPACE',''
  ) );
#1893 = PCURVE('',#243,#1894);
#1894 = DEFINITIONAL_REPRESENTATION('',(#1895),#1899);
#1895 = LINE('',#1896,#1897);
#1896 = CARTESIAN_POINT('',(0.,-160.));
#1897 = VECTOR('',#1898,1.);
#1898 = DIRECTION('',(1.,0.));
#1899 = ( GEOMETRIC_REPRESENTATION_CONTEXT(2) 
PARAMETRIC_REPRESENTATION_CONTEXT() REPRESENTATION_CONTEXT('2D SPACE',''
  ) );
#1900 = ADVANCED_FACE('',(#1901),#243,.T.);
#1901 = FACE_BOUND('',#1902,.T.);
#1902 = EDGE_LOOP('',(#1903,#1904,#1905,#1906));
#1903 = ORIENTED_EDGE('',*,*,#227,.F.);
#1904 = ORIENTED_EDGE('',*,*,#1853,.F.);
#1905 = ORIENTED_EDGE('',*,*,#736,.T.);
#1906 = ORIENTED_EDGE('',*,*,#1880,.T.);
#1907 = ADVANCED_FACE('',(#1908),#359,.F.);
#1908 = FACE_BOUND('',#1909,.F.);
#1909 = EDGE_LOOP('',(#1910,#1941,#1962,#1963));
#1910 = ORIENTED_EDGE('',*,*,#1911,.T.);
#1911 = EDGE_CURVE('',#1912,#1914,#1916,.T.);
#1912 = VERTEX_POINT('',#1913);
#1913 = CARTESIAN_POINT('',(-62.,-75.,3.));
#1914 = VERTEX_POINT('',#1915);
#1915 = CARTESIAN_POINT('',(-55.,-82.,3.));
#1916 = SURFACE_CURVE('',#1917,(#1922,#1929),.PCURVE_S1.);
#1917 = CIRCLE('',#1918,7.);
#1918 = AXIS2_PLACEMENT_3D('',#1919,#1920,#1921);
#1919 = CARTESIAN_POINT('',(-55.,-75.,3.));
#1920 = DIRECTION('',(0.,0.,1.));
#1921 = DIRECTION('',(0.,-1.,0.));
#1922 = PCURVE('',#359,#1923);
#1923 = DEFINITIONAL_REPRESENTATION('',(#1924),#1928);
#1924 = LINE('',#1925,#1926);
#1925 = CARTESIAN_POINT('',(-4.712388980385,0.));
#1926 = VECTOR('',#1927,1.);
#1927 = DIRECTION('',(1.,0.));
#1928 = ( GEOMETRIC_REPRESENTATION_CONTEXT(2) 
PARAMETRIC_REPRESENTATION_CONTEXT() REPRESENTATION_CONTEXT('2D SPACE',''
  ) );
#1929 = PCURVE('',#1930,#1935);
#1930 = PLANE('',#1931);
#1931 = AXIS2_PLACEMENT_3D('',#1932,#1933,#1934);
#1932 = CARTESIAN_POINT('',(-62.,-82.,3.));
#1933 = DIRECTION('',(0.,0.,1.));
#1934 = DIRECTION('',(1.,0.,0.));
#1935 = DEFINITIONAL_REPRESENTATION('',(#1936),#1940);
#1936 = CIRCLE('',#1937,7.);
#1937 = AXIS2_PLACEMENT_2D('',#1938,#1939);
#1938 = CARTESIAN_POINT('',(7.,7.));
#1939 = DIRECTION('',(0.,-1.));
#1940 = ( GEOMETRIC_REPRESENTATION_CONTEXT(2) 
PARAMETRIC_REPRESENTATION_CONTEXT() REPRESENTATION_CONTEXT('2D SPACE',''
  ) );
#1941 = ORIENTED_EDGE('',*,*,#1942,.T.);
#1942 = EDGE_CURVE('',#1914,#343,#1943,.T.);
#1943 = SURFACE_CURVE('',#1944,(#1948,#1955),.PCURVE_S1.);
#1944 = LINE('',#1945,#1946);
#1945 = CARTESIAN_POINT('',(-55.,-82.,3.));
#1946 = VECTOR('',#1947,1.);
#1947 = DIRECTION('',(0.,0.,1.));
#1948 = PCURVE('',#359,#1949);
#1949 = DEFINITIONAL_REPRESENTATION('',(#1950),#1954);
#1950 = LINE('',#1951,#1952);
#1951 = CARTESIAN_POINT('',(1.570796326795,0.));
#1952 = VECTOR('',#1953,1.);
#1953 = DIRECTION('',(0.,1.));
#1954 = ( GEOMETRIC_REPRESENTATION_CONTEXT(2) 
PARAMETRIC_REPRESENTATION_CONTEXT() REPRESENTATION_CONTEXT('2D SPACE',''
  ) );
#1955 = PCURVE('',#564,#1956);
#1956 = DEFINITIONAL_REPRESENTATION('',(#1957),#1961);
#1957 = LINE('',#1958,#1959);
#1958 = CARTESIAN_POINT('',(0.,7.));
#1959 = VECTOR('',#1960,1.);
#1960 = DIRECTION('',(1.,0.));
#1961 = ( GEOMETRIC_REPRESENTATION_CONTEXT(2) 
PARAMETRIC_REPRESENTATION_CONTEXT() REPRESENTATION_CONTEXT('2D SPACE',''
  ) );
#1962 = ORIENTED_EDGE('',*,*,#340,.F.);
#1963 = ORIENTED_EDGE('',*,*,#1964,.F.);
#1964 = EDGE_CURVE('',#1912,#341,#1965,.T.);
#1965 = SURFACE_CURVE('',#1966,(#1970,#1977),.PCURVE_S1.);
#1966 = LINE('',#1967,#1968);
#1967 = CARTESIAN_POINT('',(-62.,-75.,3.));
#1968 = VECTOR('',#1969,1.);
#1969 = DIRECTION('',(0.,0.,1.));
#1970 = PCURVE('',#359,#1971);
#1971 = DEFINITIONAL_REPRESENTATION('',(#1972),#1976);
#1972 = LINE('',#1973,#1974);
#1973 = CARTESIAN_POINT('',(0.,0.));
#1974 = VECTOR('',#1975,1.);
#1975 = DIRECTION('',(0.,1.));
#1976 = ( GEOMETRIC_REPRESENTATION_CONTEXT(2) 
PARAMETRIC_REPRESENTATION_CONTEXT() REPRESENTATION_CONTEXT('2D SPACE',''
  ) );
#1977 = PCURVE('',#387,#1978);
#1978 = DEFINITIONAL_REPRESENTATION('',(#1979),#1983);
#1979 = LINE('',#1980,#1981);
#1980 = CARTESIAN_POINT('',(0.,-7.));
#1981 = VECTOR('',#1982,1.);
#1982 = DIRECTION('',(1.,0.));
#1983 = ( GEOMETRIC_REPRESENTATION_CONTEXT(2) 
PARAMETRIC_REPRESENTATION_CONTEXT() REPRESENTATION_CONTEXT('2D SPACE',''
  ) );
#1984 = ADVANCED_FACE('',(#1985),#564,.T.);
#1985 = FACE_BOUND('',#1986,.T.);
#1986 = EDGE_LOOP('',(#1987,#2010,#2011,#2012));
#1987 = ORIENTED_EDGE('',*,*,#1988,.F.);
#1988 = EDGE_CURVE('',#1914,#1989,#1991,.T.);
#1989 = VERTEX_POINT('',#1990);
#1990 = CARTESIAN_POINT('',(55.,-82.,3.));
#1991 = SURFACE_CURVE('',#1992,(#1996,#2003),.PCURVE_S1.);
#1992 = LINE('',#1993,#1994);
#1993 = CARTESIAN_POINT('',(-62.,-82.,3.));
#1994 = VECTOR('',#1995,1.);
#1995 = DIRECTION('',(1.,0.,0.));
#1996 = PCURVE('',#564,#1997);
#1997 = DEFINITIONAL_REPRESENTATION('',(#1998),#2002);
#1998 = LINE('',#1999,#2000);
#1999 = CARTESIAN_POINT('',(0.,0.));
#2000 = VECTOR('',#2001,1.);
#2001 = DIRECTION('',(0.,1.));
#2002 = ( GEOMETRIC_REPRESENTATION_CONTEXT(2) 
PARAMETRIC_REPRESENTATION_CONTEXT() REPRESENTATION_CONTEXT('2D SPACE',''
  ) );
#2003 = PCURVE('',#1930,#2004);
#2004 = DEFINITIONAL_REPRESENTATION('',(#2005),#2009);
#2005 = LINE('',#2006,#2007);
#2006 = CARTESIAN_POINT('',(0.,0.));
#2007 = VECTOR('',#2008,1.);
#2008 = DIRECTION('',(1.,0.));
#2009 = ( GEOMETRIC_REPRESENTATION_CONTEXT(2) 
PARAMETRIC_REPRESENTATION_CONTEXT() REPRESENTATION_CONTEXT('2D SPACE',''
  ) );
#2010 = ORIENTED_EDGE('',*,*,#1942,.T.);
#2011 = ORIENTED_EDGE('',*,*,#550,.T.);
#2012 = ORIENTED_EDGE('',*,*,#2013,.F.);
#2013 = EDGE_CURVE('',#1989,#518,#2014,.T.);
#2014 = SURFACE_CURVE('',#2015,(#2019,#2026),.PCURVE_S1.);
#2015 = LINE('',#2016,#2017);
#2016 = CARTESIAN_POINT('',(55.,-82.,3.));
#2017 = VECTOR('',#2018,1.);
#2018 = DIRECTION('',(0.,0.,1.));
#2019 = PCURVE('',#564,#2020);
#2020 = DEFINITIONAL_REPRESENTATION('',(#2021),#2025);
#2021 = LINE('',#2022,#2023);
#2022 = CARTESIAN_POINT('',(0.,117.));
#2023 = VECTOR('',#2024,1.);
#2024 = DIRECTION('',(1.,0.));
#2025 = ( GEOMETRIC_REPRESENTATION_CONTEXT(2) 
PARAMETRIC_REPRESENTATION_CONTEXT() REPRESENTATION_CONTEXT('2D SPACE',''
  ) );
#2026 = PCURVE('',#538,#2027);
#2027 = DEFINITIONAL_REPRESENTATION('',(#2028),#2032);
#2028 = LINE('',#2029,#2030);
#2029 = CARTESIAN_POINT('',(-1.570796326795,0.));
#2030 = VECTOR('',#2031,1.);
#2031 = DIRECTION('',(-0.,1.));
#2032 = ( GEOMETRIC_REPRESENTATION_CONTEXT(2) 
PARAMETRIC_REPRESENTATION_CONTEXT() REPRESENTATION_CONTEXT('2D SPACE',''
  ) );
#2033 = ADVANCED_FACE('',(#2034),#538,.F.);
#2034 = FACE_BOUND('',#2035,.T.);
#2035 = EDGE_LOOP('',(#2036,#2064,#2065,#2066));
#2036 = ORIENTED_EDGE('',*,*,#2037,.T.);
#2037 = EDGE_CURVE('',#2038,#1989,#2040,.T.);
#2038 = VERTEX_POINT('',#2039);
#2039 = CARTESIAN_POINT('',(62.,-75.,3.));
#2040 = SURFACE_CURVE('',#2041,(#2046,#2053),.PCURVE_S1.);
#2041 = CIRCLE('',#2042,7.);
#2042 = AXIS2_PLACEMENT_3D('',#2043,#2044,#2045);
#2043 = CARTESIAN_POINT('',(55.,-75.,3.));
#2044 = DIRECTION('',(-0.,-0.,-1.));
#2045 = DIRECTION('',(0.,-1.,0.));
#2046 = PCURVE('',#538,#2047);
#2047 = DEFINITIONAL_REPRESENTATION('',(#2048),#2052);
#2048 = LINE('',#2049,#2050);
#2049 = CARTESIAN_POINT('',(4.712388980385,-0.));
#2050 = VECTOR('',#2051,1.);
#2051 = DIRECTION('',(-1.,0.));
#2052 = ( GEOMETRIC_REPRESENTATION_CONTEXT(2) 
PARAMETRIC_REPRESENTATION_CONTEXT() REPRESENTATION_CONTEXT('2D SPACE',''
  ) );
#2053 = PCURVE('',#1930,#2054);
#2054 = DEFINITIONAL_REPRESENTATION('',(#2055),#2063);
#2055 = ( BOUNDED_CURVE() B_SPLINE_CURVE(2,(#2056,#2057,#2058,#2059,
#2060,#2061,#2062),.UNSPECIFIED.,.T.,.F.) B_SPLINE_CURVE_WITH_KNOTS((1,2
    ,2,2,2,1),(-2.094395102393,0.,2.094395102393,4.188790204786,
6.28318530718,8.377580409573),.UNSPECIFIED.) CURVE() 
GEOMETRIC_REPRESENTATION_ITEM() RATIONAL_B_SPLINE_CURVE((1.,0.5,1.,0.5,
1.,0.5,1.)) REPRESENTATION_ITEM('') );
#2056 = CARTESIAN_POINT('',(117.,0.));
#2057 = CARTESIAN_POINT('',(104.87564434701,0.));
#2058 = CARTESIAN_POINT('',(110.9378221735,10.5));
#2059 = CARTESIAN_POINT('',(117.,21.));
#2060 = CARTESIAN_POINT('',(123.06217782649,10.5));
#2061 = CARTESIAN_POINT('',(129.12435565298,1.06581410364E-14));
#2062 = CARTESIAN_POINT('',(117.,0.));
#2063 = ( GEOMETRIC_REPRESENTATION_CONTEXT(2) 
PARAMETRIC_REPRESENTATION_CONTEXT() REPRESENTATION_CONTEXT('2D SPACE',''
  ) );
#2064 = ORIENTED_EDGE('',*,*,#2013,.T.);
#2065 = ORIENTED_EDGE('',*,*,#517,.F.);
#2066 = ORIENTED_EDGE('',*,*,#2067,.F.);
#2067 = EDGE_CURVE('',#2038,#490,#2068,.T.);
#2068 = SURFACE_CURVE('',#2069,(#2073,#2080),.PCURVE_S1.);
#2069 = LINE('',#2070,#2071);
#2070 = CARTESIAN_POINT('',(62.,-75.,3.));
#2071 = VECTOR('',#2072,1.);
#2072 = DIRECTION('',(0.,0.,1.));
#2073 = PCURVE('',#538,#2074);
#2074 = DEFINITIONAL_REPRESENTATION('',(#2075),#2079);
#2075 = LINE('',#2076,#2077);
#2076 = CARTESIAN_POINT('',(-0.,0.));
#2077 = VECTOR('',#2078,1.);
#2078 = DIRECTION('',(-0.,1.));
#2079 = ( GEOMETRIC_REPRESENTATION_CONTEXT(2) 
PARAMETRIC_REPRESENTATION_CONTEXT() REPRESENTATION_CONTEXT('2D SPACE',''
  ) );
#2080 = PCURVE('',#505,#2081);
#2081 = DEFINITIONAL_REPRESENTATION('',(#2082),#2086);
#2082 = LINE('',#2083,#2084);
#2083 = CARTESIAN_POINT('',(0.,-7.));
#2084 = VECTOR('',#2085,1.);
#2085 = DIRECTION('',(1.,0.));
#2086 = ( GEOMETRIC_REPRESENTATION_CONTEXT(2) 
PARAMETRIC_REPRESENTATION_CONTEXT() REPRESENTATION_CONTEXT('2D SPACE',''
  ) );
#2087 = ADVANCED_FACE('',(#2088),#505,.F.);
#2088 = FACE_BOUND('',#2089,.F.);
#2089 = EDGE_LOOP('',(#2090,#2091,#2092,#2115));
#2090 = ORIENTED_EDGE('',*,*,#489,.F.);
#2091 = ORIENTED_EDGE('',*,*,#2067,.F.);
#2092 = ORIENTED_EDGE('',*,*,#2093,.T.);
#2093 = EDGE_CURVE('',#2038,#2094,#2096,.T.);
#2094 = VERTEX_POINT('',#2095);
#2095 = CARTESIAN_POINT('',(62.,75.,3.));
#2096 = SURFACE_CURVE('',#2097,(#2101,#2108),.PCURVE_S1.);
#2097 = LINE('',#2098,#2099);
#2098 = CARTESIAN_POINT('',(62.,-82.,3.));
#2099 = VECTOR('',#2100,1.);
#2100 = DIRECTION('',(0.,1.,0.));
#2101 = PCURVE('',#505,#2102);
#2102 = DEFINITIONAL_REPRESENTATION('',(#2103),#2107);
#2103 = LINE('',#2104,#2105);
#2104 = CARTESIAN_POINT('',(0.,0.));
#2105 = VECTOR('',#2106,1.);
#2106 = DIRECTION('',(0.,-1.));
#2107 = ( GEOMETRIC_REPRESENTATION_CONTEXT(2) 
PARAMETRIC_REPRESENTATION_CONTEXT() REPRESENTATION_CONTEXT('2D SPACE',''
  ) );
#2108 = PCURVE('',#1930,#2109);
#2109 = DEFINITIONAL_REPRESENTATION('',(#2110),#2114);
#2110 = LINE('',#2111,#2112);
#2111 = CARTESIAN_POINT('',(124.,0.));
#2112 = VECTOR('',#2113,1.);
#2113 = DIRECTION('',(0.,1.));
#2114 = ( GEOMETRIC_REPRESENTATION_CONTEXT(2) 
PARAMETRIC_REPRESENTATION_CONTEXT() REPRESENTATION_CONTEXT('2D SPACE',''
  ) );
#2115 = ORIENTED_EDGE('',*,*,#2116,.T.);
#2116 = EDGE_CURVE('',#2094,#461,#2117,.T.);
#2117 = SURFACE_CURVE('',#2118,(#2122,#2129),.PCURVE_S1.);
#2118 = LINE('',#2119,#2120);
#2119 = CARTESIAN_POINT('',(62.,75.,3.));
#2120 = VECTOR('',#2121,1.);
#2121 = DIRECTION('',(0.,0.,1.));
#2122 = PCURVE('',#505,#2123);
#2123 = DEFINITIONAL_REPRESENTATION('',(#2124),#2128);
#2124 = LINE('',#2125,#2126);
#2125 = CARTESIAN_POINT('',(0.,-157.));
#2126 = VECTOR('',#2127,1.);
#2127 = DIRECTION('',(1.,0.));
#2128 = ( GEOMETRIC_REPRESENTATION_CONTEXT(2) 
PARAMETRIC_REPRESENTATION_CONTEXT() REPRESENTATION_CONTEXT('2D SPACE',''
  ) );
#2129 = PCURVE('',#477,#2130);
#2130 = DEFINITIONAL_REPRESENTATION('',(#2131),#2135);
#2131 = LINE('',#2132,#2133);
#2132 = CARTESIAN_POINT('',(0.,0.));
#2133 = VECTOR('',#2134,1.);
#2134 = DIRECTION('',(0.,1.));
#2135 = ( GEOMETRIC_REPRESENTATION_CONTEXT(2) 
PARAMETRIC_REPRESENTATION_CONTEXT() REPRESENTATION_CONTEXT('2D SPACE',''
  ) );
#2136 = ADVANCED_FACE('',(#2137),#477,.F.);
#2137 = FACE_BOUND('',#2138,.F.);
#2138 = EDGE_LOOP('',(#2139,#2163,#2184,#2185));
#2139 = ORIENTED_EDGE('',*,*,#2140,.T.);
#2140 = EDGE_CURVE('',#2094,#2141,#2143,.T.);
#2141 = VERTEX_POINT('',#2142);
#2142 = CARTESIAN_POINT('',(55.,82.,3.));
#2143 = SURFACE_CURVE('',#2144,(#2149,#2156),.PCURVE_S1.);
#2144 = CIRCLE('',#2145,7.);
#2145 = AXIS2_PLACEMENT_3D('',#2146,#2147,#2148);
#2146 = CARTESIAN_POINT('',(55.,75.,3.));
#2147 = DIRECTION('',(0.,0.,1.));
#2148 = DIRECTION('',(0.,-1.,0.));
#2149 = PCURVE('',#477,#2150);
#2150 = DEFINITIONAL_REPRESENTATION('',(#2151),#2155);
#2151 = LINE('',#2152,#2153);
#2152 = CARTESIAN_POINT('',(-1.570796326795,0.));
#2153 = VECTOR('',#2154,1.);
#2154 = DIRECTION('',(1.,0.));
#2155 = ( GEOMETRIC_REPRESENTATION_CONTEXT(2) 
PARAMETRIC_REPRESENTATION_CONTEXT() REPRESENTATION_CONTEXT('2D SPACE',''
  ) );
#2156 = PCURVE('',#1930,#2157);
#2157 = DEFINITIONAL_REPRESENTATION('',(#2158),#2162);
#2158 = CIRCLE('',#2159,7.);
#2159 = AXIS2_PLACEMENT_2D('',#2160,#2161);
#2160 = CARTESIAN_POINT('',(117.,157.));
#2161 = DIRECTION('',(0.,-1.));
#2162 = ( GEOMETRIC_REPRESENTATION_CONTEXT(2) 
PARAMETRIC_REPRESENTATION_CONTEXT() REPRESENTATION_CONTEXT('2D SPACE',''
  ) );
#2163 = ORIENTED_EDGE('',*,*,#2164,.T.);
#2164 = EDGE_CURVE('',#2141,#433,#2165,.T.);
#2165 = SURFACE_CURVE('',#2166,(#2170,#2177),.PCURVE_S1.);
#2166 = LINE('',#2167,#2168);
#2167 = CARTESIAN_POINT('',(55.,82.,3.));
#2168 = VECTOR('',#2169,1.);
#2169 = DIRECTION('',(0.,0.,1.));
#2170 = PCURVE('',#477,#2171);
#2171 = DEFINITIONAL_REPRESENTATION('',(#2172),#2176);
#2172 = LINE('',#2173,#2174);
#2173 = CARTESIAN_POINT('',(1.570796326795,0.));
#2174 = VECTOR('',#2175,1.);
#2175 = DIRECTION('',(0.,1.));
#2176 = ( GEOMETRIC_REPRESENTATION_CONTEXT(2) 
PARAMETRIC_REPRESENTATION_CONTEXT() REPRESENTATION_CONTEXT('2D SPACE',''
  ) );
#2177 = PCURVE('',#448,#2178);
#2178 = DEFINITIONAL_REPRESENTATION('',(#2179),#2183);
#2179 = LINE('',#2180,#2181);
#2180 = CARTESIAN_POINT('',(0.,117.));
#2181 = VECTOR('',#2182,1.);
#2182 = DIRECTION('',(1.,0.));
#2183 = ( GEOMETRIC_REPRESENTATION_CONTEXT(2) 
PARAMETRIC_REPRESENTATION_CONTEXT() REPRESENTATION_CONTEXT('2D SPACE',''
  ) );
#2184 = ORIENTED_EDGE('',*,*,#460,.F.);
#2185 = ORIENTED_EDGE('',*,*,#2116,.F.);
#2186 = ADVANCED_FACE('',(#2187),#448,.F.);
#2187 = FACE_BOUND('',#2188,.F.);
#2188 = EDGE_LOOP('',(#2189,#2212,#2233,#2234));
#2189 = ORIENTED_EDGE('',*,*,#2190,.F.);
#2190 = EDGE_CURVE('',#2191,#2141,#2193,.T.);
#2191 = VERTEX_POINT('',#2192);
#2192 = CARTESIAN_POINT('',(-55.,82.,3.));
#2193 = SURFACE_CURVE('',#2194,(#2198,#2205),.PCURVE_S1.);
#2194 = LINE('',#2195,#2196);
#2195 = CARTESIAN_POINT('',(-62.,82.,3.));
#2196 = VECTOR('',#2197,1.);
#2197 = DIRECTION('',(1.,0.,0.));
#2198 = PCURVE('',#448,#2199);
#2199 = DEFINITIONAL_REPRESENTATION('',(#2200),#2204);
#2200 = LINE('',#2201,#2202);
#2201 = CARTESIAN_POINT('',(0.,0.));
#2202 = VECTOR('',#2203,1.);
#2203 = DIRECTION('',(0.,1.));
#2204 = ( GEOMETRIC_REPRESENTATION_CONTEXT(2) 
PARAMETRIC_REPRESENTATION_CONTEXT() REPRESENTATION_CONTEXT('2D SPACE',''
  ) );
#2205 = PCURVE('',#1930,#2206);
#2206 = DEFINITIONAL_REPRESENTATION('',(#2207),#2211);
#2207 = LINE('',#2208,#2209);
#2208 = CARTESIAN_POINT('',(0.,164.));
#2209 = VECTOR('',#2210,1.);
#2210 = DIRECTION('',(1.,0.));
#2211 = ( GEOMETRIC_REPRESENTATION_CONTEXT(2) 
PARAMETRIC_REPRESENTATION_CONTEXT() REPRESENTATION_CONTEXT('2D SPACE',''
  ) );
#2212 = ORIENTED_EDGE('',*,*,#2213,.T.);
#2213 = EDGE_CURVE('',#2191,#400,#2214,.T.);
#2214 = SURFACE_CURVE('',#2215,(#2219,#2226),.PCURVE_S1.);
#2215 = LINE('',#2216,#2217);
#2216 = CARTESIAN_POINT('',(-55.,82.,3.));
#2217 = VECTOR('',#2218,1.);
#2218 = DIRECTION('',(0.,0.,1.));
#2219 = PCURVE('',#448,#2220);
#2220 = DEFINITIONAL_REPRESENTATION('',(#2221),#2225);
#2221 = LINE('',#2222,#2223);
#2222 = CARTESIAN_POINT('',(0.,7.));
#2223 = VECTOR('',#2224,1.);
#2224 = DIRECTION('',(1.,0.));
#2225 = ( GEOMETRIC_REPRESENTATION_CONTEXT(2) 
PARAMETRIC_REPRESENTATION_CONTEXT() REPRESENTATION_CONTEXT('2D SPACE',''
  ) );
#2226 = PCURVE('',#420,#2227);
#2227 = DEFINITIONAL_REPRESENTATION('',(#2228),#2232);
#2228 = LINE('',#2229,#2230);
#2229 = CARTESIAN_POINT('',(-1.570796326795,0.));
#2230 = VECTOR('',#2231,1.);
#2231 = DIRECTION('',(-0.,1.));
#2232 = ( GEOMETRIC_REPRESENTATION_CONTEXT(2) 
PARAMETRIC_REPRESENTATION_CONTEXT() REPRESENTATION_CONTEXT('2D SPACE',''
  ) );
#2233 = ORIENTED_EDGE('',*,*,#432,.T.);
#2234 = ORIENTED_EDGE('',*,*,#2164,.F.);
#2235 = ADVANCED_FACE('',(#2236),#420,.F.);
#2236 = FACE_BOUND('',#2237,.T.);
#2237 = EDGE_LOOP('',(#2238,#2266,#2267,#2268));
#2238 = ORIENTED_EDGE('',*,*,#2239,.T.);
#2239 = EDGE_CURVE('',#2240,#2191,#2242,.T.);
#2240 = VERTEX_POINT('',#2241);
#2241 = CARTESIAN_POINT('',(-62.,75.,3.));
#2242 = SURFACE_CURVE('',#2243,(#2248,#2255),.PCURVE_S1.);
#2243 = CIRCLE('',#2244,7.);
#2244 = AXIS2_PLACEMENT_3D('',#2245,#2246,#2247);
#2245 = CARTESIAN_POINT('',(-55.,75.,3.));
#2246 = DIRECTION('',(-0.,-0.,-1.));
#2247 = DIRECTION('',(0.,-1.,0.));
#2248 = PCURVE('',#420,#2249);
#2249 = DEFINITIONAL_REPRESENTATION('',(#2250),#2254);
#2250 = LINE('',#2251,#2252);
#2251 = CARTESIAN_POINT('',(1.570796326795,-0.));
#2252 = VECTOR('',#2253,1.);
#2253 = DIRECTION('',(-1.,0.));
#2254 = ( GEOMETRIC_REPRESENTATION_CONTEXT(2) 
PARAMETRIC_REPRESENTATION_CONTEXT() REPRESENTATION_CONTEXT('2D SPACE',''
  ) );
#2255 = PCURVE('',#1930,#2256);
#2256 = DEFINITIONAL_REPRESENTATION('',(#2257),#2265);
#2257 = ( BOUNDED_CURVE() B_SPLINE_CURVE(2,(#2258,#2259,#2260,#2261,
#2262,#2263,#2264),.UNSPECIFIED.,.T.,.F.) B_SPLINE_CURVE_WITH_KNOTS((1,2
    ,2,2,2,1),(-2.094395102393,0.,2.094395102393,4.188790204786,
6.28318530718,8.377580409573),.UNSPECIFIED.) CURVE() 
GEOMETRIC_REPRESENTATION_ITEM() RATIONAL_B_SPLINE_CURVE((1.,0.5,1.,0.5,
1.,0.5,1.)) REPRESENTATION_ITEM('') );
#2258 = CARTESIAN_POINT('',(7.,150.));
#2259 = CARTESIAN_POINT('',(-5.124355652982,150.));
#2260 = CARTESIAN_POINT('',(0.937822173509,160.5));
#2261 = CARTESIAN_POINT('',(7.,171.));
#2262 = CARTESIAN_POINT('',(13.062177826491,160.5));
#2263 = CARTESIAN_POINT('',(19.124355652982,150.));
#2264 = CARTESIAN_POINT('',(7.,150.));
#2265 = ( GEOMETRIC_REPRESENTATION_CONTEXT(2) 
PARAMETRIC_REPRESENTATION_CONTEXT() REPRESENTATION_CONTEXT('2D SPACE',''
  ) );
#2266 = ORIENTED_EDGE('',*,*,#2213,.T.);
#2267 = ORIENTED_EDGE('',*,*,#399,.F.);
#2268 = ORIENTED_EDGE('',*,*,#2269,.F.);
#2269 = EDGE_CURVE('',#2240,#372,#2270,.T.);
#2270 = SURFACE_CURVE('',#2271,(#2275,#2282),.PCURVE_S1.);
#2271 = LINE('',#2272,#2273);
#2272 = CARTESIAN_POINT('',(-62.,75.,3.));
#2273 = VECTOR('',#2274,1.);
#2274 = DIRECTION('',(0.,0.,1.));
#2275 = PCURVE('',#420,#2276);
#2276 = DEFINITIONAL_REPRESENTATION('',(#2277),#2281);
#2277 = LINE('',#2278,#2279);
#2278 = CARTESIAN_POINT('',(-0.,0.));
#2279 = VECTOR('',#2280,1.);
#2280 = DIRECTION('',(-0.,1.));
#2281 = ( GEOMETRIC_REPRESENTATION_CONTEXT(2) 
PARAMETRIC_REPRESENTATION_CONTEXT() REPRESENTATION_CONTEXT('2D SPACE',''
  ) );
#2282 = PCURVE('',#387,#2283);
#2283 = DEFINITIONAL_REPRESENTATION('',(#2284),#2288);
#2284 = LINE('',#2285,#2286);
#2285 = CARTESIAN_POINT('',(0.,-157.));
#2286 = VECTOR('',#2287,1.);
#2287 = DIRECTION('',(1.,0.));
#2288 = ( GEOMETRIC_REPRESENTATION_CONTEXT(2) 
PARAMETRIC_REPRESENTATION_CONTEXT() REPRESENTATION_CONTEXT('2D SPACE',''
  ) );
#2289 = ADVANCED_FACE('',(#2290),#387,.T.);
#2290 = FACE_BOUND('',#2291,.T.);
#2291 = EDGE_LOOP('',(#2292,#2293,#2294,#2315));
#2292 = ORIENTED_EDGE('',*,*,#371,.F.);
#2293 = ORIENTED_EDGE('',*,*,#1964,.F.);
#2294 = ORIENTED_EDGE('',*,*,#2295,.T.);
#2295 = EDGE_CURVE('',#1912,#2240,#2296,.T.);
#2296 = SURFACE_CURVE('',#2297,(#2301,#2308),.PCURVE_S1.);
#2297 = LINE('',#2298,#2299);
#2298 = CARTESIAN_POINT('',(-62.,-82.,3.));
#2299 = VECTOR('',#2300,1.);
#2300 = DIRECTION('',(0.,1.,0.));
#2301 = PCURVE('',#387,#2302);
#2302 = DEFINITIONAL_REPRESENTATION('',(#2303),#2307);
#2303 = LINE('',#2304,#2305);
#2304 = CARTESIAN_POINT('',(0.,0.));
#2305 = VECTOR('',#2306,1.);
#2306 = DIRECTION('',(0.,-1.));
#2307 = ( GEOMETRIC_REPRESENTATION_CONTEXT(2) 
PARAMETRIC_REPRESENTATION_CONTEXT() REPRESENTATION_CONTEXT('2D SPACE',''
  ) );
#2308 = PCURVE('',#1930,#2309);
#2309 = DEFINITIONAL_REPRESENTATION('',(#2310),#2314);
#2310 = LINE('',#2311,#2312);
#2311 = CARTESIAN_POINT('',(0.,0.));
#2312 = VECTOR('',#2313,1.);
#2313 = DIRECTION('',(0.,1.));
#2314 = ( GEOMETRIC_REPRESENTATION_CONTEXT(2) 
PARAMETRIC_REPRESENTATION_CONTEXT() REPRESENTATION_CONTEXT('2D SPACE',''
  ) );
#2315 = ORIENTED_EDGE('',*,*,#2269,.T.);
#2316 = ADVANCED_FACE('',(#2317),#825,.F.);
#2317 = FACE_BOUND('',#2318,.F.);
#2318 = EDGE_LOOP('',(#2319,#2341,#2362,#2363,#2385,#2386,#2408,#2409));
#2319 = ORIENTED_EDGE('',*,*,#2320,.F.);
#2320 = EDGE_CURVE('',#892,#918,#2321,.T.);
#2321 = SURFACE_CURVE('',#2322,(#2327,#2334),.PCURVE_S1.);
#2322 = CIRCLE('',#2323,2.3);
#2323 = AXIS2_PLACEMENT_3D('',#2324,#2325,#2326);
#2324 = CARTESIAN_POINT('',(-19.09188309203,-25.09188309203,0.));
#2325 = DIRECTION('',(0.,-1.,0.));
#2326 = DIRECTION('',(1.,0.,0.));
#2327 = PCURVE('',#825,#2328);
#2328 = DEFINITIONAL_REPRESENTATION('',(#2329),#2333);
#2329 = LINE('',#2330,#2331);
#2330 = CARTESIAN_POINT('',(0.,0.));
#2331 = VECTOR('',#2332,1.);
#2332 = DIRECTION('',(1.,0.));
#2333 = ( GEOMETRIC_REPRESENTATION_CONTEXT(2) 
PARAMETRIC_REPRESENTATION_CONTEXT() REPRESENTATION_CONTEXT('2D SPACE',''
  ) );
#2334 = PCURVE('',#932,#2335);
#2335 = DEFINITIONAL_REPRESENTATION('',(#2336),#2340);
#2336 = CIRCLE('',#2337,2.3);
#2337 = AXIS2_PLACEMENT_2D('',#2338,#2339);
#2338 = CARTESIAN_POINT('',(-1.957218942705E-17,0.));
#2339 = DIRECTION('',(0.,1.));
#2340 = ( GEOMETRIC_REPRESENTATION_CONTEXT(2) 
PARAMETRIC_REPRESENTATION_CONTEXT() REPRESENTATION_CONTEXT('2D SPACE',''
  ) );
#2341 = ORIENTED_EDGE('',*,*,#2342,.T.);
#2342 = EDGE_CURVE('',#892,#808,#2343,.T.);
#2343 = SEAM_CURVE('',#2344,(#2348,#2355),.PCURVE_S1.);
#2344 = LINE('',#2345,#2346);
#2345 = CARTESIAN_POINT('',(-16.79188309203,-25.09188309203,0.));
#2346 = VECTOR('',#2347,1.);
#2347 = DIRECTION('',(-0.,1.,-0.));
#2348 = PCURVE('',#825,#2349);
#2349 = DEFINITIONAL_REPRESENTATION('',(#2350),#2354);
#2350 = LINE('',#2351,#2352);
#2351 = CARTESIAN_POINT('',(6.28318530718,0.));
#2352 = VECTOR('',#2353,1.);
#2353 = DIRECTION('',(0.,-1.));
#2354 = ( GEOMETRIC_REPRESENTATION_CONTEXT(2) 
PARAMETRIC_REPRESENTATION_CONTEXT() REPRESENTATION_CONTEXT('2D SPACE',''
  ) );
#2355 = PCURVE('',#825,#2356);
#2356 = DEFINITIONAL_REPRESENTATION('',(#2357),#2361);
#2357 = LINE('',#2358,#2359);
#2358 = CARTESIAN_POINT('',(0.,0.));
#2359 = VECTOR('',#2360,1.);
#2360 = DIRECTION('',(0.,-1.));
#2361 = ( GEOMETRIC_REPRESENTATION_CONTEXT(2) 
PARAMETRIC_REPRESENTATION_CONTEXT() REPRESENTATION_CONTEXT('2D SPACE',''
  ) );
#2362 = ORIENTED_EDGE('',*,*,#807,.T.);
#2363 = ORIENTED_EDGE('',*,*,#2364,.T.);
#2364 = EDGE_CURVE('',#810,#1008,#2365,.T.);
#2365 = SURFACE_CURVE('',#2366,(#2371,#2378),.PCURVE_S1.);
#2366 = CIRCLE('',#2367,2.3);
#2367 = AXIS2_PLACEMENT_3D('',#2368,#2369,#2370);
#2368 = CARTESIAN_POINT('',(-19.09188309203,-20.09188309203,0.));
#2369 = DIRECTION('',(0.,-1.,0.));
#2370 = DIRECTION('',(1.,0.,0.));
#2371 = PCURVE('',#825,#2372);
#2372 = DEFINITIONAL_REPRESENTATION('',(#2373),#2377);
#2373 = LINE('',#2374,#2375);
#2374 = CARTESIAN_POINT('',(0.,-5.));
#2375 = VECTOR('',#2376,1.);
#2376 = DIRECTION('',(1.,0.));
#2377 = ( GEOMETRIC_REPRESENTATION_CONTEXT(2) 
PARAMETRIC_REPRESENTATION_CONTEXT() REPRESENTATION_CONTEXT('2D SPACE',''
  ) );
#2378 = PCURVE('',#1041,#2379);
#2379 = DEFINITIONAL_REPRESENTATION('',(#2380),#2384);
#2380 = CIRCLE('',#2381,2.3);
#2381 = AXIS2_PLACEMENT_2D('',#2382,#2383);
#2382 = CARTESIAN_POINT('',(-1.957218942705E-17,0.));
#2383 = DIRECTION('',(0.,1.));
#2384 = ( GEOMETRIC_REPRESENTATION_CONTEXT(2) 
PARAMETRIC_REPRESENTATION_CONTEXT() REPRESENTATION_CONTEXT('2D SPACE',''
  ) );
#2385 = ORIENTED_EDGE('',*,*,#1007,.T.);
#2386 = ORIENTED_EDGE('',*,*,#2387,.T.);
#2387 = EDGE_CURVE('',#987,#808,#2388,.T.);
#2388 = SURFACE_CURVE('',#2389,(#2394,#2401),.PCURVE_S1.);
#2389 = CIRCLE('',#2390,2.3);
#2390 = AXIS2_PLACEMENT_3D('',#2391,#2392,#2393);
#2391 = CARTESIAN_POINT('',(-19.09188309203,-22.09188309203,0.));
#2392 = DIRECTION('',(0.,-1.,0.));
#2393 = DIRECTION('',(1.,0.,0.));
#2394 = PCURVE('',#825,#2395);
#2395 = DEFINITIONAL_REPRESENTATION('',(#2396),#2400);
#2396 = LINE('',#2397,#2398);
#2397 = CARTESIAN_POINT('',(0.,-3.));
#2398 = VECTOR('',#2399,1.);
#2399 = DIRECTION('',(1.,0.));
#2400 = ( GEOMETRIC_REPRESENTATION_CONTEXT(2) 
PARAMETRIC_REPRESENTATION_CONTEXT() REPRESENTATION_CONTEXT('2D SPACE',''
  ) );
#2401 = PCURVE('',#852,#2402);
#2402 = DEFINITIONAL_REPRESENTATION('',(#2403),#2407);
#2403 = CIRCLE('',#2404,2.3);
#2404 = AXIS2_PLACEMENT_2D('',#2405,#2406);
#2405 = CARTESIAN_POINT('',(2.47821720825E-16,3.552713678801E-15));
#2406 = DIRECTION('',(0.,1.));
#2407 = ( GEOMETRIC_REPRESENTATION_CONTEXT(2) 
PARAMETRIC_REPRESENTATION_CONTEXT() REPRESENTATION_CONTEXT('2D SPACE',''
  ) );
#2408 = ORIENTED_EDGE('',*,*,#2342,.F.);
#2409 = ORIENTED_EDGE('',*,*,#2410,.F.);
#2410 = EDGE_CURVE('',#918,#892,#2411,.T.);
#2411 = SURFACE_CURVE('',#2412,(#2417,#2424),.PCURVE_S1.);
#2412 = CIRCLE('',#2413,2.3);
#2413 = AXIS2_PLACEMENT_3D('',#2414,#2415,#2416);
#2414 = CARTESIAN_POINT('',(-19.09188309203,-25.09188309203,0.));
#2415 = DIRECTION('',(0.,-1.,0.));
#2416 = DIRECTION('',(1.,0.,0.));
#2417 = PCURVE('',#825,#2418);
#2418 = DEFINITIONAL_REPRESENTATION('',(#2419),#2423);
#2419 = LINE('',#2420,#2421);
#2420 = CARTESIAN_POINT('',(0.,0.));
#2421 = VECTOR('',#2422,1.);
#2422 = DIRECTION('',(1.,0.));
#2423 = ( GEOMETRIC_REPRESENTATION_CONTEXT(2) 
PARAMETRIC_REPRESENTATION_CONTEXT() REPRESENTATION_CONTEXT('2D SPACE',''
  ) );
#2424 = PCURVE('',#906,#2425);
#2425 = DEFINITIONAL_REPRESENTATION('',(#2426),#2430);
#2426 = CIRCLE('',#2427,2.3);
#2427 = AXIS2_PLACEMENT_2D('',#2428,#2429);
#2428 = CARTESIAN_POINT('',(2.47821720825E-16,3.552713678801E-15));
#2429 = DIRECTION('',(0.,1.));
#2430 = ( GEOMETRIC_REPRESENTATION_CONTEXT(2) 
PARAMETRIC_REPRESENTATION_CONTEXT() REPRESENTATION_CONTEXT('2D SPACE',''
  ) );
#2431 = ADVANCED_FACE('',(#2432),#852,.F.);
#2432 = FACE_BOUND('',#2433,.F.);
#2433 = EDGE_LOOP('',(#2434,#2435,#2457,#2458));
#2434 = ORIENTED_EDGE('',*,*,#986,.F.);
#2435 = ORIENTED_EDGE('',*,*,#2436,.T.);
#2436 = EDGE_CURVE('',#966,#838,#2437,.T.);
#2437 = SURFACE_CURVE('',#2438,(#2443,#2450),.PCURVE_S1.);
#2438 = CIRCLE('',#2439,3.5);
#2439 = AXIS2_PLACEMENT_3D('',#2440,#2441,#2442);
#2440 = CARTESIAN_POINT('',(-19.09188309203,-22.09188309203,0.));
#2441 = DIRECTION('',(0.,-1.,0.));
#2442 = DIRECTION('',(1.,0.,0.));
#2443 = PCURVE('',#852,#2444);
#2444 = DEFINITIONAL_REPRESENTATION('',(#2445),#2449);
#2445 = CIRCLE('',#2446,3.5);
#2446 = AXIS2_PLACEMENT_2D('',#2447,#2448);
#2447 = CARTESIAN_POINT('',(2.47821720825E-16,3.552713678801E-15));
#2448 = DIRECTION('',(0.,1.));
#2449 = ( GEOMETRIC_REPRESENTATION_CONTEXT(2) 
PARAMETRIC_REPRESENTATION_CONTEXT() REPRESENTATION_CONTEXT('2D SPACE',''
  ) );
#2450 = PCURVE('',#879,#2451);
#2451 = DEFINITIONAL_REPRESENTATION('',(#2452),#2456);
#2452 = LINE('',#2453,#2454);
#2453 = CARTESIAN_POINT('',(-0.,0.));
#2454 = VECTOR('',#2455,1.);
#2455 = DIRECTION('',(-1.,0.));
#2456 = ( GEOMETRIC_REPRESENTATION_CONTEXT(2) 
PARAMETRIC_REPRESENTATION_CONTEXT() REPRESENTATION_CONTEXT('2D SPACE',''
  ) );
#2457 = ORIENTED_EDGE('',*,*,#837,.F.);
#2458 = ORIENTED_EDGE('',*,*,#2387,.F.);
#2459 = ADVANCED_FACE('',(#2460),#1041,.T.);
#2460 = FACE_BOUND('',#2461,.T.);
#2461 = EDGE_LOOP('',(#2462,#2463));
#2462 = ORIENTED_EDGE('',*,*,#1028,.T.);
#2463 = ORIENTED_EDGE('',*,*,#2364,.T.);
#2464 = ADVANCED_FACE('',(#2465),#879,.T.);
#2465 = FACE_BOUND('',#2466,.F.);
#2466 = EDGE_LOOP('',(#2467,#2468,#2469,#2470));
#2467 = ORIENTED_EDGE('',*,*,#863,.F.);
#2468 = ORIENTED_EDGE('',*,*,#2436,.F.);
#2469 = ORIENTED_EDGE('',*,*,#965,.F.);
#2470 = ORIENTED_EDGE('',*,*,#2471,.T.);
#2471 = EDGE_CURVE('',#945,#864,#2472,.T.);
#2472 = SURFACE_CURVE('',#2473,(#2478,#2485),.PCURVE_S1.);
#2473 = CIRCLE('',#2474,3.5);
#2474 = AXIS2_PLACEMENT_3D('',#2475,#2476,#2477);
#2475 = CARTESIAN_POINT('',(-19.09188309203,-25.09188309203,0.));
#2476 = DIRECTION('',(0.,-1.,0.));
#2477 = DIRECTION('',(1.,0.,0.));
#2478 = PCURVE('',#879,#2479);
#2479 = DEFINITIONAL_REPRESENTATION('',(#2480),#2484);
#2480 = LINE('',#2481,#2482);
#2481 = CARTESIAN_POINT('',(-0.,-3.));
#2482 = VECTOR('',#2483,1.);
#2483 = DIRECTION('',(-1.,0.));
#2484 = ( GEOMETRIC_REPRESENTATION_CONTEXT(2) 
PARAMETRIC_REPRESENTATION_CONTEXT() REPRESENTATION_CONTEXT('2D SPACE',''
  ) );
#2485 = PCURVE('',#906,#2486);
#2486 = DEFINITIONAL_REPRESENTATION('',(#2487),#2491);
#2487 = CIRCLE('',#2488,3.5);
#2488 = AXIS2_PLACEMENT_2D('',#2489,#2490);
#2489 = CARTESIAN_POINT('',(2.47821720825E-16,3.552713678801E-15));
#2490 = DIRECTION('',(0.,1.));
#2491 = ( GEOMETRIC_REPRESENTATION_CONTEXT(2) 
PARAMETRIC_REPRESENTATION_CONTEXT() REPRESENTATION_CONTEXT('2D SPACE',''
  ) );
#2492 = ADVANCED_FACE('',(#2493),#906,.T.);
#2493 = FACE_BOUND('',#2494,.T.);
#2494 = EDGE_LOOP('',(#2495,#2496,#2497,#2498));
#2495 = ORIENTED_EDGE('',*,*,#944,.F.);
#2496 = ORIENTED_EDGE('',*,*,#2471,.T.);
#2497 = ORIENTED_EDGE('',*,*,#891,.F.);
#2498 = ORIENTED_EDGE('',*,*,#2410,.F.);
#2499 = ADVANCED_FACE('',(#2500),#932,.F.);
#2500 = FACE_BOUND('',#2501,.F.);
#2501 = EDGE_LOOP('',(#2502,#2503));
#2502 = ORIENTED_EDGE('',*,*,#917,.T.);
#2503 = ORIENTED_EDGE('',*,*,#2320,.T.);
#2504 = ADVANCED_FACE('',(#2505),#1072,.F.);
#2505 = FACE_BOUND('',#2506,.F.);
#2506 = EDGE_LOOP('',(#2507,#2529,#2550,#2551,#2573,#2574,#2596,#2597));
#2507 = ORIENTED_EDGE('',*,*,#2508,.F.);
#2508 = EDGE_CURVE('',#1139,#1165,#2509,.T.);
#2509 = SURFACE_CURVE('',#2510,(#2515,#2522),.PCURVE_S1.);
#2510 = CIRCLE('',#2511,2.3);
#2511 = AXIS2_PLACEMENT_3D('',#2512,#2513,#2514);
#2512 = CARTESIAN_POINT('',(19.091883092037,-25.09188309203,0.));
#2513 = DIRECTION('',(0.,-1.,0.));
#2514 = DIRECTION('',(1.,0.,0.));
#2515 = PCURVE('',#1072,#2516);
#2516 = DEFINITIONAL_REPRESENTATION('',(#2517),#2521);
#2517 = LINE('',#2518,#2519);
#2518 = CARTESIAN_POINT('',(0.,0.));
#2519 = VECTOR('',#2520,1.);
#2520 = DIRECTION('',(1.,0.));
#2521 = ( GEOMETRIC_REPRESENTATION_CONTEXT(2) 
PARAMETRIC_REPRESENTATION_CONTEXT() REPRESENTATION_CONTEXT('2D SPACE',''
  ) );
#2522 = PCURVE('',#1179,#2523);
#2523 = DEFINITIONAL_REPRESENTATION('',(#2524),#2528);
#2524 = CIRCLE('',#2525,2.3);
#2525 = AXIS2_PLACEMENT_2D('',#2526,#2527);
#2526 = CARTESIAN_POINT('',(-1.957218942705E-17,0.));
#2527 = DIRECTION('',(0.,1.));
#2528 = ( GEOMETRIC_REPRESENTATION_CONTEXT(2) 
PARAMETRIC_REPRESENTATION_CONTEXT() REPRESENTATION_CONTEXT('2D SPACE',''
  ) );
#2529 = ORIENTED_EDGE('',*,*,#2530,.T.);
#2530 = EDGE_CURVE('',#1139,#1055,#2531,.T.);
#2531 = SEAM_CURVE('',#2532,(#2536,#2543),.PCURVE_S1.);
#2532 = LINE('',#2533,#2534);
#2533 = CARTESIAN_POINT('',(21.391883092037,-25.09188309203,0.));
#2534 = VECTOR('',#2535,1.);
#2535 = DIRECTION('',(-0.,1.,-0.));
#2536 = PCURVE('',#1072,#2537);
#2537 = DEFINITIONAL_REPRESENTATION('',(#2538),#2542);
#2538 = LINE('',#2539,#2540);
#2539 = CARTESIAN_POINT('',(6.28318530718,0.));
#2540 = VECTOR('',#2541,1.);
#2541 = DIRECTION('',(0.,-1.));
#2542 = ( GEOMETRIC_REPRESENTATION_CONTEXT(2) 
PARAMETRIC_REPRESENTATION_CONTEXT() REPRESENTATION_CONTEXT('2D SPACE',''
  ) );
#2543 = PCURVE('',#1072,#2544);
#2544 = DEFINITIONAL_REPRESENTATION('',(#2545),#2549);
#2545 = LINE('',#2546,#2547);
#2546 = CARTESIAN_POINT('',(0.,0.));
#2547 = VECTOR('',#2548,1.);
#2548 = DIRECTION('',(0.,-1.));
#2549 = ( GEOMETRIC_REPRESENTATION_CONTEXT(2) 
PARAMETRIC_REPRESENTATION_CONTEXT() REPRESENTATION_CONTEXT('2D SPACE',''
  ) );
#2550 = ORIENTED_EDGE('',*,*,#1054,.T.);
#2551 = ORIENTED_EDGE('',*,*,#2552,.T.);
#2552 = EDGE_CURVE('',#1057,#1255,#2553,.T.);
#2553 = SURFACE_CURVE('',#2554,(#2559,#2566),.PCURVE_S1.);
#2554 = CIRCLE('',#2555,2.3);
#2555 = AXIS2_PLACEMENT_3D('',#2556,#2557,#2558);
#2556 = CARTESIAN_POINT('',(19.091883092037,-20.09188309203,0.));
#2557 = DIRECTION('',(0.,-1.,0.));
#2558 = DIRECTION('',(1.,0.,0.));
#2559 = PCURVE('',#1072,#2560);
#2560 = DEFINITIONAL_REPRESENTATION('',(#2561),#2565);
#2561 = LINE('',#2562,#2563);
#2562 = CARTESIAN_POINT('',(0.,-5.));
#2563 = VECTOR('',#2564,1.);
#2564 = DIRECTION('',(1.,0.));
#2565 = ( GEOMETRIC_REPRESENTATION_CONTEXT(2) 
PARAMETRIC_REPRESENTATION_CONTEXT() REPRESENTATION_CONTEXT('2D SPACE',''
  ) );
#2566 = PCURVE('',#1288,#2567);
#2567 = DEFINITIONAL_REPRESENTATION('',(#2568),#2572);
#2568 = CIRCLE('',#2569,2.3);
#2569 = AXIS2_PLACEMENT_2D('',#2570,#2571);
#2570 = CARTESIAN_POINT('',(-1.957218942705E-17,0.));
#2571 = DIRECTION('',(0.,1.));
#2572 = ( GEOMETRIC_REPRESENTATION_CONTEXT(2) 
PARAMETRIC_REPRESENTATION_CONTEXT() REPRESENTATION_CONTEXT('2D SPACE',''
  ) );
#2573 = ORIENTED_EDGE('',*,*,#1254,.T.);
#2574 = ORIENTED_EDGE('',*,*,#2575,.T.);
#2575 = EDGE_CURVE('',#1234,#1055,#2576,.T.);
#2576 = SURFACE_CURVE('',#2577,(#2582,#2589),.PCURVE_S1.);
#2577 = CIRCLE('',#2578,2.3);
#2578 = AXIS2_PLACEMENT_3D('',#2579,#2580,#2581);
#2579 = CARTESIAN_POINT('',(19.091883092037,-22.09188309203,0.));
#2580 = DIRECTION('',(0.,-1.,0.));
#2581 = DIRECTION('',(1.,0.,0.));
#2582 = PCURVE('',#1072,#2583);
#2583 = DEFINITIONAL_REPRESENTATION('',(#2584),#2588);
#2584 = LINE('',#2585,#2586);
#2585 = CARTESIAN_POINT('',(0.,-3.));
#2586 = VECTOR('',#2587,1.);
#2587 = DIRECTION('',(1.,0.));
#2588 = ( GEOMETRIC_REPRESENTATION_CONTEXT(2) 
PARAMETRIC_REPRESENTATION_CONTEXT() REPRESENTATION_CONTEXT('2D SPACE',''
  ) );
#2589 = PCURVE('',#1099,#2590);
#2590 = DEFINITIONAL_REPRESENTATION('',(#2591),#2595);
#2591 = CIRCLE('',#2592,2.3);
#2592 = AXIS2_PLACEMENT_2D('',#2593,#2594);
#2593 = CARTESIAN_POINT('',(2.47821720825E-16,-3.552713678801E-15));
#2594 = DIRECTION('',(0.,1.));
#2595 = ( GEOMETRIC_REPRESENTATION_CONTEXT(2) 
PARAMETRIC_REPRESENTATION_CONTEXT() REPRESENTATION_CONTEXT('2D SPACE',''
  ) );
#2596 = ORIENTED_EDGE('',*,*,#2530,.F.);
#2597 = ORIENTED_EDGE('',*,*,#2598,.F.);
#2598 = EDGE_CURVE('',#1165,#1139,#2599,.T.);
#2599 = SURFACE_CURVE('',#2600,(#2605,#2612),.PCURVE_S1.);
#2600 = CIRCLE('',#2601,2.3);
#2601 = AXIS2_PLACEMENT_3D('',#2602,#2603,#2604);
#2602 = CARTESIAN_POINT('',(19.091883092037,-25.09188309203,0.));
#2603 = DIRECTION('',(0.,-1.,0.));
#2604 = DIRECTION('',(1.,0.,0.));
#2605 = PCURVE('',#1072,#2606);
#2606 = DEFINITIONAL_REPRESENTATION('',(#2607),#2611);
#2607 = LINE('',#2608,#2609);
#2608 = CARTESIAN_POINT('',(0.,0.));
#2609 = VECTOR('',#2610,1.);
#2610 = DIRECTION('',(1.,0.));
#2611 = ( GEOMETRIC_REPRESENTATION_CONTEXT(2) 
PARAMETRIC_REPRESENTATION_CONTEXT() REPRESENTATION_CONTEXT('2D SPACE',''
  ) );
#2612 = PCURVE('',#1153,#2613);
#2613 = DEFINITIONAL_REPRESENTATION('',(#2614),#2618);
#2614 = CIRCLE('',#2615,2.3);
#2615 = AXIS2_PLACEMENT_2D('',#2616,#2617);
#2616 = CARTESIAN_POINT('',(2.47821720825E-16,-3.552713678801E-15));
#2617 = DIRECTION('',(0.,1.));
#2618 = ( GEOMETRIC_REPRESENTATION_CONTEXT(2) 
PARAMETRIC_REPRESENTATION_CONTEXT() REPRESENTATION_CONTEXT('2D SPACE',''
  ) );
#2619 = ADVANCED_FACE('',(#2620),#1099,.F.);
#2620 = FACE_BOUND('',#2621,.F.);
#2621 = EDGE_LOOP('',(#2622,#2623,#2645,#2646));
#2622 = ORIENTED_EDGE('',*,*,#1233,.F.);
#2623 = ORIENTED_EDGE('',*,*,#2624,.T.);
#2624 = EDGE_CURVE('',#1213,#1085,#2625,.T.);
#2625 = SURFACE_CURVE('',#2626,(#2631,#2638),.PCURVE_S1.);
#2626 = CIRCLE('',#2627,3.5);
#2627 = AXIS2_PLACEMENT_3D('',#2628,#2629,#2630);
#2628 = CARTESIAN_POINT('',(19.091883092037,-22.09188309203,0.));
#2629 = DIRECTION('',(0.,-1.,0.));
#2630 = DIRECTION('',(1.,0.,0.));
#2631 = PCURVE('',#1099,#2632);
#2632 = DEFINITIONAL_REPRESENTATION('',(#2633),#2637);
#2633 = CIRCLE('',#2634,3.5);
#2634 = AXIS2_PLACEMENT_2D('',#2635,#2636);
#2635 = CARTESIAN_POINT('',(2.47821720825E-16,-3.552713678801E-15));
#2636 = DIRECTION('',(0.,1.));
#2637 = ( GEOMETRIC_REPRESENTATION_CONTEXT(2) 
PARAMETRIC_REPRESENTATION_CONTEXT() REPRESENTATION_CONTEXT('2D SPACE',''
  ) );
#2638 = PCURVE('',#1126,#2639);
#2639 = DEFINITIONAL_REPRESENTATION('',(#2640),#2644);
#2640 = LINE('',#2641,#2642);
#2641 = CARTESIAN_POINT('',(-0.,0.));
#2642 = VECTOR('',#2643,1.);
#2643 = DIRECTION('',(-1.,0.));
#2644 = ( GEOMETRIC_REPRESENTATION_CONTEXT(2) 
PARAMETRIC_REPRESENTATION_CONTEXT() REPRESENTATION_CONTEXT('2D SPACE',''
  ) );
#2645 = ORIENTED_EDGE('',*,*,#1084,.F.);
#2646 = ORIENTED_EDGE('',*,*,#2575,.F.);
#2647 = ADVANCED_FACE('',(#2648),#1288,.T.);
#2648 = FACE_BOUND('',#2649,.T.);
#2649 = EDGE_LOOP('',(#2650,#2651));
#2650 = ORIENTED_EDGE('',*,*,#1275,.T.);
#2651 = ORIENTED_EDGE('',*,*,#2552,.T.);
#2652 = ADVANCED_FACE('',(#2653),#1126,.T.);
#2653 = FACE_BOUND('',#2654,.F.);
#2654 = EDGE_LOOP('',(#2655,#2656,#2657,#2658));
#2655 = ORIENTED_EDGE('',*,*,#1110,.F.);
#2656 = ORIENTED_EDGE('',*,*,#2624,.F.);
#2657 = ORIENTED_EDGE('',*,*,#1212,.F.);
#2658 = ORIENTED_EDGE('',*,*,#2659,.T.);
#2659 = EDGE_CURVE('',#1192,#1111,#2660,.T.);
#2660 = SURFACE_CURVE('',#2661,(#2666,#2673),.PCURVE_S1.);
#2661 = CIRCLE('',#2662,3.5);
#2662 = AXIS2_PLACEMENT_3D('',#2663,#2664,#2665);
#2663 = CARTESIAN_POINT('',(19.091883092037,-25.09188309203,0.));
#2664 = DIRECTION('',(0.,-1.,0.));
#2665 = DIRECTION('',(1.,0.,0.));
#2666 = PCURVE('',#1126,#2667);
#2667 = DEFINITIONAL_REPRESENTATION('',(#2668),#2672);
#2668 = LINE('',#2669,#2670);
#2669 = CARTESIAN_POINT('',(-0.,-3.));
#2670 = VECTOR('',#2671,1.);
#2671 = DIRECTION('',(-1.,0.));
#2672 = ( GEOMETRIC_REPRESENTATION_CONTEXT(2) 
PARAMETRIC_REPRESENTATION_CONTEXT() REPRESENTATION_CONTEXT('2D SPACE',''
  ) );
#2673 = PCURVE('',#1153,#2674);
#2674 = DEFINITIONAL_REPRESENTATION('',(#2675),#2679);
#2675 = CIRCLE('',#2676,3.5);
#2676 = AXIS2_PLACEMENT_2D('',#2677,#2678);
#2677 = CARTESIAN_POINT('',(2.47821720825E-16,-3.552713678801E-15));
#2678 = DIRECTION('',(0.,1.));
#2679 = ( GEOMETRIC_REPRESENTATION_CONTEXT(2) 
PARAMETRIC_REPRESENTATION_CONTEXT() REPRESENTATION_CONTEXT('2D SPACE',''
  ) );
#2680 = ADVANCED_FACE('',(#2681),#1153,.T.);
#2681 = FACE_BOUND('',#2682,.T.);
#2682 = EDGE_LOOP('',(#2683,#2684,#2685,#2686));
#2683 = ORIENTED_EDGE('',*,*,#1191,.F.);
#2684 = ORIENTED_EDGE('',*,*,#2659,.T.);
#2685 = ORIENTED_EDGE('',*,*,#1138,.F.);
#2686 = ORIENTED_EDGE('',*,*,#2598,.F.);
#2687 = ADVANCED_FACE('',(#2688),#1179,.F.);
#2688 = FACE_BOUND('',#2689,.F.);
#2689 = EDGE_LOOP('',(#2690,#2691));
#2690 = ORIENTED_EDGE('',*,*,#1164,.T.);
#2691 = ORIENTED_EDGE('',*,*,#2508,.T.);
#2692 = ADVANCED_FACE('',(#2693),#1319,.F.);
#2693 = FACE_BOUND('',#2694,.F.);
#2694 = EDGE_LOOP('',(#2695,#2717,#2738,#2739,#2761,#2762,#2784,#2785));
#2695 = ORIENTED_EDGE('',*,*,#2696,.F.);
#2696 = EDGE_CURVE('',#1386,#1412,#2697,.T.);
#2697 = SURFACE_CURVE('',#2698,(#2703,#2710),.PCURVE_S1.);
#2698 = CIRCLE('',#2699,2.3);
#2699 = AXIS2_PLACEMENT_3D('',#2700,#2701,#2702);
#2700 = CARTESIAN_POINT('',(-19.09188309203,13.091883092037,0.));
#2701 = DIRECTION('',(0.,-1.,0.));
#2702 = DIRECTION('',(1.,0.,0.));
#2703 = PCURVE('',#1319,#2704);
#2704 = DEFINITIONAL_REPRESENTATION('',(#2705),#2709);
#2705 = LINE('',#2706,#2707);
#2706 = CARTESIAN_POINT('',(0.,0.));
#2707 = VECTOR('',#2708,1.);
#2708 = DIRECTION('',(1.,0.));
#2709 = ( GEOMETRIC_REPRESENTATION_CONTEXT(2) 
PARAMETRIC_REPRESENTATION_CONTEXT() REPRESENTATION_CONTEXT('2D SPACE',''
  ) );
#2710 = PCURVE('',#1426,#2711);
#2711 = DEFINITIONAL_REPRESENTATION('',(#2712),#2716);
#2712 = CIRCLE('',#2713,2.3);
#2713 = AXIS2_PLACEMENT_2D('',#2714,#2715);
#2714 = CARTESIAN_POINT('',(-1.957218942705E-17,0.));
#2715 = DIRECTION('',(0.,1.));
#2716 = ( GEOMETRIC_REPRESENTATION_CONTEXT(2) 
PARAMETRIC_REPRESENTATION_CONTEXT() REPRESENTATION_CONTEXT('2D SPACE',''
  ) );
#2717 = ORIENTED_EDGE('',*,*,#2718,.T.);
#2718 = EDGE_CURVE('',#1386,#1302,#2719,.T.);
#2719 = SEAM_CURVE('',#2720,(#2724,#2731),.PCURVE_S1.);
#2720 = LINE('',#2721,#2722);
#2721 = CARTESIAN_POINT('',(-16.79188309203,13.091883092037,0.));
#2722 = VECTOR('',#2723,1.);
#2723 = DIRECTION('',(-0.,1.,-0.));
#2724 = PCURVE('',#1319,#2725);
#2725 = DEFINITIONAL_REPRESENTATION('',(#2726),#2730);
#2726 = LINE('',#2727,#2728);
#2727 = CARTESIAN_POINT('',(6.28318530718,0.));
#2728 = VECTOR('',#2729,1.);
#2729 = DIRECTION('',(0.,-1.));
#2730 = ( GEOMETRIC_REPRESENTATION_CONTEXT(2) 
PARAMETRIC_REPRESENTATION_CONTEXT() REPRESENTATION_CONTEXT('2D SPACE',''
  ) );
#2731 = PCURVE('',#1319,#2732);
#2732 = DEFINITIONAL_REPRESENTATION('',(#2733),#2737);
#2733 = LINE('',#2734,#2735);
#2734 = CARTESIAN_POINT('',(0.,0.));
#2735 = VECTOR('',#2736,1.);
#2736 = DIRECTION('',(0.,-1.));
#2737 = ( GEOMETRIC_REPRESENTATION_CONTEXT(2) 
PARAMETRIC_REPRESENTATION_CONTEXT() REPRESENTATION_CONTEXT('2D SPACE',''
  ) );
#2738 = ORIENTED_EDGE('',*,*,#1301,.T.);
#2739 = ORIENTED_EDGE('',*,*,#2740,.T.);
#2740 = EDGE_CURVE('',#1304,#1502,#2741,.T.);
#2741 = SURFACE_CURVE('',#2742,(#2747,#2754),.PCURVE_S1.);
#2742 = CIRCLE('',#2743,2.3);
#2743 = AXIS2_PLACEMENT_3D('',#2744,#2745,#2746);
#2744 = CARTESIAN_POINT('',(-19.09188309203,18.091883092037,0.));
#2745 = DIRECTION('',(0.,-1.,0.));
#2746 = DIRECTION('',(1.,0.,0.));
#2747 = PCURVE('',#1319,#2748);
#2748 = DEFINITIONAL_REPRESENTATION('',(#2749),#2753);
#2749 = LINE('',#2750,#2751);
#2750 = CARTESIAN_POINT('',(0.,-5.));
#2751 = VECTOR('',#2752,1.);
#2752 = DIRECTION('',(1.,0.));
#2753 = ( GEOMETRIC_REPRESENTATION_CONTEXT(2) 
PARAMETRIC_REPRESENTATION_CONTEXT() REPRESENTATION_CONTEXT('2D SPACE',''
  ) );
#2754 = PCURVE('',#1535,#2755);
#2755 = DEFINITIONAL_REPRESENTATION('',(#2756),#2760);
#2756 = CIRCLE('',#2757,2.3);
#2757 = AXIS2_PLACEMENT_2D('',#2758,#2759);
#2758 = CARTESIAN_POINT('',(-1.957218942705E-17,0.));
#2759 = DIRECTION('',(0.,1.));
#2760 = ( GEOMETRIC_REPRESENTATION_CONTEXT(2) 
PARAMETRIC_REPRESENTATION_CONTEXT() REPRESENTATION_CONTEXT('2D SPACE',''
  ) );
#2761 = ORIENTED_EDGE('',*,*,#1501,.T.);
#2762 = ORIENTED_EDGE('',*,*,#2763,.T.);
#2763 = EDGE_CURVE('',#1481,#1302,#2764,.T.);
#2764 = SURFACE_CURVE('',#2765,(#2770,#2777),.PCURVE_S1.);
#2765 = CIRCLE('',#2766,2.3);
#2766 = AXIS2_PLACEMENT_3D('',#2767,#2768,#2769);
#2767 = CARTESIAN_POINT('',(-19.09188309203,16.091883092037,0.));
#2768 = DIRECTION('',(0.,-1.,0.));
#2769 = DIRECTION('',(1.,0.,0.));
#2770 = PCURVE('',#1319,#2771);
#2771 = DEFINITIONAL_REPRESENTATION('',(#2772),#2776);
#2772 = LINE('',#2773,#2774);
#2773 = CARTESIAN_POINT('',(0.,-3.));
#2774 = VECTOR('',#2775,1.);
#2775 = DIRECTION('',(1.,0.));
#2776 = ( GEOMETRIC_REPRESENTATION_CONTEXT(2) 
PARAMETRIC_REPRESENTATION_CONTEXT() REPRESENTATION_CONTEXT('2D SPACE',''
  ) );
#2777 = PCURVE('',#1346,#2778);
#2778 = DEFINITIONAL_REPRESENTATION('',(#2779),#2783);
#2779 = CIRCLE('',#2780,2.3);
#2780 = AXIS2_PLACEMENT_2D('',#2781,#2782);
#2781 = CARTESIAN_POINT('',(2.47821720825E-16,0.));
#2782 = DIRECTION('',(0.,1.));
#2783 = ( GEOMETRIC_REPRESENTATION_CONTEXT(2) 
PARAMETRIC_REPRESENTATION_CONTEXT() REPRESENTATION_CONTEXT('2D SPACE',''
  ) );
#2784 = ORIENTED_EDGE('',*,*,#2718,.F.);
#2785 = ORIENTED_EDGE('',*,*,#2786,.F.);
#2786 = EDGE_CURVE('',#1412,#1386,#2787,.T.);
#2787 = SURFACE_CURVE('',#2788,(#2793,#2800),.PCURVE_S1.);
#2788 = CIRCLE('',#2789,2.3);
#2789 = AXIS2_PLACEMENT_3D('',#2790,#2791,#2792);
#2790 = CARTESIAN_POINT('',(-19.09188309203,13.091883092037,0.));
#2791 = DIRECTION('',(0.,-1.,0.));
#2792 = DIRECTION('',(1.,0.,0.));
#2793 = PCURVE('',#1319,#2794);
#2794 = DEFINITIONAL_REPRESENTATION('',(#2795),#2799);
#2795 = LINE('',#2796,#2797);
#2796 = CARTESIAN_POINT('',(0.,0.));
#2797 = VECTOR('',#2798,1.);
#2798 = DIRECTION('',(1.,0.));
#2799 = ( GEOMETRIC_REPRESENTATION_CONTEXT(2) 
PARAMETRIC_REPRESENTATION_CONTEXT() REPRESENTATION_CONTEXT('2D SPACE',''
  ) );
#2800 = PCURVE('',#1400,#2801);
#2801 = DEFINITIONAL_REPRESENTATION('',(#2802),#2806);
#2802 = CIRCLE('',#2803,2.3);
#2803 = AXIS2_PLACEMENT_2D('',#2804,#2805);
#2804 = CARTESIAN_POINT('',(2.47821720825E-16,0.));
#2805 = DIRECTION('',(0.,1.));
#2806 = ( GEOMETRIC_REPRESENTATION_CONTEXT(2) 
PARAMETRIC_REPRESENTATION_CONTEXT() REPRESENTATION_CONTEXT('2D SPACE',''
  ) );
#2807 = ADVANCED_FACE('',(#2808),#1346,.F.);
#2808 = FACE_BOUND('',#2809,.F.);
#2809 = EDGE_LOOP('',(#2810,#2811,#2833,#2834));
#2810 = ORIENTED_EDGE('',*,*,#1480,.F.);
#2811 = ORIENTED_EDGE('',*,*,#2812,.T.);
#2812 = EDGE_CURVE('',#1460,#1332,#2813,.T.);
#2813 = SURFACE_CURVE('',#2814,(#2819,#2826),.PCURVE_S1.);
#2814 = CIRCLE('',#2815,3.5);
#2815 = AXIS2_PLACEMENT_3D('',#2816,#2817,#2818);
#2816 = CARTESIAN_POINT('',(-19.09188309203,16.091883092037,0.));
#2817 = DIRECTION('',(0.,-1.,0.));
#2818 = DIRECTION('',(1.,0.,0.));
#2819 = PCURVE('',#1346,#2820);
#2820 = DEFINITIONAL_REPRESENTATION('',(#2821),#2825);
#2821 = CIRCLE('',#2822,3.5);
#2822 = AXIS2_PLACEMENT_2D('',#2823,#2824);
#2823 = CARTESIAN_POINT('',(2.47821720825E-16,0.));
#2824 = DIRECTION('',(0.,1.));
#2825 = ( GEOMETRIC_REPRESENTATION_CONTEXT(2) 
PARAMETRIC_REPRESENTATION_CONTEXT() REPRESENTATION_CONTEXT('2D SPACE',''
  ) );
#2826 = PCURVE('',#1373,#2827);
#2827 = DEFINITIONAL_REPRESENTATION('',(#2828),#2832);
#2828 = LINE('',#2829,#2830);
#2829 = CARTESIAN_POINT('',(-0.,0.));
#2830 = VECTOR('',#2831,1.);
#2831 = DIRECTION('',(-1.,0.));
#2832 = ( GEOMETRIC_REPRESENTATION_CONTEXT(2) 
PARAMETRIC_REPRESENTATION_CONTEXT() REPRESENTATION_CONTEXT('2D SPACE',''
  ) );
#2833 = ORIENTED_EDGE('',*,*,#1331,.F.);
#2834 = ORIENTED_EDGE('',*,*,#2763,.F.);
#2835 = ADVANCED_FACE('',(#2836),#1535,.T.);
#2836 = FACE_BOUND('',#2837,.T.);
#2837 = EDGE_LOOP('',(#2838,#2839));
#2838 = ORIENTED_EDGE('',*,*,#1522,.T.);
#2839 = ORIENTED_EDGE('',*,*,#2740,.T.);
#2840 = ADVANCED_FACE('',(#2841),#1373,.T.);
#2841 = FACE_BOUND('',#2842,.F.);
#2842 = EDGE_LOOP('',(#2843,#2844,#2845,#2846));
#2843 = ORIENTED_EDGE('',*,*,#1357,.F.);
#2844 = ORIENTED_EDGE('',*,*,#2812,.F.);
#2845 = ORIENTED_EDGE('',*,*,#1459,.F.);
#2846 = ORIENTED_EDGE('',*,*,#2847,.T.);
#2847 = EDGE_CURVE('',#1439,#1358,#2848,.T.);
#2848 = SURFACE_CURVE('',#2849,(#2854,#2861),.PCURVE_S1.);
#2849 = CIRCLE('',#2850,3.5);
#2850 = AXIS2_PLACEMENT_3D('',#2851,#2852,#2853);
#2851 = CARTESIAN_POINT('',(-19.09188309203,13.091883092037,0.));
#2852 = DIRECTION('',(0.,-1.,0.));
#2853 = DIRECTION('',(1.,0.,0.));
#2854 = PCURVE('',#1373,#2855);
#2855 = DEFINITIONAL_REPRESENTATION('',(#2856),#2860);
#2856 = LINE('',#2857,#2858);
#2857 = CARTESIAN_POINT('',(-0.,-3.));
#2858 = VECTOR('',#2859,1.);
#2859 = DIRECTION('',(-1.,0.));
#2860 = ( GEOMETRIC_REPRESENTATION_CONTEXT(2) 
PARAMETRIC_REPRESENTATION_CONTEXT() REPRESENTATION_CONTEXT('2D SPACE',''
  ) );
#2861 = PCURVE('',#1400,#2862);
#2862 = DEFINITIONAL_REPRESENTATION('',(#2863),#2867);
#2863 = CIRCLE('',#2864,3.5);
#2864 = AXIS2_PLACEMENT_2D('',#2865,#2866);
#2865 = CARTESIAN_POINT('',(2.47821720825E-16,0.));
#2866 = DIRECTION('',(0.,1.));
#2867 = ( GEOMETRIC_REPRESENTATION_CONTEXT(2) 
PARAMETRIC_REPRESENTATION_CONTEXT() REPRESENTATION_CONTEXT('2D SPACE',''
  ) );
#2868 = ADVANCED_FACE('',(#2869),#1400,.T.);
#2869 = FACE_BOUND('',#2870,.T.);
#2870 = EDGE_LOOP('',(#2871,#2872,#2873,#2874));
#2871 = ORIENTED_EDGE('',*,*,#1438,.F.);
#2872 = ORIENTED_EDGE('',*,*,#2847,.T.);
#2873 = ORIENTED_EDGE('',*,*,#1385,.F.);
#2874 = ORIENTED_EDGE('',*,*,#2786,.F.);
#2875 = ADVANCED_FACE('',(#2876),#1426,.F.);
#2876 = FACE_BOUND('',#2877,.F.);
#2877 = EDGE_LOOP('',(#2878,#2879));
#2878 = ORIENTED_EDGE('',*,*,#1411,.T.);
#2879 = ORIENTED_EDGE('',*,*,#2696,.T.);
#2880 = ADVANCED_FACE('',(#2881),#1566,.F.);
#2881 = FACE_BOUND('',#2882,.F.);
#2882 = EDGE_LOOP('',(#2883,#2905,#2926,#2927,#2949,#2950,#2972,#2973));
#2883 = ORIENTED_EDGE('',*,*,#2884,.F.);
#2884 = EDGE_CURVE('',#1633,#1659,#2885,.T.);
#2885 = SURFACE_CURVE('',#2886,(#2891,#2898),.PCURVE_S1.);
#2886 = CIRCLE('',#2887,2.3);
#2887 = AXIS2_PLACEMENT_3D('',#2888,#2889,#2890);
#2888 = CARTESIAN_POINT('',(19.091883092037,13.091883092037,0.));
#2889 = DIRECTION('',(0.,-1.,0.));
#2890 = DIRECTION('',(1.,0.,0.));
#2891 = PCURVE('',#1566,#2892);
#2892 = DEFINITIONAL_REPRESENTATION('',(#2893),#2897);
#2893 = LINE('',#2894,#2895);
#2894 = CARTESIAN_POINT('',(0.,0.));
#2895 = VECTOR('',#2896,1.);
#2896 = DIRECTION('',(1.,0.));
#2897 = ( GEOMETRIC_REPRESENTATION_CONTEXT(2) 
PARAMETRIC_REPRESENTATION_CONTEXT() REPRESENTATION_CONTEXT('2D SPACE',''
  ) );
#2898 = PCURVE('',#1673,#2899);
#2899 = DEFINITIONAL_REPRESENTATION('',(#2900),#2904);
#2900 = CIRCLE('',#2901,2.3);
#2901 = AXIS2_PLACEMENT_2D('',#2902,#2903);
#2902 = CARTESIAN_POINT('',(-1.957218942705E-17,0.));
#2903 = DIRECTION('',(0.,1.));
#2904 = ( GEOMETRIC_REPRESENTATION_CONTEXT(2) 
PARAMETRIC_REPRESENTATION_CONTEXT() REPRESENTATION_CONTEXT('2D SPACE',''
  ) );
#2905 = ORIENTED_EDGE('',*,*,#2906,.T.);
#2906 = EDGE_CURVE('',#1633,#1549,#2907,.T.);
#2907 = SEAM_CURVE('',#2908,(#2912,#2919),.PCURVE_S1.);
#2908 = LINE('',#2909,#2910);
#2909 = CARTESIAN_POINT('',(21.391883092037,13.091883092037,0.));
#2910 = VECTOR('',#2911,1.);
#2911 = DIRECTION('',(-0.,1.,-0.));
#2912 = PCURVE('',#1566,#2913);
#2913 = DEFINITIONAL_REPRESENTATION('',(#2914),#2918);
#2914 = LINE('',#2915,#2916);
#2915 = CARTESIAN_POINT('',(6.28318530718,0.));
#2916 = VECTOR('',#2917,1.);
#2917 = DIRECTION('',(0.,-1.));
#2918 = ( GEOMETRIC_REPRESENTATION_CONTEXT(2) 
PARAMETRIC_REPRESENTATION_CONTEXT() REPRESENTATION_CONTEXT('2D SPACE',''
  ) );
#2919 = PCURVE('',#1566,#2920);
#2920 = DEFINITIONAL_REPRESENTATION('',(#2921),#2925);
#2921 = LINE('',#2922,#2923);
#2922 = CARTESIAN_POINT('',(0.,0.));
#2923 = VECTOR('',#2924,1.);
#2924 = DIRECTION('',(0.,-1.));
#2925 = ( GEOMETRIC_REPRESENTATION_CONTEXT(2) 
PARAMETRIC_REPRESENTATION_CONTEXT() REPRESENTATION_CONTEXT('2D SPACE',''
  ) );
#2926 = ORIENTED_EDGE('',*,*,#1548,.T.);
#2927 = ORIENTED_EDGE('',*,*,#2928,.T.);
#2928 = EDGE_CURVE('',#1551,#1749,#2929,.T.);
#2929 = SURFACE_CURVE('',#2930,(#2935,#2942),.PCURVE_S1.);
#2930 = CIRCLE('',#2931,2.3);
#2931 = AXIS2_PLACEMENT_3D('',#2932,#2933,#2934);
#2932 = CARTESIAN_POINT('',(19.091883092037,18.091883092037,0.));
#2933 = DIRECTION('',(0.,-1.,0.));
#2934 = DIRECTION('',(1.,0.,0.));
#2935 = PCURVE('',#1566,#2936);
#2936 = DEFINITIONAL_REPRESENTATION('',(#2937),#2941);
#2937 = LINE('',#2938,#2939);
#2938 = CARTESIAN_POINT('',(0.,-5.));
#2939 = VECTOR('',#2940,1.);
#2940 = DIRECTION('',(1.,0.));
#2941 = ( GEOMETRIC_REPRESENTATION_CONTEXT(2) 
PARAMETRIC_REPRESENTATION_CONTEXT() REPRESENTATION_CONTEXT('2D SPACE',''
  ) );
#2942 = PCURVE('',#1782,#2943);
#2943 = DEFINITIONAL_REPRESENTATION('',(#2944),#2948);
#2944 = CIRCLE('',#2945,2.3);
#2945 = AXIS2_PLACEMENT_2D('',#2946,#2947);
#2946 = CARTESIAN_POINT('',(-1.957218942705E-17,0.));
#2947 = DIRECTION('',(0.,1.));
#2948 = ( GEOMETRIC_REPRESENTATION_CONTEXT(2) 
PARAMETRIC_REPRESENTATION_CONTEXT() REPRESENTATION_CONTEXT('2D SPACE',''
  ) );
#2949 = ORIENTED_EDGE('',*,*,#1748,.T.);
#2950 = ORIENTED_EDGE('',*,*,#2951,.T.);
#2951 = EDGE_CURVE('',#1728,#1549,#2952,.T.);
#2952 = SURFACE_CURVE('',#2953,(#2958,#2965),.PCURVE_S1.);
#2953 = CIRCLE('',#2954,2.3);
#2954 = AXIS2_PLACEMENT_3D('',#2955,#2956,#2957);
#2955 = CARTESIAN_POINT('',(19.091883092037,16.091883092037,0.));
#2956 = DIRECTION('',(0.,-1.,0.));
#2957 = DIRECTION('',(1.,0.,0.));
#2958 = PCURVE('',#1566,#2959);
#2959 = DEFINITIONAL_REPRESENTATION('',(#2960),#2964);
#2960 = LINE('',#2961,#2962);
#2961 = CARTESIAN_POINT('',(0.,-3.));
#2962 = VECTOR('',#2963,1.);
#2963 = DIRECTION('',(1.,0.));
#2964 = ( GEOMETRIC_REPRESENTATION_CONTEXT(2) 
PARAMETRIC_REPRESENTATION_CONTEXT() REPRESENTATION_CONTEXT('2D SPACE',''
  ) );
#2965 = PCURVE('',#1593,#2966);
#2966 = DEFINITIONAL_REPRESENTATION('',(#2967),#2971);
#2967 = CIRCLE('',#2968,2.3);
#2968 = AXIS2_PLACEMENT_2D('',#2969,#2970);
#2969 = CARTESIAN_POINT('',(2.47821720825E-16,0.));
#2970 = DIRECTION('',(0.,1.));
#2971 = ( GEOMETRIC_REPRESENTATION_CONTEXT(2) 
PARAMETRIC_REPRESENTATION_CONTEXT() REPRESENTATION_CONTEXT('2D SPACE',''
  ) );
#2972 = ORIENTED_EDGE('',*,*,#2906,.F.);
#2973 = ORIENTED_EDGE('',*,*,#2974,.F.);
#2974 = EDGE_CURVE('',#1659,#1633,#2975,.T.);
#2975 = SURFACE_CURVE('',#2976,(#2981,#2988),.PCURVE_S1.);
#2976 = CIRCLE('',#2977,2.3);
#2977 = AXIS2_PLACEMENT_3D('',#2978,#2979,#2980);
#2978 = CARTESIAN_POINT('',(19.091883092037,13.091883092037,0.));
#2979 = DIRECTION('',(0.,-1.,0.));
#2980 = DIRECTION('',(1.,0.,0.));
#2981 = PCURVE('',#1566,#2982);
#2982 = DEFINITIONAL_REPRESENTATION('',(#2983),#2987);
#2983 = LINE('',#2984,#2985);
#2984 = CARTESIAN_POINT('',(0.,0.));
#2985 = VECTOR('',#2986,1.);
#2986 = DIRECTION('',(1.,0.));
#2987 = ( GEOMETRIC_REPRESENTATION_CONTEXT(2) 
PARAMETRIC_REPRESENTATION_CONTEXT() REPRESENTATION_CONTEXT('2D SPACE',''
  ) );
#2988 = PCURVE('',#1647,#2989);
#2989 = DEFINITIONAL_REPRESENTATION('',(#2990),#2994);
#2990 = CIRCLE('',#2991,2.3);
#2991 = AXIS2_PLACEMENT_2D('',#2992,#2993);
#2992 = CARTESIAN_POINT('',(2.47821720825E-16,0.));
#2993 = DIRECTION('',(0.,1.));
#2994 = ( GEOMETRIC_REPRESENTATION_CONTEXT(2) 
PARAMETRIC_REPRESENTATION_CONTEXT() REPRESENTATION_CONTEXT('2D SPACE',''
  ) );
#2995 = ADVANCED_FACE('',(#2996),#1782,.T.);
#2996 = FACE_BOUND('',#2997,.T.);
#2997 = EDGE_LOOP('',(#2998,#2999));
#2998 = ORIENTED_EDGE('',*,*,#1769,.T.);
#2999 = ORIENTED_EDGE('',*,*,#2928,.T.);
#3000 = ADVANCED_FACE('',(#3001),#1593,.F.);
#3001 = FACE_BOUND('',#3002,.F.);
#3002 = EDGE_LOOP('',(#3003,#3004,#3026,#3027));
#3003 = ORIENTED_EDGE('',*,*,#1727,.F.);
#3004 = ORIENTED_EDGE('',*,*,#3005,.T.);
#3005 = EDGE_CURVE('',#1707,#1579,#3006,.T.);
#3006 = SURFACE_CURVE('',#3007,(#3012,#3019),.PCURVE_S1.);
#3007 = CIRCLE('',#3008,3.5);
#3008 = AXIS2_PLACEMENT_3D('',#3009,#3010,#3011);
#3009 = CARTESIAN_POINT('',(19.091883092037,16.091883092037,0.));
#3010 = DIRECTION('',(0.,-1.,0.));
#3011 = DIRECTION('',(1.,0.,0.));
#3012 = PCURVE('',#1593,#3013);
#3013 = DEFINITIONAL_REPRESENTATION('',(#3014),#3018);
#3014 = CIRCLE('',#3015,3.5);
#3015 = AXIS2_PLACEMENT_2D('',#3016,#3017);
#3016 = CARTESIAN_POINT('',(2.47821720825E-16,0.));
#3017 = DIRECTION('',(0.,1.));
#3018 = ( GEOMETRIC_REPRESENTATION_CONTEXT(2) 
PARAMETRIC_REPRESENTATION_CONTEXT() REPRESENTATION_CONTEXT('2D SPACE',''
  ) );
#3019 = PCURVE('',#1620,#3020);
#3020 = DEFINITIONAL_REPRESENTATION('',(#3021),#3025);
#3021 = LINE('',#3022,#3023);
#3022 = CARTESIAN_POINT('',(-0.,0.));
#3023 = VECTOR('',#3024,1.);
#3024 = DIRECTION('',(-1.,0.));
#3025 = ( GEOMETRIC_REPRESENTATION_CONTEXT(2) 
PARAMETRIC_REPRESENTATION_CONTEXT() REPRESENTATION_CONTEXT('2D SPACE',''
  ) );
#3026 = ORIENTED_EDGE('',*,*,#1578,.F.);
#3027 = ORIENTED_EDGE('',*,*,#2951,.F.);
#3028 = ADVANCED_FACE('',(#3029),#1620,.T.);
#3029 = FACE_BOUND('',#3030,.F.);
#3030 = EDGE_LOOP('',(#3031,#3032,#3033,#3034));
#3031 = ORIENTED_EDGE('',*,*,#1604,.F.);
#3032 = ORIENTED_EDGE('',*,*,#3005,.F.);
#3033 = ORIENTED_EDGE('',*,*,#1706,.F.);
#3034 = ORIENTED_EDGE('',*,*,#3035,.T.);
#3035 = EDGE_CURVE('',#1686,#1605,#3036,.T.);
#3036 = SURFACE_CURVE('',#3037,(#3042,#3049),.PCURVE_S1.);
#3037 = CIRCLE('',#3038,3.5);
#3038 = AXIS2_PLACEMENT_3D('',#3039,#3040,#3041);
#3039 = CARTESIAN_POINT('',(19.091883092037,13.091883092037,0.));
#3040 = DIRECTION('',(0.,-1.,0.));
#3041 = DIRECTION('',(1.,0.,0.));
#3042 = PCURVE('',#1620,#3043);
#3043 = DEFINITIONAL_REPRESENTATION('',(#3044),#3048);
#3044 = LINE('',#3045,#3046);
#3045 = CARTESIAN_POINT('',(-0.,-3.));
#3046 = VECTOR('',#3047,1.);
#3047 = DIRECTION('',(-1.,0.));
#3048 = ( GEOMETRIC_REPRESENTATION_CONTEXT(2) 
PARAMETRIC_REPRESENTATION_CONTEXT() REPRESENTATION_CONTEXT('2D SPACE',''
  ) );
#3049 = PCURVE('',#1647,#3050);
#3050 = DEFINITIONAL_REPRESENTATION('',(#3051),#3055);
#3051 = CIRCLE('',#3052,3.5);
#3052 = AXIS2_PLACEMENT_2D('',#3053,#3054);
#3053 = CARTESIAN_POINT('',(2.47821720825E-16,0.));
#3054 = DIRECTION('',(0.,1.));
#3055 = ( GEOMETRIC_REPRESENTATION_CONTEXT(2) 
PARAMETRIC_REPRESENTATION_CONTEXT() REPRESENTATION_CONTEXT('2D SPACE',''
  ) );
#3056 = ADVANCED_FACE('',(#3057),#1647,.T.);
#3057 = FACE_BOUND('',#3058,.T.);
#3058 = EDGE_LOOP('',(#3059,#3060,#3061,#3062));
#3059 = ORIENTED_EDGE('',*,*,#1685,.F.);
#3060 = ORIENTED_EDGE('',*,*,#3035,.T.);
#3061 = ORIENTED_EDGE('',*,*,#1632,.F.);
#3062 = ORIENTED_EDGE('',*,*,#2974,.F.);
#3063 = ADVANCED_FACE('',(#3064),#1673,.F.);
#3064 = FACE_BOUND('',#3065,.F.);
#3065 = EDGE_LOOP('',(#3066,#3067));
#3066 = ORIENTED_EDGE('',*,*,#1658,.T.);
#3067 = ORIENTED_EDGE('',*,*,#2884,.T.);
#3068 = ADVANCED_FACE('',(#3069,#3079,#3180,#3281),#1930,.T.);
#3069 = FACE_BOUND('',#3070,.T.);
#3070 = EDGE_LOOP('',(#3071,#3072,#3073,#3074,#3075,#3076,#3077,#3078));
#3071 = ORIENTED_EDGE('',*,*,#2295,.F.);
#3072 = ORIENTED_EDGE('',*,*,#1911,.T.);
#3073 = ORIENTED_EDGE('',*,*,#1988,.T.);
#3074 = ORIENTED_EDGE('',*,*,#2037,.F.);
#3075 = ORIENTED_EDGE('',*,*,#2093,.T.);
#3076 = ORIENTED_EDGE('',*,*,#2140,.T.);
#3077 = ORIENTED_EDGE('',*,*,#2190,.F.);
#3078 = ORIENTED_EDGE('',*,*,#2239,.F.);
#3079 = FACE_BOUND('',#3080,.T.);
#3080 = EDGE_LOOP('',(#3081,#3109,#3135,#3161));
#3081 = ORIENTED_EDGE('',*,*,#3082,.F.);
#3082 = EDGE_CURVE('',#3083,#3085,#3087,.T.);
#3083 = VERTEX_POINT('',#3084);
#3084 = CARTESIAN_POINT('',(-20.89465872976,-25.09188309203,3.));
#3085 = VERTEX_POINT('',#3086);
#3086 = CARTESIAN_POINT('',(-17.2891074543,-25.09188309203,3.));
#3087 = SURFACE_CURVE('',#3088,(#3092,#3098),.PCURVE_S1.);
#3088 = LINE('',#3089,#3090);
#3089 = CARTESIAN_POINT('',(-40.54594154601,-25.09188309203,3.));
#3090 = VECTOR('',#3091,1.);
#3091 = DIRECTION('',(1.,0.,0.));
#3092 = PCURVE('',#1930,#3093);
#3093 = DEFINITIONAL_REPRESENTATION('',(#3094),#3097);
#3094 = B_SPLINE_CURVE_WITH_KNOTS('',1,(#3095,#3096),.UNSPECIFIED.,.F.,
  .F.,(2,2),(17.954058453982,24.954058453982),.PIECEWISE_BEZIER_KNOTS.);
#3095 = CARTESIAN_POINT('',(39.408116907963,56.908116907963));
#3096 = CARTESIAN_POINT('',(46.408116907963,56.908116907963));
#3097 = ( GEOMETRIC_REPRESENTATION_CONTEXT(2) 
PARAMETRIC_REPRESENTATION_CONTEXT() REPRESENTATION_CONTEXT('2D SPACE',''
  ) );
#3098 = PCURVE('',#3099,#3104);
#3099 = PLANE('',#3100);
#3100 = AXIS2_PLACEMENT_3D('',#3101,#3102,#3103);
#3101 = CARTESIAN_POINT('',(-19.09188309203,-25.09188309203,
    2.47821720825E-16));
#3102 = DIRECTION('',(-0.,-1.,-0.));
#3103 = DIRECTION('',(0.,0.,-1.));
#3104 = DEFINITIONAL_REPRESENTATION('',(#3105),#3108);
#3105 = B_SPLINE_CURVE_WITH_KNOTS('',1,(#3106,#3107),.UNSPECIFIED.,.F.,
  .F.,(2,2),(17.954058453982,24.954058453982),.PIECEWISE_BEZIER_KNOTS.);
#3106 = CARTESIAN_POINT('',(-3.,-3.5));
#3107 = CARTESIAN_POINT('',(-3.,3.5));
#3108 = ( GEOMETRIC_REPRESENTATION_CONTEXT(2) 
PARAMETRIC_REPRESENTATION_CONTEXT() REPRESENTATION_CONTEXT('2D SPACE',''
  ) );
#3109 = ORIENTED_EDGE('',*,*,#3110,.T.);
#3110 = EDGE_CURVE('',#3083,#3111,#3113,.T.);
#3111 = VERTEX_POINT('',#3112);
#3112 = CARTESIAN_POINT('',(-20.89465872976,-22.09188309203,3.));
#3113 = SURFACE_CURVE('',#3114,(#3118,#3124),.PCURVE_S1.);
#3114 = LINE('',#3115,#3116);
#3115 = CARTESIAN_POINT('',(-20.89465872976,-22.09188309203,3.));
#3116 = VECTOR('',#3117,1.);
#3117 = DIRECTION('',(-0.,1.,-0.));
#3118 = PCURVE('',#1930,#3119);
#3119 = DEFINITIONAL_REPRESENTATION('',(#3120),#3123);
#3120 = B_SPLINE_CURVE_WITH_KNOTS('',1,(#3121,#3122),.UNSPECIFIED.,.F.,
  .F.,(2,2),(-3.0000006,5.999999999062E-07),.PIECEWISE_BEZIER_KNOTS.);
#3121 = CARTESIAN_POINT('',(41.105341270231,56.908116307963));
#3122 = CARTESIAN_POINT('',(41.105341270231,59.908117507963));
#3123 = ( GEOMETRIC_REPRESENTATION_CONTEXT(2) 
PARAMETRIC_REPRESENTATION_CONTEXT() REPRESENTATION_CONTEXT('2D SPACE',''
  ) );
#3124 = PCURVE('',#3125,#3130);
#3125 = CYLINDRICAL_SURFACE('',#3126,3.5);
#3126 = AXIS2_PLACEMENT_3D('',#3127,#3128,#3129);
#3127 = CARTESIAN_POINT('',(-19.09188309203,-22.09188309203,0.));
#3128 = DIRECTION('',(-0.,1.,-0.));
#3129 = DIRECTION('',(1.,0.,0.));
#3130 = DEFINITIONAL_REPRESENTATION('',(#3131),#3134);
#3131 = B_SPLINE_CURVE_WITH_KNOTS('',1,(#3132,#3133),.UNSPECIFIED.,.F.,
  .F.,(2,2),(-3.0000006,5.999999999062E-07),.PIECEWISE_BEZIER_KNOTS.);
#3132 = CARTESIAN_POINT('',(-2.111895852752,-3.0000006));
#3133 = CARTESIAN_POINT('',(-2.111895852752,5.999999999062E-07));
#3134 = ( GEOMETRIC_REPRESENTATION_CONTEXT(2) 
PARAMETRIC_REPRESENTATION_CONTEXT() REPRESENTATION_CONTEXT('2D SPACE',''
  ) );
#3135 = ORIENTED_EDGE('',*,*,#3136,.T.);
#3136 = EDGE_CURVE('',#3111,#3137,#3139,.T.);
#3137 = VERTEX_POINT('',#3138);
#3138 = CARTESIAN_POINT('',(-17.2891074543,-22.09188309203,3.));
#3139 = SURFACE_CURVE('',#3140,(#3144,#3150),.PCURVE_S1.);
#3140 = LINE('',#3141,#3142);
#3141 = CARTESIAN_POINT('',(-40.54594154601,-22.09188309203,3.));
#3142 = VECTOR('',#3143,1.);
#3143 = DIRECTION('',(1.,0.,0.));
#3144 = PCURVE('',#1930,#3145);
#3145 = DEFINITIONAL_REPRESENTATION('',(#3146),#3149);
#3146 = B_SPLINE_CURVE_WITH_KNOTS('',1,(#3147,#3148),.UNSPECIFIED.,.F.,
  .F.,(2,2),(17.954058453982,24.954058453982),.PIECEWISE_BEZIER_KNOTS.);
#3147 = CARTESIAN_POINT('',(39.408116907963,59.908116907963));
#3148 = CARTESIAN_POINT('',(46.408116907963,59.908116907963));
#3149 = ( GEOMETRIC_REPRESENTATION_CONTEXT(2) 
PARAMETRIC_REPRESENTATION_CONTEXT() REPRESENTATION_CONTEXT('2D SPACE',''
  ) );
#3150 = PCURVE('',#3151,#3156);
#3151 = PLANE('',#3152);
#3152 = AXIS2_PLACEMENT_3D('',#3153,#3154,#3155);
#3153 = CARTESIAN_POINT('',(-19.09188309203,-22.09188309203,
    2.47821720825E-16));
#3154 = DIRECTION('',(-0.,-1.,-0.));
#3155 = DIRECTION('',(0.,0.,-1.));
#3156 = DEFINITIONAL_REPRESENTATION('',(#3157),#3160);
#3157 = B_SPLINE_CURVE_WITH_KNOTS('',1,(#3158,#3159),.UNSPECIFIED.,.F.,
  .F.,(2,2),(17.954058453982,24.954058453982),.PIECEWISE_BEZIER_KNOTS.);
#3158 = CARTESIAN_POINT('',(-3.,-3.5));
#3159 = CARTESIAN_POINT('',(-3.,3.5));
#3160 = ( GEOMETRIC_REPRESENTATION_CONTEXT(2) 
PARAMETRIC_REPRESENTATION_CONTEXT() REPRESENTATION_CONTEXT('2D SPACE',''
  ) );
#3161 = ORIENTED_EDGE('',*,*,#3162,.F.);
#3162 = EDGE_CURVE('',#3085,#3137,#3163,.T.);
#3163 = SURFACE_CURVE('',#3164,(#3168,#3174),.PCURVE_S1.);
#3164 = LINE('',#3165,#3166);
#3165 = CARTESIAN_POINT('',(-17.2891074543,-22.09188309203,3.));
#3166 = VECTOR('',#3167,1.);
#3167 = DIRECTION('',(-0.,1.,-0.));
#3168 = PCURVE('',#1930,#3169);
#3169 = DEFINITIONAL_REPRESENTATION('',(#3170),#3173);
#3170 = B_SPLINE_CURVE_WITH_KNOTS('',1,(#3171,#3172),.UNSPECIFIED.,.F.,
  .F.,(2,2),(-3.0000006,5.999999999062E-07),.PIECEWISE_BEZIER_KNOTS.);
#3171 = CARTESIAN_POINT('',(44.710892545695,56.908116307963));
#3172 = CARTESIAN_POINT('',(44.710892545695,59.908117507963));
#3173 = ( GEOMETRIC_REPRESENTATION_CONTEXT(2) 
PARAMETRIC_REPRESENTATION_CONTEXT() REPRESENTATION_CONTEXT('2D SPACE',''
  ) );
#3174 = PCURVE('',#3125,#3175);
#3175 = DEFINITIONAL_REPRESENTATION('',(#3176),#3179);
#3176 = B_SPLINE_CURVE_WITH_KNOTS('',1,(#3177,#3178),.UNSPECIFIED.,.F.,
  .F.,(2,2),(-3.0000006,5.999999999062E-07),.PIECEWISE_BEZIER_KNOTS.);
#3177 = CARTESIAN_POINT('',(-1.029696800838,-3.0000006));
#3178 = CARTESIAN_POINT('',(-1.029696800838,5.999999999062E-07));
#3179 = ( GEOMETRIC_REPRESENTATION_CONTEXT(2) 
PARAMETRIC_REPRESENTATION_CONTEXT() REPRESENTATION_CONTEXT('2D SPACE',''
  ) );
#3180 = FACE_BOUND('',#3181,.T.);
#3181 = EDGE_LOOP('',(#3182,#3210,#3236,#3262));
#3182 = ORIENTED_EDGE('',*,*,#3183,.F.);
#3183 = EDGE_CURVE('',#3184,#3186,#3188,.T.);
#3184 = VERTEX_POINT('',#3185);
#3185 = CARTESIAN_POINT('',(17.289107454305,-25.09188309203,3.));
#3186 = VERTEX_POINT('',#3187);
#3187 = CARTESIAN_POINT('',(20.894658729769,-25.09188309203,3.));
#3188 = SURFACE_CURVE('',#3189,(#3193,#3199),.PCURVE_S1.);
#3189 = LINE('',#3190,#3191);
#3190 = CARTESIAN_POINT('',(-21.45405845398,-25.09188309203,3.));
#3191 = VECTOR('',#3192,1.);
#3192 = DIRECTION('',(1.,0.,0.));
#3193 = PCURVE('',#1930,#3194);
#3194 = DEFINITIONAL_REPRESENTATION('',(#3195),#3198);
#3195 = B_SPLINE_CURVE_WITH_KNOTS('',1,(#3196,#3197),.UNSPECIFIED.,.F.,
  .F.,(2,2),(37.045941546018,44.045941546018),.PIECEWISE_BEZIER_KNOTS.);
#3196 = CARTESIAN_POINT('',(77.591883092037,56.908116907963));
#3197 = CARTESIAN_POINT('',(84.591883092037,56.908116907963));
#3198 = ( GEOMETRIC_REPRESENTATION_CONTEXT(2) 
PARAMETRIC_REPRESENTATION_CONTEXT() REPRESENTATION_CONTEXT('2D SPACE',''
  ) );
#3199 = PCURVE('',#3200,#3205);
#3200 = PLANE('',#3201);
#3201 = AXIS2_PLACEMENT_3D('',#3202,#3203,#3204);
#3202 = CARTESIAN_POINT('',(19.091883092037,-25.09188309203,
    2.47821720825E-16));
#3203 = DIRECTION('',(-0.,-1.,-0.));
#3204 = DIRECTION('',(0.,0.,-1.));
#3205 = DEFINITIONAL_REPRESENTATION('',(#3206),#3209);
#3206 = B_SPLINE_CURVE_WITH_KNOTS('',1,(#3207,#3208),.UNSPECIFIED.,.F.,
  .F.,(2,2),(37.045941546018,44.045941546018),.PIECEWISE_BEZIER_KNOTS.);
#3207 = CARTESIAN_POINT('',(-3.,-3.5));
#3208 = CARTESIAN_POINT('',(-3.,3.5));
#3209 = ( GEOMETRIC_REPRESENTATION_CONTEXT(2) 
PARAMETRIC_REPRESENTATION_CONTEXT() REPRESENTATION_CONTEXT('2D SPACE',''
  ) );
#3210 = ORIENTED_EDGE('',*,*,#3211,.T.);
#3211 = EDGE_CURVE('',#3184,#3212,#3214,.T.);
#3212 = VERTEX_POINT('',#3213);
#3213 = CARTESIAN_POINT('',(17.289107454305,-22.09188309203,3.));
#3214 = SURFACE_CURVE('',#3215,(#3219,#3225),.PCURVE_S1.);
#3215 = LINE('',#3216,#3217);
#3216 = CARTESIAN_POINT('',(17.289107454305,-22.09188309203,3.));
#3217 = VECTOR('',#3218,1.);
#3218 = DIRECTION('',(-0.,1.,-0.));
#3219 = PCURVE('',#1930,#3220);
#3220 = DEFINITIONAL_REPRESENTATION('',(#3221),#3224);
#3221 = B_SPLINE_CURVE_WITH_KNOTS('',1,(#3222,#3223),.UNSPECIFIED.,.F.,
  .F.,(2,2),(-3.0000006,5.999999999062E-07),.PIECEWISE_BEZIER_KNOTS.);
#3222 = CARTESIAN_POINT('',(79.289107454305,56.908116307963));
#3223 = CARTESIAN_POINT('',(79.289107454305,59.908117507963));
#3224 = ( GEOMETRIC_REPRESENTATION_CONTEXT(2) 
PARAMETRIC_REPRESENTATION_CONTEXT() REPRESENTATION_CONTEXT('2D SPACE',''
  ) );
#3225 = PCURVE('',#3226,#3231);
#3226 = CYLINDRICAL_SURFACE('',#3227,3.5);
#3227 = AXIS2_PLACEMENT_3D('',#3228,#3229,#3230);
#3228 = CARTESIAN_POINT('',(19.091883092037,-22.09188309203,0.));
#3229 = DIRECTION('',(-0.,1.,-0.));
#3230 = DIRECTION('',(1.,0.,0.));
#3231 = DEFINITIONAL_REPRESENTATION('',(#3232),#3235);
#3232 = B_SPLINE_CURVE_WITH_KNOTS('',1,(#3233,#3234),.UNSPECIFIED.,.F.,
  .F.,(2,2),(-3.0000006,5.999999999062E-07),.PIECEWISE_BEZIER_KNOTS.);
#3233 = CARTESIAN_POINT('',(-2.111895852752,-3.0000006));
#3234 = CARTESIAN_POINT('',(-2.111895852752,5.999999999062E-07));
#3235 = ( GEOMETRIC_REPRESENTATION_CONTEXT(2) 
PARAMETRIC_REPRESENTATION_CONTEXT() REPRESENTATION_CONTEXT('2D SPACE',''
  ) );
#3236 = ORIENTED_EDGE('',*,*,#3237,.T.);
#3237 = EDGE_CURVE('',#3212,#3238,#3240,.T.);
#3238 = VERTEX_POINT('',#3239);
#3239 = CARTESIAN_POINT('',(20.894658729769,-22.09188309203,3.));
#3240 = SURFACE_CURVE('',#3241,(#3245,#3251),.PCURVE_S1.);
#3241 = LINE('',#3242,#3243);
#3242 = CARTESIAN_POINT('',(-21.45405845398,-22.09188309203,3.));
#3243 = VECTOR('',#3244,1.);
#3244 = DIRECTION('',(1.,0.,0.));
#3245 = PCURVE('',#1930,#3246);
#3246 = DEFINITIONAL_REPRESENTATION('',(#3247),#3250);
#3247 = B_SPLINE_CURVE_WITH_KNOTS('',1,(#3248,#3249),.UNSPECIFIED.,.F.,
  .F.,(2,2),(37.045941546018,44.045941546018),.PIECEWISE_BEZIER_KNOTS.);
#3248 = CARTESIAN_POINT('',(77.591883092037,59.908116907963));
#3249 = CARTESIAN_POINT('',(84.591883092037,59.908116907963));
#3250 = ( GEOMETRIC_REPRESENTATION_CONTEXT(2) 
PARAMETRIC_REPRESENTATION_CONTEXT() REPRESENTATION_CONTEXT('2D SPACE',''
  ) );
#3251 = PCURVE('',#3252,#3257);
#3252 = PLANE('',#3253);
#3253 = AXIS2_PLACEMENT_3D('',#3254,#3255,#3256);
#3254 = CARTESIAN_POINT('',(19.091883092037,-22.09188309203,
    2.47821720825E-16));
#3255 = DIRECTION('',(-0.,-1.,-0.));
#3256 = DIRECTION('',(0.,0.,-1.));
#3257 = DEFINITIONAL_REPRESENTATION('',(#3258),#3261);
#3258 = B_SPLINE_CURVE_WITH_KNOTS('',1,(#3259,#3260),.UNSPECIFIED.,.F.,
  .F.,(2,2),(37.045941546018,44.045941546018),.PIECEWISE_BEZIER_KNOTS.);
#3259 = CARTESIAN_POINT('',(-3.,-3.5));
#3260 = CARTESIAN_POINT('',(-3.,3.5));
#3261 = ( GEOMETRIC_REPRESENTATION_CONTEXT(2) 
PARAMETRIC_REPRESENTATION_CONTEXT() REPRESENTATION_CONTEXT('2D SPACE',''
  ) );
#3262 = ORIENTED_EDGE('',*,*,#3263,.F.);
#3263 = EDGE_CURVE('',#3186,#3238,#3264,.T.);
#3264 = SURFACE_CURVE('',#3265,(#3269,#3275),.PCURVE_S1.);
#3265 = LINE('',#3266,#3267);
#3266 = CARTESIAN_POINT('',(20.894658729769,-22.09188309203,3.));
#3267 = VECTOR('',#3268,1.);
#3268 = DIRECTION('',(-0.,1.,-0.));
#3269 = PCURVE('',#1930,#3270);
#3270 = DEFINITIONAL_REPRESENTATION('',(#3271),#3274);
#3271 = B_SPLINE_CURVE_WITH_KNOTS('',1,(#3272,#3273),.UNSPECIFIED.,.F.,
  .F.,(2,2),(-3.0000006,5.999999999062E-07),.PIECEWISE_BEZIER_KNOTS.);
#3272 = CARTESIAN_POINT('',(82.894658729769,56.908116307963));
#3273 = CARTESIAN_POINT('',(82.894658729769,59.908117507963));
#3274 = ( GEOMETRIC_REPRESENTATION_CONTEXT(2) 
PARAMETRIC_REPRESENTATION_CONTEXT() REPRESENTATION_CONTEXT('2D SPACE',''
  ) );
#3275 = PCURVE('',#3226,#3276);
#3276 = DEFINITIONAL_REPRESENTATION('',(#3277),#3280);
#3277 = B_SPLINE_CURVE_WITH_KNOTS('',1,(#3278,#3279),.UNSPECIFIED.,.F.,
  .F.,(2,2),(-3.0000006,5.999999999062E-07),.PIECEWISE_BEZIER_KNOTS.);
#3278 = CARTESIAN_POINT('',(-1.029696800838,-3.0000006));
#3279 = CARTESIAN_POINT('',(-1.029696800838,5.999999999062E-07));
#3280 = ( GEOMETRIC_REPRESENTATION_CONTEXT(2) 
PARAMETRIC_REPRESENTATION_CONTEXT() REPRESENTATION_CONTEXT('2D SPACE',''
  ) );
#3281 = FACE_BOUND('',#3282,.T.);
#3282 = EDGE_LOOP('',(#3283,#3314,#3338,#3364,#3390,#3416,#3437,#3461,
    #3487,#3513,#3534));
#3283 = ORIENTED_EDGE('',*,*,#3284,.F.);
#3284 = EDGE_CURVE('',#3285,#3287,#3289,.T.);
#3285 = VERTEX_POINT('',#3286);
#3286 = CARTESIAN_POINT('',(23.5,0.,3.));
#3287 = VERTEX_POINT('',#3288);
#3288 = CARTESIAN_POINT('',(19.515445091118,13.091883092037,3.));
#3289 = SURFACE_CURVE('',#3290,(#3295,#3302),.PCURVE_S1.);
#3290 = CIRCLE('',#3291,23.5);
#3291 = AXIS2_PLACEMENT_3D('',#3292,#3293,#3294);
#3292 = CARTESIAN_POINT('',(0.,0.,3.));
#3293 = DIRECTION('',(0.,0.,1.));
#3294 = DIRECTION('',(1.,0.,0.));
#3295 = PCURVE('',#1930,#3296);
#3296 = DEFINITIONAL_REPRESENTATION('',(#3297),#3301);
#3297 = CIRCLE('',#3298,23.5);
#3298 = AXIS2_PLACEMENT_2D('',#3299,#3300);
#3299 = CARTESIAN_POINT('',(62.,82.));
#3300 = DIRECTION('',(1.,0.));
#3301 = ( GEOMETRIC_REPRESENTATION_CONTEXT(2) 
PARAMETRIC_REPRESENTATION_CONTEXT() REPRESENTATION_CONTEXT('2D SPACE',''
  ) );
#3302 = PCURVE('',#3303,#3308);
#3303 = CYLINDRICAL_SURFACE('',#3304,23.5);
#3304 = AXIS2_PLACEMENT_3D('',#3305,#3306,#3307);
#3305 = CARTESIAN_POINT('',(0.,0.,3.));
#3306 = DIRECTION('',(-0.,-0.,-1.));
#3307 = DIRECTION('',(1.,0.,0.));
#3308 = DEFINITIONAL_REPRESENTATION('',(#3309),#3313);
#3309 = LINE('',#3310,#3311);
#3310 = CARTESIAN_POINT('',(-0.,0.));
#3311 = VECTOR('',#3312,1.);
#3312 = DIRECTION('',(-1.,0.));
#3313 = ( GEOMETRIC_REPRESENTATION_CONTEXT(2) 
PARAMETRIC_REPRESENTATION_CONTEXT() REPRESENTATION_CONTEXT('2D SPACE',''
  ) );
#3314 = ORIENTED_EDGE('',*,*,#3315,.F.);
#3315 = EDGE_CURVE('',#3316,#3285,#3318,.T.);
#3316 = VERTEX_POINT('',#3317);
#3317 = CARTESIAN_POINT('',(-19.51544509111,13.091883092037,3.));
#3318 = SURFACE_CURVE('',#3319,(#3324,#3331),.PCURVE_S1.);
#3319 = CIRCLE('',#3320,23.5);
#3320 = AXIS2_PLACEMENT_3D('',#3321,#3322,#3323);
#3321 = CARTESIAN_POINT('',(0.,0.,3.));
#3322 = DIRECTION('',(0.,0.,1.));
#3323 = DIRECTION('',(1.,0.,0.));
#3324 = PCURVE('',#1930,#3325);
#3325 = DEFINITIONAL_REPRESENTATION('',(#3326),#3330);
#3326 = CIRCLE('',#3327,23.5);
#3327 = AXIS2_PLACEMENT_2D('',#3328,#3329);
#3328 = CARTESIAN_POINT('',(62.,82.));
#3329 = DIRECTION('',(1.,0.));
#3330 = ( GEOMETRIC_REPRESENTATION_CONTEXT(2) 
PARAMETRIC_REPRESENTATION_CONTEXT() REPRESENTATION_CONTEXT('2D SPACE',''
  ) );
#3331 = PCURVE('',#3303,#3332);
#3332 = DEFINITIONAL_REPRESENTATION('',(#3333),#3337);
#3333 = LINE('',#3334,#3335);
#3334 = CARTESIAN_POINT('',(-0.,0.));
#3335 = VECTOR('',#3336,1.);
#3336 = DIRECTION('',(-1.,0.));
#3337 = ( GEOMETRIC_REPRESENTATION_CONTEXT(2) 
PARAMETRIC_REPRESENTATION_CONTEXT() REPRESENTATION_CONTEXT('2D SPACE',''
  ) );
#3338 = ORIENTED_EDGE('',*,*,#3339,.F.);
#3339 = EDGE_CURVE('',#3340,#3316,#3342,.T.);
#3340 = VERTEX_POINT('',#3341);
#3341 = CARTESIAN_POINT('',(-20.89465872976,13.091883092037,3.));
#3342 = SURFACE_CURVE('',#3343,(#3347,#3353),.PCURVE_S1.);
#3343 = LINE('',#3344,#3345);
#3344 = CARTESIAN_POINT('',(-40.54594154601,13.091883092037,3.));
#3345 = VECTOR('',#3346,1.);
#3346 = DIRECTION('',(1.,0.,0.));
#3347 = PCURVE('',#1930,#3348);
#3348 = DEFINITIONAL_REPRESENTATION('',(#3349),#3352);
#3349 = B_SPLINE_CURVE_WITH_KNOTS('',1,(#3350,#3351),.UNSPECIFIED.,.F.,
  .F.,(2,2),(17.954058453982,24.954058453982),.PIECEWISE_BEZIER_KNOTS.);
#3350 = CARTESIAN_POINT('',(39.408116907963,95.091883092037));
#3351 = CARTESIAN_POINT('',(46.408116907963,95.091883092037));
#3352 = ( GEOMETRIC_REPRESENTATION_CONTEXT(2) 
PARAMETRIC_REPRESENTATION_CONTEXT() REPRESENTATION_CONTEXT('2D SPACE',''
  ) );
#3353 = PCURVE('',#3354,#3359);
#3354 = PLANE('',#3355);
#3355 = AXIS2_PLACEMENT_3D('',#3356,#3357,#3358);
#3356 = CARTESIAN_POINT('',(-19.09188309203,13.091883092037,
    2.47821720825E-16));
#3357 = DIRECTION('',(-0.,-1.,-0.));
#3358 = DIRECTION('',(0.,0.,-1.));
#3359 = DEFINITIONAL_REPRESENTATION('',(#3360),#3363);
#3360 = B_SPLINE_CURVE_WITH_KNOTS('',1,(#3361,#3362),.UNSPECIFIED.,.F.,
  .F.,(2,2),(17.954058453982,24.954058453982),.PIECEWISE_BEZIER_KNOTS.);
#3361 = CARTESIAN_POINT('',(-3.,-3.5));
#3362 = CARTESIAN_POINT('',(-3.,3.5));
#3363 = ( GEOMETRIC_REPRESENTATION_CONTEXT(2) 
PARAMETRIC_REPRESENTATION_CONTEXT() REPRESENTATION_CONTEXT('2D SPACE',''
  ) );
#3364 = ORIENTED_EDGE('',*,*,#3365,.T.);
#3365 = EDGE_CURVE('',#3340,#3366,#3368,.T.);
#3366 = VERTEX_POINT('',#3367);
#3367 = CARTESIAN_POINT('',(-20.89465872976,16.091883092037,3.));
#3368 = SURFACE_CURVE('',#3369,(#3373,#3379),.PCURVE_S1.);
#3369 = LINE('',#3370,#3371);
#3370 = CARTESIAN_POINT('',(-20.89465872976,16.091883092037,3.));
#3371 = VECTOR('',#3372,1.);
#3372 = DIRECTION('',(-0.,1.,-0.));
#3373 = PCURVE('',#1930,#3374);
#3374 = DEFINITIONAL_REPRESENTATION('',(#3375),#3378);
#3375 = B_SPLINE_CURVE_WITH_KNOTS('',1,(#3376,#3377),.UNSPECIFIED.,.F.,
  .F.,(2,2),(-3.0000006,5.999999999062E-07),.PIECEWISE_BEZIER_KNOTS.);
#3376 = CARTESIAN_POINT('',(41.105341270231,95.091882492037));
#3377 = CARTESIAN_POINT('',(41.105341270231,98.091883692037));
#3378 = ( GEOMETRIC_REPRESENTATION_CONTEXT(2) 
PARAMETRIC_REPRESENTATION_CONTEXT() REPRESENTATION_CONTEXT('2D SPACE',''
  ) );
#3379 = PCURVE('',#3380,#3385);
#3380 = CYLINDRICAL_SURFACE('',#3381,3.5);
#3381 = AXIS2_PLACEMENT_3D('',#3382,#3383,#3384);
#3382 = CARTESIAN_POINT('',(-19.09188309203,16.091883092037,0.));
#3383 = DIRECTION('',(-0.,1.,-0.));
#3384 = DIRECTION('',(1.,0.,0.));
#3385 = DEFINITIONAL_REPRESENTATION('',(#3386),#3389);
#3386 = B_SPLINE_CURVE_WITH_KNOTS('',1,(#3387,#3388),.UNSPECIFIED.,.F.,
  .F.,(2,2),(-3.0000006,5.999999999062E-07),.PIECEWISE_BEZIER_KNOTS.);
#3387 = CARTESIAN_POINT('',(-2.111895852752,-3.0000006));
#3388 = CARTESIAN_POINT('',(-2.111895852752,5.999999999062E-07));
#3389 = ( GEOMETRIC_REPRESENTATION_CONTEXT(2) 
PARAMETRIC_REPRESENTATION_CONTEXT() REPRESENTATION_CONTEXT('2D SPACE',''
  ) );
#3390 = ORIENTED_EDGE('',*,*,#3391,.T.);
#3391 = EDGE_CURVE('',#3366,#3392,#3394,.T.);
#3392 = VERTEX_POINT('',#3393);
#3393 = CARTESIAN_POINT('',(-17.2891074543,16.091883092037,3.));
#3394 = SURFACE_CURVE('',#3395,(#3399,#3405),.PCURVE_S1.);
#3395 = LINE('',#3396,#3397);
#3396 = CARTESIAN_POINT('',(-40.54594154601,16.091883092037,3.));
#3397 = VECTOR('',#3398,1.);
#3398 = DIRECTION('',(1.,0.,0.));
#3399 = PCURVE('',#1930,#3400);
#3400 = DEFINITIONAL_REPRESENTATION('',(#3401),#3404);
#3401 = B_SPLINE_CURVE_WITH_KNOTS('',1,(#3402,#3403),.UNSPECIFIED.,.F.,
  .F.,(2,2),(17.954058453982,24.954058453982),.PIECEWISE_BEZIER_KNOTS.);
#3402 = CARTESIAN_POINT('',(39.408116907963,98.091883092037));
#3403 = CARTESIAN_POINT('',(46.408116907963,98.091883092037));
#3404 = ( GEOMETRIC_REPRESENTATION_CONTEXT(2) 
PARAMETRIC_REPRESENTATION_CONTEXT() REPRESENTATION_CONTEXT('2D SPACE',''
  ) );
#3405 = PCURVE('',#3406,#3411);
#3406 = PLANE('',#3407);
#3407 = AXIS2_PLACEMENT_3D('',#3408,#3409,#3410);
#3408 = CARTESIAN_POINT('',(-19.09188309203,16.091883092037,
    2.47821720825E-16));
#3409 = DIRECTION('',(-0.,-1.,-0.));
#3410 = DIRECTION('',(0.,0.,-1.));
#3411 = DEFINITIONAL_REPRESENTATION('',(#3412),#3415);
#3412 = B_SPLINE_CURVE_WITH_KNOTS('',1,(#3413,#3414),.UNSPECIFIED.,.F.,
  .F.,(2,2),(17.954058453982,24.954058453982),.PIECEWISE_BEZIER_KNOTS.);
#3413 = CARTESIAN_POINT('',(-3.,-3.5));
#3414 = CARTESIAN_POINT('',(-3.,3.5));
#3415 = ( GEOMETRIC_REPRESENTATION_CONTEXT(2) 
PARAMETRIC_REPRESENTATION_CONTEXT() REPRESENTATION_CONTEXT('2D SPACE',''
  ) );
#3416 = ORIENTED_EDGE('',*,*,#3417,.F.);
#3417 = EDGE_CURVE('',#3418,#3392,#3420,.T.);
#3418 = VERTEX_POINT('',#3419);
#3419 = CARTESIAN_POINT('',(-17.2891074543,15.916556268034,3.));
#3420 = SURFACE_CURVE('',#3421,(#3425,#3431),.PCURVE_S1.);
#3421 = LINE('',#3422,#3423);
#3422 = CARTESIAN_POINT('',(-17.2891074543,16.091883092037,3.));
#3423 = VECTOR('',#3424,1.);
#3424 = DIRECTION('',(-0.,1.,-0.));
#3425 = PCURVE('',#1930,#3426);
#3426 = DEFINITIONAL_REPRESENTATION('',(#3427),#3430);
#3427 = B_SPLINE_CURVE_WITH_KNOTS('',1,(#3428,#3429),.UNSPECIFIED.,.F.,
  .F.,(2,2),(-3.0000006,5.999999999062E-07),.PIECEWISE_BEZIER_KNOTS.);
#3428 = CARTESIAN_POINT('',(44.710892545695,95.091882492037));
#3429 = CARTESIAN_POINT('',(44.710892545695,98.091883692037));
#3430 = ( GEOMETRIC_REPRESENTATION_CONTEXT(2) 
PARAMETRIC_REPRESENTATION_CONTEXT() REPRESENTATION_CONTEXT('2D SPACE',''
  ) );
#3431 = PCURVE('',#3380,#3432);
#3432 = DEFINITIONAL_REPRESENTATION('',(#3433),#3436);
#3433 = B_SPLINE_CURVE_WITH_KNOTS('',1,(#3434,#3435),.UNSPECIFIED.,.F.,
  .F.,(2,2),(-3.0000006,5.999999999062E-07),.PIECEWISE_BEZIER_KNOTS.);
#3434 = CARTESIAN_POINT('',(-1.029696800838,-3.0000006));
#3435 = CARTESIAN_POINT('',(-1.029696800838,5.999999999062E-07));
#3436 = ( GEOMETRIC_REPRESENTATION_CONTEXT(2) 
PARAMETRIC_REPRESENTATION_CONTEXT() REPRESENTATION_CONTEXT('2D SPACE',''
  ) );
#3437 = ORIENTED_EDGE('',*,*,#3438,.F.);
#3438 = EDGE_CURVE('',#3439,#3418,#3441,.T.);
#3439 = VERTEX_POINT('',#3440);
#3440 = CARTESIAN_POINT('',(17.289107454305,15.916556268034,3.));
#3441 = SURFACE_CURVE('',#3442,(#3447,#3454),.PCURVE_S1.);
#3442 = CIRCLE('',#3443,23.5);
#3443 = AXIS2_PLACEMENT_3D('',#3444,#3445,#3446);
#3444 = CARTESIAN_POINT('',(0.,0.,3.));
#3445 = DIRECTION('',(0.,0.,1.));
#3446 = DIRECTION('',(1.,0.,0.));
#3447 = PCURVE('',#1930,#3448);
#3448 = DEFINITIONAL_REPRESENTATION('',(#3449),#3453);
#3449 = CIRCLE('',#3450,23.5);
#3450 = AXIS2_PLACEMENT_2D('',#3451,#3452);
#3451 = CARTESIAN_POINT('',(62.,82.));
#3452 = DIRECTION('',(1.,0.));
#3453 = ( GEOMETRIC_REPRESENTATION_CONTEXT(2) 
PARAMETRIC_REPRESENTATION_CONTEXT() REPRESENTATION_CONTEXT('2D SPACE',''
  ) );
#3454 = PCURVE('',#3303,#3455);
#3455 = DEFINITIONAL_REPRESENTATION('',(#3456),#3460);
#3456 = LINE('',#3457,#3458);
#3457 = CARTESIAN_POINT('',(-0.,0.));
#3458 = VECTOR('',#3459,1.);
#3459 = DIRECTION('',(-1.,0.));
#3460 = ( GEOMETRIC_REPRESENTATION_CONTEXT(2) 
PARAMETRIC_REPRESENTATION_CONTEXT() REPRESENTATION_CONTEXT('2D SPACE',''
  ) );
#3461 = ORIENTED_EDGE('',*,*,#3462,.T.);
#3462 = EDGE_CURVE('',#3439,#3463,#3465,.T.);
#3463 = VERTEX_POINT('',#3464);
#3464 = CARTESIAN_POINT('',(17.289107454305,16.091883092037,3.));
#3465 = SURFACE_CURVE('',#3466,(#3470,#3476),.PCURVE_S1.);
#3466 = LINE('',#3467,#3468);
#3467 = CARTESIAN_POINT('',(17.289107454305,16.091883092037,3.));
#3468 = VECTOR('',#3469,1.);
#3469 = DIRECTION('',(-0.,1.,-0.));
#3470 = PCURVE('',#1930,#3471);
#3471 = DEFINITIONAL_REPRESENTATION('',(#3472),#3475);
#3472 = B_SPLINE_CURVE_WITH_KNOTS('',1,(#3473,#3474),.UNSPECIFIED.,.F.,
  .F.,(2,2),(-3.0000006,5.999999999062E-07),.PIECEWISE_BEZIER_KNOTS.);
#3473 = CARTESIAN_POINT('',(79.289107454305,95.091882492037));
#3474 = CARTESIAN_POINT('',(79.289107454305,98.091883692037));
#3475 = ( GEOMETRIC_REPRESENTATION_CONTEXT(2) 
PARAMETRIC_REPRESENTATION_CONTEXT() REPRESENTATION_CONTEXT('2D SPACE',''
  ) );
#3476 = PCURVE('',#3477,#3482);
#3477 = CYLINDRICAL_SURFACE('',#3478,3.5);
#3478 = AXIS2_PLACEMENT_3D('',#3479,#3480,#3481);
#3479 = CARTESIAN_POINT('',(19.091883092037,16.091883092037,0.));
#3480 = DIRECTION('',(-0.,1.,-0.));
#3481 = DIRECTION('',(1.,0.,0.));
#3482 = DEFINITIONAL_REPRESENTATION('',(#3483),#3486);
#3483 = B_SPLINE_CURVE_WITH_KNOTS('',1,(#3484,#3485),.UNSPECIFIED.,.F.,
  .F.,(2,2),(-3.0000006,5.999999999062E-07),.PIECEWISE_BEZIER_KNOTS.);
#3484 = CARTESIAN_POINT('',(-2.111895852752,-3.0000006));
#3485 = CARTESIAN_POINT('',(-2.111895852752,5.999999999062E-07));
#3486 = ( GEOMETRIC_REPRESENTATION_CONTEXT(2) 
PARAMETRIC_REPRESENTATION_CONTEXT() REPRESENTATION_CONTEXT('2D SPACE',''
  ) );
#3487 = ORIENTED_EDGE('',*,*,#3488,.T.);
#3488 = EDGE_CURVE('',#3463,#3489,#3491,.T.);
#3489 = VERTEX_POINT('',#3490);
#3490 = CARTESIAN_POINT('',(20.894658729769,16.091883092037,3.));
#3491 = SURFACE_CURVE('',#3492,(#3496,#3502),.PCURVE_S1.);
#3492 = LINE('',#3493,#3494);
#3493 = CARTESIAN_POINT('',(-21.45405845398,16.091883092037,3.));
#3494 = VECTOR('',#3495,1.);
#3495 = DIRECTION('',(1.,0.,0.));
#3496 = PCURVE('',#1930,#3497);
#3497 = DEFINITIONAL_REPRESENTATION('',(#3498),#3501);
#3498 = B_SPLINE_CURVE_WITH_KNOTS('',1,(#3499,#3500),.UNSPECIFIED.,.F.,
  .F.,(2,2),(37.045941546018,44.045941546018),.PIECEWISE_BEZIER_KNOTS.);
#3499 = CARTESIAN_POINT('',(77.591883092037,98.091883092037));
#3500 = CARTESIAN_POINT('',(84.591883092037,98.091883092037));
#3501 = ( GEOMETRIC_REPRESENTATION_CONTEXT(2) 
PARAMETRIC_REPRESENTATION_CONTEXT() REPRESENTATION_CONTEXT('2D SPACE',''
  ) );
#3502 = PCURVE('',#3503,#3508);
#3503 = PLANE('',#3504);
#3504 = AXIS2_PLACEMENT_3D('',#3505,#3506,#3507);
#3505 = CARTESIAN_POINT('',(19.091883092037,16.091883092037,
    2.47821720825E-16));
#3506 = DIRECTION('',(-0.,-1.,-0.));
#3507 = DIRECTION('',(0.,0.,-1.));
#3508 = DEFINITIONAL_REPRESENTATION('',(#3509),#3512);
#3509 = B_SPLINE_CURVE_WITH_KNOTS('',1,(#3510,#3511),.UNSPECIFIED.,.F.,
  .F.,(2,2),(37.045941546018,44.045941546018),.PIECEWISE_BEZIER_KNOTS.);
#3510 = CARTESIAN_POINT('',(-3.,-3.5));
#3511 = CARTESIAN_POINT('',(-3.,3.5));
#3512 = ( GEOMETRIC_REPRESENTATION_CONTEXT(2) 
PARAMETRIC_REPRESENTATION_CONTEXT() REPRESENTATION_CONTEXT('2D SPACE',''
  ) );
#3513 = ORIENTED_EDGE('',*,*,#3514,.F.);
#3514 = EDGE_CURVE('',#3515,#3489,#3517,.T.);
#3515 = VERTEX_POINT('',#3516);
#3516 = CARTESIAN_POINT('',(20.894658729769,13.091883092037,3.));
#3517 = SURFACE_CURVE('',#3518,(#3522,#3528),.PCURVE_S1.);
#3518 = LINE('',#3519,#3520);
#3519 = CARTESIAN_POINT('',(20.894658729769,16.091883092037,3.));
#3520 = VECTOR('',#3521,1.);
#3521 = DIRECTION('',(-0.,1.,-0.));
#3522 = PCURVE('',#1930,#3523);
#3523 = DEFINITIONAL_REPRESENTATION('',(#3524),#3527);
#3524 = B_SPLINE_CURVE_WITH_KNOTS('',1,(#3525,#3526),.UNSPECIFIED.,.F.,
  .F.,(2,2),(-3.0000006,5.999999999062E-07),.PIECEWISE_BEZIER_KNOTS.);
#3525 = CARTESIAN_POINT('',(82.894658729769,95.091882492037));
#3526 = CARTESIAN_POINT('',(82.894658729769,98.091883692037));
#3527 = ( GEOMETRIC_REPRESENTATION_CONTEXT(2) 
PARAMETRIC_REPRESENTATION_CONTEXT() REPRESENTATION_CONTEXT('2D SPACE',''
  ) );
#3528 = PCURVE('',#3477,#3529);
#3529 = DEFINITIONAL_REPRESENTATION('',(#3530),#3533);
#3530 = B_SPLINE_CURVE_WITH_KNOTS('',1,(#3531,#3532),.UNSPECIFIED.,.F.,
  .F.,(2,2),(-3.0000006,5.999999999062E-07),.PIECEWISE_BEZIER_KNOTS.);
#3531 = CARTESIAN_POINT('',(-1.029696800838,-3.0000006));
#3532 = CARTESIAN_POINT('',(-1.029696800838,5.999999999062E-07));
#3533 = ( GEOMETRIC_REPRESENTATION_CONTEXT(2) 
PARAMETRIC_REPRESENTATION_CONTEXT() REPRESENTATION_CONTEXT('2D SPACE',''
  ) );
#3534 = ORIENTED_EDGE('',*,*,#3535,.F.);
#3535 = EDGE_CURVE('',#3287,#3515,#3536,.T.);
#3536 = SURFACE_CURVE('',#3537,(#3541,#3547),.PCURVE_S1.);
#3537 = LINE('',#3538,#3539);
#3538 = CARTESIAN_POINT('',(-21.45405845398,13.091883092037,3.));
#3539 = VECTOR('',#3540,1.);
#3540 = DIRECTION('',(1.,0.,0.));
#3541 = PCURVE('',#1930,#3542);
#3542 = DEFINITIONAL_REPRESENTATION('',(#3543),#3546);
#3543 = B_SPLINE_CURVE_WITH_KNOTS('',1,(#3544,#3545),.UNSPECIFIED.,.F.,
  .F.,(2,2),(37.045941546018,44.045941546018),.PIECEWISE_BEZIER_KNOTS.);
#3544 = CARTESIAN_POINT('',(77.591883092037,95.091883092037));
#3545 = CARTESIAN_POINT('',(84.591883092037,95.091883092037));
#3546 = ( GEOMETRIC_REPRESENTATION_CONTEXT(2) 
PARAMETRIC_REPRESENTATION_CONTEXT() REPRESENTATION_CONTEXT('2D SPACE',''
  ) );
#3547 = PCURVE('',#3548,#3553);
#3548 = PLANE('',#3549);
#3549 = AXIS2_PLACEMENT_3D('',#3550,#3551,#3552);
#3550 = CARTESIAN_POINT('',(19.091883092037,13.091883092037,
    2.47821720825E-16));
#3551 = DIRECTION('',(-0.,-1.,-0.));
#3552 = DIRECTION('',(0.,0.,-1.));
#3553 = DEFINITIONAL_REPRESENTATION('',(#3554),#3557);
#3554 = B_SPLINE_CURVE_WITH_KNOTS('',1,(#3555,#3556),.UNSPECIFIED.,.F.,
  .F.,(2,2),(37.045941546018,44.045941546018),.PIECEWISE_BEZIER_KNOTS.);
#3555 = CARTESIAN_POINT('',(-3.,-3.5));
#3556 = CARTESIAN_POINT('',(-3.,3.5));
#3557 = ( GEOMETRIC_REPRESENTATION_CONTEXT(2) 
PARAMETRIC_REPRESENTATION_CONTEXT() REPRESENTATION_CONTEXT('2D SPACE',''
  ) );
#3558 = ADVANCED_FACE('',(#3559),#3099,.T.);
#3559 = FACE_BOUND('',#3560,.T.);
#3560 = EDGE_LOOP('',(#3561,#3562));
#3561 = ORIENTED_EDGE('',*,*,#3082,.T.);
#3562 = ORIENTED_EDGE('',*,*,#3563,.T.);
#3563 = EDGE_CURVE('',#3085,#3083,#3564,.T.);
#3564 = SURFACE_CURVE('',#3565,(#3570,#3577),.PCURVE_S1.);
#3565 = CIRCLE('',#3566,3.5);
#3566 = AXIS2_PLACEMENT_3D('',#3567,#3568,#3569);
#3567 = CARTESIAN_POINT('',(-19.09188309203,-25.09188309203,0.));
#3568 = DIRECTION('',(0.,-1.,0.));
#3569 = DIRECTION('',(1.,0.,0.));
#3570 = PCURVE('',#3099,#3571);
#3571 = DEFINITIONAL_REPRESENTATION('',(#3572),#3576);
#3572 = CIRCLE('',#3573,3.5);
#3573 = AXIS2_PLACEMENT_2D('',#3574,#3575);
#3574 = CARTESIAN_POINT('',(2.47821720825E-16,3.552713678801E-15));
#3575 = DIRECTION('',(0.,1.));
#3576 = ( GEOMETRIC_REPRESENTATION_CONTEXT(2) 
PARAMETRIC_REPRESENTATION_CONTEXT() REPRESENTATION_CONTEXT('2D SPACE',''
  ) );
#3577 = PCURVE('',#3125,#3578);
#3578 = DEFINITIONAL_REPRESENTATION('',(#3579),#3583);
#3579 = LINE('',#3580,#3581);
#3580 = CARTESIAN_POINT('',(-0.,-3.));
#3581 = VECTOR('',#3582,1.);
#3582 = DIRECTION('',(-1.,0.));
#3583 = ( GEOMETRIC_REPRESENTATION_CONTEXT(2) 
PARAMETRIC_REPRESENTATION_CONTEXT() REPRESENTATION_CONTEXT('2D SPACE',''
  ) );
#3584 = ADVANCED_FACE('',(#3585),#3125,.T.);
#3585 = FACE_BOUND('',#3586,.F.);
#3586 = EDGE_LOOP('',(#3587,#3609,#3610,#3611));
#3587 = ORIENTED_EDGE('',*,*,#3588,.F.);
#3588 = EDGE_CURVE('',#3137,#3111,#3589,.T.);
#3589 = SURFACE_CURVE('',#3590,(#3595,#3602),.PCURVE_S1.);
#3590 = CIRCLE('',#3591,3.5);
#3591 = AXIS2_PLACEMENT_3D('',#3592,#3593,#3594);
#3592 = CARTESIAN_POINT('',(-19.09188309203,-22.09188309203,0.));
#3593 = DIRECTION('',(0.,-1.,0.));
#3594 = DIRECTION('',(1.,0.,0.));
#3595 = PCURVE('',#3125,#3596);
#3596 = DEFINITIONAL_REPRESENTATION('',(#3597),#3601);
#3597 = LINE('',#3598,#3599);
#3598 = CARTESIAN_POINT('',(-0.,0.));
#3599 = VECTOR('',#3600,1.);
#3600 = DIRECTION('',(-1.,0.));
#3601 = ( GEOMETRIC_REPRESENTATION_CONTEXT(2) 
PARAMETRIC_REPRESENTATION_CONTEXT() REPRESENTATION_CONTEXT('2D SPACE',''
  ) );
#3602 = PCURVE('',#3151,#3603);
#3603 = DEFINITIONAL_REPRESENTATION('',(#3604),#3608);
#3604 = CIRCLE('',#3605,3.5);
#3605 = AXIS2_PLACEMENT_2D('',#3606,#3607);
#3606 = CARTESIAN_POINT('',(2.47821720825E-16,3.552713678801E-15));
#3607 = DIRECTION('',(0.,1.));
#3608 = ( GEOMETRIC_REPRESENTATION_CONTEXT(2) 
PARAMETRIC_REPRESENTATION_CONTEXT() REPRESENTATION_CONTEXT('2D SPACE',''
  ) );
#3609 = ORIENTED_EDGE('',*,*,#3162,.F.);
#3610 = ORIENTED_EDGE('',*,*,#3563,.T.);
#3611 = ORIENTED_EDGE('',*,*,#3110,.T.);
#3612 = ADVANCED_FACE('',(#3613),#3151,.F.);
#3613 = FACE_BOUND('',#3614,.F.);
#3614 = EDGE_LOOP('',(#3615,#3616));
#3615 = ORIENTED_EDGE('',*,*,#3136,.T.);
#3616 = ORIENTED_EDGE('',*,*,#3588,.T.);
#3617 = ADVANCED_FACE('',(#3618),#3200,.T.);
#3618 = FACE_BOUND('',#3619,.T.);
#3619 = EDGE_LOOP('',(#3620,#3621));
#3620 = ORIENTED_EDGE('',*,*,#3183,.T.);
#3621 = ORIENTED_EDGE('',*,*,#3622,.T.);
#3622 = EDGE_CURVE('',#3186,#3184,#3623,.T.);
#3623 = SURFACE_CURVE('',#3624,(#3629,#3636),.PCURVE_S1.);
#3624 = CIRCLE('',#3625,3.5);
#3625 = AXIS2_PLACEMENT_3D('',#3626,#3627,#3628);
#3626 = CARTESIAN_POINT('',(19.091883092037,-25.09188309203,0.));
#3627 = DIRECTION('',(0.,-1.,0.));
#3628 = DIRECTION('',(1.,0.,0.));
#3629 = PCURVE('',#3200,#3630);
#3630 = DEFINITIONAL_REPRESENTATION('',(#3631),#3635);
#3631 = CIRCLE('',#3632,3.5);
#3632 = AXIS2_PLACEMENT_2D('',#3633,#3634);
#3633 = CARTESIAN_POINT('',(2.47821720825E-16,-3.552713678801E-15));
#3634 = DIRECTION('',(0.,1.));
#3635 = ( GEOMETRIC_REPRESENTATION_CONTEXT(2) 
PARAMETRIC_REPRESENTATION_CONTEXT() REPRESENTATION_CONTEXT('2D SPACE',''
  ) );
#3636 = PCURVE('',#3226,#3637);
#3637 = DEFINITIONAL_REPRESENTATION('',(#3638),#3642);
#3638 = LINE('',#3639,#3640);
#3639 = CARTESIAN_POINT('',(-0.,-3.));
#3640 = VECTOR('',#3641,1.);
#3641 = DIRECTION('',(-1.,0.));
#3642 = ( GEOMETRIC_REPRESENTATION_CONTEXT(2) 
PARAMETRIC_REPRESENTATION_CONTEXT() REPRESENTATION_CONTEXT('2D SPACE',''
  ) );
#3643 = ADVANCED_FACE('',(#3644),#3226,.T.);
#3644 = FACE_BOUND('',#3645,.F.);
#3645 = EDGE_LOOP('',(#3646,#3668,#3669,#3670));
#3646 = ORIENTED_EDGE('',*,*,#3647,.F.);
#3647 = EDGE_CURVE('',#3238,#3212,#3648,.T.);
#3648 = SURFACE_CURVE('',#3649,(#3654,#3661),.PCURVE_S1.);
#3649 = CIRCLE('',#3650,3.5);
#3650 = AXIS2_PLACEMENT_3D('',#3651,#3652,#3653);
#3651 = CARTESIAN_POINT('',(19.091883092037,-22.09188309203,0.));
#3652 = DIRECTION('',(0.,-1.,0.));
#3653 = DIRECTION('',(1.,0.,0.));
#3654 = PCURVE('',#3226,#3655);
#3655 = DEFINITIONAL_REPRESENTATION('',(#3656),#3660);
#3656 = LINE('',#3657,#3658);
#3657 = CARTESIAN_POINT('',(-0.,0.));
#3658 = VECTOR('',#3659,1.);
#3659 = DIRECTION('',(-1.,0.));
#3660 = ( GEOMETRIC_REPRESENTATION_CONTEXT(2) 
PARAMETRIC_REPRESENTATION_CONTEXT() REPRESENTATION_CONTEXT('2D SPACE',''
  ) );
#3661 = PCURVE('',#3252,#3662);
#3662 = DEFINITIONAL_REPRESENTATION('',(#3663),#3667);
#3663 = CIRCLE('',#3664,3.5);
#3664 = AXIS2_PLACEMENT_2D('',#3665,#3666);
#3665 = CARTESIAN_POINT('',(2.47821720825E-16,-3.552713678801E-15));
#3666 = DIRECTION('',(0.,1.));
#3667 = ( GEOMETRIC_REPRESENTATION_CONTEXT(2) 
PARAMETRIC_REPRESENTATION_CONTEXT() REPRESENTATION_CONTEXT('2D SPACE',''
  ) );
#3668 = ORIENTED_EDGE('',*,*,#3263,.F.);
#3669 = ORIENTED_EDGE('',*,*,#3622,.T.);
#3670 = ORIENTED_EDGE('',*,*,#3211,.T.);
#3671 = ADVANCED_FACE('',(#3672),#3252,.F.);
#3672 = FACE_BOUND('',#3673,.F.);
#3673 = EDGE_LOOP('',(#3674,#3675));
#3674 = ORIENTED_EDGE('',*,*,#3237,.T.);
#3675 = ORIENTED_EDGE('',*,*,#3647,.T.);
#3676 = ADVANCED_FACE('',(#3677),#3303,.T.);
#3677 = FACE_BOUND('',#3678,.F.);
#3678 = EDGE_LOOP('',(#3679,#3702,#3703,#3724,#3760,#3761,#3799,#3818,
    #3819,#3820));
#3679 = ORIENTED_EDGE('',*,*,#3680,.F.);
#3680 = EDGE_CURVE('',#3285,#3681,#3683,.T.);
#3681 = VERTEX_POINT('',#3682);
#3682 = CARTESIAN_POINT('',(23.5,0.,5.));
#3683 = SEAM_CURVE('',#3684,(#3688,#3695),.PCURVE_S1.);
#3684 = LINE('',#3685,#3686);
#3685 = CARTESIAN_POINT('',(23.5,0.,3.));
#3686 = VECTOR('',#3687,1.);
#3687 = DIRECTION('',(0.,0.,1.));
#3688 = PCURVE('',#3303,#3689);
#3689 = DEFINITIONAL_REPRESENTATION('',(#3690),#3694);
#3690 = LINE('',#3691,#3692);
#3691 = CARTESIAN_POINT('',(-6.28318530718,0.));
#3692 = VECTOR('',#3693,1.);
#3693 = DIRECTION('',(-0.,-1.));
#3694 = ( GEOMETRIC_REPRESENTATION_CONTEXT(2) 
PARAMETRIC_REPRESENTATION_CONTEXT() REPRESENTATION_CONTEXT('2D SPACE',''
  ) );
#3695 = PCURVE('',#3303,#3696);
#3696 = DEFINITIONAL_REPRESENTATION('',(#3697),#3701);
#3697 = LINE('',#3698,#3699);
#3698 = CARTESIAN_POINT('',(-0.,0.));
#3699 = VECTOR('',#3700,1.);
#3700 = DIRECTION('',(-0.,-1.));
#3701 = ( GEOMETRIC_REPRESENTATION_CONTEXT(2) 
PARAMETRIC_REPRESENTATION_CONTEXT() REPRESENTATION_CONTEXT('2D SPACE',''
  ) );
#3702 = ORIENTED_EDGE('',*,*,#3315,.F.);
#3703 = ORIENTED_EDGE('',*,*,#3704,.F.);
#3704 = EDGE_CURVE('',#3705,#3316,#3707,.T.);
#3705 = VERTEX_POINT('',#3706);
#3706 = CARTESIAN_POINT('',(-19.51544509111,13.091883092037,
    3.474276217133));
#3707 = SURFACE_CURVE('',#3708,(#3712,#3718),.PCURVE_S1.);
#3708 = LINE('',#3709,#3710);
#3709 = CARTESIAN_POINT('',(-19.51544509111,13.091883092037,3.));
#3710 = VECTOR('',#3711,1.);
#3711 = DIRECTION('',(-0.,-0.,-1.));
#3712 = PCURVE('',#3303,#3713);
#3713 = DEFINITIONAL_REPRESENTATION('',(#3714),#3717);
#3714 = B_SPLINE_CURVE_WITH_KNOTS('',1,(#3715,#3716),.UNSPECIFIED.,.F.,
  .F.,(2,2),(-1.2,5.999999999062E-07),.PIECEWISE_BEZIER_KNOTS.);
#3715 = CARTESIAN_POINT('',(-2.550701366931,-1.2));
#3716 = CARTESIAN_POINT('',(-2.550701366931,5.999999999062E-07));
#3717 = ( GEOMETRIC_REPRESENTATION_CONTEXT(2) 
PARAMETRIC_REPRESENTATION_CONTEXT() REPRESENTATION_CONTEXT('2D SPACE',''
  ) );
#3718 = PCURVE('',#3354,#3719);
#3719 = DEFINITIONAL_REPRESENTATION('',(#3720),#3723);
#3720 = B_SPLINE_CURVE_WITH_KNOTS('',1,(#3721,#3722),.UNSPECIFIED.,.F.,
  .F.,(2,2),(-1.2,5.999999999062E-07),.PIECEWISE_BEZIER_KNOTS.);
#3721 = CARTESIAN_POINT('',(-4.2,-0.423561999081));
#3722 = CARTESIAN_POINT('',(-2.9999994,-0.423561999081));
#3723 = ( GEOMETRIC_REPRESENTATION_CONTEXT(2) 
PARAMETRIC_REPRESENTATION_CONTEXT() REPRESENTATION_CONTEXT('2D SPACE',''
  ) );
#3724 = ORIENTED_EDGE('',*,*,#3725,.F.);
#3725 = EDGE_CURVE('',#3418,#3705,#3726,.T.);
#3726 = SURFACE_CURVE('',#3727,(#3736,#3748),.PCURVE_S1.);
#3727 = B_SPLINE_CURVE_WITH_KNOTS('',7,(#3728,#3729,#3730,#3731,#3732,
    #3733,#3734,#3735),.UNSPECIFIED.,.F.,.F.,(8,8),(0.,1.),
  .PIECEWISE_BEZIER_KNOTS.);
#3728 = CARTESIAN_POINT('',(-17.28910645584,15.916557352596,2.9999994));
#3729 = CARTESIAN_POINT('',(-17.61951165634,15.557659975577,
    3.198548365023));
#3730 = CARTESIAN_POINT('',(-17.95598888507,15.174724184399,
    3.342962904997));
#3731 = CARTESIAN_POINT('',(-18.28975643178,14.774478640774,
    3.440192527647));
#3732 = CARTESIAN_POINT('',(-18.61544431025,14.362063812513,
    3.496621682827));
#3733 = CARTESIAN_POINT('',(-18.92959641726,13.941786017324,
    3.517933662239));
#3734 = CARTESIAN_POINT('',(-19.23000380141,13.517376823298,
    3.509075465186));
#3735 = CARTESIAN_POINT('',(-19.51544549362,13.091882492037,
    3.474276168061));
#3736 = PCURVE('',#3303,#3737);
#3737 = DEFINITIONAL_REPRESENTATION('',(#3738),#3747);
#3738 = B_SPLINE_CURVE_WITH_KNOTS('',7,(#3739,#3740,#3741,#3742,#3743,
    #3744,#3745,#3746),.UNSPECIFIED.,.F.,.F.,(8,8),(0.,1.),
  .PIECEWISE_BEZIER_KNOTS.);
#3739 = CARTESIAN_POINT('',(-2.397505762124,6.000000000173E-07));
#3740 = CARTESIAN_POINT('',(-2.418264346608,-0.198548365023));
#3741 = CARTESIAN_POINT('',(-2.439950498599,-0.342962904997));
#3742 = CARTESIAN_POINT('',(-2.462115065362,-0.440192527647));
#3743 = CARTESIAN_POINT('',(-2.484462888231,-0.496621682826));
#3744 = CARTESIAN_POINT('',(-2.506779058167,-0.517933662239));
#3745 = CARTESIAN_POINT('',(-2.528898445169,-0.509075465186));
#3746 = CARTESIAN_POINT('',(-2.550701397676,-0.474276168061));
#3747 = ( GEOMETRIC_REPRESENTATION_CONTEXT(2) 
PARAMETRIC_REPRESENTATION_CONTEXT() REPRESENTATION_CONTEXT('2D SPACE',''
  ) );
#3748 = PCURVE('',#3380,#3749);
#3749 = DEFINITIONAL_REPRESENTATION('',(#3750),#3759);
#3750 = B_SPLINE_CURVE_WITH_KNOTS('',7,(#3751,#3752,#3753,#3754,#3755,
    #3756,#3757,#3758),.UNSPECIFIED.,.F.,.F.,(8,8),(0.,1.),
  .PIECEWISE_BEZIER_KNOTS.);
#3751 = CARTESIAN_POINT('',(-1.029696468018,-0.175325739441));
#3752 = CARTESIAN_POINT('',(-1.139831556878,-0.53422311646));
#3753 = CARTESIAN_POINT('',(-1.243487285254,-0.917158907638));
#3754 = CARTESIAN_POINT('',(-1.341714979336,-1.317404451263));
#3755 = CARTESIAN_POINT('',(-1.435178029237,-1.729819279524));
#3756 = CARTESIAN_POINT('',(-1.524447231374,-2.150097074712));
#3757 = CARTESIAN_POINT('',(-1.609952902857,-2.574506268739));
#3758 = CARTESIAN_POINT('',(-1.692111510406,-3.0000006));
#3759 = ( GEOMETRIC_REPRESENTATION_CONTEXT(2) 
PARAMETRIC_REPRESENTATION_CONTEXT() REPRESENTATION_CONTEXT('2D SPACE',''
  ) );
#3760 = ORIENTED_EDGE('',*,*,#3438,.F.);
#3761 = ORIENTED_EDGE('',*,*,#3762,.F.);
#3762 = EDGE_CURVE('',#3763,#3439,#3765,.T.);
#3763 = VERTEX_POINT('',#3764);
#3764 = CARTESIAN_POINT('',(19.515445091118,13.091883092037,
    3.474276217133));
#3765 = SURFACE_CURVE('',#3766,(#3775,#3787),.PCURVE_S1.);
#3766 = B_SPLINE_CURVE_WITH_KNOTS('',7,(#3767,#3768,#3769,#3770,#3771,
    #3772,#3773,#3774),.UNSPECIFIED.,.F.,.F.,(8,8),(0.,1.),
  .PIECEWISE_BEZIER_KNOTS.);
#3767 = CARTESIAN_POINT('',(19.515445493626,13.091882492037,
    3.474276168061));
#3768 = CARTESIAN_POINT('',(19.229998144015,13.517385256519,
    3.509076154902));
#3769 = CARTESIAN_POINT('',(18.929590730126,13.941793571342,
    3.517933255957));
#3770 = CARTESIAN_POINT('',(18.615442636763,14.362065268361,
    3.496620512601));
#3771 = CARTESIAN_POINT('',(18.289759711176,14.774474202892,
    3.440192393852));
#3772 = CARTESIAN_POINT('',(17.955994278386,15.174717928644,
    3.342964817522));
#3773 = CARTESIAN_POINT('',(17.619515474017,15.557655828692,
    3.198550659159));
#3774 = CARTESIAN_POINT('',(17.289106455845,15.916557352596,2.9999994));
#3775 = PCURVE('',#3303,#3776);
#3776 = DEFINITIONAL_REPRESENTATION('',(#3777),#3786);
#3777 = B_SPLINE_CURVE_WITH_KNOTS('',7,(#3778,#3779,#3780,#3781,#3782,
    #3783,#3784,#3785),.UNSPECIFIED.,.F.,.F.,(8,8),(0.,1.),
  .PIECEWISE_BEZIER_KNOTS.);
#3778 = CARTESIAN_POINT('',(-0.590891255914,-0.474276168061));
#3779 = CARTESIAN_POINT('',(-0.612694640552,-0.509076154902));
#3780 = CARTESIAN_POINT('',(-0.634813997165,-0.517933255957));
#3781 = CARTESIAN_POINT('',(-0.657129857585,-0.496620512601));
#3782 = CARTESIAN_POINT('',(-0.679477354345,-0.440192393852));
#3783 = CARTESIAN_POINT('',(-0.701641803687,-0.342964817522));
#3784 = CARTESIAN_POINT('',(-0.723328067126,-0.198550659159));
#3785 = CARTESIAN_POINT('',(-0.744086891466,6.000000005169E-07));
#3786 = ( GEOMETRIC_REPRESENTATION_CONTEXT(2) 
PARAMETRIC_REPRESENTATION_CONTEXT() REPRESENTATION_CONTEXT('2D SPACE',''
  ) );
#3787 = PCURVE('',#3477,#3788);
#3788 = DEFINITIONAL_REPRESENTATION('',(#3789),#3798);
#3789 = B_SPLINE_CURVE_WITH_KNOTS('',7,(#3790,#3791,#3792,#3793,#3794,
    #3795,#3796,#3797),.UNSPECIFIED.,.F.,.F.,(8,8),(0.,1.),
  .PIECEWISE_BEZIER_KNOTS.);
#3790 = CARTESIAN_POINT('',(-1.449481143184,-3.0000006));
#3791 = CARTESIAN_POINT('',(-1.531641379102,-2.574497835517));
#3792 = CARTESIAN_POINT('',(-1.617147022673,-2.150089520694));
#3793 = CARTESIAN_POINT('',(-1.706415107295,-1.729817823676));
#3794 = CARTESIAN_POINT('',(-1.799876814008,-1.317408889144));
#3795 = CARTESIAN_POINT('',(-1.898103765852,-0.917165163393));
#3796 = CARTESIAN_POINT('',(-2.001759824154,-0.534227263345));
#3797 = CARTESIAN_POINT('',(-2.111896185572,-0.175325739441));
#3798 = ( GEOMETRIC_REPRESENTATION_CONTEXT(2) 
PARAMETRIC_REPRESENTATION_CONTEXT() REPRESENTATION_CONTEXT('2D SPACE',''
  ) );
#3799 = ORIENTED_EDGE('',*,*,#3800,.T.);
#3800 = EDGE_CURVE('',#3763,#3287,#3801,.T.);
#3801 = SURFACE_CURVE('',#3802,(#3806,#3812),.PCURVE_S1.);
#3802 = LINE('',#3803,#3804);
#3803 = CARTESIAN_POINT('',(19.515445091118,13.091883092037,3.));
#3804 = VECTOR('',#3805,1.);
#3805 = DIRECTION('',(-0.,-0.,-1.));
#3806 = PCURVE('',#3303,#3807);
#3807 = DEFINITIONAL_REPRESENTATION('',(#3808),#3811);
#3808 = B_SPLINE_CURVE_WITH_KNOTS('',1,(#3809,#3810),.UNSPECIFIED.,.F.,
  .F.,(2,2),(-1.2,6.000000003503E-07),.PIECEWISE_BEZIER_KNOTS.);
#3809 = CARTESIAN_POINT('',(-0.590891286659,-1.2));
#3810 = CARTESIAN_POINT('',(-0.590891286659,6.000000003503E-07));
#3811 = ( GEOMETRIC_REPRESENTATION_CONTEXT(2) 
PARAMETRIC_REPRESENTATION_CONTEXT() REPRESENTATION_CONTEXT('2D SPACE',''
  ) );
#3812 = PCURVE('',#3548,#3813);
#3813 = DEFINITIONAL_REPRESENTATION('',(#3814),#3817);
#3814 = B_SPLINE_CURVE_WITH_KNOTS('',1,(#3815,#3816),.UNSPECIFIED.,.F.,
  .F.,(2,2),(-1.2,6.000000003503E-07),.PIECEWISE_BEZIER_KNOTS.);
#3815 = CARTESIAN_POINT('',(-4.2,0.423561999081));
#3816 = CARTESIAN_POINT('',(-2.9999994,0.423561999081));
#3817 = ( GEOMETRIC_REPRESENTATION_CONTEXT(2) 
PARAMETRIC_REPRESENTATION_CONTEXT() REPRESENTATION_CONTEXT('2D SPACE',''
  ) );
#3818 = ORIENTED_EDGE('',*,*,#3284,.F.);
#3819 = ORIENTED_EDGE('',*,*,#3680,.T.);
#3820 = ORIENTED_EDGE('',*,*,#3821,.T.);
#3821 = EDGE_CURVE('',#3681,#3681,#3822,.T.);
#3822 = SURFACE_CURVE('',#3823,(#3828,#3835),.PCURVE_S1.);
#3823 = CIRCLE('',#3824,23.5);
#3824 = AXIS2_PLACEMENT_3D('',#3825,#3826,#3827);
#3825 = CARTESIAN_POINT('',(0.,0.,5.));
#3826 = DIRECTION('',(0.,0.,1.));
#3827 = DIRECTION('',(1.,0.,0.));
#3828 = PCURVE('',#3303,#3829);
#3829 = DEFINITIONAL_REPRESENTATION('',(#3830),#3834);
#3830 = LINE('',#3831,#3832);
#3831 = CARTESIAN_POINT('',(-0.,-2.));
#3832 = VECTOR('',#3833,1.);
#3833 = DIRECTION('',(-1.,0.));
#3834 = ( GEOMETRIC_REPRESENTATION_CONTEXT(2) 
PARAMETRIC_REPRESENTATION_CONTEXT() REPRESENTATION_CONTEXT('2D SPACE',''
  ) );
#3835 = PCURVE('',#3836,#3841);
#3836 = PLANE('',#3837);
#3837 = AXIS2_PLACEMENT_3D('',#3838,#3839,#3840);
#3838 = CARTESIAN_POINT('',(-9.31023068963E-16,1.833762547557E-15,5.));
#3839 = DIRECTION('',(0.,0.,1.));
#3840 = DIRECTION('',(1.,0.,-0.));
#3841 = DEFINITIONAL_REPRESENTATION('',(#3842),#3846);
#3842 = CIRCLE('',#3843,23.5);
#3843 = AXIS2_PLACEMENT_2D('',#3844,#3845);
#3844 = CARTESIAN_POINT('',(9.31023068963E-16,-1.833762547557E-15));
#3845 = DIRECTION('',(1.,0.));
#3846 = ( GEOMETRIC_REPRESENTATION_CONTEXT(2) 
PARAMETRIC_REPRESENTATION_CONTEXT() REPRESENTATION_CONTEXT('2D SPACE',''
  ) );
#3847 = ADVANCED_FACE('',(#3848),#3548,.T.);
#3848 = FACE_BOUND('',#3849,.T.);
#3849 = EDGE_LOOP('',(#3850,#3851,#3873));
#3850 = ORIENTED_EDGE('',*,*,#3535,.T.);
#3851 = ORIENTED_EDGE('',*,*,#3852,.T.);
#3852 = EDGE_CURVE('',#3515,#3763,#3853,.T.);
#3853 = SURFACE_CURVE('',#3854,(#3859,#3866),.PCURVE_S1.);
#3854 = CIRCLE('',#3855,3.5);
#3855 = AXIS2_PLACEMENT_3D('',#3856,#3857,#3858);
#3856 = CARTESIAN_POINT('',(19.091883092037,13.091883092037,0.));
#3857 = DIRECTION('',(0.,-1.,0.));
#3858 = DIRECTION('',(1.,0.,0.));
#3859 = PCURVE('',#3548,#3860);
#3860 = DEFINITIONAL_REPRESENTATION('',(#3861),#3865);
#3861 = CIRCLE('',#3862,3.5);
#3862 = AXIS2_PLACEMENT_2D('',#3863,#3864);
#3863 = CARTESIAN_POINT('',(2.47821720825E-16,0.));
#3864 = DIRECTION('',(0.,1.));
#3865 = ( GEOMETRIC_REPRESENTATION_CONTEXT(2) 
PARAMETRIC_REPRESENTATION_CONTEXT() REPRESENTATION_CONTEXT('2D SPACE',''
  ) );
#3866 = PCURVE('',#3477,#3867);
#3867 = DEFINITIONAL_REPRESENTATION('',(#3868),#3872);
#3868 = LINE('',#3869,#3870);
#3869 = CARTESIAN_POINT('',(-0.,-3.));
#3870 = VECTOR('',#3871,1.);
#3871 = DIRECTION('',(-1.,0.));
#3872 = ( GEOMETRIC_REPRESENTATION_CONTEXT(2) 
PARAMETRIC_REPRESENTATION_CONTEXT() REPRESENTATION_CONTEXT('2D SPACE',''
  ) );
#3873 = ORIENTED_EDGE('',*,*,#3800,.T.);
#3874 = ADVANCED_FACE('',(#3875),#3477,.T.);
#3875 = FACE_BOUND('',#3876,.F.);
#3876 = EDGE_LOOP('',(#3877,#3899,#3900,#3901,#3902));
#3877 = ORIENTED_EDGE('',*,*,#3878,.F.);
#3878 = EDGE_CURVE('',#3489,#3463,#3879,.T.);
#3879 = SURFACE_CURVE('',#3880,(#3885,#3892),.PCURVE_S1.);
#3880 = CIRCLE('',#3881,3.5);
#3881 = AXIS2_PLACEMENT_3D('',#3882,#3883,#3884);
#3882 = CARTESIAN_POINT('',(19.091883092037,16.091883092037,0.));
#3883 = DIRECTION('',(0.,-1.,0.));
#3884 = DIRECTION('',(1.,0.,0.));
#3885 = PCURVE('',#3477,#3886);
#3886 = DEFINITIONAL_REPRESENTATION('',(#3887),#3891);
#3887 = LINE('',#3888,#3889);
#3888 = CARTESIAN_POINT('',(-0.,0.));
#3889 = VECTOR('',#3890,1.);
#3890 = DIRECTION('',(-1.,0.));
#3891 = ( GEOMETRIC_REPRESENTATION_CONTEXT(2) 
PARAMETRIC_REPRESENTATION_CONTEXT() REPRESENTATION_CONTEXT('2D SPACE',''
  ) );
#3892 = PCURVE('',#3503,#3893);
#3893 = DEFINITIONAL_REPRESENTATION('',(#3894),#3898);
#3894 = CIRCLE('',#3895,3.5);
#3895 = AXIS2_PLACEMENT_2D('',#3896,#3897);
#3896 = CARTESIAN_POINT('',(2.47821720825E-16,0.));
#3897 = DIRECTION('',(0.,1.));
#3898 = ( GEOMETRIC_REPRESENTATION_CONTEXT(2) 
PARAMETRIC_REPRESENTATION_CONTEXT() REPRESENTATION_CONTEXT('2D SPACE',''
  ) );
#3899 = ORIENTED_EDGE('',*,*,#3514,.F.);
#3900 = ORIENTED_EDGE('',*,*,#3852,.T.);
#3901 = ORIENTED_EDGE('',*,*,#3762,.T.);
#3902 = ORIENTED_EDGE('',*,*,#3462,.T.);
#3903 = ADVANCED_FACE('',(#3904),#3503,.F.);
#3904 = FACE_BOUND('',#3905,.F.);
#3905 = EDGE_LOOP('',(#3906,#3907));
#3906 = ORIENTED_EDGE('',*,*,#3488,.T.);
#3907 = ORIENTED_EDGE('',*,*,#3878,.T.);
#3908 = ADVANCED_FACE('',(#3909),#3380,.T.);
#3909 = FACE_BOUND('',#3910,.F.);
#3910 = EDGE_LOOP('',(#3911,#3933,#3934,#3935,#3957));
#3911 = ORIENTED_EDGE('',*,*,#3912,.F.);
#3912 = EDGE_CURVE('',#3392,#3366,#3913,.T.);
#3913 = SURFACE_CURVE('',#3914,(#3919,#3926),.PCURVE_S1.);
#3914 = CIRCLE('',#3915,3.5);
#3915 = AXIS2_PLACEMENT_3D('',#3916,#3917,#3918);
#3916 = CARTESIAN_POINT('',(-19.09188309203,16.091883092037,0.));
#3917 = DIRECTION('',(0.,-1.,0.));
#3918 = DIRECTION('',(1.,0.,0.));
#3919 = PCURVE('',#3380,#3920);
#3920 = DEFINITIONAL_REPRESENTATION('',(#3921),#3925);
#3921 = LINE('',#3922,#3923);
#3922 = CARTESIAN_POINT('',(-0.,0.));
#3923 = VECTOR('',#3924,1.);
#3924 = DIRECTION('',(-1.,0.));
#3925 = ( GEOMETRIC_REPRESENTATION_CONTEXT(2) 
PARAMETRIC_REPRESENTATION_CONTEXT() REPRESENTATION_CONTEXT('2D SPACE',''
  ) );
#3926 = PCURVE('',#3406,#3927);
#3927 = DEFINITIONAL_REPRESENTATION('',(#3928),#3932);
#3928 = CIRCLE('',#3929,3.5);
#3929 = AXIS2_PLACEMENT_2D('',#3930,#3931);
#3930 = CARTESIAN_POINT('',(2.47821720825E-16,0.));
#3931 = DIRECTION('',(0.,1.));
#3932 = ( GEOMETRIC_REPRESENTATION_CONTEXT(2) 
PARAMETRIC_REPRESENTATION_CONTEXT() REPRESENTATION_CONTEXT('2D SPACE',''
  ) );
#3933 = ORIENTED_EDGE('',*,*,#3417,.F.);
#3934 = ORIENTED_EDGE('',*,*,#3725,.T.);
#3935 = ORIENTED_EDGE('',*,*,#3936,.T.);
#3936 = EDGE_CURVE('',#3705,#3340,#3937,.T.);
#3937 = SURFACE_CURVE('',#3938,(#3943,#3950),.PCURVE_S1.);
#3938 = CIRCLE('',#3939,3.5);
#3939 = AXIS2_PLACEMENT_3D('',#3940,#3941,#3942);
#3940 = CARTESIAN_POINT('',(-19.09188309203,13.091883092037,0.));
#3941 = DIRECTION('',(0.,-1.,0.));
#3942 = DIRECTION('',(1.,0.,0.));
#3943 = PCURVE('',#3380,#3944);
#3944 = DEFINITIONAL_REPRESENTATION('',(#3945),#3949);
#3945 = LINE('',#3946,#3947);
#3946 = CARTESIAN_POINT('',(-0.,-3.));
#3947 = VECTOR('',#3948,1.);
#3948 = DIRECTION('',(-1.,0.));
#3949 = ( GEOMETRIC_REPRESENTATION_CONTEXT(2) 
PARAMETRIC_REPRESENTATION_CONTEXT() REPRESENTATION_CONTEXT('2D SPACE',''
  ) );
#3950 = PCURVE('',#3354,#3951);
#3951 = DEFINITIONAL_REPRESENTATION('',(#3952),#3956);
#3952 = CIRCLE('',#3953,3.5);
#3953 = AXIS2_PLACEMENT_2D('',#3954,#3955);
#3954 = CARTESIAN_POINT('',(2.47821720825E-16,0.));
#3955 = DIRECTION('',(0.,1.));
#3956 = ( GEOMETRIC_REPRESENTATION_CONTEXT(2) 
PARAMETRIC_REPRESENTATION_CONTEXT() REPRESENTATION_CONTEXT('2D SPACE',''
  ) );
#3957 = ORIENTED_EDGE('',*,*,#3365,.T.);
#3958 = ADVANCED_FACE('',(#3959),#3406,.F.);
#3959 = FACE_BOUND('',#3960,.F.);
#3960 = EDGE_LOOP('',(#3961,#3962));
#3961 = ORIENTED_EDGE('',*,*,#3391,.T.);
#3962 = ORIENTED_EDGE('',*,*,#3912,.T.);
#3963 = ADVANCED_FACE('',(#3964),#3354,.T.);
#3964 = FACE_BOUND('',#3965,.T.);
#3965 = EDGE_LOOP('',(#3966,#3967,#3968));
#3966 = ORIENTED_EDGE('',*,*,#3704,.F.);
#3967 = ORIENTED_EDGE('',*,*,#3936,.T.);
#3968 = ORIENTED_EDGE('',*,*,#3339,.T.);
#3969 = ADVANCED_FACE('',(#3970,#3973),#3836,.T.);
#3970 = FACE_BOUND('',#3971,.T.);
#3971 = EDGE_LOOP('',(#3972));
#3972 = ORIENTED_EDGE('',*,*,#3821,.T.);
#3973 = FACE_BOUND('',#3974,.T.);
#3974 = EDGE_LOOP('',(#3975));
#3975 = ORIENTED_EDGE('',*,*,#3976,.F.);
#3976 = EDGE_CURVE('',#3977,#3977,#3979,.T.);
#3977 = VERTEX_POINT('',#3978);
#3978 = CARTESIAN_POINT('',(21.,1.754734606699E-15,5.));
#3979 = SURFACE_CURVE('',#3980,(#3985,#3992),.PCURVE_S1.);
#3980 = CIRCLE('',#3981,21.);
#3981 = AXIS2_PLACEMENT_3D('',#3982,#3983,#3984);
#3982 = CARTESIAN_POINT('',(1.124419214992E-13,1.754734606699E-15,5.));
#3983 = DIRECTION('',(0.,0.,1.));
#3984 = DIRECTION('',(1.,0.,0.));
#3985 = PCURVE('',#3836,#3986);
#3986 = DEFINITIONAL_REPRESENTATION('',(#3987),#3991);
#3987 = CIRCLE('',#3988,21.);
#3988 = AXIS2_PLACEMENT_2D('',#3989,#3990);
#3989 = CARTESIAN_POINT('',(1.133729445682E-13,-7.90279408582E-17));
#3990 = DIRECTION('',(1.,0.));
#3991 = ( GEOMETRIC_REPRESENTATION_CONTEXT(2) 
PARAMETRIC_REPRESENTATION_CONTEXT() REPRESENTATION_CONTEXT('2D SPACE',''
  ) );
#3992 = PCURVE('',#3993,#3998);
#3993 = CYLINDRICAL_SURFACE('',#3994,21.);
#3994 = AXIS2_PLACEMENT_3D('',#3995,#3996,#3997);
#3995 = CARTESIAN_POINT('',(1.124419214992E-13,1.754734606699E-15,3.));
#3996 = DIRECTION('',(-0.,-0.,-1.));
#3997 = DIRECTION('',(1.,0.,0.));
#3998 = DEFINITIONAL_REPRESENTATION('',(#3999),#4003);
#3999 = LINE('',#4000,#4001);
#4000 = CARTESIAN_POINT('',(-0.,-2.));
#4001 = VECTOR('',#4002,1.);
#4002 = DIRECTION('',(-1.,0.));
#4003 = ( GEOMETRIC_REPRESENTATION_CONTEXT(2) 
PARAMETRIC_REPRESENTATION_CONTEXT() REPRESENTATION_CONTEXT('2D SPACE',''
  ) );
#4004 = ADVANCED_FACE('',(#4005),#3993,.F.);
#4005 = FACE_BOUND('',#4006,.T.);
#4006 = EDGE_LOOP('',(#4007,#4030,#4031,#4032));
#4007 = ORIENTED_EDGE('',*,*,#4008,.T.);
#4008 = EDGE_CURVE('',#4009,#3977,#4011,.T.);
#4009 = VERTEX_POINT('',#4010);
#4010 = CARTESIAN_POINT('',(21.,1.754734606699E-15,3.));
#4011 = SEAM_CURVE('',#4012,(#4016,#4023),.PCURVE_S1.);
#4012 = LINE('',#4013,#4014);
#4013 = CARTESIAN_POINT('',(21.,1.754734606699E-15,3.));
#4014 = VECTOR('',#4015,1.);
#4015 = DIRECTION('',(0.,0.,1.));
#4016 = PCURVE('',#3993,#4017);
#4017 = DEFINITIONAL_REPRESENTATION('',(#4018),#4022);
#4018 = LINE('',#4019,#4020);
#4019 = CARTESIAN_POINT('',(-0.,0.));
#4020 = VECTOR('',#4021,1.);
#4021 = DIRECTION('',(-0.,-1.));
#4022 = ( GEOMETRIC_REPRESENTATION_CONTEXT(2) 
PARAMETRIC_REPRESENTATION_CONTEXT() REPRESENTATION_CONTEXT('2D SPACE',''
  ) );
#4023 = PCURVE('',#3993,#4024);
#4024 = DEFINITIONAL_REPRESENTATION('',(#4025),#4029);
#4025 = LINE('',#4026,#4027);
#4026 = CARTESIAN_POINT('',(-6.28318530718,0.));
#4027 = VECTOR('',#4028,1.);
#4028 = DIRECTION('',(-0.,-1.));
#4029 = ( GEOMETRIC_REPRESENTATION_CONTEXT(2) 
PARAMETRIC_REPRESENTATION_CONTEXT() REPRESENTATION_CONTEXT('2D SPACE',''
  ) );
#4030 = ORIENTED_EDGE('',*,*,#3976,.T.);
#4031 = ORIENTED_EDGE('',*,*,#4008,.F.);
#4032 = ORIENTED_EDGE('',*,*,#4033,.F.);
#4033 = EDGE_CURVE('',#4009,#4009,#4034,.T.);
#4034 = SURFACE_CURVE('',#4035,(#4040,#4047),.PCURVE_S1.);
#4035 = CIRCLE('',#4036,21.);
#4036 = AXIS2_PLACEMENT_3D('',#4037,#4038,#4039);
#4037 = CARTESIAN_POINT('',(1.124419214992E-13,1.754734606699E-15,3.));
#4038 = DIRECTION('',(0.,0.,1.));
#4039 = DIRECTION('',(1.,0.,0.));
#4040 = PCURVE('',#3993,#4041);
#4041 = DEFINITIONAL_REPRESENTATION('',(#4042),#4046);
#4042 = LINE('',#4043,#4044);
#4043 = CARTESIAN_POINT('',(-0.,0.));
#4044 = VECTOR('',#4045,1.);
#4045 = DIRECTION('',(-1.,0.));
#4046 = ( GEOMETRIC_REPRESENTATION_CONTEXT(2) 
PARAMETRIC_REPRESENTATION_CONTEXT() REPRESENTATION_CONTEXT('2D SPACE',''
  ) );
#4047 = PCURVE('',#4048,#4053);
#4048 = PLANE('',#4049);
#4049 = AXIS2_PLACEMENT_3D('',#4050,#4051,#4052);
#4050 = CARTESIAN_POINT('',(-62.,-82.,3.));
#4051 = DIRECTION('',(0.,0.,1.));
#4052 = DIRECTION('',(1.,0.,0.));
#4053 = DEFINITIONAL_REPRESENTATION('',(#4054),#4058);
#4054 = CIRCLE('',#4055,21.);
#4055 = AXIS2_PLACEMENT_2D('',#4056,#4057);
#4056 = CARTESIAN_POINT('',(62.,82.));
#4057 = DIRECTION('',(1.,0.));
#4058 = ( GEOMETRIC_REPRESENTATION_CONTEXT(2) 
PARAMETRIC_REPRESENTATION_CONTEXT() REPRESENTATION_CONTEXT('2D SPACE',''
  ) );
#4059 = ADVANCED_FACE('',(#4060),#4048,.T.);
#4060 = FACE_BOUND('',#4061,.T.);
#4061 = EDGE_LOOP('',(#4062));
#4062 = ORIENTED_EDGE('',*,*,#4033,.T.);
#4063 = ( GEOMETRIC_REPRESENTATION_CONTEXT(3) 
GLOBAL_UNCERTAINTY_ASSIGNED_CONTEXT((#4067)) 
GLOBAL_UNIT_ASSIGNED_CONTEXT((#4064,#4065,#4066)) REPRESENTATION_CONTEXT
('Context #1','3D Context with UNIT and UNCERTAINTY') );
#4064 = ( LENGTH_UNIT() NAMED_UNIT(*) SI_UNIT(.MILLI.,.METRE.) );
#4065 = ( NAMED_UNIT(*) PLANE_ANGLE_UNIT() SI_UNIT($,.RADIAN.) );
#4066 = ( NAMED_UNIT(*) SI_UNIT($,.STERADIAN.) SOLID_ANGLE_UNIT() );
#4067 = UNCERTAINTY_MEASURE_WITH_UNIT(LENGTH_MEASURE(1.E-07),#4064,
  'distance_accuracy_value','confusion accuracy');
#4068 = PRODUCT_RELATED_PRODUCT_CATEGORY('part',$,(#7));
ENDSEC;
END-ISO-10303-21;
